#ifndef CAT_IMAGE_H
#define CAT_IMAGE_H

#include <stdint.h>

/*
 * MobileNetV2 a0.35 INT8 input image.
 *
 * External model input:
 *   UINT8 [1,224,224,3]
 *
 * Raw RGB bytes are stored unchanged.
 * The TFLite model performs the internal
 * quantization itself.
 */
static const unsigned char cat_image[] = {
    0xad, 0xb2, 0x4c, 0xad, 0xb2, 0x4c, 0xad, 0xb2, 0x4c, 0xae, 0xb3, 0x4d,
    0xae, 0xb3, 0x4d, 0xae, 0xb3, 0x4d, 0xae, 0xb3, 0x4d, 0xae, 0xb3, 0x4d,
    0xae, 0xb3, 0x4d, 0xae, 0xb3, 0x4d, 0xad, 0xb2, 0x4c, 0xad, 0xb2, 0x4c,
    0xad, 0xb2, 0x4c, 0xaa, 0xb1, 0x4f, 0xa8, 0xae, 0x54, 0xa7, 0xa7, 0x5c,
    0x9e, 0x96, 0x5b, 0x97, 0x84, 0x56, 0xa4, 0x85, 0x63, 0xbe, 0x9d, 0x7f,
    0xcd, 0xb1, 0x93, 0xd0, 0xb6, 0x98, 0xd1, 0xba, 0x9c, 0xdd, 0xc8, 0xac,
    0xe5, 0xd1, 0xba, 0xe4, 0xd2, 0xbc, 0xd9, 0xc9, 0xa8, 0xc8, 0xbd, 0x8a,
    0xb7, 0xb3, 0x6a, 0xb0, 0xb2, 0x56, 0xac, 0xb2, 0x4c, 0xaa, 0xb3, 0x4a,
    0xab, 0xb5, 0x4f, 0xad, 0xb3, 0x53, 0xad, 0xb3, 0x53, 0xad, 0xb3, 0x53,
    0xad, 0xb3, 0x51, 0xad, 0xb4, 0x4e, 0xad, 0xb4, 0x4b, 0xae, 0xb5, 0x4d,
    0xae, 0xb5, 0x4e, 0xae, 0xb5, 0x4e, 0xae, 0xb5, 0x4e, 0xad, 0xb4, 0x4d,
    0xad, 0xb4, 0x4d, 0xad, 0xb4, 0x4d, 0xae, 0xb5, 0x4d, 0xae, 0xb5, 0x4d,
    0xae, 0xb5, 0x4d, 0xae, 0xb5, 0x4d, 0xae, 0xb5, 0x4d, 0xae, 0xb5, 0x4d,
    0xae, 0xb5, 0x4d, 0xae, 0xb5, 0x4d, 0xae, 0xb5, 0x4d, 0xae, 0xb5, 0x4d,
    0xae, 0xb5, 0x4d, 0xae, 0xb5, 0x4d, 0xae, 0xb5, 0x4d, 0xb0, 0xb2, 0x4d,
    0xb0, 0xb2, 0x4d, 0xb0, 0xb3, 0x4c, 0xb0, 0xb3, 0x4c, 0xb0, 0xb3, 0x4a,
    0xb0, 0xb3, 0x4a, 0xaf, 0xb4, 0x43, 0xac, 0xb5, 0x40, 0xab, 0xb5, 0x44,
    0xaa, 0xb6, 0x42, 0xac, 0xb5, 0x40, 0xb1, 0xb3, 0x4e, 0xbf, 0xb8, 0x6d,
    0xcf, 0xb8, 0x89, 0xc1, 0xa8, 0x7f, 0xc0, 0xa7, 0x7e, 0xc3, 0xac, 0x82,
    0xbe, 0xa7, 0x7d, 0xb3, 0x9c, 0x72, 0xb9, 0xa4, 0x7a, 0xc1, 0xa9, 0x83,
    0xbd, 0x9c, 0x78, 0xb1, 0x98, 0x61, 0xae, 0xa8, 0x4f, 0xae, 0xb3, 0x49,
    0xb3, 0xb4, 0x4c, 0xb3, 0xb3, 0x4c, 0xb3, 0xb4, 0x4c, 0xb2, 0xb3, 0x4b,
    0xb1, 0xb2, 0x4a, 0xb1, 0xb2, 0x4a, 0xb0, 0xb1, 0x49, 0xae, 0xb1, 0x49,
    0xac, 0xb1, 0x4a, 0xac, 0xb1, 0x4a, 0xac, 0xb1, 0x4a, 0xaa, 0xaf, 0x48,
    0xaa, 0xaf, 0x48, 0xaa, 0xaf, 0x48, 0xab, 0xb0, 0x49, 0xab, 0xb0, 0x49,
    0xab, 0xb0, 0x49, 0xab, 0xb0, 0x49, 0xab, 0xb0, 0x49, 0xab, 0xb0, 0x49,
    0xab, 0xb0, 0x49, 0xaa, 0xb1, 0x49, 0xaa, 0xb1, 0x49, 0xaa, 0xb1, 0x49,
    0xa9, 0xb0, 0x48, 0xa9, 0xb0, 0x48, 0xa9, 0xb0, 0x48, 0xa9, 0xb0, 0x48,
    0xa9, 0xb0, 0x48, 0xa9, 0xb0, 0x48, 0xa9, 0xb0, 0x48, 0xa9, 0xb0, 0x48,
    0xa9, 0xb0, 0x48, 0xa9, 0xb0, 0x48, 0xa9, 0xb0, 0x48, 0xa9, 0xb0, 0x48,
    0xa9, 0xb0, 0x48, 0xa9, 0xb0, 0x48, 0xa9, 0xb0, 0x48, 0xa9, 0xb0, 0x48,
    0xa9, 0xb0, 0x48, 0xa9, 0xb0, 0x48, 0xa9, 0xb0, 0x48, 0xa9, 0xb0, 0x48,
    0xa8, 0xaf, 0x47, 0xa8, 0xaf, 0x47, 0xa8, 0xaf, 0x47, 0xa8, 0xaf, 0x47,
    0xa9, 0xb0, 0x48, 0xaa, 0xb1, 0x49, 0xa9, 0xb0, 0x48, 0xa9, 0xb0, 0x48,
    0xa9, 0xb0, 0x48, 0xaa, 0xb0, 0x49, 0xab, 0xb0, 0x4a, 0xab, 0xb0, 0x4a,
    0xab, 0xb0, 0x4a, 0xab, 0xb0, 0x4a, 0xab, 0xb0, 0x4a, 0xab, 0xb0, 0x4a,
    0xab, 0xb2, 0x4b, 0xab, 0xb2, 0x4b, 0xab, 0xb2, 0x4b, 0xad, 0xb0, 0x4b,
    0xae, 0xb0, 0x4b, 0xaf, 0xaf, 0x4b, 0xb0, 0xaf, 0x4b, 0xb1, 0xaf, 0x4b,
    0xb1, 0xaf, 0x4b, 0xb1, 0xaf, 0x4b, 0xb1, 0xaf, 0x4b, 0xb2, 0xb0, 0x4c,
    0xb3, 0xb1, 0x4d, 0xb3, 0xb1, 0x4d, 0xb3, 0xb1, 0x4d, 0xb3, 0xb1, 0x4d,
    0xb3, 0xb1, 0x4d, 0xb3, 0xb1, 0x4d, 0xb3, 0xb1, 0x4d, 0xb3, 0xb1, 0x4d,
    0xb4, 0xb0, 0x4c, 0xb6, 0xb2, 0x4e, 0xb6, 0xb2, 0x4e, 0xb8, 0xb4, 0x50,
    0xb8, 0xb4, 0x50, 0xb8, 0xb4, 0x50, 0xb9, 0xb4, 0x50, 0xb9, 0xb4, 0x50,
    0xb9, 0xb4, 0x50, 0xb9, 0xb4, 0x50, 0xb7, 0xb2, 0x4e, 0xb5, 0xb0, 0x4c,
    0xb6, 0xb1, 0x4c, 0xb5, 0xb0, 0x49, 0xb4, 0xaf, 0x4a, 0xb3, 0xad, 0x4c,
    0xb1, 0xaa, 0x4e, 0xb0, 0xa9, 0x50, 0xaf, 0xa7, 0x52, 0xb1, 0xa7, 0x53,
    0xb3, 0xa6, 0x57, 0xb3, 0xa5, 0x5a, 0xb3, 0xa5, 0x60, 0xb6, 0xa6, 0x68,
    0xba, 0xaa, 0x71, 0xbe, 0xad, 0x7a, 0xc3, 0xb0, 0x84, 0xc9, 0xb6, 0x8e,
    0xd1, 0xbd, 0x99, 0xd5, 0xc0, 0xa2, 0xd9, 0xc3, 0xac, 0xdd, 0xc6, 0xb4,
    0xdd, 0xc9, 0xb4, 0xda, 0xca, 0xb0, 0xd8, 0xc8, 0xae, 0xd5, 0xc5, 0xab,
    0xd2, 0xc2, 0xa8, 0xcf, 0xbf, 0xa5, 0xca, 0xba, 0x9f, 0xca, 0xb5, 0x99,
    0xc3, 0xab, 0x8d, 0xb8, 0xa1, 0x82, 0xab, 0x94, 0x74, 0x9c, 0x85, 0x64,
    0x94, 0x7d, 0x5a, 0x8e, 0x77, 0x51, 0x8c, 0x72, 0x4c, 0x8d, 0x73, 0x4e,
    0x93, 0x79, 0x53, 0x9b, 0x82, 0x59, 0xa3, 0x8c, 0x5c, 0xaa, 0x93, 0x5e,
    0xac, 0x9b, 0x5b, 0xac, 0x9f, 0x58, 0xae, 0xa4, 0x56, 0xac, 0xa6, 0x4f,
    0xab, 0xa6, 0x46, 0xa9, 0xa7, 0x40, 0xa8, 0xa6, 0x3e, 0xa9, 0xa5, 0x41,
    0xad, 0xb2, 0x4c, 0xad, 0xb2, 0x4c, 0xad, 0xb2, 0x4c, 0xae, 0xb3, 0x4d,
    0xae, 0xb3, 0x4d, 0xae, 0xb3, 0x4d, 0xae, 0xb3, 0x4d, 0xae, 0xb3, 0x4d,
    0xae, 0xb3, 0x4d, 0xae, 0xb3, 0x4d, 0xad, 0xb2, 0x4c, 0xad, 0xb2, 0x4c,
    0xad, 0xb2, 0x4c, 0xac, 0xb1, 0x50, 0xaa, 0xaf, 0x55, 0xa9, 0xa9, 0x5c,
    0xa1, 0x99, 0x5b, 0x9c, 0x88, 0x59, 0xa9, 0x8b, 0x66, 0xc1, 0xa1, 0x81,
    0xcb, 0xaf, 0x91, 0xc8, 0xae, 0x90, 0xc3, 0xac, 0x8d, 0xcb, 0xb6, 0x9a,
    0xd5, 0xc0, 0xa9, 0xd9, 0xc6, 0xb0, 0xd7, 0xc7, 0xa7, 0xcb, 0xc0, 0x8e,
    0xbb, 0xb6, 0x6f, 0xb1, 0xb3, 0x58, 0xad, 0xb3, 0x4c, 0xab, 0xb4, 0x4a,
    0xad, 0xb4, 0x4d, 0xad, 0xb3, 0x50, 0xad, 0xb3, 0x50, 0xad, 0xb3, 0x51,
    0xad, 0xb3, 0x50, 0xad, 0xb3, 0x4e, 0xad, 0xb4, 0x4c, 0xae, 0xb5, 0x4d,
    0xae, 0xb5, 0x4e, 0xae, 0xb5, 0x4e, 0xae, 0xb5, 0x4e, 0xae, 0xb5, 0x4e,
    0xae, 0xb5, 0x4e, 0xae, 0xb5, 0x4e, 0xae, 0xb5, 0x4d, 0xae, 0xb5, 0x4d,
    0xae, 0xb5, 0x4d, 0xae, 0xb5, 0x4d, 0xae, 0xb5, 0x4d, 0xae, 0xb5, 0x4d,
    0xae, 0xb5, 0x4d, 0xae, 0xb5, 0x4d, 0xae, 0xb5, 0x4d, 0xae, 0xb5, 0x4d,
    0xae, 0xb5, 0x4d, 0xae, 0xb5, 0x4d, 0xae, 0xb5, 0x4d, 0xae, 0xb3, 0x4c,
    0xae, 0xb3, 0x4c, 0xae, 0xb3, 0x4c, 0xae, 0xb4, 0x4a, 0xae, 0xb4, 0x4a,
    0xae, 0xb4, 0x49, 0xaf, 0xb4, 0x45, 0xae, 0xb5, 0x45, 0xad, 0xb5, 0x48,
    0xac, 0xb6, 0x46, 0xad, 0xb4, 0x45, 0xb3, 0xb3, 0x53, 0xc1, 0xb8, 0x71,
    0xcc, 0xb5, 0x86, 0xc3, 0xaa, 0x81, 0xc2, 0xaa, 0x80, 0xbd, 0xa6, 0x7c,
    0xc0, 0xaa, 0x80, 0xbf, 0xaa, 0x7f, 0xc8, 0xb4, 0x89, 0xcc, 0xb4, 0x8e,
    0xc1, 0xa1, 0x7c, 0xad, 0x93, 0x5c, 0xad, 0xa7, 0x4e, 0xae, 0xb3, 0x49,
    0xb3, 0xb4, 0x4c, 0xb3, 0xb3, 0x4c, 0xb3, 0xb4, 0x4c, 0xb2, 0xb3, 0x4b,
    0xb1, 0xb2, 0x4a, 0xb1, 0xb2, 0x4a, 0xb0, 0xb1, 0x49, 0xae, 0xb1, 0x49,
    0xac, 0xb1, 0x4a, 0xac, 0xb1, 0x4a, 0xac, 0xb1, 0x4a, 0xaa, 0xaf, 0x48,
    0xaa, 0xaf, 0x48, 0xaa, 0xaf, 0x48, 0xab, 0xb0, 0x49, 0xab, 0xb0, 0x49,
    0xab, 0xb0, 0x49, 0xab, 0xb0, 0x49, 0xab, 0xb0, 0x49, 0xab, 0xb0, 0x49,
    0xab, 0xb0, 0x49, 0xaa, 0xb1, 0x49, 0xaa, 0xb1, 0x49, 0xaa, 0xb1, 0x49,
    0xa9, 0xb0, 0x48, 0xa9, 0xb0, 0x48, 0xa9, 0xb0, 0x48, 0xa9, 0xb0, 0x48,
    0xa9, 0xb0, 0x48, 0xa9, 0xb0, 0x48, 0xa9, 0xb0, 0x48, 0xa9, 0xb0, 0x48,
    0xa9, 0xb0, 0x48, 0xa9, 0xb0, 0x48, 0xa9, 0xb0, 0x48, 0xa9, 0xb0, 0x48,
    0xa9, 0xb0, 0x48, 0xa9, 0xb0, 0x48, 0xa9, 0xb0, 0x48, 0xa9, 0xb0, 0x48,
    0xa9, 0xb0, 0x48, 0xa9, 0xb0, 0x48, 0xa9, 0xb0, 0x48, 0xa9, 0xb0, 0x48,
    0xa8, 0xaf, 0x47, 0xa8, 0xaf, 0x47, 0xa8, 0xaf, 0x47, 0xa8, 0xaf, 0x47,
    0xa9, 0xb0, 0x48, 0xaa, 0xb1, 0x49, 0xa9, 0xb0, 0x48, 0xa9, 0xb0, 0x48,
    0xa9, 0xb0, 0x48, 0xaa, 0xb0, 0x49, 0xab, 0xb0, 0x4a, 0xab, 0xb0, 0x4a,
    0xab, 0xb0, 0x4a, 0xab, 0xb0, 0x4a, 0xab, 0xb0, 0x4a, 0xab, 0xb0, 0x4a,
    0xab, 0xb2, 0x4b, 0xab, 0xb2, 0x4b, 0xab, 0xb2, 0x4b, 0xad, 0xb0, 0x4b,
    0xae, 0xb0, 0x4b, 0xaf, 0xaf, 0x4b, 0xb0, 0xaf, 0x4b, 0xb1, 0xaf, 0x4b,
    0xb1, 0xaf, 0x4b, 0xb1, 0xaf, 0x4b, 0xb1, 0xaf, 0x4b, 0xb2, 0xb0, 0x4c,
    0xb3, 0xb1, 0x4d, 0xb3, 0xb1, 0x4d, 0xb3, 0xb1, 0x4d, 0xb3, 0xb1, 0x4d,
    0xb3, 0xb1, 0x4d, 0xb3, 0xb1, 0x4d, 0xb3, 0xb1, 0x4d, 0xb3, 0xb1, 0x4d,
    0xb4, 0xb0, 0x4c, 0xb6, 0xb2, 0x4e, 0xb6, 0xb2, 0x4e, 0xb8, 0xb4, 0x50,
    0xb8, 0xb4, 0x50, 0xb8, 0xb4, 0x50, 0xb9, 0xb4, 0x50, 0xb9, 0xb4, 0x50,
    0xb9, 0xb4, 0x50, 0xb9, 0xb4, 0x50, 0xb7, 0xb2, 0x4e, 0xb5, 0xb0, 0x4c,
    0xb6, 0xb1, 0x4c, 0xb5, 0xb0, 0x4a, 0xb5, 0xb0, 0x4a, 0xb4, 0xae, 0x4d,
    0xb2, 0xac, 0x4f, 0xb1, 0xaa, 0x50, 0xb0, 0xa9, 0x52, 0xb1, 0xa7, 0x53,
    0xb3, 0xa7, 0x55, 0xb3, 0xa6, 0x59, 0xb3, 0xa5, 0x5f, 0xb6, 0xa6, 0x68,
    0xba, 0xa9, 0x70, 0xbd, 0xac, 0x77, 0xc1, 0xaf, 0x81, 0xc7, 0xb4, 0x8b,
    0xce, 0xba, 0x96, 0xd2, 0xbd, 0x9f, 0xd7, 0xc1, 0xaa, 0xdb, 0xc4, 0xb2,
    0xda, 0xc7, 0xb2, 0xd9, 0xc9, 0xaf, 0xd8, 0xc8, 0xae, 0xd4, 0xc4, 0xaa,
    0xd2, 0xc2, 0xa8, 0xcf, 0xbf, 0xa5, 0xca, 0xba, 0x9f, 0xca, 0xb5, 0x99,
    0xc3, 0xac, 0x8d, 0xb9, 0xa2, 0x83, 0xaf, 0x98, 0x78, 0xa2, 0x8b, 0x69,
    0x98, 0x81, 0x5e, 0x91, 0x79, 0x54, 0x8e, 0x75, 0x4f, 0x8f, 0x75, 0x51,
    0x94, 0x7a, 0x56, 0x9c, 0x83, 0x5a, 0xa4, 0x8c, 0x5e, 0xaa, 0x94, 0x5f,
    0xad, 0x9b, 0x5c, 0xad, 0x9f, 0x59, 0xae, 0xa3, 0x57, 0xae, 0xa6, 0x51,
    0xab, 0xa6, 0x48, 0xaa, 0xa7, 0x41, 0xa9, 0xa7, 0x3f, 0xa9, 0xa5, 0x41,
    0xad, 0xb2, 0x4c, 0xad, 0xb2, 0x4c, 0xad, 0xb2, 0x4c, 0xae, 0xb3, 0x4d,
    0xae, 0xb3, 0x4d, 0xae, 0xb3, 0x4d, 0xae, 0xb3, 0x4d, 0xae, 0xb3, 0x4d,
    0xae, 0xb3, 0x4d, 0xae, 0xb3, 0x4d, 0xad, 0xb2, 0x4c, 0xad, 0xb2, 0x4c,
    0xad, 0xb2, 0x4c, 0xac, 0xb2, 0x50, 0xac, 0xb1, 0x55, 0xaa, 0xac, 0x5b,
    0xa4, 0x9e, 0x5b, 0xa2, 0x91, 0x5c, 0xaf, 0x93, 0x6a, 0xc1, 0xa3, 0x81,
    0xc6, 0xac, 0x8c, 0xc0, 0xa6, 0x88, 0xb5, 0x9e, 0x80, 0xb5, 0xa0, 0x85,
    0xc4, 0xaf, 0x97, 0xd2, 0xbe, 0xa8, 0xd6, 0xc6, 0xa7, 0xcd, 0xc0, 0x92,
    0xbe, 0xb6, 0x73, 0xb3, 0xb2, 0x5a, 0xaf, 0xb3, 0x4e, 0xae, 0xb5, 0x4b,
    0xad, 0xb4, 0x4b, 0xad, 0xb4, 0x4c, 0xad, 0xb4, 0x4c, 0xad, 0xb4, 0x4e,
    0xad, 0xb4, 0x4e, 0xad, 0xb4, 0x4e, 0xad, 0xb3, 0x4e, 0xae, 0xb5, 0x4e,
    0xae, 0xb5, 0x4e, 0xae, 0xb5, 0x4e, 0xae, 0xb5, 0x4e, 0xaf, 0xb6, 0x4f,
    0xaf, 0xb6, 0x4f, 0xaf, 0xb6, 0x4f, 0xae, 0xb5, 0x4d, 0xae, 0xb5, 0x4d,
    0xae, 0xb5, 0x4d, 0xae, 0xb5, 0x4d, 0xae, 0xb5, 0x4d, 0xae, 0xb5, 0x4d,
    0xae, 0xb5, 0x4d, 0xae, 0xb5, 0x4d, 0xae, 0xb5, 0x4d, 0xae, 0xb5, 0x4d,
    0xae, 0xb5, 0x4d, 0xae, 0xb5, 0x4d, 0xae, 0xb5, 0x4d, 0xae, 0xb4, 0x4a,
    0xae, 0xb4, 0x4a, 0xae, 0xb4, 0x49, 0xae, 0xb4, 0x49, 0xae, 0xb4, 0x49,
    0xae, 0xb4, 0x48, 0xb0, 0xb4, 0x47, 0xb1, 0xb3, 0x4a, 0xaf, 0xb4, 0x4d,
    0xae, 0xb4, 0x4b, 0xb0, 0xb4, 0x4a, 0xb6, 0xb3, 0x5a, 0xc4, 0xb8, 0x76,
    0xc9, 0xb2, 0x84, 0xc2, 0xa9, 0x80, 0xbe, 0xa6, 0x7c, 0xb2, 0x9c, 0x72,
    0xb7, 0xa1, 0x76, 0xb7, 0xa3, 0x78, 0xc4, 0xb1, 0x86, 0xc8, 0xb1, 0x8b,
    0xb8, 0x97, 0x73, 0xa8, 0x8f, 0x58, 0xad, 0xa7, 0x4e, 0xae, 0xb3, 0x49,
    0xb3, 0xb4, 0x4c, 0xb3, 0xb3, 0x4c, 0xb3, 0xb4, 0x4c, 0xb2, 0xb3, 0x4b,
    0xb1, 0xb2, 0x4a, 0xb1, 0xb2, 0x4a, 0xb0, 0xb1, 0x49, 0xae, 0xb1, 0x49,
    0xac, 0xb1, 0x4a, 0xac, 0xb1, 0x4a, 0xac, 0xb1, 0x4a, 0xab, 0xb0, 0x49,
    0xab, 0xb0, 0x49, 0xab, 0xb0, 0x49, 0xab, 0xb0, 0x49, 0xab, 0xb0, 0x49,
    0xab, 0xb0, 0x49, 0xab, 0xb0, 0x49, 0xab, 0xb0, 0x49, 0xab, 0xb0, 0x49,
    0xab, 0xb0, 0x49, 0xaa, 0xb1, 0x49, 0xaa, 0xb1, 0x49, 0xaa, 0xb1, 0x49,
    0xa9, 0xb0, 0x48, 0xa9, 0xb0, 0x48, 0xa9, 0xb0, 0x48, 0xa9, 0xb0, 0x48,
    0xa9, 0xb0, 0x48, 0xa9, 0xb0, 0x48, 0xa9, 0xb0, 0x48, 0xa9, 0xb0, 0x48,
    0xa9, 0xb0, 0x48, 0xa9, 0xb0, 0x48, 0xa9, 0xb0, 0x48, 0xa9, 0xb0, 0x48,
    0xa9, 0xb0, 0x48, 0xa9, 0xb0, 0x48, 0xa9, 0xb0, 0x48, 0xa9, 0xb0, 0x48,
    0xa9, 0xb0, 0x48, 0xa9, 0xb0, 0x48, 0xa9, 0xb0, 0x48, 0xa9, 0xb0, 0x48,
    0xa8, 0xaf, 0x47, 0xa8, 0xaf, 0x47, 0xa8, 0xaf, 0x47, 0xa8, 0xaf, 0x47,
    0xa9, 0xb0, 0x48, 0xaa, 0xb1, 0x49, 0xa9, 0xb0, 0x48, 0xa9, 0xb0, 0x48,
    0xa9, 0xb0, 0x48, 0xaa, 0xb0, 0x49, 0xab, 0xb0, 0x4a, 0xab, 0xb0, 0x4a,
    0xab, 0xb0, 0x4a, 0xab, 0xb0, 0x4a, 0xab, 0xb0, 0x4a, 0xab, 0xb0, 0x4a,
    0xab, 0xb2, 0x4b, 0xab, 0xb2, 0x4b, 0xab, 0xb2, 0x4b, 0xad, 0xb0, 0x4b,
    0xae, 0xb0, 0x4b, 0xaf, 0xaf, 0x4b, 0xb0, 0xaf, 0x4b, 0xb1, 0xaf, 0x4b,
    0xb1, 0xaf, 0x4b, 0xb1, 0xaf, 0x4b, 0xb1, 0xaf, 0x4b, 0xb2, 0xb0, 0x4c,
    0xb3, 0xb1, 0x4d, 0xb3, 0xb1, 0x4d, 0xb3, 0xb1, 0x4d, 0xb3, 0xb1, 0x4d,
    0xb3, 0xb1, 0x4d, 0xb3, 0xb1, 0x4d, 0xb3, 0xb1, 0x4d, 0xb3, 0xb1, 0x4d,
    0xb4, 0xb0, 0x4c, 0xb6, 0xb2, 0x4e, 0xb6, 0xb2, 0x4e, 0xb8, 0xb4, 0x50,
    0xb8, 0xb4, 0x50, 0xb8, 0xb4, 0x50, 0xb9, 0xb4, 0x50, 0xb9, 0xb4, 0x50,
    0xb9, 0xb4, 0x50, 0xb9, 0xb4, 0x50, 0xb7, 0xb2, 0x4e, 0xb5, 0xb0, 0x4c,
    0xb6, 0xb1, 0x4d, 0xb6, 0xb1, 0x4b, 0xb6, 0xb1, 0x4b, 0xb5, 0xaf, 0x4d,
    0xb3, 0xad, 0x4f, 0xb3, 0xac, 0x51, 0xb2, 0xab, 0x51, 0xb3, 0xa9, 0x52,
    0xb4, 0xa8, 0x55, 0xb4, 0xa7, 0x58, 0xb4, 0xa6, 0x5e, 0xb5, 0xa6, 0x65,
    0xb8, 0xa8, 0x6d, 0xbb, 0xaa, 0x74, 0xbf, 0xad, 0x7d, 0xc4, 0xb2, 0x85,
    0xcb, 0xb7, 0x90, 0xcf, 0xba, 0x9b, 0xd4, 0xbe, 0xa5, 0xd8, 0xc2, 0xad,
    0xd8, 0xc4, 0xae, 0xd7, 0xc6, 0xad, 0xd6, 0xc6, 0xac, 0xd4, 0xc4, 0xaa,
    0xd2, 0xc2, 0xa8, 0xcf, 0xbf, 0xa5, 0xca, 0xba, 0x9f, 0xca, 0xb4, 0x98,
    0xc3, 0xac, 0x8e, 0xbb, 0xa4, 0x85, 0xb2, 0x9b, 0x7b, 0xa6, 0x8f, 0x6d,
    0x9b, 0x84, 0x62, 0x93, 0x7c, 0x57, 0x92, 0x78, 0x53, 0x91, 0x77, 0x54,
    0x96, 0x7c, 0x59, 0x9e, 0x85, 0x5e, 0xa6, 0x8e, 0x60, 0xab, 0x95, 0x61,
    0xae, 0x9c, 0x5e, 0xaf, 0xa0, 0x5b, 0xb0, 0xa4, 0x59, 0xaf, 0xa6, 0x52,
    0xad, 0xa7, 0x49, 0xab, 0xa7, 0x43, 0xaa, 0xa7, 0x41, 0xaa, 0xa6, 0x42,
    0xad, 0xb2, 0x4c, 0xad, 0xb2, 0x4c, 0xad, 0xb2, 0x4c, 0xae, 0xb3, 0x4d,
    0xae, 0xb3, 0x4d, 0xae, 0xb3, 0x4d, 0xae, 0xb3, 0x4d, 0xae, 0xb3, 0x4d,
    0xae, 0xb3, 0x4d, 0xae, 0xb3, 0x4d, 0xad, 0xb2, 0x4c, 0xad, 0xb2, 0x4c,
    0xad, 0xb2, 0x4c, 0xad, 0xb2, 0x50, 0xad, 0xb2, 0x55, 0xab, 0xae, 0x59,
    0xa7, 0xa2, 0x5a, 0xa6, 0x98, 0x5e, 0xb1, 0x99, 0x6b, 0xc0, 0xa5, 0x7e,
    0xc3, 0xac, 0x89, 0xb7, 0x9f, 0x7f, 0xa6, 0x8e, 0x72, 0xa5, 0x8e, 0x76,
    0xb4, 0x9e, 0x87, 0xc9, 0xb4, 0x9d, 0xd3, 0xc0, 0xa4, 0xcc, 0xbd, 0x93,
    0xbd, 0xb3, 0x76, 0xb4, 0xb0, 0x5d, 0xb1, 0xb3, 0x52, 0xaf, 0xb5, 0x4e,
    0xad, 0xb4, 0x4b, 0xad, 0xb4, 0x4a, 0xad, 0xb4, 0x4a, 0xad, 0xb4, 0x4c,
    0xad, 0xb4, 0x4c, 0xad, 0xb4, 0x4e, 0xad, 0xb3, 0x4f, 0xae, 0xb4, 0x4e,
    0xae, 0xb5, 0x4e, 0xae, 0xb5, 0x4e, 0xae, 0xb5, 0x4e, 0xaf, 0xb6, 0x4f,
    0xaf, 0xb6, 0x4f, 0xaf, 0xb6, 0x4f, 0xae, 0xb5, 0x4d, 0xae, 0xb5, 0x4d,
    0xae, 0xb5, 0x4d, 0xae, 0xb5, 0x4d, 0xae, 0xb5, 0x4d, 0xae, 0xb5, 0x4d,
    0xae, 0xb5, 0x4d, 0xae, 0xb5, 0x4d, 0xae, 0xb5, 0x4d, 0xae, 0xb5, 0x4d,
    0xae, 0xb5, 0x4d, 0xae, 0xb5, 0x4d, 0xae, 0xb5, 0x4c, 0xae, 0xb4, 0x48,
    0xae, 0xb4, 0x48, 0xae, 0xb4, 0x47, 0xae, 0xb4, 0x48, 0xae, 0xb4, 0x48,
    0xae, 0xb4, 0x48, 0xb1, 0xb4, 0x48, 0xb2, 0xb3, 0x4b, 0xb0, 0xb3, 0x4f,
    0xaf, 0xb4, 0x4d, 0xb1, 0xb3, 0x4c, 0xb8, 0xb3, 0x5c, 0xc7, 0xb9, 0x79,
    0xc8, 0xb0, 0x84, 0xc3, 0xa9, 0x81, 0xb9, 0xa1, 0x77, 0xa9, 0x93, 0x69,
    0xa8, 0x95, 0x6a, 0xa4, 0x92, 0x67, 0xb1, 0x9f, 0x74, 0xb3, 0x9c, 0x76,
    0xac, 0x8b, 0x67, 0xa6, 0x8d, 0x56, 0xad, 0xa7, 0x4e, 0xae, 0xb3, 0x49,
    0xb3, 0xb4, 0x4c, 0xb3, 0xb3, 0x4c, 0xb3, 0xb4, 0x4c, 0xb2, 0xb3, 0x4b,
    0xb1, 0xb2, 0x4a, 0xb1, 0xb2, 0x4a, 0xb0, 0xb1, 0x49, 0xae, 0xb1, 0x49,
    0xac, 0xb1, 0x4a, 0xac, 0xb1, 0x4a, 0xac, 0xb1, 0x4a, 0xac, 0xb1, 0x4a,
    0xac, 0xb1, 0x4a, 0xac, 0xb1, 0x4a, 0xab, 0xb0, 0x49, 0xab, 0xb0, 0x49,
    0xab, 0xb0, 0x49, 0xab, 0xb0, 0x49, 0xab, 0xb0, 0x49, 0xab, 0xb0, 0x49,
    0xab, 0xb0, 0x49, 0xaa, 0xb1, 0x49, 0xaa, 0xb1, 0x49, 0xaa, 0xb1, 0x49,
    0xa9, 0xb0, 0x48, 0xa9, 0xb0, 0x48, 0xa9, 0xb0, 0x48, 0xa9, 0xb0, 0x48,
    0xa9, 0xb0, 0x48, 0xa9, 0xb0, 0x48, 0xa9, 0xb0, 0x48, 0xa9, 0xb0, 0x48,
    0xa9, 0xb0, 0x48, 0xa9, 0xb0, 0x48, 0xa9, 0xb0, 0x48, 0xa9, 0xb0, 0x48,
    0xa9, 0xb0, 0x48, 0xa9, 0xb0, 0x48, 0xa9, 0xb0, 0x48, 0xa9, 0xb0, 0x48,
    0xa9, 0xb0, 0x48, 0xa9, 0xb0, 0x48, 0xa9, 0xb0, 0x48, 0xa9, 0xb0, 0x48,
    0xa8, 0xaf, 0x47, 0xa8, 0xaf, 0x47, 0xa8, 0xaf, 0x47, 0xa8, 0xaf, 0x47,
    0xa9, 0xb0, 0x48, 0xaa, 0xb1, 0x49, 0xa9, 0xb0, 0x48, 0xa9, 0xb0, 0x48,
    0xa9, 0xb0, 0x48, 0xaa, 0xb0, 0x49, 0xab, 0xb0, 0x4a, 0xab, 0xb0, 0x4a,
    0xab, 0xb0, 0x4a, 0xab, 0xb0, 0x4a, 0xab, 0xb0, 0x4a, 0xab, 0xb0, 0x4a,
    0xab, 0xb2, 0x4b, 0xab, 0xb2, 0x4b, 0xab, 0xb2, 0x4b, 0xad, 0xb0, 0x4b,
    0xae, 0xb0, 0x4b, 0xaf, 0xaf, 0x4b, 0xb0, 0xaf, 0x4b, 0xb1, 0xaf, 0x4b,
    0xb1, 0xaf, 0x4b, 0xb1, 0xaf, 0x4b, 0xb1, 0xaf, 0x4b, 0xb2, 0xb0, 0x4c,
    0xb3, 0xb1, 0x4d, 0xb3, 0xb1, 0x4d, 0xb3, 0xb1, 0x4d, 0xb3, 0xb1, 0x4d,
    0xb3, 0xb1, 0x4d, 0xb3, 0xb1, 0x4d, 0xb3, 0xb1, 0x4d, 0xb3, 0xb1, 0x4d,
    0xb4, 0xb0, 0x4c, 0xb6, 0xb2, 0x4e, 0xb6, 0xb2, 0x4e, 0xb8, 0xb4, 0x50,
    0xb8, 0xb4, 0x50, 0xb8, 0xb4, 0x50, 0xb9, 0xb4, 0x50, 0xb9, 0xb4, 0x50,
    0xb9, 0xb4, 0x50, 0xb9, 0xb4, 0x50, 0xb7, 0xb2, 0x4e, 0xb5, 0xb0, 0x4c,
    0xb6, 0xb1, 0x4d, 0xb7, 0xb2, 0x4c, 0xb6, 0xb1, 0x4c, 0xb5, 0xaf, 0x4d,
    0xb4, 0xae, 0x4f, 0xb3, 0xad, 0x51, 0xb3, 0xac, 0x51, 0xb3, 0xaa, 0x51,
    0xb4, 0xa9, 0x53, 0xb4, 0xa8, 0x57, 0xb4, 0xa7, 0x5c, 0xb5, 0xa6, 0x63,
    0xb8, 0xa8, 0x6b, 0xba, 0xaa, 0x71, 0xbe, 0xac, 0x79, 0xc2, 0xb0, 0x80,
    0xc7, 0xb4, 0x8a, 0xcc, 0xb8, 0x96, 0xd1, 0xbc, 0xa0, 0xd6, 0xc0, 0xa8,
    0xd6, 0xc3, 0xaa, 0xd5, 0xc5, 0xab, 0xd5, 0xc5, 0xab, 0xd4, 0xc4, 0xaa,
    0xd2, 0xc2, 0xa8, 0xcf, 0xbf, 0xa5, 0xca, 0xba, 0x9f, 0xca, 0xb4, 0x98,
    0xc3, 0xac, 0x8e, 0xbc, 0xa5, 0x85, 0xb3, 0x9c, 0x7c, 0xa9, 0x92, 0x71,
    0x9f, 0x88, 0x66, 0x96, 0x7f, 0x5a, 0x95, 0x7b, 0x57, 0x94, 0x7a, 0x57,
    0x98, 0x7e, 0x5b, 0xa0, 0x87, 0x60, 0xa8, 0x90, 0x62, 0xac, 0x95, 0x62,
    0xae, 0x9c, 0x60, 0xb0, 0xa0, 0x5d, 0xb2, 0xa4, 0x5b, 0xb1, 0xa7, 0x54,
    0xae, 0xa7, 0x4c, 0xac, 0xa7, 0x45, 0xab, 0xa7, 0x42, 0xab, 0xa7, 0x43,
    0xad, 0xb2, 0x4c, 0xad, 0xb2, 0x4c, 0xad, 0xb2, 0x4c, 0xae, 0xb3, 0x4d,
    0xae, 0xb3, 0x4d, 0xae, 0xb3, 0x4d, 0xae, 0xb3, 0x4d, 0xae, 0xb3, 0x4d,
    0xae, 0xb3, 0x4d, 0xae, 0xb3, 0x4d, 0xad, 0xb2, 0x4c, 0xad, 0xb2, 0x4c,
    0xad, 0xb2, 0x4c, 0xad, 0xb2, 0x50, 0xae, 0xb3, 0x53, 0xad, 0xb1, 0x56,
    0xa8, 0xa7, 0x57, 0xa8, 0x9e, 0x5c, 0xb1, 0x9c, 0x68, 0xba, 0xa3, 0x77,
    0xbb, 0xa5, 0x80, 0xaf, 0x98, 0x79, 0x9e, 0x86, 0x6d, 0xa0, 0x88, 0x72,
    0xac, 0x95, 0x7f, 0xc0, 0xaa, 0x93, 0xcf, 0xb9, 0x9e, 0xca, 0xb8, 0x92,
    0xbc, 0xaf, 0x78, 0xb3, 0xac, 0x61, 0xb2, 0xb1, 0x59, 0xb1, 0xb4, 0x53,
    0xae, 0xb4, 0x4e, 0xad, 0xb4, 0x4b, 0xad, 0xb5, 0x49, 0xad, 0xb5, 0x49,
    0xad, 0xb4, 0x4a, 0xad, 0xb4, 0x4d, 0xad, 0xb3, 0x50, 0xae, 0xb4, 0x50,
    0xae, 0xb5, 0x4e, 0xae, 0xb5, 0x4e, 0xaf, 0xb6, 0x4f, 0xb0, 0xb7, 0x50,
    0xb0, 0xb7, 0x50, 0xb0, 0xb7, 0x4f, 0xae, 0xb5, 0x4d, 0xae, 0xb5, 0x4d,
    0xae, 0xb5, 0x4d, 0xae, 0xb5, 0x4d, 0xae, 0xb5, 0x4d, 0xae, 0xb5, 0x4d,
    0xae, 0xb5, 0x4d, 0xae, 0xb5, 0x4d, 0xae, 0xb5, 0x4d, 0xae, 0xb5, 0x4d,
    0xae, 0xb5, 0x4d, 0xae, 0xb5, 0x4d, 0xae, 0xb5, 0x4b, 0xad, 0xb5, 0x46,
    0xad, 0xb5, 0x45, 0xad, 0xb5, 0x46, 0xad, 0xb5, 0x47, 0xad, 0xb5, 0x48,
    0xad, 0xb5, 0x48, 0xb0, 0xb4, 0x47, 0xb2, 0xb4, 0x49, 0xb1, 0xb4, 0x4d,
    0xb0, 0xb5, 0x4b, 0xb1, 0xb3, 0x4a, 0xb8, 0xb4, 0x5a, 0xc7, 0xb9, 0x77,
    0xc7, 0xae, 0x83, 0xc4, 0xa9, 0x82, 0xba, 0xa2, 0x7a, 0xa4, 0x8f, 0x66,
    0x9d, 0x8b, 0x61, 0x8c, 0x7c, 0x51, 0x8a, 0x7a, 0x4f, 0x8c, 0x74, 0x4e,
    0xa3, 0x83, 0x5e, 0xa8, 0x8f, 0x58, 0xad, 0xa7, 0x4f, 0xaf, 0xb4, 0x4a,
    0xb3, 0xb4, 0x4c, 0xb3, 0xb3, 0x4c, 0xb3, 0xb4, 0x4c, 0xb2, 0xb3, 0x4b,
    0xb1, 0xb2, 0x4a, 0xb1, 0xb2, 0x4a, 0xb0, 0xb1, 0x49, 0xae, 0xb1, 0x49,
    0xac, 0xb1, 0x4a, 0xac, 0xb1, 0x4a, 0xac, 0xb1, 0x4a, 0xac, 0xb1, 0x4a,
    0xac, 0xb1, 0x4a, 0xac, 0xb1, 0x4a, 0xab, 0xb0, 0x49, 0xab, 0xb0, 0x49,
    0xab, 0xb0, 0x49, 0xab, 0xb0, 0x49, 0xab, 0xb0, 0x49, 0xab, 0xb0, 0x49,
    0xab, 0xb0, 0x49, 0xaa, 0xb1, 0x49, 0xaa, 0xb1, 0x49, 0xaa, 0xb1, 0x49,
    0xa9, 0xb0, 0x48, 0xa9, 0xb0, 0x48, 0xa9, 0xb0, 0x48, 0xa9, 0xb0, 0x48,
    0xa9, 0xb0, 0x48, 0xa9, 0xb0, 0x48, 0xa9, 0xb0, 0x48, 0xa9, 0xb0, 0x48,
    0xa9, 0xb0, 0x48, 0xa9, 0xb0, 0x48, 0xa9, 0xb0, 0x48, 0xa9, 0xb0, 0x48,
    0xa9, 0xb0, 0x48, 0xa9, 0xb0, 0x48, 0xa9, 0xb0, 0x48, 0xa9, 0xb0, 0x48,
    0xa9, 0xb0, 0x48, 0xa9, 0xb0, 0x48, 0xa9, 0xb0, 0x48, 0xa9, 0xb0, 0x48,
    0xa8, 0xaf, 0x47, 0xa8, 0xaf, 0x47, 0xa8, 0xaf, 0x47, 0xa8, 0xaf, 0x47,
    0xa9, 0xb0, 0x48, 0xaa, 0xb1, 0x49, 0xa9, 0xb0, 0x48, 0xa9, 0xb0, 0x48,
    0xa9, 0xb0, 0x48, 0xaa, 0xb0, 0x49, 0xab, 0xb0, 0x4a, 0xab, 0xb0, 0x4a,
    0xab, 0xb0, 0x4a, 0xab, 0xb0, 0x4a, 0xab, 0xb0, 0x4a, 0xab, 0xb0, 0x4a,
    0xab, 0xb2, 0x4b, 0xab, 0xb2, 0x4b, 0xab, 0xb2, 0x4b, 0xad, 0xb0, 0x4b,
    0xae, 0xb0, 0x4b, 0xaf, 0xaf, 0x4b, 0xb0, 0xaf, 0x4b, 0xb1, 0xaf, 0x4b,
    0xb1, 0xaf, 0x4b, 0xb1, 0xaf, 0x4b, 0xb1, 0xaf, 0x4b, 0xb2, 0xb0, 0x4c,
    0xb3, 0xb1, 0x4d, 0xb3, 0xb1, 0x4d, 0xb3, 0xb1, 0x4d, 0xb3, 0xb1, 0x4d,
    0xb3, 0xb1, 0x4d, 0xb3, 0xb1, 0x4d, 0xb3, 0xb1, 0x4d, 0xb3, 0xb1, 0x4d,
    0xb5, 0xb1, 0x4d, 0xb6, 0xb2, 0x4e, 0xb6, 0xb2, 0x4e, 0xb8, 0xb4, 0x50,
    0xb8, 0xb4, 0x50, 0xb8, 0xb4, 0x50, 0xb9, 0xb4, 0x50, 0xb9, 0xb4, 0x50,
    0xb9, 0xb4, 0x50, 0xb9, 0xb4, 0x50, 0xb7, 0xb2, 0x4e, 0xb5, 0xb0, 0x4c,
    0xb6, 0xb1, 0x4d, 0xb7, 0xb2, 0x4c, 0xb7, 0xb2, 0x4d, 0xb6, 0xb1, 0x4d,
    0xb5, 0xaf, 0x4f, 0xb5, 0xaf, 0x50, 0xb4, 0xae, 0x50, 0xb4, 0xab, 0x50,
    0xb5, 0xaa, 0x51, 0xb5, 0xa9, 0x54, 0xb5, 0xa8, 0x59, 0xb6, 0xa7, 0x60,
    0xb8, 0xa8, 0x67, 0xb9, 0xa9, 0x6c, 0xbc, 0xab, 0x74, 0xc0, 0xae, 0x7b,
    0xc5, 0xb2, 0x85, 0xca, 0xb6, 0x90, 0xcf, 0xba, 0x9b, 0xd3, 0xbe, 0xa3,
    0xd5, 0xc0, 0xa7, 0xd5, 0xc3, 0xaa, 0xd6, 0xc4, 0xaa, 0xd4, 0xc3, 0xa9,
    0xd3, 0xc2, 0xa8, 0xd0, 0xbf, 0xa5, 0xcb, 0xb9, 0x9f, 0xca, 0xb4, 0x98,
    0xc4, 0xad, 0x8e, 0xbd, 0xa6, 0x86, 0xb5, 0x9e, 0x7e, 0xad, 0x96, 0x75,
    0xa5, 0x8e, 0x6b, 0x9c, 0x85, 0x60, 0x99, 0x7f, 0x5b, 0x97, 0x7d, 0x5b,
    0x9a, 0x80, 0x5e, 0xa2, 0x88, 0x62, 0xa9, 0x91, 0x64, 0xad, 0x96, 0x63,
    0xb0, 0x9b, 0x62, 0xb1, 0xa0, 0x60, 0xb2, 0xa4, 0x5d, 0xb2, 0xa6, 0x56,
    0xaf, 0xa7, 0x4f, 0xae, 0xa7, 0x48, 0xab, 0xa7, 0x44, 0xab, 0xa7, 0x43,
    0xae, 0xb3, 0x4d, 0xae, 0xb3, 0x4d, 0xae, 0xb3, 0x4d, 0xae, 0xb3, 0x4d,
    0xae, 0xb3, 0x4d, 0xae, 0xb3, 0x4d, 0xae, 0xb3, 0x4d, 0xae, 0xb3, 0x4d,
    0xae, 0xb3, 0x4d, 0xae, 0xb3, 0x4d, 0xae, 0xb3, 0x4d, 0xae, 0xb3, 0x4d,
    0xae, 0xb3, 0x4d, 0xae, 0xb2, 0x50, 0xad, 0xb3, 0x50, 0xad, 0xb2, 0x53,
    0xaa, 0xab, 0x55, 0xaa, 0xa2, 0x5a, 0xaf, 0x9e, 0x64, 0xb3, 0x9f, 0x6f,
    0xb3, 0xa0, 0x78, 0xa9, 0x95, 0x75, 0x9b, 0x83, 0x6c, 0x9c, 0x83, 0x6e,
    0xa9, 0x90, 0x7b, 0xbc, 0xa3, 0x8b, 0xcc, 0xb4, 0x99, 0xca, 0xb4, 0x92,
    0xbc, 0xac, 0x7b, 0xb0, 0xa6, 0x65, 0xb0, 0xaa, 0x5d, 0xb2, 0xb0, 0x59,
    0xaf, 0xb1, 0x53, 0xae, 0xb4, 0x4f, 0xae, 0xb5, 0x4c, 0xae, 0xb6, 0x49,
    0xae, 0xb5, 0x4a, 0xae, 0xb5, 0x4e, 0xae, 0xb4, 0x52, 0xaf, 0xb6, 0x52,
    0xb0, 0xb7, 0x50, 0xb0, 0xb7, 0x50, 0xb0, 0xb7, 0x50, 0xb0, 0xb7, 0x50,
    0xb0, 0xb7, 0x50, 0xb0, 0xb7, 0x50, 0xb0, 0xb7, 0x4f, 0xb0, 0xb7, 0x4f,
    0xaf, 0xb6, 0x4e, 0xad, 0xb4, 0x4c, 0xad, 0xb4, 0x4c, 0xad, 0xb4, 0x4c,
    0xad, 0xb4, 0x4c, 0xad, 0xb4, 0x4c, 0xad, 0xb4, 0x4c, 0xad, 0xb4, 0x4c,
    0xad, 0xb4, 0x4c, 0xad, 0xb4, 0x4c, 0xad, 0xb4, 0x4b, 0xae, 0xb6, 0x47,
    0xae, 0xb6, 0x46, 0xae, 0xb6, 0x48, 0xad, 0xb5, 0x49, 0xad, 0xb5, 0x4b,
    0xad, 0xb5, 0x4c, 0xaf, 0xb5, 0x48, 0xb2, 0xb5, 0x49, 0xb0, 0xb5, 0x4d,
    0xaf, 0xb5, 0x4a, 0xb0, 0xb4, 0x49, 0xb7, 0xb4, 0x58, 0xc5, 0xb8, 0x75,
    0xc7, 0xae, 0x84, 0xc4, 0xa9, 0x84, 0xbe, 0xa6, 0x80, 0x9b, 0x87, 0x5f,
    0x8e, 0x7e, 0x55, 0x73, 0x66, 0x3c, 0x67, 0x59, 0x2f, 0x73, 0x5c, 0x36,
    0x9c, 0x7c, 0x57, 0xae, 0x94, 0x5d, 0xb2, 0xac, 0x54, 0xb2, 0xb6, 0x4d,
    0xb3, 0xb5, 0x4d, 0xb4, 0xb5, 0x4d, 0xb4, 0xb5, 0x4d, 0xb3, 0xb4, 0x4c,
    0xb2, 0xb3, 0x4b, 0xb1, 0xb2, 0x4a, 0xb1, 0xb2, 0x4a, 0xb0, 0xb2, 0x4a,
    0xad, 0xb2, 0x4b, 0xad, 0xb2, 0x4b, 0xad, 0xb2, 0x4b, 0xad, 0xb2, 0x4b,
    0xad, 0xb2, 0x4b, 0xad, 0xb2, 0x4b, 0xac, 0xb1, 0x4a, 0xac, 0xb1, 0x4a,
    0xac, 0xb1, 0x4a, 0xac, 0xb1, 0x4a, 0xab, 0xb0, 0x49, 0xab, 0xb0, 0x49,
    0xab, 0xb0, 0x49, 0xaa, 0xb1, 0x49, 0xaa, 0xb1, 0x49, 0xaa, 0xb1, 0x49,
    0xaa, 0xb1, 0x49, 0xaa, 0xb1, 0x49, 0xaa, 0xb1, 0x49, 0xaa, 0xb1, 0x49,
    0xaa, 0xb1, 0x49, 0xaa, 0xb1, 0x49, 0xaa, 0xb1, 0x49, 0xaa, 0xb1, 0x49,
    0xaa, 0xb1, 0x49, 0xaa, 0xb1, 0x49, 0xaa, 0xb1, 0x49, 0xaa, 0xb1, 0x49,
    0xaa, 0xb1, 0x49, 0xaa, 0xb1, 0x49, 0xaa, 0xb1, 0x49, 0xaa, 0xb1, 0x49,
    0xaa, 0xb1, 0x49, 0xaa, 0xb1, 0x49, 0xaa, 0xb1, 0x49, 0xaa, 0xb1, 0x49,
    0xa9, 0xb0, 0x48, 0xa9, 0xb0, 0x48, 0xa9, 0xb0, 0x48, 0xa9, 0xb0, 0x48,
    0xa9, 0xb0, 0x48, 0xa9, 0xb0, 0x48, 0xaa, 0xb1, 0x49, 0xaa, 0xb1, 0x49,
    0xaa, 0xb1, 0x49, 0xaa, 0xb0, 0x49, 0xaa, 0xaf, 0x49, 0xaa, 0xaf, 0x49,
    0xaa, 0xaf, 0x49, 0xac, 0xb1, 0x4b, 0xac, 0xb1, 0x4b, 0xac, 0xb1, 0x4b,
    0xab, 0xb2, 0x4b, 0xab, 0xb2, 0x4b, 0xab, 0xb2, 0x4b, 0xad, 0xb0, 0x4b,
    0xae, 0xb0, 0x4b, 0xaf, 0xaf, 0x4b, 0xb0, 0xaf, 0x4b, 0xb1, 0xaf, 0x4b,
    0xb1, 0xaf, 0x4b, 0xb1, 0xaf, 0x4b, 0xb1, 0xaf, 0x4b, 0xb2, 0xb0, 0x4c,
    0xb3, 0xb1, 0x4d, 0xb3, 0xb1, 0x4d, 0xb3, 0xb1, 0x4d, 0xb3, 0xb1, 0x4d,
    0xb3, 0xb1, 0x4d, 0xb3, 0xb1, 0x4d, 0xb3, 0xb1, 0x4d, 0xb4, 0xb2, 0x4e,
    0xb8, 0xb4, 0x50, 0xb8, 0xb4, 0x50, 0xb8, 0xb4, 0x50, 0xb8, 0xb4, 0x50,
    0xb8, 0xb4, 0x50, 0xb8, 0xb4, 0x50, 0xb9, 0xb4, 0x50, 0xb9, 0xb4, 0x50,
    0xb9, 0xb4, 0x50, 0xb9, 0xb4, 0x50, 0xb7, 0xb2, 0x4e, 0xb6, 0xb1, 0x4d,
    0xb6, 0xb1, 0x4d, 0xb8, 0xb3, 0x4d, 0xb8, 0xb3, 0x4f, 0xb8, 0xb3, 0x4f,
    0xb6, 0xb1, 0x4e, 0xb5, 0xb0, 0x4f, 0xb5, 0xaf, 0x4e, 0xb6, 0xad, 0x4e,
    0xb6, 0xab, 0x4f, 0xb6, 0xaa, 0x52, 0xb5, 0xa9, 0x57, 0xb6, 0xa9, 0x5e,
    0xb7, 0xa8, 0x64, 0xb8, 0xa9, 0x68, 0xba, 0xaa, 0x6f, 0xbd, 0xac, 0x76,
    0xc1, 0xaf, 0x7f, 0xc7, 0xb4, 0x8b, 0xcb, 0xb7, 0x94, 0xcf, 0xbb, 0x9c,
    0xd3, 0xbf, 0xa3, 0xd5, 0xc2, 0xa9, 0xd6, 0xc3, 0xa9, 0xd5, 0xc1, 0xa8,
    0xd3, 0xc0, 0xa7, 0xd1, 0xbd, 0xa4, 0xcc, 0xb8, 0x9e, 0xca, 0xb4, 0x98,
    0xc5, 0xae, 0x8f, 0xbe, 0xa7, 0x87, 0xb7, 0xa0, 0x80, 0xaf, 0x98, 0x76,
    0xa8, 0x91, 0x6e, 0xa1, 0x8a, 0x65, 0x9e, 0x84, 0x62, 0x9b, 0x81, 0x60,
    0x9c, 0x82, 0x61, 0xa2, 0x88, 0x64, 0xa9, 0x90, 0x66, 0xaf, 0x97, 0x66,
    0xb1, 0x9c, 0x65, 0xb2, 0x9f, 0x62, 0xb3, 0xa3, 0x5e, 0xb3, 0xa6, 0x59,
    0xb3, 0xa9, 0x53, 0xb0, 0xa9, 0x4c, 0xac, 0xa7, 0x46, 0xac, 0xa8, 0x44,
    0xae, 0xb3, 0x4d, 0xae, 0xb3, 0x4d, 0xae, 0xb3, 0x4d, 0xae, 0xb3, 0x4d,
    0xae, 0xb3, 0x4d, 0xae, 0xb3, 0x4d, 0xae, 0xb3, 0x4d, 0xae, 0xb3, 0x4d,
    0xae, 0xb3, 0x4d, 0xae, 0xb3, 0x4d, 0xae, 0xb3, 0x4d, 0xae, 0xb3, 0x4d,
    0xae, 0xb3, 0x4d, 0xae, 0xb3, 0x4f, 0xae, 0xb3, 0x4e, 0xad, 0xb4, 0x4e,
    0xad, 0xb0, 0x52, 0xad, 0xa8, 0x58, 0xae, 0xa0, 0x60, 0xac, 0x9b, 0x68,
    0xaa, 0x98, 0x6f, 0xa5, 0x91, 0x72, 0x9c, 0x86, 0x6f, 0x9f, 0x85, 0x73,
    0xaa, 0x90, 0x7b, 0xb9, 0xa0, 0x86, 0xc9, 0xb0, 0x95, 0xca, 0xb2, 0x93,
    0xbd, 0xa9, 0x7f, 0xb2, 0xa3, 0x6e, 0xb2, 0xa8, 0x68, 0xb5, 0xae, 0x66,
    0xb6, 0xb3, 0x63, 0xb1, 0xb5, 0x5a, 0xaf, 0xb5, 0x53, 0xae, 0xb5, 0x4c,
    0xae, 0xb6, 0x4a, 0xae, 0xb5, 0x4e, 0xae, 0xb4, 0x52, 0xaf, 0xb6, 0x52,
    0xb0, 0xb7, 0x50, 0xb0, 0xb7, 0x50, 0xb0, 0xb7, 0x50, 0xb0, 0xb7, 0x50,
    0xb0, 0xb7, 0x50, 0xb0, 0xb7, 0x50, 0xb0, 0xb7, 0x4f, 0xb0, 0xb7, 0x4f,
    0xaf, 0xb6, 0x4e, 0xae, 0xb5, 0x4d, 0xae, 0xb5, 0x4d, 0xae, 0xb5, 0x4d,
    0xae, 0xb5, 0x4d, 0xae, 0xb5, 0x4d, 0xae, 0xb5, 0x4d, 0xae, 0xb5, 0x4d,
    0xae, 0xb5, 0x4d, 0xae, 0xb5, 0x4d, 0xae, 0xb5, 0x4c, 0xad, 0xb7, 0x47,
    0xad, 0xb7, 0x48, 0xad, 0xb6, 0x4a, 0xac, 0xb5, 0x4c, 0xad, 0xb5, 0x4e,
    0xad, 0xb4, 0x50, 0xae, 0xb4, 0x4c, 0xaf, 0xb3, 0x4c, 0xad, 0xb4, 0x4f,
    0xad, 0xb6, 0x4f, 0xb1, 0xb7, 0x50, 0xb6, 0xb4, 0x5d, 0xc6, 0xba, 0x7c,
    0xce, 0xb4, 0x8b, 0xcc, 0xb1, 0x8c, 0xc0, 0xa8, 0x82, 0x9e, 0x8b, 0x63,
    0x80, 0x72, 0x49, 0x5f, 0x54, 0x2a, 0x5e, 0x50, 0x26, 0x79, 0x62, 0x3c,
    0x9c, 0x7c, 0x57, 0xb7, 0x9e, 0x67, 0xb8, 0xb2, 0x59, 0xb2, 0xb7, 0x4d,
    0xb4, 0xb5, 0x4e, 0xb5, 0xb5, 0x4e, 0xb4, 0xb5, 0x4d, 0xb3, 0xb4, 0x4c,
    0xb2, 0xb3, 0x4b, 0xb1, 0xb2, 0x4a, 0xb1, 0xb2, 0x4a, 0xb0, 0xb2, 0x4a,
    0xad, 0xb2, 0x4b, 0xad, 0xb2, 0x4b, 0xad, 0xb2, 0x4b, 0xad, 0xb2, 0x4b,
    0xad, 0xb2, 0x4b, 0xad, 0xb2, 0x4b, 0xac, 0xb1, 0x4a, 0xac, 0xb1, 0x4a,
    0xac, 0xb1, 0x4a, 0xac, 0xb1, 0x4a, 0xab, 0xb0, 0x49, 0xab, 0xb0, 0x49,
    0xab, 0xb0, 0x49, 0xaa, 0xb1, 0x49, 0xaa, 0xb1, 0x49, 0xaa, 0xb1, 0x49,
    0xaa, 0xb1, 0x49, 0xaa, 0xb1, 0x49, 0xaa, 0xb1, 0x49, 0xaa, 0xb1, 0x49,
    0xaa, 0xb1, 0x49, 0xaa, 0xb1, 0x49, 0xaa, 0xb1, 0x49, 0xaa, 0xb1, 0x49,
    0xaa, 0xb1, 0x49, 0xaa, 0xb1, 0x49, 0xaa, 0xb1, 0x49, 0xaa, 0xb1, 0x49,
    0xaa, 0xb1, 0x49, 0xaa, 0xb1, 0x49, 0xaa, 0xb1, 0x49, 0xaa, 0xb1, 0x49,
    0xaa, 0xb1, 0x49, 0xaa, 0xb1, 0x49, 0xaa, 0xb1, 0x49, 0xaa, 0xb1, 0x49,
    0xa9, 0xb0, 0x48, 0xa9, 0xb0, 0x48, 0xa9, 0xb0, 0x48, 0xa9, 0xb0, 0x48,
    0xa9, 0xb0, 0x48, 0xa9, 0xb0, 0x48, 0xaa, 0xb1, 0x49, 0xaa, 0xb1, 0x49,
    0xaa, 0xb1, 0x49, 0xaa, 0xb0, 0x49, 0xaa, 0xaf, 0x49, 0xaa, 0xaf, 0x49,
    0xaa, 0xaf, 0x49, 0xac, 0xb1, 0x4b, 0xac, 0xb1, 0x4b, 0xac, 0xb1, 0x4b,
    0xab, 0xb2, 0x4b, 0xab, 0xb2, 0x4b, 0xab, 0xb2, 0x4b, 0xad, 0xb0, 0x4b,
    0xae, 0xb0, 0x4b, 0xaf, 0xaf, 0x4b, 0xb0, 0xaf, 0x4b, 0xb1, 0xaf, 0x4b,
    0xb1, 0xaf, 0x4b, 0xb1, 0xaf, 0x4b, 0xb1, 0xaf, 0x4b, 0xb2, 0xb0, 0x4c,
    0xb3, 0xb1, 0x4d, 0xb3, 0xb1, 0x4d, 0xb3, 0xb1, 0x4d, 0xb3, 0xb1, 0x4d,
    0xb3, 0xb1, 0x4d, 0xb3, 0xb1, 0x4d, 0xb3, 0xb1, 0x4d, 0xb4, 0xb1, 0x4d,
    0xb7, 0xb3, 0x4f, 0xb7, 0xb3, 0x4f, 0xb7, 0xb3, 0x4f, 0xb8, 0xb4, 0x50,
    0xb8, 0xb4, 0x50, 0xb8, 0xb4, 0x50, 0xb9, 0xb4, 0x50, 0xb9, 0xb4, 0x50,
    0xb9, 0xb4, 0x50, 0xb9, 0xb4, 0x50, 0xb7, 0xb2, 0x4e, 0xb7, 0xb2, 0x4e,
    0xb6, 0xb1, 0x4d, 0xb8, 0xb3, 0x4f, 0xb8, 0xb3, 0x4f, 0xb8, 0xb3, 0x4f,
    0xb7, 0xb2, 0x4e, 0xb6, 0xb1, 0x4d, 0xb5, 0xb0, 0x4c, 0xb6, 0xae, 0x4c,
    0xb7, 0xad, 0x4d, 0xb6, 0xab, 0x50, 0xb6, 0xaa, 0x54, 0xb6, 0xa9, 0x5c,
    0xb7, 0xa9, 0x62, 0xb8, 0xa9, 0x65, 0xba, 0xaa, 0x6c, 0xbc, 0xac, 0x72,
    0xc0, 0xae, 0x7a, 0xc4, 0xb1, 0x85, 0xc8, 0xb5, 0x8e, 0xcd, 0xb9, 0x97,
    0xd0, 0xbc, 0x9f, 0xd3, 0xbf, 0xa6, 0xd5, 0xc1, 0xa8, 0xd4, 0xc0, 0xa7,
    0xd3, 0xbf, 0xa6, 0xd0, 0xbc, 0xa3, 0xcd, 0xb8, 0x9f, 0xcb, 0xb4, 0x98,
    0xc6, 0xaf, 0x90, 0xbf, 0xa8, 0x89, 0xb9, 0xa2, 0x82, 0xb1, 0x9a, 0x79,
    0xab, 0x94, 0x71, 0xa4, 0x8d, 0x69, 0xa1, 0x87, 0x66, 0x9e, 0x84, 0x64,
    0x9f, 0x85, 0x65, 0xa3, 0x89, 0x66, 0xa9, 0x90, 0x67, 0xaf, 0x97, 0x68,
    0xb1, 0x9c, 0x66, 0xb3, 0x9f, 0x64, 0xb4, 0xa2, 0x61, 0xb3, 0xa5, 0x5b,
    0xb4, 0xa8, 0x56, 0xb2, 0xa8, 0x4e, 0xae, 0xa8, 0x48, 0xad, 0xa9, 0x45,
    0xae, 0xb3, 0x4d, 0xae, 0xb3, 0x4d, 0xae, 0xb3, 0x4d, 0xae, 0xb3, 0x4d,
    0xae, 0xb3, 0x4d, 0xae, 0xb3, 0x4d, 0xae, 0xb3, 0x4d, 0xae, 0xb3, 0x4d,
    0xae, 0xb3, 0x4d, 0xae, 0xb3, 0x4d, 0xae, 0xb3, 0x4d, 0xae, 0xb3, 0x4d,
    0xae, 0xb3, 0x4d, 0xaf, 0xb2, 0x4e, 0xae, 0xb3, 0x4c, 0xad, 0xb4, 0x4b,
    0xaf, 0xb4, 0x50, 0xb0, 0xad, 0x58, 0xad, 0xa3, 0x5d, 0xa9, 0x9a, 0x63,
    0xa4, 0x94, 0x69, 0xa3, 0x90, 0x71, 0xa2, 0x8b, 0x77, 0xa7, 0x8d, 0x7c,
    0xab, 0x91, 0x7c, 0xbb, 0xa0, 0x86, 0xca, 0xb0, 0x95, 0xce, 0xb4, 0x97,
    0xc3, 0xab, 0x89, 0xb8, 0xa5, 0x7b, 0xb7, 0xa9, 0x76, 0xbd, 0xb3, 0x7a,
    0xc4, 0xbf, 0x7c, 0xbf, 0xc1, 0x72, 0xb5, 0xba, 0x5f, 0xae, 0xb4, 0x4f,
    0xae, 0xb5, 0x4a, 0xae, 0xb5, 0x4d, 0xae, 0xb4, 0x51, 0xaf, 0xb6, 0x52,
    0xb0, 0xb7, 0x50, 0xb0, 0xb7, 0x50, 0xb0, 0xb7, 0x50, 0xb0, 0xb7, 0x50,
    0xb0, 0xb7, 0x50, 0xb0, 0xb7, 0x50, 0xb0, 0xb7, 0x4f, 0xb0, 0xb7, 0x4f,
    0xaf, 0xb6, 0x4e, 0xaf, 0xb6, 0x4e, 0xaf, 0xb6, 0x4e, 0xaf, 0xb6, 0x4e,
    0xaf, 0xb6, 0x4e, 0xaf, 0xb6, 0x4e, 0xaf, 0xb6, 0x4e, 0xaf, 0xb6, 0x4e,
    0xaf, 0xb6, 0x4e, 0xaf, 0xb6, 0x4e, 0xaf, 0xb6, 0x4d, 0xad, 0xb6, 0x49,
    0xad, 0xb6, 0x4a, 0xad, 0xb6, 0x4c, 0xad, 0xb6, 0x50, 0xad, 0xb5, 0x53,
    0xac, 0xb3, 0x54, 0xad, 0xb2, 0x54, 0xac, 0xb2, 0x56, 0xa9, 0xb1, 0x5a,
    0xa7, 0xb1, 0x56, 0xa6, 0xad, 0x52, 0xab, 0xab, 0x61, 0xc5, 0xbb, 0x88,
    0xd7, 0xbd, 0x98, 0xd1, 0xb5, 0x92, 0xc5, 0xae, 0x89, 0xb3, 0xa1, 0x7a,
    0x80, 0x73, 0x4b, 0x54, 0x4b, 0x21, 0x5b, 0x4f, 0x24, 0x7a, 0x63, 0x3d,
    0xa3, 0x83, 0x5e, 0xc1, 0xa7, 0x70, 0xbd, 0xb7, 0x5e, 0xb1, 0xb6, 0x4c,
    0xb4, 0xb6, 0x4e, 0xb5, 0xb6, 0x4e, 0xb4, 0xb5, 0x4d, 0xb3, 0xb4, 0x4c,
    0xb2, 0xb3, 0x4b, 0xb1, 0xb2, 0x4a, 0xb1, 0xb2, 0x4a, 0xb0, 0xb2, 0x4a,
    0xad, 0xb2, 0x4b, 0xad, 0xb2, 0x4b, 0xad, 0xb2, 0x4b, 0xad, 0xb2, 0x4b,
    0xad, 0xb2, 0x4b, 0xad, 0xb2, 0x4b, 0xac, 0xb1, 0x4a, 0xac, 0xb1, 0x4a,
    0xac, 0xb1, 0x4a, 0xac, 0xb1, 0x4a, 0xab, 0xb0, 0x49, 0xab, 0xb0, 0x49,
    0xab, 0xb0, 0x49, 0xaa, 0xb1, 0x49, 0xaa, 0xb1, 0x49, 0xaa, 0xb1, 0x49,
    0xaa, 0xb1, 0x49, 0xaa, 0xb1, 0x49, 0xaa, 0xb1, 0x49, 0xaa, 0xb1, 0x49,
    0xaa, 0xb1, 0x49, 0xaa, 0xb1, 0x49, 0xaa, 0xb1, 0x49, 0xaa, 0xb1, 0x49,
    0xaa, 0xb1, 0x49, 0xaa, 0xb1, 0x49, 0xaa, 0xb1, 0x49, 0xaa, 0xb1, 0x49,
    0xaa, 0xb1, 0x49, 0xaa, 0xb1, 0x49, 0xaa, 0xb1, 0x49, 0xaa, 0xb1, 0x49,
    0xaa, 0xb1, 0x49, 0xaa, 0xb1, 0x49, 0xaa, 0xb1, 0x49, 0xaa, 0xb1, 0x49,
    0xaa, 0xb1, 0x49, 0xaa, 0xb1, 0x49, 0xaa, 0xb1, 0x49, 0xaa, 0xb1, 0x49,
    0xaa, 0xb1, 0x49, 0xaa, 0xb1, 0x49, 0xaa, 0xb1, 0x49, 0xaa, 0xb1, 0x49,
    0xaa, 0xb1, 0x49, 0xaa, 0xb1, 0x49, 0xab, 0xb0, 0x4a, 0xab, 0xb0, 0x4a,
    0xab, 0xb0, 0x4a, 0xac, 0xb1, 0x4b, 0xac, 0xb1, 0x4b, 0xac, 0xb1, 0x4b,
    0xab, 0xb2, 0x4b, 0xab, 0xb2, 0x4b, 0xab, 0xb2, 0x4b, 0xad, 0xb0, 0x4b,
    0xae, 0xb0, 0x4b, 0xaf, 0xaf, 0x4b, 0xb0, 0xaf, 0x4b, 0xb1, 0xaf, 0x4b,
    0xb1, 0xaf, 0x4b, 0xb1, 0xaf, 0x4b, 0xb1, 0xaf, 0x4b, 0xb2, 0xb0, 0x4c,
    0xb3, 0xb1, 0x4d, 0xb3, 0xb1, 0x4d, 0xb3, 0xb1, 0x4d, 0xb3, 0xb1, 0x4d,
    0xb3, 0xb1, 0x4d, 0xb3, 0xb1, 0x4d, 0xb3, 0xb1, 0x4d, 0xb4, 0xb1, 0x4d,
    0xb6, 0xb2, 0x4e, 0xb6, 0xb2, 0x4e, 0xb6, 0xb2, 0x4e, 0xb8, 0xb4, 0x50,
    0xb8, 0xb4, 0x50, 0xb8, 0xb4, 0x50, 0xb9, 0xb4, 0x50, 0xb9, 0xb4, 0x50,
    0xb9, 0xb4, 0x50, 0xb9, 0xb4, 0x50, 0xb8, 0xb3, 0x4f, 0xb8, 0xb3, 0x4f,
    0xb7, 0xb2, 0x4e, 0xb8, 0xb3, 0x4f, 0xb8, 0xb3, 0x4f, 0xb8, 0xb3, 0x4f,
    0xb8, 0xb3, 0x4d, 0xb7, 0xb2, 0x4c, 0xb6, 0xb1, 0x4c, 0xb7, 0xb0, 0x4b,
    0xb8, 0xae, 0x4b, 0xb7, 0xad, 0x4d, 0xb6, 0xab, 0x53, 0xb6, 0xaa, 0x59,
    0xb7, 0xaa, 0x5e, 0xb8, 0xaa, 0x63, 0xb9, 0xaa, 0x69, 0xbb, 0xab, 0x6f,
    0xbe, 0xad, 0x76, 0xc0, 0xae, 0x7f, 0xc4, 0xb1, 0x88, 0xc9, 0xb5, 0x91,
    0xcc, 0xb8, 0x9a, 0xd0, 0xbb, 0xa2, 0xd3, 0xbd, 0xa5, 0xd3, 0xbd, 0xa5,
    0xd2, 0xbd, 0xa4, 0xd0, 0xbb, 0xa2, 0xcd, 0xb7, 0x9e, 0xcc, 0xb5, 0x99,
    0xc8, 0xb0, 0x92, 0xc2, 0xab, 0x8b, 0xbc, 0xa5, 0x85, 0xb5, 0x9e, 0x7d,
    0xaf, 0x99, 0x76, 0xa9, 0x92, 0x6e, 0xa5, 0x8b, 0x6b, 0xa2, 0x88, 0x6a,
    0xa3, 0x89, 0x6b, 0xa5, 0x8b, 0x69, 0xaa, 0x91, 0x68, 0xaf, 0x97, 0x68,
    0xb2, 0x9b, 0x67, 0xb3, 0x9e, 0x65, 0xb4, 0xa1, 0x62, 0xb5, 0xa4, 0x5c,
    0xb5, 0xa8, 0x57, 0xb4, 0xaa, 0x51, 0xb0, 0xa9, 0x4a, 0xae, 0xaa, 0x46,
    0xae, 0xb3, 0x4d, 0xae, 0xb3, 0x4d, 0xae, 0xb3, 0x4d, 0xae, 0xb3, 0x4d,
    0xae, 0xb3, 0x4d, 0xae, 0xb3, 0x4d, 0xae, 0xb3, 0x4d, 0xae, 0xb3, 0x4d,
    0xae, 0xb3, 0x4d, 0xae, 0xb3, 0x4d, 0xae, 0xb3, 0x4d, 0xae, 0xb3, 0x4d,
    0xae, 0xb3, 0x4d, 0xaf, 0xb2, 0x4e, 0xae, 0xb3, 0x4c, 0xad, 0xb4, 0x49,
    0xae, 0xb4, 0x4d, 0xb0, 0xb0, 0x57, 0xaf, 0xa6, 0x5e, 0xab, 0x9d, 0x65,
    0xa6, 0x97, 0x6b, 0xa6, 0x92, 0x73, 0xa8, 0x91, 0x7d, 0xad, 0x93, 0x83,
    0xb1, 0x96, 0x81, 0xbf, 0xa3, 0x88, 0xce, 0xb2, 0x97, 0xd4, 0xb9, 0x9e,
    0xcc, 0xb4, 0x95, 0xbf, 0xaa, 0x87, 0xbb, 0xab, 0x81, 0xc1, 0xb3, 0x84,
    0xc5, 0xbe, 0x86, 0xbf, 0xc1, 0x79, 0xb7, 0xbb, 0x66, 0xb1, 0xb7, 0x54,
    0xae, 0xb6, 0x4b, 0xae, 0xb5, 0x4d, 0xae, 0xb4, 0x51, 0xaf, 0xb6, 0x52,
    0xb0, 0xb7, 0x50, 0xb0, 0xb7, 0x50, 0xb0, 0xb7, 0x50, 0xb0, 0xb7, 0x50,
    0xb0, 0xb7, 0x50, 0xb0, 0xb7, 0x50, 0xb0, 0xb7, 0x4f, 0xb0, 0xb7, 0x4f,
    0xaf, 0xb6, 0x4e, 0xaf, 0xb6, 0x4e, 0xaf, 0xb6, 0x4e, 0xaf, 0xb6, 0x4e,
    0xaf, 0xb6, 0x4e, 0xaf, 0xb6, 0x4e, 0xaf, 0xb6, 0x4e, 0xaf, 0xb6, 0x4e,
    0xaf, 0xb6, 0x4e, 0xaf, 0xb6, 0x4e, 0xaf, 0xb6, 0x4e, 0xad, 0xb6, 0x4b,
    0xac, 0xb6, 0x4c, 0xac, 0xb5, 0x4f, 0xad, 0xb6, 0x53, 0xab, 0xb3, 0x54,
    0xa7, 0xaf, 0x54, 0xa4, 0xaa, 0x54, 0x9f, 0xa6, 0x58, 0x9a, 0xa3, 0x59,
    0x96, 0xa0, 0x54, 0x95, 0x9c, 0x4f, 0x9c, 0x9d, 0x5f, 0xbf, 0xb5, 0x8d,
    0xd3, 0xba, 0x98, 0xc7, 0xab, 0x88, 0xbb, 0xa4, 0x7f, 0xb0, 0x9e, 0x78,
    0x88, 0x7d, 0x55, 0x69, 0x62, 0x38, 0x6f, 0x65, 0x3b, 0x85, 0x6e, 0x48,
    0xa6, 0x86, 0x62, 0xbe, 0xa4, 0x6d, 0xbb, 0xb5, 0x5c, 0xb2, 0xb6, 0x4d,
    0xb4, 0xb6, 0x4e, 0xb5, 0xb6, 0x4e, 0xb4, 0xb5, 0x4d, 0xb3, 0xb4, 0x4c,
    0xb2, 0xb3, 0x4b, 0xb1, 0xb2, 0x4a, 0xb1, 0xb2, 0x4a, 0xb0, 0xb2, 0x4a,
    0xad, 0xb2, 0x4b, 0xad, 0xb2, 0x4b, 0xad, 0xb2, 0x4b, 0xad, 0xb2, 0x4b,
    0xad, 0xb2, 0x4b, 0xad, 0xb2, 0x4b, 0xac, 0xb1, 0x4a, 0xac, 0xb1, 0x4a,
    0xac, 0xb1, 0x4a, 0xac, 0xb1, 0x4a, 0xab, 0xb0, 0x49, 0xab, 0xb0, 0x49,
    0xab, 0xb0, 0x49, 0xaa, 0xb1, 0x49, 0xaa, 0xb1, 0x49, 0xaa, 0xb1, 0x49,
    0xaa, 0xb1, 0x49, 0xaa, 0xb1, 0x49, 0xaa, 0xb1, 0x49, 0xaa, 0xb1, 0x49,
    0xaa, 0xb1, 0x49, 0xaa, 0xb1, 0x49, 0xaa, 0xb1, 0x49, 0xaa, 0xb1, 0x49,
    0xaa, 0xb1, 0x49, 0xaa, 0xb1, 0x49, 0xaa, 0xb1, 0x49, 0xaa, 0xb1, 0x49,
    0xaa, 0xb1, 0x49, 0xaa, 0xb1, 0x49, 0xaa, 0xb1, 0x49, 0xaa, 0xb1, 0x49,
    0xaa, 0xb1, 0x49, 0xaa, 0xb1, 0x49, 0xaa, 0xb1, 0x49, 0xaa, 0xb1, 0x49,
    0xab, 0xb2, 0x4a, 0xab, 0xb2, 0x4a, 0xab, 0xb2, 0x4a, 0xab, 0xb2, 0x4a,
    0xab, 0xb2, 0x4a, 0xab, 0xb2, 0x4a, 0xaa, 0xb1, 0x49, 0xaa, 0xb1, 0x49,
    0xaa, 0xb1, 0x49, 0xab, 0xb1, 0x4a, 0xac, 0xb1, 0x4b, 0xac, 0xb1, 0x4b,
    0xac, 0xb1, 0x4b, 0xac, 0xb1, 0x4b, 0xac, 0xb1, 0x4b, 0xac, 0xb1, 0x4b,
    0xab, 0xb2, 0x4b, 0xab, 0xb2, 0x4b, 0xab, 0xb2, 0x4b, 0xad, 0xb0, 0x4b,
    0xae, 0xb0, 0x4b, 0xaf, 0xaf, 0x4b, 0xb0, 0xaf, 0x4b, 0xb1, 0xaf, 0x4b,
    0xb1, 0xaf, 0x4b, 0xb1, 0xaf, 0x4b, 0xb1, 0xaf, 0x4b, 0xb2, 0xb0, 0x4c,
    0xb3, 0xb1, 0x4d, 0xb3, 0xb1, 0x4d, 0xb3, 0xb1, 0x4d, 0xb3, 0xb1, 0x4d,
    0xb3, 0xb1, 0x4d, 0xb3, 0xb1, 0x4d, 0xb3, 0xb1, 0x4d, 0xb4, 0xb1, 0x4d,
    0xb6, 0xb2, 0x4e, 0xb6, 0xb2, 0x4e, 0xb6, 0xb2, 0x4e, 0xb8, 0xb4, 0x50,
    0xb8, 0xb4, 0x50, 0xb8, 0xb4, 0x50, 0xb9, 0xb4, 0x50, 0xb9, 0xb4, 0x50,
    0xb9, 0xb4, 0x50, 0xb9, 0xb4, 0x50, 0xb9, 0xb4, 0x50, 0xb8, 0xb3, 0x4f,
    0xb7, 0xb2, 0x4e, 0xb8, 0xb3, 0x4f, 0xb8, 0xb3, 0x4f, 0xb8, 0xb3, 0x4f,
    0xb8, 0xb3, 0x4d, 0xb7, 0xb2, 0x4c, 0xb6, 0xb1, 0x4b, 0xb8, 0xb0, 0x4a,
    0xb8, 0xaf, 0x4a, 0xb8, 0xae, 0x4d, 0xb7, 0xac, 0x52, 0xb6, 0xaa, 0x57,
    0xb7, 0xaa, 0x5c, 0xb8, 0xaa, 0x61, 0xb8, 0xa9, 0x66, 0xba, 0xaa, 0x6d,
    0xbc, 0xab, 0x72, 0xbe, 0xac, 0x7a, 0xc1, 0xae, 0x83, 0xc5, 0xb2, 0x8c,
    0xc9, 0xb5, 0x96, 0xcd, 0xb7, 0x9f, 0xd1, 0xbb, 0xa3, 0xd1, 0xbb, 0xa3,
    0xd1, 0xbb, 0xa3, 0xd0, 0xba, 0xa2, 0xcd, 0xb7, 0x9e, 0xcc, 0xb5, 0x99,
    0xc8, 0xb1, 0x92, 0xc3, 0xac, 0x8d, 0xbe, 0xa7, 0x87, 0xb8, 0xa1, 0x7f,
    0xb3, 0x9c, 0x7a, 0xad, 0x96, 0x72, 0xa9, 0x8f, 0x6f, 0xa6, 0x8b, 0x6e,
    0xa7, 0x8c, 0x6f, 0xa7, 0x8d, 0x6b, 0xab, 0x92, 0x6a, 0xaf, 0x97, 0x69,
    0xb2, 0x9b, 0x68, 0xb3, 0x9e, 0x67, 0xb4, 0xa1, 0x63, 0xb5, 0xa4, 0x5d,
    0xb5, 0xa8, 0x58, 0xb4, 0xaa, 0x52, 0xb1, 0xaa, 0x4d, 0xae, 0xaa, 0x46,
    0xae, 0xb3, 0x4d, 0xae, 0xb3, 0x4d, 0xae, 0xb3, 0x4d, 0xae, 0xb3, 0x4d,
    0xae, 0xb3, 0x4d, 0xae, 0xb3, 0x4d, 0xae, 0xb3, 0x4d, 0xae, 0xb3, 0x4d,
    0xae, 0xb3, 0x4d, 0xae, 0xb3, 0x4d, 0xae, 0xb3, 0x4d, 0xae, 0xb3, 0x4d,
    0xae, 0xb3, 0x4d, 0xaf, 0xb2, 0x4d, 0xae, 0xb4, 0x4b, 0xad, 0xb5, 0x48,
    0xad, 0xb4, 0x4c, 0xaf, 0xb2, 0x55, 0xb0, 0xac, 0x5b, 0xae, 0xa4, 0x63,
    0xac, 0x9d, 0x6d, 0xab, 0x97, 0x75, 0xaf, 0x97, 0x80, 0xb7, 0x9d, 0x8b,
    0xc1, 0xa6, 0x90, 0xc8, 0xae, 0x91, 0xd1, 0xb6, 0x9a, 0xd8, 0xbf, 0xa4,
    0xd3, 0xbc, 0xa1, 0xc9, 0xb4, 0x97, 0xc4, 0xb2, 0x90, 0xc5, 0xb5, 0x8d,
    0xc4, 0xb8, 0x8a, 0xbc, 0xb8, 0x78, 0xb4, 0xb5, 0x65, 0xae, 0xb4, 0x54,
    0xad, 0xb5, 0x4e, 0xae, 0xb5, 0x4e, 0xae, 0xb4, 0x52, 0xaf, 0xb6, 0x52,
    0xb0, 0xb7, 0x50, 0xb0, 0xb7, 0x50, 0xb0, 0xb7, 0x50, 0xb0, 0xb7, 0x51,
    0xb0, 0xb7, 0x51, 0xb0, 0xb7, 0x50, 0xb0, 0xb7, 0x50, 0xb0, 0xb7, 0x4f,
    0xaf, 0xb6, 0x4f, 0xb0, 0xb7, 0x4f, 0xb0, 0xb7, 0x50, 0xb0, 0xb7, 0x50,
    0xaf, 0xb8, 0x4f, 0xaf, 0xb8, 0x4e, 0xb0, 0xb7, 0x4f, 0xb0, 0xb7, 0x4f,
    0xb0, 0xb7, 0x50, 0xb0, 0xb6, 0x51, 0xb0, 0xb6, 0x52, 0xad, 0xb6, 0x53,
    0xab, 0xb5, 0x55, 0xa8, 0xb2, 0x55, 0xa3, 0xad, 0x55, 0x9c, 0xa6, 0x53,
    0x96, 0x9f, 0x51, 0x8d, 0x98, 0x50, 0x87, 0x92, 0x53, 0x82, 0x8b, 0x51,
    0x7d, 0x88, 0x4b, 0x7e, 0x88, 0x4a, 0x86, 0x87, 0x56, 0xad, 0xa2, 0x81,
    0xbb, 0xa1, 0x81, 0xad, 0x90, 0x6e, 0x9d, 0x85, 0x61, 0x8e, 0x7a, 0x54,
    0x8d, 0x7e, 0x57, 0x8d, 0x81, 0x58, 0x86, 0x78, 0x4f, 0x89, 0x71, 0x4c,
    0x95, 0x76, 0x52, 0xab, 0x94, 0x5f, 0xb6, 0xae, 0x5e, 0xb0, 0xb4, 0x53,
    0xb2, 0xb6, 0x52, 0xb4, 0xb5, 0x51, 0xb4, 0xb5, 0x4f, 0xb3, 0xb4, 0x4c,
    0xb2, 0xb3, 0x49, 0xb1, 0xb3, 0x49, 0xb1, 0xb3, 0x4a, 0xaf, 0xb2, 0x4b,
    0xad, 0xb2, 0x4b, 0xad, 0xb2, 0x4b, 0xad, 0xb2, 0x4b, 0xad, 0xb2, 0x4b,
    0xad, 0xb2, 0x4b, 0xad, 0xb2, 0x4b, 0xac, 0xb1, 0x4a, 0xac, 0xb1, 0x4a,
    0xac, 0xb1, 0x4a, 0xac, 0xb1, 0x4a, 0xab, 0xb0, 0x49, 0xab, 0xb0, 0x49,
    0xab, 0xb0, 0x49, 0xaa, 0xb1, 0x49, 0xaa, 0xb1, 0x49, 0xaa, 0xb1, 0x49,
    0xaa, 0xb1, 0x49, 0xaa, 0xb1, 0x49, 0xaa, 0xb1, 0x49, 0xaa, 0xb1, 0x49,
    0xaa, 0xb1, 0x49, 0xaa, 0xb1, 0x49, 0xaa, 0xb1, 0x49, 0xaa, 0xb1, 0x49,
    0xaa, 0xb1, 0x49, 0xaa, 0xb1, 0x49, 0xaa, 0xb1, 0x49, 0xaa, 0xb1, 0x49,
    0xaa, 0xb1, 0x49, 0xaa, 0xb1, 0x49, 0xaa, 0xb1, 0x49, 0xaa, 0xb1, 0x49,
    0xaa, 0xb1, 0x49, 0xaa, 0xb1, 0x49, 0xaa, 0xb1, 0x49, 0xaa, 0xb1, 0x49,
    0xab, 0xb2, 0x4a, 0xab, 0xb2, 0x4a, 0xab, 0xb2, 0x4a, 0xab, 0xb2, 0x4a,
    0xab, 0xb2, 0x4a, 0xab, 0xb2, 0x4a, 0xaa, 0xb1, 0x49, 0xaa, 0xb1, 0x49,
    0xaa, 0xb1, 0x49, 0xab, 0xb1, 0x4a, 0xac, 0xb1, 0x4b, 0xac, 0xb1, 0x4b,
    0xac, 0xb1, 0x4b, 0xac, 0xb1, 0x4b, 0xac, 0xb1, 0x4b, 0xac, 0xb1, 0x4b,
    0xab, 0xb2, 0x4b, 0xab, 0xb2, 0x4b, 0xab, 0xb2, 0x4b, 0xac, 0xb1, 0x4b,
    0xad, 0xb0, 0x4b, 0xae, 0xb0, 0x4b, 0xae, 0xb0, 0x4b, 0xaf, 0xaf, 0x4b,
    0xb0, 0xaf, 0x4b, 0xb1, 0xaf, 0x4b, 0xb1, 0xaf, 0x4b, 0xb2, 0xb0, 0x4c,
    0xb3, 0xb1, 0x4d, 0xb3, 0xb1, 0x4d, 0xb3, 0xb1, 0x4d, 0xb3, 0xb1, 0x4d,
    0xb3, 0xb1, 0x4d, 0xb3, 0xb1, 0x4d, 0xb3, 0xb1, 0x4d, 0xb3, 0xb1, 0x4d,
    0xb5, 0xb1, 0x4d, 0xb5, 0xb1, 0x4d, 0xb5, 0xb1, 0x4d, 0xb8, 0xb4, 0x50,
    0xb8, 0xb4, 0x50, 0xb8, 0xb4, 0x50, 0xb9, 0xb4, 0x50, 0xb9, 0xb4, 0x50,
    0xb9, 0xb4, 0x50, 0xb9, 0xb4, 0x50, 0xb9, 0xb4, 0x50, 0xb9, 0xb4, 0x50,
    0xb8, 0xb3, 0x4f, 0xb8, 0xb3, 0x4f, 0xb8, 0xb3, 0x4f, 0xb8, 0xb3, 0x4f,
    0xb8, 0xb3, 0x4f, 0xb8, 0xb3, 0x4d, 0xb7, 0xb2, 0x4c, 0xb8, 0xb1, 0x4b,
    0xb8, 0xb0, 0x4b, 0xb7, 0xaf, 0x4d, 0xb6, 0xad, 0x51, 0xb5, 0xab, 0x56,
    0xb6, 0xab, 0x5b, 0xb7, 0xac, 0x5e, 0xb7, 0xaa, 0x63, 0xb9, 0xaa, 0x68,
    0xba, 0xaa, 0x6d, 0xbc, 0xab, 0x75, 0xbf, 0xad, 0x7e, 0xc3, 0xb0, 0x86,
    0xc7, 0xb3, 0x8f, 0xcb, 0xb5, 0x98, 0xce, 0xb9, 0x9c, 0xcf, 0xba, 0x9f,
    0xcf, 0xb9, 0xa0, 0xcf, 0xb9, 0xa1, 0xcd, 0xb7, 0x9f, 0xcd, 0xb5, 0x99,
    0xc9, 0xb2, 0x93, 0xc5, 0xad, 0x8e, 0xc1, 0xa9, 0x8a, 0xbb, 0xa4, 0x82,
    0xb6, 0x9f, 0x7d, 0xb1, 0x99, 0x77, 0xac, 0x93, 0x72, 0xa9, 0x8f, 0x70,
    0xaa, 0x8f, 0x70, 0xa9, 0x8f, 0x6c, 0xab, 0x92, 0x6b, 0xaf, 0x97, 0x6a,
    0xb2, 0x9a, 0x6a, 0xb4, 0x9d, 0x68, 0xb5, 0xa0, 0x64, 0xb5, 0xa4, 0x5e,
    0xb6, 0xa8, 0x59, 0xb6, 0xaa, 0x55, 0xb3, 0xaa, 0x4f, 0xaf, 0xab, 0x48,
    0xaf, 0xb4, 0x4e, 0xaf, 0xb4, 0x4e, 0xaf, 0xb4, 0x4e, 0xaf, 0xb4, 0x4e,
    0xaf, 0xb4, 0x4e, 0xae, 0xb3, 0x4d, 0xae, 0xb3, 0x4d, 0xaf, 0xb4, 0x4e,
    0xaf, 0xb4, 0x4e, 0xaf, 0xb4, 0x4e, 0xae, 0xb3, 0x4d, 0xae, 0xb3, 0x4d,
    0xae, 0xb3, 0x4d, 0xae, 0xb4, 0x4a, 0xae, 0xb4, 0x4a, 0xae, 0xb4, 0x4b,
    0xaf, 0xb4, 0x4e, 0xaf, 0xb3, 0x51, 0xad, 0xaf, 0x51, 0xae, 0xab, 0x5a,
    0xb3, 0xa4, 0x6b, 0xb6, 0xa1, 0x77, 0xb8, 0x9e, 0x82, 0xbf, 0xa3, 0x8e,
    0xc9, 0xb0, 0x96, 0xcd, 0xb7, 0x97, 0xd3, 0xbe, 0xa0, 0xd5, 0xc1, 0xa6,
    0xd4, 0xc0, 0xa7, 0xd1, 0xbd, 0xa4, 0xcb, 0xb8, 0x9a, 0xc5, 0xb2, 0x90,
    0xc2, 0xb2, 0x86, 0xbc, 0xb1, 0x75, 0xb3, 0xb0, 0x64, 0xad, 0xb2, 0x57,
    0xaa, 0xb4, 0x50, 0xab, 0xb5, 0x50, 0xae, 0xb4, 0x54, 0xaf, 0xb6, 0x53,
    0xaf, 0xb7, 0x52, 0xaf, 0xb7, 0x52, 0xaf, 0xb7, 0x52, 0xb0, 0xb8, 0x53,
    0xb0, 0xb8, 0x53, 0xb0, 0xb8, 0x53, 0xb0, 0xb8, 0x51, 0xb0, 0xb8, 0x51,
    0xb0, 0xb8, 0x51, 0xb0, 0xb8, 0x52, 0xb0, 0xb8, 0x53, 0xb0, 0xb8, 0x53,
    0xaf, 0xb9, 0x4f, 0xad, 0xb9, 0x4c, 0xad, 0xb7, 0x4e, 0xaf, 0xb7, 0x52,
    0xaf, 0xb6, 0x55, 0xaf, 0xb5, 0x58, 0xaf, 0xb4, 0x5a, 0xaa, 0xb1, 0x5f,
    0xa3, 0xab, 0x5c, 0x98, 0xa2, 0x58, 0x8f, 0x9a, 0x56, 0x85, 0x92, 0x53,
    0x7e, 0x8b, 0x52, 0x72, 0x84, 0x4d, 0x73, 0x84, 0x50, 0x71, 0x7e, 0x4d,
    0x6d, 0x7c, 0x4c, 0x6c, 0x7d, 0x4d, 0x77, 0x7a, 0x52, 0xa4, 0x93, 0x72,
    0xae, 0x93, 0x72, 0xa7, 0x8a, 0x67, 0x9f, 0x85, 0x60, 0x89, 0x70, 0x4a,
    0x89, 0x71, 0x4b, 0x88, 0x72, 0x4b, 0x77, 0x61, 0x39, 0x6b, 0x53, 0x2f,
    0x72, 0x59, 0x32, 0x89, 0x76, 0x47, 0x9f, 0x95, 0x56, 0xa6, 0xa9, 0x5a,
    0xac, 0xb5, 0x5c, 0xb3, 0xb5, 0x5a, 0xb5, 0xb4, 0x54, 0xb4, 0xb5, 0x4e,
    0xb2, 0xb5, 0x48, 0xb0, 0xb5, 0x47, 0xaf, 0xb3, 0x49, 0xae, 0xb3, 0x4b,
    0xad, 0xb4, 0x4c, 0xad, 0xb4, 0x4c, 0xad, 0xb4, 0x4c, 0xac, 0xb3, 0x4b,
    0xac, 0xb3, 0x4b, 0xac, 0xb3, 0x4b, 0xab, 0xb2, 0x4a, 0xab, 0xb2, 0x4a,
    0xab, 0xb2, 0x4a, 0xab, 0xb2, 0x4a, 0xab, 0xb2, 0x4a, 0xab, 0xb2, 0x4a,
    0xab, 0xb2, 0x4a, 0xab, 0xb2, 0x48, 0xab, 0xb2, 0x48, 0xab, 0xb2, 0x48,
    0xab, 0xb2, 0x48, 0xab, 0xb2, 0x48, 0xab, 0xb2, 0x48, 0xab, 0xb2, 0x4a,
    0xab, 0xb2, 0x4b, 0xab, 0xb2, 0x4b, 0xab, 0xb2, 0x4b, 0xab, 0xb2, 0x4b,
    0xab, 0xb2, 0x4b, 0xab, 0xb2, 0x4b, 0xab, 0xb2, 0x4b, 0xab, 0xb2, 0x4b,
    0xab, 0xb2, 0x4b, 0xab, 0xb2, 0x4b, 0xab, 0xb2, 0x4b, 0xab, 0xb2, 0x4b,
    0xab, 0xb2, 0x4b, 0xab, 0xb2, 0x4b, 0xab, 0xb2, 0x4b, 0xab, 0xb2, 0x4b,
    0xab, 0xb2, 0x4b, 0xab, 0xb2, 0x4b, 0xab, 0xb2, 0x4b, 0xab, 0xb2, 0x4b,
    0xab, 0xb2, 0x4b, 0xab, 0xb2, 0x4b, 0xab, 0xb2, 0x4b, 0xab, 0xb2, 0x4b,
    0xab, 0xb2, 0x4b, 0xab, 0xb2, 0x4b, 0xab, 0xb2, 0x4b, 0xab, 0xb2, 0x4b,
    0xab, 0xb2, 0x4b, 0xab, 0xb2, 0x4b, 0xab, 0xb2, 0x4b, 0xab, 0xb2, 0x4b,
    0xab, 0xb2, 0x4b, 0xab, 0xb2, 0x4b, 0xab, 0xb2, 0x4b, 0xab, 0xb2, 0x4b,
    0xab, 0xb2, 0x4b, 0xab, 0xb2, 0x4b, 0xac, 0xb2, 0x4b, 0xae, 0xb2, 0x4c,
    0xae, 0xb1, 0x4c, 0xb0, 0xb0, 0x4c, 0xb1, 0xb1, 0x4d, 0xb3, 0xb1, 0x4d,
    0xb3, 0xb1, 0x4d, 0xb2, 0xb1, 0x4d, 0xb1, 0xb1, 0x4d, 0xb1, 0xb1, 0x4d,
    0xb1, 0xb1, 0x4d, 0xb2, 0xb2, 0x4e, 0xb2, 0xb2, 0x4e, 0xb2, 0xb2, 0x4e,
    0xb3, 0xb1, 0x4d, 0xb5, 0xb3, 0x4f, 0xb5, 0xb3, 0x4f, 0xb6, 0xb4, 0x50,
    0xb6, 0xb4, 0x50, 0xb6, 0xb4, 0x50, 0xb7, 0xb3, 0x50, 0xb7, 0xb3, 0x50,
    0xb7, 0xb3, 0x50, 0xb7, 0xb3, 0x50, 0xb8, 0xb4, 0x51, 0xb8, 0xb4, 0x51,
    0xb8, 0xb4, 0x51, 0xb8, 0xb4, 0x51, 0xb8, 0xb4, 0x51, 0xb8, 0xb4, 0x51,
    0xb8, 0xb4, 0x51, 0xb8, 0xb4, 0x51, 0xb8, 0xb4, 0x51, 0xb7, 0xb3, 0x4f,
    0xb6, 0xb2, 0x4e, 0xb6, 0xb1, 0x4f, 0xb5, 0xaf, 0x52, 0xb4, 0xaf, 0x56,
    0xb4, 0xae, 0x59, 0xb4, 0xad, 0x5c, 0xb5, 0xac, 0x5e, 0xb6, 0xac, 0x61,
    0xb8, 0xaa, 0x66, 0xba, 0xaa, 0x6d, 0xbd, 0xaa, 0x76, 0xc1, 0xad, 0x7c,
    0xc4, 0xaf, 0x83, 0xc7, 0xb1, 0x8b, 0xc9, 0xb3, 0x90, 0xcc, 0xb5, 0x95,
    0xcd, 0xb6, 0x9b, 0xcf, 0xb6, 0x9f, 0xce, 0xb6, 0x9f, 0xcd, 0xb4, 0x98,
    0xcb, 0xb2, 0x93, 0xc9, 0xb0, 0x91, 0xc6, 0xad, 0x8e, 0xc1, 0xa8, 0x89,
    0xbb, 0xa2, 0x83, 0xb6, 0x9e, 0x7d, 0xb0, 0x98, 0x76, 0xab, 0x93, 0x70,
    0xab, 0x93, 0x6f, 0xab, 0x93, 0x6d, 0xac, 0x94, 0x6d, 0xaf, 0x98, 0x6e,
    0xb1, 0x9b, 0x6c, 0xb3, 0x9d, 0x69, 0xb4, 0xa0, 0x65, 0xb5, 0xa4, 0x60,
    0xb5, 0xa8, 0x5b, 0xb5, 0xaa, 0x56, 0xb2, 0xa9, 0x50, 0xb0, 0xaa, 0x4b,
    0xaf, 0xb4, 0x4e, 0xaf, 0xb4, 0x4e, 0xaf, 0xb4, 0x4e, 0xb0, 0xb5, 0x4f,
    0xaf, 0xb4, 0x4e, 0xae, 0xb3, 0x4d, 0xae, 0xb3, 0x4d, 0xaf, 0xb4, 0x4e,
    0xaf, 0xb4, 0x4e, 0xaf, 0xb4, 0x4e, 0xae, 0xb3, 0x4d, 0xae, 0xb3, 0x4d,
    0xae, 0xb3, 0x4d, 0xae, 0xb4, 0x4a, 0xae, 0xb4, 0x4b, 0xae, 0xb3, 0x4c,
    0xaf, 0xb4, 0x4e, 0xaf, 0xb3, 0x4f, 0xad, 0xb1, 0x4f, 0xb0, 0xae, 0x59,
    0xb7, 0xaa, 0x6d, 0xba, 0xa6, 0x79, 0xbd, 0xa2, 0x85, 0xc3, 0xa8, 0x90,
    0xce, 0xb5, 0x9a, 0xd3, 0xbe, 0x9e, 0xda, 0xc6, 0xa6, 0xdc, 0xc7, 0xab,
    0xda, 0xc5, 0xac, 0xd8, 0xc2, 0xa9, 0xd1, 0xbc, 0x9f, 0xc3, 0xb0, 0x8e,
    0xba, 0xa8, 0x7d, 0xb2, 0xa6, 0x6a, 0xae, 0xaa, 0x5f, 0xab, 0xaf, 0x55,
    0xaa, 0xb4, 0x50, 0xab, 0xb5, 0x50, 0xae, 0xb5, 0x54, 0xaf, 0xb6, 0x53,
    0xaf, 0xb7, 0x52, 0xaf, 0xb7, 0x52, 0xaf, 0xb7, 0x52, 0xb0, 0xb8, 0x53,
    0xb0, 0xb8, 0x53, 0xb0, 0xb8, 0x53, 0xb0, 0xb8, 0x51, 0xb0, 0xb8, 0x51,
    0xb0, 0xb8, 0x51, 0xb0, 0xb8, 0x51, 0xb0, 0xb8, 0x51, 0xb0, 0xb8, 0x52,
    0xaf, 0xb8, 0x4f, 0xad, 0xb8, 0x4e, 0xac, 0xb6, 0x50, 0xac, 0xb5, 0x55,
    0xac, 0xb5, 0x59, 0xaa, 0xb2, 0x5c, 0xa7, 0xad, 0x5b, 0x9a, 0xa4, 0x58,
    0x90, 0x9a, 0x52, 0x88, 0x93, 0x4f, 0x7e, 0x8b, 0x4c, 0x76, 0x85, 0x4a,
    0x74, 0x84, 0x4c, 0x6f, 0x83, 0x4d, 0x71, 0x84, 0x4f, 0x72, 0x80, 0x4e,
    0x70, 0x81, 0x4f, 0x6c, 0x7f, 0x4e, 0x7a, 0x7f, 0x55, 0xae, 0x9c, 0x7a,
    0xba, 0x9f, 0x7d, 0xb3, 0x96, 0x74, 0xab, 0x90, 0x6c, 0x8e, 0x74, 0x50,
    0x75, 0x5b, 0x36, 0x67, 0x4e, 0x26, 0x5c, 0x44, 0x1c, 0x5d, 0x43, 0x1e,
    0x66, 0x4e, 0x27, 0x73, 0x5f, 0x33, 0x85, 0x7a, 0x43, 0x99, 0x9b, 0x56,
    0xa4, 0xae, 0x5e, 0xad, 0xb1, 0x5b, 0xb1, 0xb3, 0x57, 0xb1, 0xb4, 0x4f,
    0xb1, 0xb4, 0x49, 0xb1, 0xb5, 0x47, 0xb0, 0xb3, 0x49, 0xae, 0xb3, 0x4a,
    0xad, 0xb4, 0x4c, 0xad, 0xb4, 0x4c, 0xad, 0xb4, 0x4c, 0xac, 0xb3, 0x4b,
    0xac, 0xb3, 0x4b, 0xac, 0xb3, 0x4b, 0xab, 0xb2, 0x4a, 0xab, 0xb2, 0x4a,
    0xab, 0xb2, 0x4a, 0xab, 0xb2, 0x4a, 0xab, 0xb2, 0x4a, 0xab, 0xb2, 0x4a,
    0xab, 0xb2, 0x4a, 0xab, 0xb2, 0x4a, 0xab, 0xb2, 0x4a, 0xab, 0xb2, 0x4a,
    0xab, 0xb2, 0x4a, 0xab, 0xb2, 0x4a, 0xab, 0xb2, 0x4a, 0xab, 0xb2, 0x4b,
    0xab, 0xb2, 0x4b, 0xab, 0xb2, 0x4b, 0xab, 0xb2, 0x4b, 0xab, 0xb2, 0x4b,
    0xab, 0xb2, 0x4b, 0xab, 0xb2, 0x4b, 0xab, 0xb2, 0x4b, 0xab, 0xb2, 0x4b,
    0xab, 0xb2, 0x4b, 0xab, 0xb2, 0x4b, 0xab, 0xb2, 0x4b, 0xab, 0xb2, 0x4b,
    0xab, 0xb2, 0x4b, 0xab, 0xb2, 0x4b, 0xab, 0xb2, 0x4b, 0xab, 0xb2, 0x4b,
    0xab, 0xb2, 0x4b, 0xab, 0xb2, 0x4b, 0xab, 0xb2, 0x4b, 0xab, 0xb2, 0x4b,
    0xab, 0xb2, 0x4b, 0xab, 0xb2, 0x4b, 0xab, 0xb2, 0x4b, 0xab, 0xb2, 0x4b,
    0xab, 0xb2, 0x4b, 0xab, 0xb2, 0x4b, 0xab, 0xb2, 0x4b, 0xab, 0xb2, 0x4b,
    0xab, 0xb2, 0x4b, 0xab, 0xb2, 0x4b, 0xab, 0xb2, 0x4b, 0xab, 0xb2, 0x4b,
    0xab, 0xb2, 0x4b, 0xab, 0xb2, 0x4b, 0xab, 0xb2, 0x4b, 0xab, 0xb2, 0x4b,
    0xab, 0xb2, 0x4b, 0xab, 0xb2, 0x4b, 0xac, 0xb2, 0x4b, 0xad, 0xb2, 0x4c,
    0xae, 0xb1, 0x4c, 0xaf, 0xb1, 0x4c, 0xb1, 0xb1, 0x4d, 0xb3, 0xb1, 0x4d,
    0xb3, 0xb1, 0x4d, 0xb2, 0xb1, 0x4d, 0xb1, 0xb1, 0x4d, 0xb1, 0xb1, 0x4d,
    0xb1, 0xb1, 0x4d, 0xb2, 0xb2, 0x4e, 0xb2, 0xb2, 0x4e, 0xb2, 0xb2, 0x4e,
    0xb3, 0xb1, 0x4d, 0xb5, 0xb3, 0x4f, 0xb5, 0xb3, 0x4f, 0xb6, 0xb4, 0x50,
    0xb6, 0xb4, 0x50, 0xb6, 0xb4, 0x50, 0xb7, 0xb3, 0x50, 0xb7, 0xb3, 0x50,
    0xb7, 0xb3, 0x50, 0xb7, 0xb3, 0x50, 0xb8, 0xb4, 0x51, 0xb8, 0xb4, 0x51,
    0xb8, 0xb4, 0x51, 0xb8, 0xb4, 0x51, 0xb8, 0xb4, 0x51, 0xb8, 0xb4, 0x51,
    0xb8, 0xb4, 0x51, 0xb8, 0xb4, 0x51, 0xb8, 0xb4, 0x51, 0xb7, 0xb3, 0x50,
    0xb6, 0xb2, 0x4e, 0xb6, 0xb1, 0x4f, 0xb5, 0xb0, 0x52, 0xb4, 0xaf, 0x55,
    0xb4, 0xae, 0x57, 0xb4, 0xad, 0x5a, 0xb5, 0xac, 0x5d, 0xb6, 0xac, 0x60,
    0xb7, 0xaa, 0x65, 0xb8, 0xa9, 0x6a, 0xbb, 0xa9, 0x71, 0xbf, 0xab, 0x77,
    0xc1, 0xac, 0x7e, 0xc4, 0xae, 0x85, 0xc8, 0xb2, 0x8b, 0xcb, 0xb5, 0x93,
    0xcc, 0xb5, 0x98, 0xce, 0xb6, 0x9e, 0xce, 0xb6, 0xa0, 0xce, 0xb5, 0x99,
    0xcc, 0xb3, 0x94, 0xca, 0xb1, 0x92, 0xc7, 0xae, 0x8f, 0xc4, 0xab, 0x8c,
    0xbe, 0xa5, 0x86, 0xb9, 0xa1, 0x81, 0xb4, 0x9c, 0x7a, 0xb0, 0x98, 0x74,
    0xae, 0x96, 0x71, 0xab, 0x93, 0x6e, 0xac, 0x94, 0x6d, 0xae, 0x97, 0x6e,
    0xb0, 0x9a, 0x6c, 0xb2, 0x9c, 0x68, 0xb3, 0xa0, 0x65, 0xb4, 0xa3, 0x60,
    0xb5, 0xa7, 0x5b, 0xb4, 0xa9, 0x56, 0xb2, 0xa9, 0x50, 0xb0, 0xaa, 0x4b,
    0xaf, 0xb4, 0x4e, 0xaf, 0xb4, 0x4e, 0xaf, 0xb4, 0x4e, 0xb0, 0xb5, 0x4f,
    0xb0, 0xb5, 0x4f, 0xaf, 0xb4, 0x4e, 0xaf, 0xb4, 0x4e, 0xaf, 0xb4, 0x4e,
    0xaf, 0xb4, 0x4e, 0xaf, 0xb4, 0x4e, 0xae, 0xb3, 0x4d, 0xae, 0xb3, 0x4d,
    0xae, 0xb3, 0x4d, 0xae, 0xb3, 0x4b, 0xae, 0xb3, 0x4c, 0xae, 0xb3, 0x4c,
    0xaf, 0xb4, 0x4e, 0xaf, 0xb4, 0x4f, 0xae, 0xb3, 0x50, 0xb2, 0xb0, 0x59,
    0xb8, 0xad, 0x6a, 0xba, 0xaa, 0x76, 0xbe, 0xa6, 0x82, 0xc5, 0xab, 0x8e,
    0xd0, 0xb7, 0x9a, 0xd8, 0xc3, 0xa2, 0xdf, 0xc9, 0xa9, 0xe0, 0xc9, 0xad,
    0xdf, 0xc8, 0xad, 0xdc, 0xc5, 0xab, 0xd4, 0xbd, 0xa1, 0xc6, 0xb0, 0x8f,
    0xba, 0xa6, 0x7b, 0xb1, 0xa5, 0x68, 0xae, 0xaa, 0x5e, 0xad, 0xb1, 0x55,
    0xab, 0xb5, 0x4f, 0xac, 0xb6, 0x4e, 0xaf, 0xb6, 0x52, 0xaf, 0xb7, 0x52,
    0xaf, 0xb7, 0x52, 0xaf, 0xb7, 0x52, 0xaf, 0xb7, 0x52, 0xb0, 0xb8, 0x53,
    0xb0, 0xb8, 0x53, 0xb0, 0xb8, 0x53, 0xaf, 0xb9, 0x52, 0xaf, 0xb9, 0x52,
    0xaf, 0xb9, 0x52, 0xaf, 0xb9, 0x51, 0xaf, 0xb9, 0x50, 0xaf, 0xb9, 0x50,
    0xae, 0xb6, 0x4f, 0xaf, 0xb7, 0x52, 0xae, 0xb8, 0x57, 0xab, 0xb5, 0x5b,
    0xa4, 0xb0, 0x5d, 0x9b, 0xa7, 0x59, 0x92, 0x9e, 0x54, 0x87, 0x94, 0x50,
    0x7d, 0x8b, 0x49, 0x7a, 0x89, 0x48, 0x74, 0x84, 0x47, 0x72, 0x84, 0x49,
    0x71, 0x84, 0x4a, 0x73, 0x89, 0x50, 0x75, 0x89, 0x52, 0x75, 0x83, 0x4f,
    0x75, 0x86, 0x51, 0x6b, 0x7e, 0x4c, 0x7e, 0x83, 0x56, 0xb9, 0xa7, 0x83,
    0xc6, 0xac, 0x8b, 0xaf, 0x94, 0x72, 0xa1, 0x87, 0x64, 0x94, 0x7a, 0x56,
    0x74, 0x5a, 0x35, 0x64, 0x4b, 0x23, 0x64, 0x4b, 0x23, 0x71, 0x56, 0x30,
    0x76, 0x5d, 0x36, 0x71, 0x5c, 0x34, 0x73, 0x69, 0x37, 0x85, 0x86, 0x49,
    0x94, 0x9e, 0x57, 0xa2, 0xa9, 0x5b, 0xab, 0xb1, 0x5c, 0xae, 0xb3, 0x55,
    0xaf, 0xb4, 0x4d, 0xb0, 0xb4, 0x49, 0xb1, 0xb3, 0x47, 0xaf, 0xb3, 0x48,
    0xad, 0xb4, 0x4c, 0xad, 0xb4, 0x4c, 0xad, 0xb4, 0x4c, 0xac, 0xb3, 0x4b,
    0xac, 0xb3, 0x4b, 0xac, 0xb3, 0x4b, 0xab, 0xb2, 0x4a, 0xab, 0xb2, 0x4a,
    0xab, 0xb2, 0x4a, 0xab, 0xb2, 0x4a, 0xab, 0xb2, 0x4a, 0xab, 0xb2, 0x4a,
    0xab, 0xb2, 0x4a, 0xab, 0xb2, 0x4a, 0xab, 0xb2, 0x4a, 0xab, 0xb2, 0x4a,
    0xab, 0xb2, 0x4a, 0xab, 0xb2, 0x4a, 0xab, 0xb2, 0x4a, 0xab, 0xb2, 0x4b,
    0xab, 0xb2, 0x4b, 0xab, 0xb2, 0x4b, 0xab, 0xb2, 0x4b, 0xab, 0xb2, 0x4b,
    0xab, 0xb2, 0x4b, 0xab, 0xb2, 0x4b, 0xab, 0xb2, 0x4b, 0xab, 0xb2, 0x4b,
    0xab, 0xb2, 0x4b, 0xab, 0xb2, 0x4b, 0xab, 0xb2, 0x4b, 0xab, 0xb2, 0x4b,
    0xab, 0xb2, 0x4b, 0xab, 0xb2, 0x4b, 0xab, 0xb2, 0x4b, 0xab, 0xb2, 0x4b,
    0xab, 0xb2, 0x4b, 0xab, 0xb2, 0x4b, 0xab, 0xb2, 0x4b, 0xab, 0xb2, 0x4b,
    0xab, 0xb2, 0x4b, 0xab, 0xb2, 0x4b, 0xab, 0xb2, 0x4b, 0xab, 0xb2, 0x4b,
    0xab, 0xb2, 0x4b, 0xab, 0xb2, 0x4b, 0xab, 0xb2, 0x4b, 0xab, 0xb2, 0x4b,
    0xab, 0xb2, 0x4b, 0xab, 0xb2, 0x4b, 0xab, 0xb2, 0x4b, 0xab, 0xb2, 0x4b,
    0xab, 0xb2, 0x4b, 0xab, 0xb2, 0x4b, 0xab, 0xb2, 0x4b, 0xab, 0xb2, 0x4b,
    0xab, 0xb2, 0x4b, 0xab, 0xb2, 0x4b, 0xab, 0xb2, 0x4b, 0xac, 0xb3, 0x4c,
    0xad, 0xb2, 0x4c, 0xaf, 0xb1, 0x4c, 0xb1, 0xb1, 0x4d, 0xb2, 0xb1, 0x4d,
    0xb3, 0xb1, 0x4d, 0xb1, 0xb1, 0x4d, 0xb0, 0xb2, 0x4d, 0xb0, 0xb2, 0x4d,
    0xb0, 0xb2, 0x4d, 0xb1, 0xb3, 0x4e, 0xb1, 0xb3, 0x4e, 0xb2, 0xb2, 0x4e,
    0xb3, 0xb1, 0x4d, 0xb5, 0xb3, 0x4f, 0xb5, 0xb3, 0x4f, 0xb6, 0xb4, 0x50,
    0xb6, 0xb4, 0x50, 0xb6, 0xb4, 0x50, 0xb7, 0xb3, 0x50, 0xb7, 0xb3, 0x50,
    0xb7, 0xb3, 0x50, 0xb7, 0xb3, 0x50, 0xb8, 0xb4, 0x51, 0xb8, 0xb4, 0x51,
    0xb8, 0xb4, 0x51, 0xb8, 0xb4, 0x51, 0xb8, 0xb4, 0x51, 0xb8, 0xb4, 0x51,
    0xb8, 0xb4, 0x51, 0xb8, 0xb4, 0x51, 0xb8, 0xb4, 0x51, 0xb8, 0xb4, 0x50,
    0xb7, 0xb3, 0x4f, 0xb7, 0xb2, 0x50, 0xb5, 0xb1, 0x53, 0xb4, 0xaf, 0x54,
    0xb4, 0xae, 0x56, 0xb4, 0xae, 0x59, 0xb4, 0xad, 0x5c, 0xb5, 0xac, 0x5f,
    0xb6, 0xab, 0x64, 0xb7, 0xa8, 0x69, 0xb9, 0xa7, 0x6e, 0xbc, 0xa8, 0x73,
    0xbe, 0xa9, 0x79, 0xc0, 0xab, 0x80, 0xc5, 0xaf, 0x88, 0xc8, 0xb2, 0x8f,
    0xca, 0xb2, 0x94, 0xcd, 0xb5, 0x9b, 0xcd, 0xb5, 0x9d, 0xce, 0xb6, 0x98,
    0xcd, 0xb4, 0x95, 0xcb, 0xb2, 0x93, 0xc7, 0xae, 0x8f, 0xc3, 0xaa, 0x8b,
    0xbf, 0xa6, 0x87, 0xbb, 0xa3, 0x83, 0xb8, 0xa0, 0x7e, 0xb5, 0x9d, 0x7a,
    0xb1, 0x99, 0x75, 0xad, 0x95, 0x6f, 0xac, 0x95, 0x6d, 0xae, 0x97, 0x6d,
    0xaf, 0x98, 0x6b, 0xb0, 0x9a, 0x66, 0xb1, 0x9d, 0x64, 0xb2, 0xa1, 0x5f,
    0xb3, 0xa5, 0x5a, 0xb4, 0xa9, 0x56, 0xb3, 0xa9, 0x51, 0xb1, 0xab, 0x4d,
    0xaf, 0xb4, 0x4e, 0xaf, 0xb4, 0x4e, 0xaf, 0xb4, 0x4e, 0xb0, 0xb5, 0x4f,
    0xb1, 0xb6, 0x50, 0xaf, 0xb4, 0x4e, 0xaf, 0xb4, 0x4e, 0xaf, 0xb4, 0x4e,
    0xaf, 0xb4, 0x4e, 0xaf, 0xb4, 0x4e, 0xae, 0xb3, 0x4d, 0xae, 0xb3, 0x4d,
    0xae, 0xb3, 0x4d, 0xae, 0xb3, 0x4c, 0xae, 0xb3, 0x4c, 0xae, 0xb3, 0x4c,
    0xaf, 0xb4, 0x4e, 0xaf, 0xb4, 0x4f, 0xaf, 0xb4, 0x50, 0xb2, 0xb1, 0x57,
    0xb5, 0xae, 0x64, 0xb8, 0xaa, 0x6f, 0xbc, 0xa6, 0x7b, 0xc3, 0xaa, 0x89,
    0xcd, 0xb4, 0x96, 0xd6, 0xc0, 0xa0, 0xde, 0xc7, 0xa8, 0xe1, 0xc8, 0xac,
    0xe1, 0xc8, 0xaf, 0xde, 0xc5, 0xac, 0xd6, 0xbd, 0xa1, 0xca, 0xb2, 0x90,
    0xc2, 0xad, 0x82, 0xba, 0xae, 0x72, 0xb3, 0xaf, 0x64, 0xaf, 0xb3, 0x57,
    0xac, 0xb6, 0x4f, 0xac, 0xb6, 0x4e, 0xaf, 0xb7, 0x51, 0xaf, 0xb7, 0x52,
    0xaf, 0xb7, 0x52, 0xaf, 0xb7, 0x52, 0xaf, 0xb7, 0x52, 0xb0, 0xb8, 0x53,
    0xb0, 0xb8, 0x53, 0xb0, 0xb8, 0x53, 0xae, 0xb9, 0x54, 0xae, 0xb9, 0x53,
    0xae, 0xb9, 0x52, 0xae, 0xb9, 0x51, 0xae, 0xb9, 0x51, 0xae, 0xb9, 0x51,
    0xae, 0xb6, 0x53, 0xaf, 0xb6, 0x58, 0xaa, 0xb3, 0x5b, 0xa2, 0xad, 0x5b,
    0x97, 0xa4, 0x5a, 0x87, 0x97, 0x53, 0x7f, 0x90, 0x50, 0x79, 0x8a, 0x4c,
    0x73, 0x85, 0x48, 0x74, 0x86, 0x4a, 0x74, 0x88, 0x4c, 0x78, 0x8c, 0x51,
    0x72, 0x87, 0x4b, 0x75, 0x8c, 0x50, 0x75, 0x8a, 0x50, 0x71, 0x80, 0x49,
    0x70, 0x82, 0x4b, 0x63, 0x76, 0x40, 0x79, 0x7e, 0x4f, 0xba, 0xaa, 0x83,
    0xcd, 0xb3, 0x94, 0xa7, 0x8d, 0x6e, 0x91, 0x77, 0x56, 0x9b, 0x81, 0x5d,
    0x8c, 0x72, 0x4d, 0x84, 0x69, 0x42, 0x7a, 0x5f, 0x37, 0x7d, 0x60, 0x38,
    0x79, 0x5f, 0x39, 0x6d, 0x58, 0x32, 0x65, 0x5a, 0x2f, 0x71, 0x71, 0x3e,
    0x81, 0x8b, 0x4f, 0x92, 0x9c, 0x56, 0xa1, 0xaa, 0x5c, 0xa7, 0xae, 0x57,
    0xad, 0xb3, 0x52, 0xb0, 0xb4, 0x4c, 0xb1, 0xb3, 0x46, 0xb0, 0xb2, 0x47,
    0xad, 0xb4, 0x4c, 0xad, 0xb4, 0x4c, 0xad, 0xb4, 0x4c, 0xac, 0xb3, 0x4b,
    0xac, 0xb3, 0x4b, 0xac, 0xb3, 0x4b, 0xab, 0xb2, 0x4a, 0xab, 0xb2, 0x4a,
    0xab, 0xb2, 0x4a, 0xab, 0xb2, 0x4a, 0xab, 0xb2, 0x4a, 0xab, 0xb2, 0x4a,
    0xab, 0xb2, 0x4a, 0xab, 0xb2, 0x4a, 0xab, 0xb2, 0x4a, 0xab, 0xb2, 0x4a,
    0xab, 0xb2, 0x4a, 0xab, 0xb2, 0x4a, 0xab, 0xb2, 0x4a, 0xab, 0xb2, 0x4b,
    0xab, 0xb2, 0x4b, 0xab, 0xb2, 0x4b, 0xab, 0xb2, 0x4b, 0xab, 0xb2, 0x4b,
    0xab, 0xb2, 0x4b, 0xab, 0xb2, 0x4b, 0xab, 0xb2, 0x4b, 0xab, 0xb2, 0x4b,
    0xab, 0xb2, 0x4b, 0xab, 0xb2, 0x4b, 0xab, 0xb2, 0x4b, 0xab, 0xb2, 0x4b,
    0xab, 0xb2, 0x4b, 0xab, 0xb2, 0x4b, 0xab, 0xb2, 0x4b, 0xab, 0xb2, 0x4b,
    0xab, 0xb2, 0x4b, 0xab, 0xb2, 0x4b, 0xab, 0xb2, 0x4b, 0xab, 0xb2, 0x4b,
    0xab, 0xb2, 0x4b, 0xab, 0xb2, 0x4b, 0xab, 0xb2, 0x4b, 0xab, 0xb2, 0x4b,
    0xab, 0xb2, 0x4b, 0xab, 0xb2, 0x4b, 0xab, 0xb2, 0x4b, 0xab, 0xb2, 0x4b,
    0xab, 0xb2, 0x4b, 0xab, 0xb2, 0x4b, 0xab, 0xb2, 0x4b, 0xab, 0xb2, 0x4b,
    0xab, 0xb2, 0x4c, 0xab, 0xb2, 0x4c, 0xab, 0xb2, 0x4c, 0xab, 0xb2, 0x4c,
    0xab, 0xb2, 0x4c, 0xab, 0xb2, 0x4c, 0xab, 0xb2, 0x4c, 0xac, 0xb3, 0x4d,
    0xad, 0xb2, 0x4d, 0xae, 0xb1, 0x4d, 0xb1, 0xb1, 0x4e, 0xb2, 0xb1, 0x4e,
    0xb2, 0xb1, 0x4e, 0xb0, 0xb2, 0x4e, 0xb0, 0xb2, 0x4e, 0xb0, 0xb2, 0x4e,
    0xb0, 0xb2, 0x4e, 0xb1, 0xb3, 0x4f, 0xb1, 0xb3, 0x4f, 0xb1, 0xb3, 0x4e,
    0xb3, 0xb1, 0x4d, 0xb5, 0xb3, 0x4f, 0xb5, 0xb3, 0x4f, 0xb6, 0xb4, 0x50,
    0xb6, 0xb4, 0x50, 0xb6, 0xb4, 0x50, 0xb7, 0xb3, 0x50, 0xb7, 0xb3, 0x50,
    0xb7, 0xb3, 0x50, 0xb7, 0xb3, 0x50, 0xb8, 0xb4, 0x51, 0xb8, 0xb4, 0x51,
    0xb8, 0xb4, 0x51, 0xb8, 0xb4, 0x51, 0xb8, 0xb4, 0x51, 0xb8, 0xb4, 0x51,
    0xb8, 0xb4, 0x51, 0xb8, 0xb4, 0x51, 0xb8, 0xb4, 0x51, 0xb8, 0xb4, 0x50,
    0xb8, 0xb4, 0x50, 0xb7, 0xb3, 0x50, 0xb6, 0xb1, 0x52, 0xb4, 0xaf, 0x53,
    0xb4, 0xae, 0x54, 0xb4, 0xae, 0x56, 0xb4, 0xad, 0x5a, 0xb5, 0xad, 0x5d,
    0xb6, 0xab, 0x62, 0xb7, 0xa9, 0x68, 0xb8, 0xa8, 0x6d, 0xba, 0xa8, 0x72,
    0xbc, 0xa9, 0x77, 0xbf, 0xaa, 0x7d, 0xc2, 0xad, 0x84, 0xc5, 0xaf, 0x8a,
    0xc8, 0xb1, 0x91, 0xcc, 0xb4, 0x99, 0xcd, 0xb5, 0x9c, 0xcd, 0xb5, 0x97,
    0xcc, 0xb3, 0x94, 0xca, 0xb1, 0x92, 0xc6, 0xad, 0x8e, 0xc4, 0xab, 0x8c,
    0xc0, 0xa7, 0x88, 0xbd, 0xa4, 0x84, 0xba, 0xa2, 0x80, 0xb7, 0x9f, 0x7c,
    0xb2, 0x9a, 0x76, 0xad, 0x95, 0x70, 0xac, 0x94, 0x6d, 0xad, 0x96, 0x6d,
    0xae, 0x97, 0x6b, 0xaf, 0x99, 0x67, 0xb0, 0x9c, 0x64, 0xb1, 0xa0, 0x5e,
    0xb2, 0xa4, 0x5a, 0xb3, 0xa8, 0x57, 0xb3, 0xa9, 0x52, 0xb1, 0xab, 0x4e,
    0xaf, 0xb4, 0x4e, 0xaf, 0xb4, 0x4e, 0xaf, 0xb4, 0x4e, 0xb1, 0xb6, 0x50,
    0xb1, 0xb6, 0x50, 0xb0, 0xb5, 0x4f, 0xb0, 0xb5, 0x4f, 0xaf, 0xb4, 0x4e,
    0xaf, 0xb4, 0x4e, 0xaf, 0xb4, 0x4e, 0xae, 0xb3, 0x4d, 0xae, 0xb3, 0x4d,
    0xae, 0xb3, 0x4d, 0xae, 0xb3, 0x4d, 0xae, 0xb3, 0x4d, 0xae, 0xb3, 0x4d,
    0xb0, 0xb5, 0x4f, 0xb0, 0xb5, 0x4f, 0xb0, 0xb5, 0x4f, 0xb0, 0xb3, 0x54,
    0xb3, 0xaf, 0x5f, 0xb6, 0xab, 0x69, 0xba, 0xa7, 0x75, 0xc1, 0xa9, 0x83,
    0xc8, 0xb0, 0x90, 0xd3, 0xbb, 0x9d, 0xdb, 0xc3, 0xa6, 0xe1, 0xc7, 0xad,
    0xe4, 0xca, 0xb2, 0xe4, 0xcb, 0xb2, 0xdd, 0xc4, 0xa8, 0xd2, 0xba, 0x99,
    0xcb, 0xb6, 0x8c, 0xc2, 0xb5, 0x7c, 0xb6, 0xb2, 0x69, 0xaf, 0xb3, 0x59,
    0xad, 0xb7, 0x51, 0xae, 0xb8, 0x4f, 0xb0, 0xb8, 0x51, 0xb0, 0xb7, 0x52,
    0xaf, 0xb7, 0x52, 0xaf, 0xb7, 0x52, 0xaf, 0xb7, 0x52, 0xb0, 0xb8, 0x53,
    0xb0, 0xb8, 0x53, 0xb0, 0xb8, 0x53, 0xae, 0xb9, 0x55, 0xae, 0xb9, 0x55,
    0xae, 0xb9, 0x54, 0xae, 0xb9, 0x53, 0xad, 0xb9, 0x53, 0xae, 0xb9, 0x54,
    0xae, 0xb6, 0x5a, 0xad, 0xb3, 0x5f, 0xa1, 0xaa, 0x5b, 0x94, 0xa1, 0x57,
    0x87, 0x97, 0x55, 0x78, 0x8b, 0x4e, 0x76, 0x8a, 0x51, 0x75, 0x89, 0x51,
    0x75, 0x89, 0x51, 0x78, 0x8b, 0x52, 0x74, 0x88, 0x4e, 0x77, 0x8c, 0x50,
    0x6c, 0x82, 0x45, 0x6e, 0x86, 0x49, 0x70, 0x85, 0x4a, 0x68, 0x77, 0x3f,
    0x67, 0x79, 0x41, 0x58, 0x6c, 0x34, 0x72, 0x78, 0x47, 0xb5, 0xa5, 0x7e,
    0xce, 0xb6, 0x97, 0xab, 0x92, 0x75, 0x8f, 0x74, 0x56, 0xa1, 0x86, 0x64,
    0xa1, 0x85, 0x60, 0x9c, 0x7f, 0x59, 0x82, 0x65, 0x3d, 0x77, 0x5a, 0x31,
    0x72, 0x57, 0x31, 0x67, 0x52, 0x2d, 0x61, 0x56, 0x30, 0x68, 0x69, 0x3c,
    0x73, 0x7d, 0x49, 0x84, 0x90, 0x51, 0x96, 0xa1, 0x5a, 0xa0, 0xaa, 0x5a,
    0xaa, 0xb1, 0x58, 0xb0, 0xb5, 0x51, 0xb2, 0xb3, 0x48, 0xb0, 0xb3, 0x47,
    0xad, 0xb4, 0x4c, 0xad, 0xb4, 0x4c, 0xad, 0xb4, 0x4c, 0xac, 0xb3, 0x4b,
    0xac, 0xb3, 0x4b, 0xac, 0xb3, 0x4b, 0xac, 0xb3, 0x4b, 0xac, 0xb3, 0x4b,
    0xab, 0xb2, 0x4a, 0xab, 0xb2, 0x4a, 0xab, 0xb2, 0x4a, 0xab, 0xb2, 0x4a,
    0xab, 0xb2, 0x4a, 0xab, 0xb2, 0x4b, 0xab, 0xb2, 0x4b, 0xab, 0xb2, 0x4b,
    0xab, 0xb2, 0x4b, 0xab, 0xb2, 0x4b, 0xab, 0xb2, 0x4b, 0xab, 0xb2, 0x4b,
    0xab, 0xb2, 0x4b, 0xab, 0xb2, 0x4b, 0xab, 0xb2, 0x4b, 0xab, 0xb2, 0x4b,
    0xab, 0xb2, 0x4b, 0xab, 0xb2, 0x4b, 0xab, 0xb2, 0x4b, 0xab, 0xb2, 0x4b,
    0xab, 0xb2, 0x4b, 0xab, 0xb2, 0x4b, 0xab, 0xb2, 0x4b, 0xab, 0xb2, 0x4b,
    0xab, 0xb2, 0x4b, 0xab, 0xb2, 0x4b, 0xab, 0xb2, 0x4b, 0xab, 0xb2, 0x4b,
    0xab, 0xb2, 0x4b, 0xab, 0xb2, 0x4b, 0xab, 0xb2, 0x4b, 0xab, 0xb2, 0x4b,
    0xab, 0xb2, 0x4b, 0xab, 0xb2, 0x4b, 0xab, 0xb2, 0x4b, 0xab, 0xb2, 0x4b,
    0xab, 0xb2, 0x4b, 0xab, 0xb2, 0x4b, 0xab, 0xb2, 0x4b, 0xab, 0xb2, 0x4b,
    0xab, 0xb2, 0x4b, 0xab, 0xb2, 0x4b, 0xab, 0xb2, 0x4b, 0xab, 0xb2, 0x4b,
    0xab, 0xb1, 0x4d, 0xab, 0xb1, 0x4e, 0xab, 0xb1, 0x4e, 0xab, 0xb1, 0x4e,
    0xab, 0xb1, 0x4e, 0xab, 0xb1, 0x4e, 0xab, 0xb1, 0x4e, 0xac, 0xb2, 0x4f,
    0xad, 0xb2, 0x4f, 0xad, 0xb2, 0x4f, 0xaf, 0xb2, 0x4f, 0xb0, 0xb1, 0x4f,
    0xb1, 0xb1, 0x4f, 0xb0, 0xb2, 0x50, 0xaf, 0xb2, 0x50, 0xaf, 0xb2, 0x50,
    0xaf, 0xb2, 0x50, 0xb0, 0xb3, 0x50, 0xb0, 0xb3, 0x50, 0xb1, 0xb3, 0x4f,
    0xb3, 0xb1, 0x4e, 0xb5, 0xb3, 0x4f, 0xb5, 0xb3, 0x4f, 0xb6, 0xb4, 0x50,
    0xb6, 0xb4, 0x50, 0xb6, 0xb4, 0x50, 0xb7, 0xb3, 0x50, 0xb7, 0xb3, 0x50,
    0xb7, 0xb3, 0x50, 0xb7, 0xb3, 0x50, 0xb8, 0xb4, 0x51, 0xb8, 0xb4, 0x51,
    0xb8, 0xb4, 0x51, 0xb8, 0xb4, 0x51, 0xb8, 0xb4, 0x51, 0xb8, 0xb4, 0x51,
    0xb8, 0xb4, 0x51, 0xb8, 0xb4, 0x51, 0xb8, 0xb4, 0x51, 0xb9, 0xb5, 0x51,
    0xb8, 0xb4, 0x51, 0xb8, 0xb4, 0x51, 0xb6, 0xb2, 0x52, 0xb5, 0xb0, 0x52,
    0xb4, 0xaf, 0x53, 0xb4, 0xaf, 0x54, 0xb4, 0xae, 0x57, 0xb4, 0xae, 0x5b,
    0xb5, 0xac, 0x5f, 0xb6, 0xab, 0x66, 0xb8, 0xa9, 0x6c, 0xb9, 0xa9, 0x70,
    0xba, 0xa8, 0x74, 0xbd, 0xa9, 0x79, 0xbf, 0xaa, 0x7e, 0xc2, 0xac, 0x84,
    0xc5, 0xaf, 0x8d, 0xca, 0xb2, 0x95, 0xcc, 0xb4, 0x99, 0xcc, 0xb4, 0x95,
    0xca, 0xb1, 0x92, 0xc8, 0xaf, 0x90, 0xc7, 0xae, 0x8f, 0xc5, 0xac, 0x8d,
    0xc3, 0xaa, 0x8b, 0xbf, 0xa6, 0x86, 0xbc, 0xa4, 0x82, 0xb9, 0xa1, 0x7d,
    0xb3, 0x9b, 0x77, 0xae, 0x96, 0x70, 0xac, 0x94, 0x6d, 0xac, 0x95, 0x6b,
    0xac, 0x96, 0x69, 0xae, 0x98, 0x67, 0xaf, 0x9b, 0x64, 0xb0, 0x9f, 0x5e,
    0xb1, 0xa3, 0x59, 0xb2, 0xa7, 0x56, 0xb3, 0xa9, 0x53, 0xb2, 0xab, 0x4f,
    0xaf, 0xb4, 0x4e, 0xad, 0xb2, 0x4c, 0xaf, 0xb4, 0x4e, 0xb1, 0xb6, 0x50,
    0xb1, 0xb6, 0x50, 0xb1, 0xb6, 0x50, 0xb0, 0xb5, 0x4f, 0xaf, 0xb4, 0x4e,
    0xaf, 0xb4, 0x4e, 0xaf, 0xb4, 0x4e, 0xaf, 0xb4, 0x4e, 0xaf, 0xb4, 0x4e,
    0xaf, 0xb4, 0x4e, 0xaf, 0xb4, 0x4f, 0xaf, 0xb4, 0x4f, 0xaf, 0xb4, 0x4e,
    0xb1, 0xb6, 0x50, 0xb1, 0xb6, 0x50, 0xb0, 0xb5, 0x4f, 0xaf, 0xb4, 0x51,
    0xb0, 0xb1, 0x59, 0xb5, 0xad, 0x62, 0xb8, 0xa7, 0x6d, 0xbf, 0xa8, 0x7c,
    0xc5, 0xad, 0x8a, 0xd0, 0xb8, 0x9b, 0xd8, 0xc1, 0xa5, 0xe1, 0xca, 0xb1,
    0xe5, 0xce, 0xb7, 0xe8, 0xd1, 0xba, 0xe6, 0xcf, 0xb4, 0xdd, 0xc8, 0xa8,
    0xd4, 0xc1, 0x9a, 0xc6, 0xb9, 0x84, 0xba, 0xb5, 0x70, 0xb1, 0xb5, 0x5e,
    0xaf, 0xb8, 0x54, 0xaf, 0xb9, 0x51, 0xb1, 0xb7, 0x52, 0xb0, 0xb8, 0x53,
    0xb0, 0xb8, 0x53, 0xb0, 0xb8, 0x53, 0xb0, 0xb8, 0x53, 0xb0, 0xb8, 0x53,
    0xb0, 0xb8, 0x53, 0xaf, 0xb8, 0x53, 0xad, 0xb9, 0x53, 0xad, 0xb9, 0x55,
    0xad, 0xb8, 0x55, 0xad, 0xb9, 0x58, 0xac, 0xb8, 0x58, 0xad, 0xb8, 0x5b,
    0xab, 0xb3, 0x60, 0xa3, 0xad, 0x61, 0x93, 0x9f, 0x57, 0x84, 0x93, 0x51,
    0x7a, 0x8d, 0x50, 0x70, 0x87, 0x4e, 0x74, 0x8b, 0x56, 0x75, 0x8b, 0x55,
    0x76, 0x8c, 0x55, 0x78, 0x8e, 0x55, 0x6f, 0x84, 0x4b, 0x6f, 0x84, 0x49,
    0x66, 0x7c, 0x3e, 0x64, 0x7b, 0x3e, 0x65, 0x7a, 0x3f, 0x5d, 0x6c, 0x34,
    0x5c, 0x6e, 0x36, 0x50, 0x64, 0x2d, 0x6d, 0x72, 0x42, 0xb1, 0xa1, 0x7a,
    0xcc, 0xb5, 0x99, 0xb3, 0x9c, 0x80, 0x9c, 0x82, 0x64, 0xa2, 0x86, 0x66,
    0xa5, 0x87, 0x63, 0xa6, 0x88, 0x62, 0x8e, 0x6e, 0x46, 0x84, 0x65, 0x3c,
    0x78, 0x5c, 0x36, 0x70, 0x5a, 0x37, 0x5f, 0x53, 0x30, 0x5c, 0x5e, 0x34,
    0x6a, 0x75, 0x45, 0x7b, 0x88, 0x4e, 0x8a, 0x95, 0x55, 0x99, 0xa4, 0x5b,
    0xa3, 0xac, 0x59, 0xad, 0xb2, 0x55, 0xb0, 0xb4, 0x4c, 0xb0, 0xb4, 0x4a,
    0xad, 0xb4, 0x4c, 0xad, 0xb4, 0x4c, 0xad, 0xb4, 0x4c, 0xac, 0xb3, 0x4b,
    0xac, 0xb3, 0x4b, 0xac, 0xb3, 0x4b, 0xad, 0xb4, 0x4c, 0xad, 0xb4, 0x4c,
    0xac, 0xb3, 0x4b, 0xab, 0xb2, 0x4a, 0xab, 0xb2, 0x4a, 0xab, 0xb2, 0x4a,
    0xab, 0xb2, 0x4a, 0xab, 0xb2, 0x4b, 0xab, 0xb2, 0x4b, 0xab, 0xb2, 0x4b,
    0xab, 0xb2, 0x4b, 0xab, 0xb2, 0x4b, 0xab, 0xb2, 0x4b, 0xab, 0xb2, 0x4b,
    0xab, 0xb2, 0x4b, 0xab, 0xb2, 0x4b, 0xab, 0xb2, 0x4b, 0xac, 0xb3, 0x4c,
    0xac, 0xb3, 0x4c, 0xac, 0xb3, 0x4c, 0xac, 0xb3, 0x4c, 0xac, 0xb3, 0x4c,
    0xac, 0xb3, 0x4c, 0xac, 0xb3, 0x4c, 0xac, 0xb3, 0x4c, 0xac, 0xb3, 0x4c,
    0xac, 0xb3, 0x4c, 0xac, 0xb3, 0x4c, 0xac, 0xb3, 0x4c, 0xac, 0xb3, 0x4c,
    0xac, 0xb3, 0x4c, 0xac, 0xb3, 0x4c, 0xac, 0xb3, 0x4c, 0xac, 0xb3, 0x4c,
    0xac, 0xb3, 0x4c, 0xac, 0xb3, 0x4c, 0xab, 0xb2, 0x4b, 0xab, 0xb2, 0x4b,
    0xab, 0xb2, 0x4b, 0xab, 0xb2, 0x4b, 0xab, 0xb2, 0x4b, 0xab, 0xb2, 0x4b,
    0xab, 0xb2, 0x4b, 0xab, 0xb2, 0x4b, 0xab, 0xb2, 0x4b, 0xab, 0xb2, 0x4b,
    0xab, 0xb1, 0x4e, 0xab, 0xb1, 0x4f, 0xab, 0xb1, 0x4f, 0xac, 0xb2, 0x50,
    0xac, 0xb2, 0x50, 0xac, 0xb2, 0x50, 0xac, 0xb2, 0x50, 0xab, 0xb3, 0x50,
    0xac, 0xb2, 0x50, 0xad, 0xb1, 0x50, 0xad, 0xb1, 0x50, 0xaf, 0xb1, 0x50,
    0xaf, 0xb1, 0x50, 0xae, 0xb2, 0x51, 0xae, 0xb2, 0x51, 0xae, 0xb2, 0x51,
    0xae, 0xb2, 0x51, 0xae, 0xb2, 0x51, 0xae, 0xb2, 0x51, 0xb0, 0xb2, 0x50,
    0xb3, 0xb1, 0x4e, 0xb5, 0xb3, 0x4f, 0xb5, 0xb3, 0x4f, 0xb6, 0xb4, 0x50,
    0xb6, 0xb4, 0x50, 0xb6, 0xb4, 0x50, 0xb7, 0xb4, 0x51, 0xb8, 0xb4, 0x51,
    0xb8, 0xb4, 0x51, 0xb8, 0xb4, 0x51, 0xb8, 0xb4, 0x51, 0xb8, 0xb4, 0x51,
    0xb8, 0xb4, 0x51, 0xb8, 0xb4, 0x51, 0xb8, 0xb4, 0x51, 0xb8, 0xb4, 0x51,
    0xb8, 0xb4, 0x51, 0xb8, 0xb4, 0x51, 0xb8, 0xb4, 0x51, 0xb8, 0xb4, 0x51,
    0xb8, 0xb4, 0x51, 0xb8, 0xb4, 0x51, 0xb7, 0xb3, 0x52, 0xb6, 0xb2, 0x51,
    0xb5, 0xb1, 0x51, 0xb4, 0xaf, 0x51, 0xb3, 0xaf, 0x55, 0xb3, 0xaf, 0x59,
    0xb5, 0xad, 0x5d, 0xb5, 0xab, 0x63, 0xb7, 0xa9, 0x69, 0xb7, 0xa8, 0x6d,
    0xb9, 0xa7, 0x71, 0xbc, 0xa8, 0x76, 0xbd, 0xa8, 0x7a, 0xbe, 0xa9, 0x80,
    0xc2, 0xac, 0x88, 0xc6, 0xaf, 0x90, 0xcb, 0xb3, 0x95, 0xcc, 0xb3, 0x94,
    0xca, 0xb1, 0x92, 0xc8, 0xaf, 0x90, 0xc7, 0xae, 0x8f, 0xc6, 0xad, 0x8e,
    0xc4, 0xab, 0x8c, 0xc1, 0xa9, 0x89, 0xbe, 0xa6, 0x84, 0xba, 0xa2, 0x7e,
    0xb4, 0x9c, 0x78, 0xae, 0x96, 0x71, 0xab, 0x93, 0x6c, 0xa9, 0x92, 0x69,
    0xab, 0x94, 0x68, 0xac, 0x96, 0x66, 0xae, 0x9a, 0x63, 0xae, 0x9e, 0x5e,
    0xaf, 0xa0, 0x58, 0xb1, 0xa5, 0x56, 0xb2, 0xa8, 0x53, 0xb1, 0xaa, 0x4f,
    0xb0, 0xb5, 0x4f, 0xaf, 0xb4, 0x4e, 0xaf, 0xb4, 0x4e, 0xb0, 0xb5, 0x4f,
    0xb1, 0xb6, 0x50, 0xb1, 0xb6, 0x50, 0xb1, 0xb6, 0x50, 0xb0, 0xb5, 0x4f,
    0xb0, 0xb5, 0x4f, 0xb0, 0xb5, 0x4f, 0xb0, 0xb5, 0x4f, 0xb0, 0xb5, 0x4f,
    0xb0, 0xb5, 0x4f, 0xb0, 0xb5, 0x51, 0xb0, 0xb5, 0x51, 0xb0, 0xb5, 0x50,
    0xb1, 0xb6, 0x50, 0xb1, 0xb6, 0x4f, 0xb0, 0xb5, 0x4e, 0xaf, 0xb4, 0x4e,
    0xaf, 0xb3, 0x54, 0xb3, 0xaf, 0x5c, 0xb7, 0xa8, 0x67, 0xbe, 0xa8, 0x77,
    0xc6, 0xae, 0x8a, 0xd0, 0xb7, 0x9b, 0xd8, 0xc3, 0xa9, 0xe2, 0xcd, 0xb7,
    0xe7, 0xd2, 0xbe, 0xec, 0xd7, 0xc3, 0xeb, 0xd6, 0xbf, 0xe3, 0xd0, 0xb2,
    0xda, 0xc8, 0xa5, 0xcd, 0xc0, 0x90, 0xc0, 0xba, 0x7b, 0xb4, 0xb7, 0x64,
    0xaf, 0xb7, 0x57, 0xaf, 0xb9, 0x54, 0xb1, 0xb7, 0x54, 0xb0, 0xb8, 0x54,
    0xb0, 0xb8, 0x53, 0xb0, 0xb8, 0x53, 0xb0, 0xb8, 0x53, 0xb0, 0xb8, 0x53,
    0xb0, 0xb8, 0x53, 0xaf, 0xb8, 0x52, 0xac, 0xb8, 0x51, 0xac, 0xb8, 0x54,
    0xac, 0xb7, 0x57, 0xad, 0xb8, 0x5d, 0xaa, 0xb5, 0x5e, 0xa8, 0xb2, 0x5e,
    0xa0, 0xaa, 0x60, 0x93, 0xa0, 0x5c, 0x83, 0x92, 0x50, 0x77, 0x89, 0x4b,
    0x77, 0x8b, 0x51, 0x74, 0x8a, 0x53, 0x7b, 0x92, 0x5d, 0x77, 0x8e, 0x56,
    0x70, 0x88, 0x4e, 0x73, 0x89, 0x50, 0x66, 0x7a, 0x3f, 0x65, 0x78, 0x3d,
    0x5f, 0x72, 0x36, 0x5a, 0x70, 0x35, 0x56, 0x6a, 0x33, 0x52, 0x60, 0x2a,
    0x53, 0x64, 0x2f, 0x4a, 0x5d, 0x29, 0x67, 0x6c, 0x3e, 0xb0, 0xa0, 0x7b,
    0xce, 0xb8, 0x9e, 0xb4, 0x9d, 0x84, 0xa2, 0x88, 0x6d, 0xa2, 0x86, 0x67,
    0xa1, 0x83, 0x5f, 0xa3, 0x83, 0x5d, 0x9b, 0x7a, 0x51, 0x98, 0x78, 0x4f,
    0x83, 0x66, 0x40, 0x7b, 0x63, 0x41, 0x5c, 0x50, 0x2d, 0x51, 0x54, 0x2a,
    0x65, 0x71, 0x41, 0x75, 0x81, 0x49, 0x80, 0x8b, 0x4e, 0x8e, 0x98, 0x55,
    0x98, 0xa1, 0x54, 0xa5, 0xac, 0x55, 0xac, 0xb4, 0x51, 0xae, 0xb5, 0x4e,
    0xad, 0xb4, 0x4c, 0xad, 0xb4, 0x4c, 0xad, 0xb4, 0x4c, 0xac, 0xb3, 0x4b,
    0xac, 0xb3, 0x4b, 0xac, 0xb3, 0x4b, 0xad, 0xb4, 0x4c, 0xad, 0xb4, 0x4c,
    0xac, 0xb3, 0x4b, 0xab, 0xb2, 0x4a, 0xab, 0xb2, 0x4a, 0xab, 0xb2, 0x4a,
    0xab, 0xb2, 0x4a, 0xab, 0xb1, 0x4c, 0xab, 0xb1, 0x4d, 0xab, 0xb1, 0x4d,
    0xab, 0xb1, 0x4d, 0xab, 0xb1, 0x4d, 0xab, 0xb1, 0x4d, 0xab, 0xb2, 0x4c,
    0xab, 0xb2, 0x4b, 0xab, 0xb2, 0x4b, 0xab, 0xb2, 0x4b, 0xac, 0xb3, 0x4c,
    0xac, 0xb3, 0x4c, 0xac, 0xb3, 0x4c, 0xac, 0xb3, 0x4c, 0xac, 0xb3, 0x4c,
    0xac, 0xb3, 0x4c, 0xac, 0xb3, 0x4c, 0xac, 0xb3, 0x4c, 0xac, 0xb3, 0x4c,
    0xac, 0xb3, 0x4c, 0xac, 0xb3, 0x4c, 0xac, 0xb3, 0x4c, 0xac, 0xb3, 0x4c,
    0xac, 0xb3, 0x4c, 0xac, 0xb3, 0x4c, 0xac, 0xb3, 0x4c, 0xac, 0xb3, 0x4c,
    0xac, 0xb3, 0x4c, 0xac, 0xb3, 0x4c, 0xab, 0xb2, 0x4b, 0xab, 0xb2, 0x4b,
    0xab, 0xb2, 0x4b, 0xab, 0xb2, 0x4b, 0xab, 0xb2, 0x4b, 0xab, 0xb2, 0x4b,
    0xab, 0xb2, 0x4b, 0xab, 0xb2, 0x4b, 0xab, 0xb2, 0x4b, 0xab, 0xb2, 0x4b,
    0xab, 0xb1, 0x4e, 0xab, 0xb1, 0x4f, 0xab, 0xb1, 0x4f, 0xac, 0xb2, 0x50,
    0xac, 0xb2, 0x50, 0xac, 0xb2, 0x50, 0xac, 0xb2, 0x50, 0xab, 0xb3, 0x50,
    0xab, 0xb3, 0x50, 0xac, 0xb2, 0x50, 0xad, 0xb1, 0x50, 0xae, 0xb1, 0x50,
    0xaf, 0xb1, 0x50, 0xae, 0xb2, 0x51, 0xad, 0xb3, 0x51, 0xad, 0xb3, 0x51,
    0xad, 0xb3, 0x51, 0xad, 0xb3, 0x51, 0xad, 0xb3, 0x51, 0xae, 0xb2, 0x50,
    0xb3, 0xb1, 0x4e, 0xb5, 0xb3, 0x4f, 0xb5, 0xb3, 0x4f, 0xb6, 0xb4, 0x50,
    0xb6, 0xb4, 0x50, 0xb6, 0xb4, 0x50, 0xb7, 0xb4, 0x51, 0xb8, 0xb4, 0x51,
    0xb8, 0xb4, 0x51, 0xb8, 0xb4, 0x51, 0xb8, 0xb4, 0x51, 0xb8, 0xb4, 0x51,
    0xb8, 0xb4, 0x51, 0xb8, 0xb4, 0x51, 0xb8, 0xb4, 0x51, 0xb8, 0xb4, 0x51,
    0xb8, 0xb4, 0x51, 0xb8, 0xb4, 0x51, 0xb8, 0xb4, 0x51, 0xb8, 0xb4, 0x51,
    0xb8, 0xb4, 0x51, 0xb8, 0xb4, 0x51, 0xb7, 0xb3, 0x50, 0xb6, 0xb2, 0x4f,
    0xb5, 0xb1, 0x4f, 0xb4, 0xb0, 0x4f, 0xb3, 0xaf, 0x54, 0xb3, 0xaf, 0x58,
    0xb4, 0xad, 0x5c, 0xb5, 0xac, 0x61, 0xb5, 0xaa, 0x66, 0xb7, 0xa9, 0x6b,
    0xb9, 0xa8, 0x6f, 0xbc, 0xa8, 0x75, 0xbd, 0xa8, 0x79, 0xbe, 0xa9, 0x7e,
    0xc2, 0xac, 0x85, 0xc6, 0xaf, 0x8d, 0xca, 0xb3, 0x93, 0xcc, 0xb3, 0x94,
    0xca, 0xb1, 0x92, 0xc9, 0xb0, 0x91, 0xc7, 0xae, 0x8f, 0xc6, 0xad, 0x8e,
    0xc4, 0xab, 0x8c, 0xc2, 0xa9, 0x89, 0xbf, 0xa7, 0x85, 0xba, 0xa2, 0x7f,
    0xb4, 0x9c, 0x78, 0xae, 0x96, 0x70, 0xaa, 0x93, 0x6c, 0xa9, 0x92, 0x69,
    0xa8, 0x91, 0x67, 0xa9, 0x93, 0x64, 0xac, 0x97, 0x62, 0xad, 0x9c, 0x5d,
    0xae, 0xa0, 0x58, 0xb0, 0xa4, 0x56, 0xb1, 0xa7, 0x52, 0xb0, 0xa9, 0x4e,
    0xb1, 0xb6, 0x50, 0xb2, 0xb7, 0x51, 0xb1, 0xb6, 0x50, 0xb1, 0xb6, 0x50,
    0xb1, 0xb6, 0x50, 0xb1, 0xb6, 0x50, 0xb1, 0xb6, 0x50, 0xb1, 0xb6, 0x50,
    0xb1, 0xb6, 0x50, 0xb1, 0xb6, 0x50, 0xb1, 0xb6, 0x50, 0xb1, 0xb6, 0x50,
    0xb1, 0xb6, 0x50, 0xb1, 0xb5, 0x53, 0xb1, 0xb5, 0x53, 0xb1, 0xb6, 0x51,
    0xb1, 0xb6, 0x50, 0xb1, 0xb6, 0x4f, 0xb0, 0xb6, 0x4c, 0xae, 0xb5, 0x4c,
    0xae, 0xb4, 0x4f, 0xb2, 0xb0, 0x57, 0xb6, 0xa9, 0x61, 0xbe, 0xaa, 0x74,
    0xc6, 0xae, 0x88, 0xcf, 0xb6, 0x9b, 0xdb, 0xc7, 0xaf, 0xe4, 0xd3, 0xc0,
    0xeb, 0xd9, 0xc9, 0xef, 0xdc, 0xcc, 0xef, 0xdc, 0xc9, 0xe7, 0xd6, 0xbd,
    0xde, 0xcd, 0xaf, 0xd5, 0xc7, 0x9d, 0xc7, 0xc1, 0x86, 0xb7, 0xb9, 0x6c,
    0xaf, 0xb7, 0x5c, 0xaf, 0xb8, 0x57, 0xb1, 0xb7, 0x57, 0xb0, 0xb8, 0x55,
    0xb0, 0xb8, 0x53, 0xb0, 0xb8, 0x53, 0xb0, 0xb8, 0x53, 0xb0, 0xb8, 0x53,
    0xb0, 0xb8, 0x53, 0xaf, 0xb9, 0x53, 0xac, 0xba, 0x52, 0xab, 0xba, 0x56,
    0xab, 0xb8, 0x5b, 0xac, 0xb8, 0x64, 0xa7, 0xb1, 0x65, 0xa0, 0xaa, 0x62,
    0x8f, 0x9c, 0x5b, 0x80, 0x92, 0x54, 0x7b, 0x8e, 0x51, 0x75, 0x8a, 0x4e,
    0x7d, 0x92, 0x59, 0x79, 0x8e, 0x56, 0x7b, 0x91, 0x58, 0x75, 0x8c, 0x50,
    0x67, 0x7e, 0x41, 0x67, 0x7c, 0x40, 0x5b, 0x6e, 0x32, 0x5b, 0x6c, 0x31,
    0x54, 0x63, 0x2a, 0x4e, 0x62, 0x29, 0x4a, 0x5e, 0x28, 0x49, 0x57, 0x24,
    0x4b, 0x5c, 0x29, 0x44, 0x56, 0x25, 0x63, 0x68, 0x3c, 0xb5, 0xa4, 0x82,
    0xd2, 0xbd, 0xa4, 0xb2, 0x9c, 0x84, 0x9a, 0x81, 0x66, 0x9b, 0x7f, 0x60,
    0x95, 0x76, 0x53, 0x8e, 0x6d, 0x46, 0x9e, 0x7c, 0x53, 0x9d, 0x7c, 0x54,
    0x8c, 0x6f, 0x49, 0x85, 0x6d, 0x4a, 0x57, 0x4d, 0x28, 0x47, 0x4b, 0x1f,
    0x5f, 0x6e, 0x3c, 0x71, 0x7d, 0x44, 0x7b, 0x84, 0x48, 0x86, 0x8e, 0x51,
    0x92, 0x9b, 0x56, 0xa0, 0xaa, 0x58, 0xa7, 0xb2, 0x54, 0xab, 0xb5, 0x50,
    0xad, 0xb4, 0x4c, 0xad, 0xb4, 0x4c, 0xad, 0xb4, 0x4c, 0xac, 0xb3, 0x4b,
    0xac, 0xb3, 0x4b, 0xac, 0xb3, 0x4b, 0xad, 0xb4, 0x4c, 0xad, 0xb4, 0x4c,
    0xac, 0xb3, 0x4b, 0xab, 0xb2, 0x4a, 0xab, 0xb2, 0x4a, 0xab, 0xb2, 0x4a,
    0xab, 0xb2, 0x4b, 0xab, 0xb1, 0x4d, 0xab, 0xb1, 0x4d, 0xab, 0xb1, 0x4d,
    0xab, 0xb1, 0x4d, 0xab, 0xb1, 0x4d, 0xab, 0xb1, 0x4d, 0xab, 0xb2, 0x4c,
    0xab, 0xb2, 0x4b, 0xab, 0xb2, 0x4b, 0xab, 0xb2, 0x4b, 0xac, 0xb3, 0x4c,
    0xac, 0xb3, 0x4c, 0xac, 0xb3, 0x4c, 0xac, 0xb3, 0x4c, 0xac, 0xb3, 0x4c,
    0xac, 0xb3, 0x4c, 0xac, 0xb3, 0x4c, 0xac, 0xb3, 0x4c, 0xac, 0xb3, 0x4c,
    0xac, 0xb3, 0x4c, 0xac, 0xb3, 0x4c, 0xac, 0xb3, 0x4c, 0xac, 0xb3, 0x4c,
    0xac, 0xb3, 0x4c, 0xac, 0xb3, 0x4c, 0xac, 0xb3, 0x4c, 0xac, 0xb3, 0x4c,
    0xac, 0xb3, 0x4c, 0xac, 0xb3, 0x4c, 0xab, 0xb2, 0x4b, 0xab, 0xb2, 0x4b,
    0xab, 0xb2, 0x4b, 0xab, 0xb2, 0x4b, 0xab, 0xb2, 0x4b, 0xab, 0xb2, 0x4b,
    0xab, 0xb2, 0x4b, 0xab, 0xb2, 0x4b, 0xab, 0xb2, 0x4b, 0xab, 0xb2, 0x4c,
    0xab, 0xb1, 0x4f, 0xab, 0xb1, 0x51, 0xab, 0xb1, 0x51, 0xac, 0xb2, 0x52,
    0xac, 0xb2, 0x52, 0xac, 0xb2, 0x52, 0xac, 0xb2, 0x52, 0xa9, 0xb3, 0x52,
    0xaa, 0xb2, 0x52, 0xab, 0xb2, 0x52, 0xac, 0xb2, 0x52, 0xad, 0xb1, 0x52,
    0xae, 0xb1, 0x52, 0xad, 0xb2, 0x53, 0xad, 0xb3, 0x53, 0xad, 0xb3, 0x53,
    0xad, 0xb3, 0x53, 0xad, 0xb3, 0x53, 0xad, 0xb3, 0x53, 0xae, 0xb2, 0x51,
    0xb3, 0xb1, 0x4e, 0xb5, 0xb3, 0x4f, 0xb5, 0xb3, 0x4f, 0xb6, 0xb4, 0x50,
    0xb6, 0xb4, 0x50, 0xb6, 0xb4, 0x50, 0xb7, 0xb4, 0x51, 0xb8, 0xb4, 0x51,
    0xb8, 0xb4, 0x51, 0xb8, 0xb4, 0x51, 0xb8, 0xb4, 0x51, 0xb8, 0xb4, 0x51,
    0xb8, 0xb4, 0x51, 0xb8, 0xb4, 0x51, 0xb8, 0xb4, 0x51, 0xb8, 0xb4, 0x51,
    0xb8, 0xb4, 0x51, 0xb8, 0xb4, 0x51, 0xb8, 0xb4, 0x51, 0xb8, 0xb4, 0x51,
    0xb8, 0xb4, 0x51, 0xb8, 0xb4, 0x51, 0xb7, 0xb3, 0x50, 0xb6, 0xb2, 0x4f,
    0xb5, 0xb1, 0x4d, 0xb4, 0xb0, 0x4d, 0xb2, 0xb0, 0x52, 0xb2, 0xb0, 0x56,
    0xb3, 0xae, 0x5b, 0xb4, 0xad, 0x60, 0xb5, 0xab, 0x65, 0xb6, 0xaa, 0x68,
    0xb9, 0xa9, 0x6d, 0xbc, 0xa8, 0x73, 0xbd, 0xa8, 0x77, 0xbe, 0xa9, 0x7d,
    0xc0, 0xaa, 0x83, 0xc4, 0xae, 0x8a, 0xc8, 0xb1, 0x90, 0xca, 0xb2, 0x92,
    0xca, 0xb1, 0x92, 0xc9, 0xb0, 0x91, 0xc8, 0xaf, 0x90, 0xc7, 0xae, 0x8f,
    0xc5, 0xac, 0x8d, 0xc3, 0xaa, 0x8a, 0xbf, 0xa7, 0x85, 0xbb, 0xa3, 0x80,
    0xb5, 0x9d, 0x79, 0xae, 0x96, 0x71, 0xaa, 0x92, 0x6b, 0xa7, 0x90, 0x67,
    0xa6, 0x8f, 0x65, 0xa5, 0x8f, 0x61, 0xa8, 0x93, 0x5e, 0xaa, 0x99, 0x5c,
    0xac, 0x9d, 0x58, 0xae, 0xa2, 0x55, 0xaf, 0xa5, 0x53, 0xaf, 0xa8, 0x4f,
    0xad, 0xb2, 0x4d, 0xb1, 0xb5, 0x50, 0xb1, 0xb6, 0x50, 0xb1, 0xb6, 0x50,
    0xb1, 0xb6, 0x50, 0xb1, 0xb6, 0x50, 0xb1, 0xb6, 0x50, 0xb2, 0xb7, 0x51,
    0xb2, 0xb7, 0x51, 0xb2, 0xb7, 0x51, 0xb2, 0xb7, 0x51, 0xb2, 0xb7, 0x51,
    0xb2, 0xb7, 0x52, 0xb2, 0xb6, 0x55, 0xb2, 0xb6, 0x54, 0xb2, 0xb7, 0x53,
    0xb2, 0xb7, 0x51, 0xb1, 0xb6, 0x4e, 0xb0, 0xb6, 0x4c, 0xad, 0xb6, 0x4b,
    0xac, 0xb5, 0x4d, 0xb1, 0xb2, 0x54, 0xb6, 0xab, 0x5e, 0xbf, 0xac, 0x73,
    0xc4, 0xad, 0x85, 0xd0, 0xb7, 0x9b, 0xde, 0xcb, 0xb6, 0xe8, 0xd7, 0xc8,
    0xef, 0xde, 0xd0, 0xf3, 0xe3, 0xd5, 0xf4, 0xe4, 0xd3, 0xed, 0xde, 0xc8,
    0xe3, 0xd3, 0xb8, 0xda, 0xcb, 0xa6, 0xcc, 0xc4, 0x8f, 0xbb, 0xbc, 0x72,
    0xb0, 0xb7, 0x5f, 0xaf, 0xb7, 0x5a, 0xb1, 0xb6, 0x59, 0xb0, 0xb7, 0x56,
    0xb0, 0xb8, 0x53, 0xb0, 0xb8, 0x53, 0xb0, 0xb8, 0x53, 0xb0, 0xb8, 0x53,
    0xb0, 0xb8, 0x53, 0xaf, 0xb9, 0x52, 0xac, 0xba, 0x51, 0xab, 0xba, 0x56,
    0xab, 0xb8, 0x5f, 0xa8, 0xb4, 0x66, 0x9f, 0xa9, 0x64, 0x94, 0x9d, 0x5f,
    0x81, 0x90, 0x56, 0x78, 0x8f, 0x55, 0x7e, 0x95, 0x5a, 0x7a, 0x90, 0x55,
    0x82, 0x97, 0x5d, 0x77, 0x8c, 0x52, 0x72, 0x86, 0x4b, 0x6e, 0x84, 0x44,
    0x5d, 0x72, 0x32, 0x56, 0x6a, 0x2c, 0x4f, 0x60, 0x24, 0x50, 0x5e, 0x24,
    0x4b, 0x57, 0x1f, 0x44, 0x55, 0x1f, 0x40, 0x53, 0x20, 0x42, 0x4f, 0x1f,
    0x40, 0x50, 0x21, 0x3d, 0x4f, 0x20, 0x61, 0x64, 0x3c, 0xbb, 0xaa, 0x8a,
    0xd8, 0xc2, 0xab, 0xb4, 0x9e, 0x87, 0x90, 0x77, 0x5d, 0x97, 0x7b, 0x5c,
    0x8f, 0x70, 0x4c, 0x91, 0x6f, 0x48, 0x9e, 0x7b, 0x53, 0x98, 0x76, 0x4f,
    0x95, 0x76, 0x52, 0x90, 0x79, 0x55, 0x57, 0x4d, 0x26, 0x43, 0x49, 0x1a,
    0x5f, 0x6e, 0x38, 0x72, 0x7c, 0x42, 0x7a, 0x81, 0x46, 0x82, 0x8a, 0x4f,
    0x8f, 0x99, 0x56, 0x98, 0xa5, 0x57, 0x9f, 0xae, 0x54, 0xa9, 0xb5, 0x53,
    0xad, 0xb4, 0x4c, 0xad, 0xb4, 0x4c, 0xad, 0xb4, 0x4c, 0xac, 0xb3, 0x4b,
    0xac, 0xb3, 0x4b, 0xac, 0xb3, 0x4b, 0xad, 0xb4, 0x4c, 0xad, 0xb4, 0x4c,
    0xac, 0xb3, 0x4b, 0xab, 0xb2, 0x4a, 0xab, 0xb2, 0x4a, 0xab, 0xb2, 0x4a,
    0xab, 0xb2, 0x4b, 0xab, 0xb1, 0x4e, 0xab, 0xb1, 0x4e, 0xab, 0xb1, 0x4e,
    0xab, 0xb1, 0x4e, 0xab, 0xb1, 0x4e, 0xab, 0xb1, 0x4e, 0xab, 0xb2, 0x4c,
    0xab, 0xb2, 0x4b, 0xab, 0xb2, 0x4b, 0xab, 0xb2, 0x4b, 0xac, 0xb3, 0x4c,
    0xac, 0xb3, 0x4c, 0xac, 0xb3, 0x4c, 0xac, 0xb3, 0x4c, 0xac, 0xb3, 0x4c,
    0xac, 0xb3, 0x4c, 0xac, 0xb3, 0x4c, 0xac, 0xb3, 0x4c, 0xac, 0xb3, 0x4c,
    0xac, 0xb3, 0x4c, 0xac, 0xb3, 0x4c, 0xac, 0xb3, 0x4c, 0xac, 0xb3, 0x4c,
    0xac, 0xb3, 0x4c, 0xac, 0xb3, 0x4c, 0xac, 0xb3, 0x4c, 0xac, 0xb3, 0x4c,
    0xac, 0xb3, 0x4c, 0xac, 0xb3, 0x4c, 0xab, 0xb2, 0x4b, 0xab, 0xb2, 0x4b,
    0xab, 0xb2, 0x4b, 0xab, 0xb2, 0x4b, 0xab, 0xb2, 0x4b, 0xab, 0xb2, 0x4b,
    0xab, 0xb2, 0x4b, 0xab, 0xb2, 0x4b, 0xab, 0xb2, 0x4b, 0xab, 0xb2, 0x4c,
    0xab, 0xb1, 0x4f, 0xab, 0xb1, 0x51, 0xab, 0xb1, 0x51, 0xac, 0xb2, 0x52,
    0xac, 0xb2, 0x52, 0xac, 0xb2, 0x52, 0xab, 0xb2, 0x52, 0xa9, 0xb3, 0x52,
    0xaa, 0xb2, 0x52, 0xab, 0xb2, 0x52, 0xac, 0xb2, 0x52, 0xad, 0xb1, 0x52,
    0xad, 0xb1, 0x52, 0xad, 0xb2, 0x53, 0xad, 0xb3, 0x53, 0xad, 0xb3, 0x53,
    0xad, 0xb3, 0x53, 0xad, 0xb3, 0x53, 0xad, 0xb3, 0x53, 0xae, 0xb2, 0x51,
    0xb3, 0xb1, 0x4e, 0xb5, 0xb3, 0x4f, 0xb5, 0xb3, 0x4f, 0xb6, 0xb4, 0x50,
    0xb6, 0xb4, 0x50, 0xb6, 0xb4, 0x50, 0xb7, 0xb4, 0x51, 0xb8, 0xb4, 0x51,
    0xb8, 0xb4, 0x51, 0xb8, 0xb4, 0x51, 0xb8, 0xb4, 0x51, 0xb8, 0xb4, 0x51,
    0xb8, 0xb4, 0x51, 0xb8, 0xb4, 0x51, 0xb8, 0xb4, 0x51, 0xb8, 0xb4, 0x51,
    0xb8, 0xb4, 0x51, 0xb8, 0xb4, 0x51, 0xb8, 0xb4, 0x51, 0xb8, 0xb4, 0x52,
    0xb8, 0xb4, 0x52, 0xb8, 0xb4, 0x51, 0xb7, 0xb3, 0x50, 0xb6, 0xb2, 0x4e,
    0xb5, 0xb1, 0x4d, 0xb4, 0xb1, 0x4c, 0xb2, 0xb0, 0x51, 0xb2, 0xb0, 0x55,
    0xb3, 0xae, 0x59, 0xb4, 0xad, 0x5f, 0xb5, 0xab, 0x64, 0xb5, 0xaa, 0x68,
    0xb8, 0xa9, 0x6d, 0xbc, 0xa8, 0x72, 0xbd, 0xa9, 0x76, 0xbd, 0xa8, 0x7b,
    0xbe, 0xa9, 0x80, 0xc2, 0xac, 0x87, 0xc7, 0xb0, 0x8e, 0xc9, 0xb1, 0x91,
    0xca, 0xb1, 0x92, 0xca, 0xb1, 0x92, 0xc9, 0xb0, 0x91, 0xc8, 0xaf, 0x90,
    0xc6, 0xad, 0x8e, 0xc4, 0xab, 0x8b, 0xc0, 0xa8, 0x86, 0xbc, 0xa4, 0x81,
    0xb6, 0x9e, 0x79, 0xaf, 0x97, 0x71, 0xa9, 0x91, 0x6a, 0xa5, 0x8e, 0x65,
    0xa2, 0x8b, 0x62, 0xa2, 0x8c, 0x5e, 0xa5, 0x90, 0x5b, 0xa8, 0x97, 0x5a,
    0xaa, 0x9b, 0x56, 0xac, 0xa0, 0x54, 0xae, 0xa4, 0x51, 0xaf, 0xa8, 0x4f,
    0xa9, 0xac, 0x4e, 0xae, 0xb1, 0x52, 0xb1, 0xb5, 0x53, 0xb2, 0xb6, 0x51,
    0xb2, 0xb6, 0x4e, 0xb1, 0xb6, 0x4d, 0xb1, 0xb5, 0x4f, 0xb1, 0xb5, 0x52,
    0xb1, 0xb5, 0x51, 0xb1, 0xb6, 0x51, 0xb1, 0xb6, 0x51, 0xb2, 0xb7, 0x51,
    0xb2, 0xb7, 0x52, 0xb1, 0xb6, 0x54, 0xb1, 0xb6, 0x53, 0xb1, 0xb6, 0x51,
    0xb2, 0xb7, 0x50, 0xb1, 0xb6, 0x50, 0xb1, 0xb5, 0x50, 0xae, 0xb6, 0x4f,
    0xac, 0xb7, 0x4e, 0xb0, 0xb4, 0x51, 0xb4, 0xae, 0x59, 0xbc, 0xae, 0x6b,
    0xc1, 0xad, 0x7e, 0xd0, 0xb9, 0x99, 0xdf, 0xcd, 0xb7, 0xea, 0xda, 0xca,
    0xf1, 0xe2, 0xd4, 0xf4, 0xe6, 0xd9, 0xf4, 0xe5, 0xd7, 0xee, 0xdf, 0xcc,
    0xe3, 0xd1, 0xb9, 0xdb, 0xc7, 0xa7, 0xd1, 0xc3, 0x93, 0xbf, 0xba, 0x77,
    0xb2, 0xb5, 0x63, 0xaf, 0xb5, 0x5b, 0xaf, 0xb7, 0x59, 0xb0, 0xb8, 0x56,
    0xaf, 0xb8, 0x54, 0xaf, 0xb8, 0x55, 0xaf, 0xb8, 0x55, 0xb0, 0xb8, 0x54,
    0xae, 0xb8, 0x53, 0xad, 0xb9, 0x51, 0xab, 0xb9, 0x51, 0xa9, 0xb7, 0x59,
    0xa6, 0xb4, 0x63, 0x9e, 0xab, 0x67, 0x8e, 0x9c, 0x5f, 0x84, 0x92, 0x59,
    0x76, 0x8a, 0x52, 0x77, 0x8e, 0x55, 0x80, 0x97, 0x5d, 0x78, 0x8e, 0x53,
    0x7e, 0x93, 0x57, 0x73, 0x89, 0x4b, 0x69, 0x7d, 0x3e, 0x65, 0x7a, 0x3a,
    0x54, 0x68, 0x28, 0x4b, 0x5d, 0x21, 0x46, 0x56, 0x1c, 0x47, 0x55, 0x1e,
    0x44, 0x51, 0x1b, 0x40, 0x4d, 0x1a, 0x3c, 0x4a, 0x1a, 0x3c, 0x47, 0x1b,
    0x39, 0x47, 0x1b, 0x3b, 0x49, 0x1d, 0x5e, 0x5e, 0x37, 0xba, 0xac, 0x8a,
    0xd7, 0xc4, 0xab, 0xb7, 0xa3, 0x8a, 0x91, 0x79, 0x5e, 0xa3, 0x89, 0x68,
    0x9c, 0x7f, 0x59, 0xa5, 0x86, 0x5c, 0xa0, 0x7e, 0x55, 0x97, 0x76, 0x4f,
    0x9d, 0x7f, 0x58, 0x97, 0x80, 0x5b, 0x57, 0x4e, 0x28, 0x43, 0x48, 0x1b,
    0x5f, 0x6d, 0x37, 0x6f, 0x7c, 0x3f, 0x77, 0x82, 0x45, 0x7d, 0x88, 0x4d,
    0x89, 0x96, 0x57, 0x91, 0xa0, 0x58, 0x98, 0xaa, 0x56, 0xa6, 0xb5, 0x57,
    0xac, 0xb5, 0x4d, 0xad, 0xb4, 0x4c, 0xad, 0xb4, 0x4b, 0xac, 0xb3, 0x4b,
    0xac, 0xb3, 0x4d, 0xac, 0xb2, 0x4e, 0xac, 0xb3, 0x4d, 0xac, 0xb3, 0x4c,
    0xab, 0xb3, 0x4b, 0xab, 0xb2, 0x4b, 0xab, 0xb2, 0x4c, 0xab, 0xb2, 0x4c,
    0xab, 0xb2, 0x4c, 0xab, 0xb1, 0x4e, 0xab, 0xb1, 0x4e, 0xab, 0xb1, 0x4e,
    0xab, 0xb1, 0x4e, 0xab, 0xb1, 0x4e, 0xab, 0xb1, 0x4e, 0xab, 0xb1, 0x4d,
    0xab, 0xb2, 0x4c, 0xab, 0xb2, 0x4c, 0xab, 0xb2, 0x4c, 0xac, 0xb3, 0x4d,
    0xac, 0xb3, 0x4d, 0xac, 0xb3, 0x4d, 0xac, 0xb3, 0x4d, 0xac, 0xb3, 0x4d,
    0xac, 0xb3, 0x4d, 0xac, 0xb3, 0x4d, 0xac, 0xb3, 0x4d, 0xac, 0xb3, 0x4d,
    0xac, 0xb3, 0x4d, 0xac, 0xb3, 0x4d, 0xac, 0xb3, 0x4d, 0xac, 0xb3, 0x4d,
    0xac, 0xb3, 0x4d, 0xac, 0xb3, 0x4d, 0xac, 0xb3, 0x4d, 0xab, 0xb3, 0x4c,
    0xab, 0xb3, 0x4c, 0xab, 0xb3, 0x4c, 0xab, 0xb2, 0x4c, 0xab, 0xb2, 0x4c,
    0xab, 0xb2, 0x4c, 0xab, 0xb2, 0x4c, 0xab, 0xb2, 0x4c, 0xab, 0xb2, 0x4c,
    0xab, 0xb2, 0x4c, 0xab, 0xb2, 0x4c, 0xab, 0xb2, 0x4c, 0xab, 0xb2, 0x4c,
    0xaa, 0xb1, 0x4e, 0xaa, 0xb1, 0x4f, 0xaa, 0xb1, 0x4f, 0xab, 0xb2, 0x50,
    0xab, 0xb2, 0x50, 0xab, 0xb2, 0x50, 0xab, 0xb2, 0x51, 0xa9, 0xb2, 0x52,
    0xaa, 0xb2, 0x52, 0xab, 0xb2, 0x52, 0xab, 0xb1, 0x52, 0xab, 0xb2, 0x52,
    0xac, 0xb2, 0x52, 0xac, 0xb3, 0x53, 0xac, 0xb3, 0x53, 0xac, 0xb3, 0x53,
    0xac, 0xb3, 0x53, 0xac, 0xb3, 0x53, 0xac, 0xb3, 0x53, 0xad, 0xb2, 0x52,
    0xb1, 0xb2, 0x50, 0xb2, 0xb2, 0x51, 0xb4, 0xb2, 0x51, 0xb5, 0xb2, 0x51,
    0xb5, 0xb2, 0x52, 0xb6, 0xb3, 0x52, 0xb7, 0xb3, 0x51, 0xb7, 0xb4, 0x51,
    0xb7, 0xb4, 0x51, 0xb7, 0xb4, 0x51, 0xb8, 0xb4, 0x52, 0xb8, 0xb4, 0x52,
    0xb8, 0xb4, 0x52, 0xb7, 0xb4, 0x51, 0xb7, 0xb4, 0x51, 0xb7, 0xb4, 0x51,
    0xb8, 0xb4, 0x51, 0xb8, 0xb4, 0x51, 0xb8, 0xb4, 0x51, 0xb8, 0xb4, 0x52,
    0xb8, 0xb4, 0x52, 0xb8, 0xb4, 0x51, 0xb7, 0xb4, 0x50, 0xb6, 0xb3, 0x4f,
    0xb6, 0xb2, 0x4e, 0xb5, 0xb2, 0x4d, 0xb3, 0xb1, 0x4e, 0xb3, 0xb0, 0x51,
    0xb3, 0xaf, 0x56, 0xb4, 0xad, 0x5c, 0xb5, 0xac, 0x62, 0xb5, 0xab, 0x66,
    0xb7, 0xaa, 0x6b, 0xba, 0xa9, 0x6f, 0xbb, 0xa9, 0x73, 0xbc, 0xa9, 0x78,
    0xbd, 0xa9, 0x7e, 0xc2, 0xac, 0x86, 0xc6, 0xaf, 0x8c, 0xc9, 0xb0, 0x90,
    0xca, 0xb1, 0x91, 0xca, 0xb1, 0x91, 0xc9, 0xb0, 0x90, 0xc8, 0xb0, 0x90,
    0xc6, 0xae, 0x8e, 0xc4, 0xab, 0x8b, 0xc0, 0xa8, 0x86, 0xbc, 0xa3, 0x81,
    0xb6, 0x9d, 0x7a, 0xaf, 0x96, 0x72, 0xa9, 0x90, 0x6b, 0xa4, 0x8c, 0x66,
    0xa0, 0x89, 0x60, 0x9f, 0x89, 0x5c, 0xa1, 0x8c, 0x59, 0xa5, 0x94, 0x57,
    0xa8, 0x99, 0x54, 0xab, 0x9f, 0x52, 0xae, 0xa4, 0x51, 0xae, 0xa7, 0x4f,
    0xa9, 0xa8, 0x58, 0xaf, 0xae, 0x5c, 0xb1, 0xb1, 0x59, 0xb3, 0xb4, 0x54,
    0xb2, 0xb5, 0x4e, 0xb3, 0xb7, 0x4b, 0xb3, 0xb7, 0x4f, 0xb1, 0xb5, 0x53,
    0xb1, 0xb5, 0x52, 0xb0, 0xb4, 0x51, 0xb0, 0xb5, 0x50, 0xb0, 0xb5, 0x50,
    0xb0, 0xb5, 0x4f, 0xb1, 0xb6, 0x50, 0xb1, 0xb7, 0x50, 0xb1, 0xb7, 0x4e,
    0xb2, 0xb8, 0x4f, 0xb3, 0xb8, 0x52, 0xb3, 0xb7, 0x56, 0xb0, 0xb7, 0x53,
    0xac, 0xb7, 0x4e, 0xae, 0xb5, 0x4d, 0xb2, 0xb2, 0x52, 0xb7, 0xaf, 0x60,
    0xbf, 0xae, 0x77, 0xd0, 0xb9, 0x94, 0xde, 0xca, 0xb2, 0xe9, 0xd8, 0xc6,
    0xf0, 0xe2, 0xd2, 0xf0, 0xe4, 0xd6, 0xee, 0xdf, 0xd2, 0xe8, 0xd7, 0xc7,
    0xdc, 0xc5, 0xb2, 0xd5, 0xba, 0x9e, 0xd0, 0xbb, 0x92, 0xc4, 0xb7, 0x7e,
    0xb6, 0xb3, 0x6a, 0xaf, 0xb4, 0x5e, 0xad, 0xb7, 0x59, 0xae, 0xb8, 0x56,
    0xae, 0xb8, 0x55, 0xae, 0xb8, 0x57, 0xae, 0xb8, 0x58, 0xae, 0xb8, 0x56,
    0xad, 0xb8, 0x54, 0xac, 0xb8, 0x52, 0xaa, 0xb7, 0x57, 0xa8, 0xb6, 0x63,
    0x9e, 0xac, 0x6b, 0x8f, 0xa0, 0x6a, 0x7b, 0x8f, 0x5b, 0x77, 0x8e, 0x57,
    0x76, 0x8c, 0x54, 0x7a, 0x8f, 0x56, 0x84, 0x99, 0x5f, 0x76, 0x8c, 0x4f,
    0x71, 0x87, 0x48, 0x6a, 0x80, 0x3f, 0x5b, 0x71, 0x2f, 0x57, 0x6a, 0x2c,
    0x4a, 0x5c, 0x22, 0x43, 0x54, 0x1b, 0x3d, 0x4e, 0x18, 0x3c, 0x4c, 0x19,
    0x38, 0x47, 0x16, 0x39, 0x43, 0x14, 0x3a, 0x41, 0x15, 0x36, 0x41, 0x16,
    0x35, 0x41, 0x18, 0x39, 0x40, 0x19, 0x5b, 0x58, 0x32, 0xb5, 0xa9, 0x84,
    0xc4, 0xb3, 0x97, 0xa6, 0x92, 0x77, 0x8f, 0x79, 0x5a, 0xa3, 0x8b, 0x67,
    0xa3, 0x89, 0x60, 0xb2, 0x97, 0x6a, 0xaa, 0x8c, 0x62, 0xa3, 0x82, 0x5b,
    0xab, 0x8e, 0x64, 0x99, 0x82, 0x5c, 0x56, 0x4b, 0x2a, 0x41, 0x44, 0x1c,
    0x5c, 0x6a, 0x34, 0x6d, 0x7f, 0x40, 0x72, 0x84, 0x45, 0x77, 0x88, 0x4c,
    0x85, 0x97, 0x5b, 0x8d, 0xa0, 0x5e, 0x90, 0xa4, 0x5a, 0xa0, 0xb1, 0x5a,
    0xaa, 0xb5, 0x4e, 0xab, 0xb5, 0x4a, 0xac, 0xb5, 0x4a, 0xac, 0xb3, 0x4a,
    0xad, 0xb2, 0x4e, 0xad, 0xb1, 0x52, 0xab, 0xb2, 0x4e, 0xaa, 0xb2, 0x4b,
    0xaa, 0xb2, 0x4c, 0xaa, 0xb2, 0x4d, 0xaa, 0xb2, 0x4e, 0xaa, 0xb2, 0x4e,
    0xaa, 0xb2, 0x4e, 0xaa, 0xb2, 0x4d, 0xaa, 0xb2, 0x4d, 0xaa, 0xb2, 0x4d,
    0xaa, 0xb2, 0x4d, 0xaa, 0xb2, 0x4d, 0xaa, 0xb2, 0x4d, 0xaa, 0xb2, 0x4d,
    0xaa, 0xb2, 0x4d, 0xaa, 0xb2, 0x4d, 0xaa, 0xb2, 0x4d, 0xab, 0xb3, 0x4e,
    0xab, 0xb3, 0x4e, 0xab, 0xb3, 0x4e, 0xab, 0xb3, 0x4e, 0xab, 0xb3, 0x4e,
    0xab, 0xb3, 0x4e, 0xac, 0xb4, 0x4f, 0xac, 0xb4, 0x4f, 0xac, 0xb4, 0x4f,
    0xac, 0xb3, 0x4e, 0xac, 0xb2, 0x4e, 0xac, 0xb2, 0x4e, 0xac, 0xb2, 0x4e,
    0xac, 0xb2, 0x4e, 0xac, 0xb2, 0x4e, 0xac, 0xb2, 0x4e, 0xaa, 0xb2, 0x4d,
    0xaa, 0xb2, 0x4d, 0xaa, 0xb2, 0x4d, 0xaa, 0xb2, 0x4d, 0xaa, 0xb2, 0x4d,
    0xaa, 0xb2, 0x4d, 0xaa, 0xb2, 0x4d, 0xaa, 0xb2, 0x4d, 0xaa, 0xb2, 0x4d,
    0xaa, 0xb2, 0x4d, 0xaa, 0xb2, 0x4d, 0xaa, 0xb2, 0x4d, 0xaa, 0xb2, 0x4d,
    0xa9, 0xb1, 0x4c, 0xa9, 0xb1, 0x4c, 0xa9, 0xb1, 0x4c, 0xaa, 0xb2, 0x4d,
    0xaa, 0xb2, 0x4d, 0xaa, 0xb2, 0x4d, 0xaa, 0xb2, 0x4f, 0xaa, 0xb1, 0x52,
    0xaa, 0xb1, 0x52, 0xaa, 0xb1, 0x52, 0xa9, 0xb0, 0x51, 0xaa, 0xb1, 0x52,
    0xab, 0xb2, 0x53, 0xab, 0xb2, 0x53, 0xab, 0xb2, 0x53, 0xab, 0xb2, 0x53,
    0xab, 0xb2, 0x53, 0xab, 0xb2, 0x53, 0xab, 0xb2, 0x53, 0xac, 0xb2, 0x53,
    0xae, 0xb2, 0x52, 0xaf, 0xb1, 0x52, 0xb1, 0xb0, 0x52, 0xb2, 0xb0, 0x52,
    0xb4, 0xb1, 0x53, 0xb5, 0xb2, 0x54, 0xb6, 0xb2, 0x53, 0xb6, 0xb3, 0x52,
    0xb6, 0xb3, 0x52, 0xb6, 0xb3, 0x52, 0xb7, 0xb4, 0x53, 0xb7, 0xb4, 0x53,
    0xb7, 0xb4, 0x53, 0xb6, 0xb4, 0x50, 0xb6, 0xb4, 0x50, 0xb6, 0xb4, 0x50,
    0xb7, 0xb5, 0x51, 0xb7, 0xb5, 0x51, 0xb7, 0xb5, 0x51, 0xb7, 0xb5, 0x51,
    0xb7, 0xb5, 0x51, 0xb7, 0xb5, 0x51, 0xb7, 0xb5, 0x51, 0xb7, 0xb5, 0x51,
    0xb7, 0xb5, 0x51, 0xb7, 0xb5, 0x50, 0xb5, 0xb2, 0x4d, 0xb5, 0xb1, 0x4e,
    0xb3, 0xae, 0x52, 0xb4, 0xad, 0x59, 0xb4, 0xad, 0x5f, 0xb4, 0xac, 0x63,
    0xb5, 0xab, 0x68, 0xb7, 0xab, 0x6b, 0xb8, 0xa9, 0x6e, 0xb9, 0xa8, 0x74,
    0xbc, 0xa9, 0x7c, 0xc1, 0xab, 0x84, 0xc5, 0xae, 0x8b, 0xc8, 0xb0, 0x8e,
    0xc9, 0xb1, 0x8f, 0xc9, 0xb1, 0x8f, 0xc9, 0xb1, 0x8f, 0xc9, 0xb1, 0x8f,
    0xc7, 0xaf, 0x8d, 0xc5, 0xac, 0x8b, 0xc1, 0xa7, 0x86, 0xbc, 0xa2, 0x81,
    0xb5, 0x9b, 0x7a, 0xae, 0x94, 0x73, 0xa8, 0x8e, 0x6d, 0xa3, 0x89, 0x67,
    0x9e, 0x86, 0x5f, 0x9d, 0x86, 0x5a, 0x9e, 0x88, 0x56, 0xa1, 0x8f, 0x53,
    0xa5, 0x96, 0x51, 0xaa, 0x9e, 0x52, 0xac, 0xa3, 0x52, 0xac, 0xa6, 0x51,
    0xb6, 0xb2, 0x71, 0xbb, 0xb8, 0x74, 0xb9, 0xb6, 0x6b, 0xb4, 0xb4, 0x5f,
    0xb3, 0xb4, 0x57, 0xb4, 0xb6, 0x53, 0xb3, 0xb6, 0x52, 0xb1, 0xb6, 0x51,
    0xb0, 0xb5, 0x50, 0xb1, 0xb6, 0x50, 0xb3, 0xb8, 0x51, 0xb3, 0xb8, 0x51,
    0xb2, 0xb7, 0x50, 0xb2, 0xb7, 0x50, 0xb2, 0xb8, 0x4e, 0xb2, 0xb8, 0x4b,
    0xb2, 0xb8, 0x4c, 0xb2, 0xb8, 0x4f, 0xb1, 0xb6, 0x53, 0xaf, 0xb5, 0x52,
    0xad, 0xb7, 0x4f, 0xaf, 0xb6, 0x4f, 0xb3, 0xb3, 0x55, 0xb7, 0xaf, 0x62,
    0xc1, 0xb0, 0x7b, 0xd2, 0xbc, 0x98, 0xdf, 0xc9, 0xb3, 0xe9, 0xd6, 0xc5,
    0xec, 0xdd, 0xce, 0xec, 0xdd, 0xcf, 0xe5, 0xd5, 0xc5, 0xdc, 0xc9, 0xb6,
    0xce, 0xb7, 0xa0, 0xc8, 0xac, 0x90, 0xc8, 0xb2, 0x8b, 0xc2, 0xb3, 0x7e,
    0xb8, 0xb3, 0x6e, 0xb1, 0xb5, 0x63, 0xad, 0xb6, 0x5c, 0xaf, 0xb7, 0x56,
    0xb0, 0xb8, 0x55, 0xae, 0xb8, 0x56, 0xad, 0xb8, 0x56, 0xac, 0xb7, 0x56,
    0xad, 0xb9, 0x56, 0xac, 0xb9, 0x57, 0xa8, 0xb6, 0x5e, 0xa5, 0xb2, 0x67,
    0x94, 0xa2, 0x67, 0x83, 0x94, 0x61, 0x76, 0x8a, 0x58, 0x77, 0x8e, 0x58,
    0x7c, 0x92, 0x59, 0x78, 0x8d, 0x53, 0x80, 0x95, 0x59, 0x74, 0x89, 0x4c,
    0x68, 0x7e, 0x41, 0x5f, 0x75, 0x37, 0x51, 0x66, 0x28, 0x4c, 0x5d, 0x23,
    0x46, 0x55, 0x1e, 0x40, 0x4e, 0x1a, 0x3a, 0x48, 0x15, 0x37, 0x45, 0x14,
    0x32, 0x3f, 0x10, 0x32, 0x3b, 0x0e, 0x33, 0x3b, 0x10, 0x2f, 0x3b, 0x12,
    0x2e, 0x3b, 0x14, 0x31, 0x37, 0x12, 0x5f, 0x5c, 0x37, 0xb5, 0xa8, 0x84,
    0xae, 0x9d, 0x80, 0x88, 0x74, 0x57, 0x82, 0x6d, 0x4c, 0x8f, 0x77, 0x52,
    0xa0, 0x85, 0x5b, 0xb4, 0x97, 0x6b, 0xb4, 0x95, 0x6b, 0xae, 0x8d, 0x67,
    0xae, 0x91, 0x67, 0x94, 0x7d, 0x57, 0x52, 0x47, 0x27, 0x3f, 0x42, 0x1c,
    0x58, 0x66, 0x30, 0x6b, 0x7d, 0x3e, 0x6f, 0x81, 0x42, 0x79, 0x8b, 0x50,
    0x85, 0x97, 0x5c, 0x89, 0x9b, 0x5c, 0x89, 0x9d, 0x56, 0x99, 0xab, 0x56,
    0xa8, 0xb5, 0x4d, 0xaa, 0xb6, 0x4a, 0xab, 0xb5, 0x48, 0xac, 0xb4, 0x48,
    0xac, 0xb3, 0x4c, 0xad, 0xb2, 0x50, 0xab, 0xb2, 0x4d, 0xaa, 0xb2, 0x4b,
    0xaa, 0xb2, 0x4b, 0xaa, 0xb2, 0x4c, 0xaa, 0xb2, 0x4d, 0xaa, 0xb2, 0x4d,
    0xaa, 0xb2, 0x4d, 0xaa, 0xb2, 0x4d, 0xaa, 0xb2, 0x4d, 0xaa, 0xb2, 0x4d,
    0xaa, 0xb2, 0x4d, 0xaa, 0xb2, 0x4d, 0xaa, 0xb2, 0x4d, 0xaa, 0xb2, 0x4d,
    0xaa, 0xb2, 0x4d, 0xaa, 0xb2, 0x4d, 0xaa, 0xb2, 0x4d, 0xab, 0xb3, 0x4e,
    0xab, 0xb3, 0x4e, 0xab, 0xb3, 0x4e, 0xab, 0xb3, 0x4e, 0xab, 0xb3, 0x4e,
    0xab, 0xb3, 0x4e, 0xac, 0xb4, 0x4f, 0xac, 0xb4, 0x4f, 0xac, 0xb4, 0x4f,
    0xac, 0xb3, 0x4e, 0xac, 0xb2, 0x4e, 0xac, 0xb2, 0x4e, 0xac, 0xb2, 0x4e,
    0xac, 0xb2, 0x4e, 0xac, 0xb2, 0x4e, 0xac, 0xb2, 0x4e, 0xaa, 0xb2, 0x4d,
    0xaa, 0xb2, 0x4d, 0xaa, 0xb2, 0x4d, 0xaa, 0xb2, 0x4d, 0xaa, 0xb2, 0x4d,
    0xaa, 0xb2, 0x4d, 0xaa, 0xb2, 0x4d, 0xaa, 0xb2, 0x4d, 0xaa, 0xb2, 0x4d,
    0xaa, 0xb2, 0x4d, 0xaa, 0xb2, 0x4d, 0xaa, 0xb2, 0x4d, 0xaa, 0xb2, 0x4d,
    0xa9, 0xb1, 0x4c, 0xa9, 0xb1, 0x4c, 0xa9, 0xb1, 0x4c, 0xaa, 0xb2, 0x4d,
    0xaa, 0xb2, 0x4d, 0xaa, 0xb2, 0x4d, 0xaa, 0xb2, 0x4f, 0xaa, 0xb1, 0x52,
    0xaa, 0xb1, 0x52, 0xaa, 0xb1, 0x52, 0xa9, 0xb0, 0x51, 0xaa, 0xb1, 0x52,
    0xab, 0xb2, 0x53, 0xab, 0xb2, 0x53, 0xab, 0xb2, 0x53, 0xab, 0xb2, 0x53,
    0xab, 0xb2, 0x53, 0xab, 0xb2, 0x53, 0xab, 0xb2, 0x53, 0xac, 0xb2, 0x53,
    0xae, 0xb2, 0x53, 0xaf, 0xb1, 0x53, 0xb0, 0xb1, 0x53, 0xb1, 0xb0, 0x53,
    0xb4, 0xb1, 0x54, 0xb5, 0xb2, 0x55, 0xb6, 0xb3, 0x53, 0xb6, 0xb3, 0x52,
    0xb6, 0xb3, 0x52, 0xb6, 0xb3, 0x52, 0xb6, 0xb3, 0x52, 0xb6, 0xb3, 0x52,
    0xb6, 0xb3, 0x52, 0xb6, 0xb4, 0x50, 0xb6, 0xb4, 0x50, 0xb6, 0xb4, 0x50,
    0xb7, 0xb5, 0x51, 0xb7, 0xb5, 0x51, 0xb7, 0xb5, 0x51, 0xb7, 0xb5, 0x51,
    0xb7, 0xb5, 0x51, 0xb7, 0xb5, 0x51, 0xb7, 0xb5, 0x51, 0xb7, 0xb5, 0x51,
    0xb7, 0xb5, 0x51, 0xb7, 0xb5, 0x50, 0xb6, 0xb3, 0x4d, 0xb5, 0xb1, 0x4e,
    0xb4, 0xaf, 0x52, 0xb4, 0xae, 0x58, 0xb4, 0xad, 0x5e, 0xb4, 0xac, 0x62,
    0xb5, 0xac, 0x66, 0xb6, 0xab, 0x6a, 0xb8, 0xa9, 0x6d, 0xb8, 0xa8, 0x73,
    0xbb, 0xa8, 0x7a, 0xbf, 0xaa, 0x82, 0xc3, 0xac, 0x89, 0xc6, 0xae, 0x8c,
    0xc8, 0xb0, 0x8e, 0xc9, 0xb1, 0x8f, 0xca, 0xb2, 0x90, 0xc9, 0xb1, 0x8f,
    0xc7, 0xaf, 0x8d, 0xc5, 0xac, 0x8b, 0xc1, 0xa7, 0x86, 0xbc, 0xa2, 0x81,
    0xb5, 0x9b, 0x7a, 0xae, 0x94, 0x73, 0xa8, 0x8e, 0x6d, 0xa3, 0x89, 0x67,
    0x9e, 0x85, 0x5f, 0x9c, 0x85, 0x5a, 0x9d, 0x87, 0x56, 0xa0, 0x8e, 0x53,
    0xa3, 0x95, 0x50, 0xa8, 0x9c, 0x51, 0xab, 0xa2, 0x51, 0xac, 0xa5, 0x51,
    0xcd, 0xc5, 0x96, 0xd1, 0xc9, 0x96, 0xca, 0xc4, 0x89, 0xc3, 0xbf, 0x7a,
    0xbd, 0xba, 0x6c, 0xb7, 0xb5, 0x60, 0xb3, 0xb4, 0x58, 0xb1, 0xb6, 0x54,
    0xb2, 0xb7, 0x54, 0xb2, 0xb7, 0x54, 0xb3, 0xb8, 0x54, 0xb4, 0xb9, 0x55,
    0xb4, 0xb9, 0x56, 0xb4, 0xb7, 0x52, 0xb3, 0xb6, 0x50, 0xb3, 0xb6, 0x4d,
    0xb4, 0xb7, 0x4e, 0xb5, 0xb7, 0x52, 0xb5, 0xb7, 0x56, 0xb2, 0xb7, 0x57,
    0xaf, 0xb7, 0x54, 0xb1, 0xb6, 0x55, 0xb4, 0xb3, 0x5b, 0xb8, 0xaf, 0x68,
    0xc6, 0xb6, 0x85, 0xdb, 0xc5, 0xa4, 0xe4, 0xcd, 0xb9, 0xec, 0xd6, 0xc6,
    0xed, 0xdb, 0xcc, 0xe7, 0xd7, 0xc6, 0xda, 0xc9, 0xb5, 0xd1, 0xbc, 0xa4,
    0xc5, 0xad, 0x92, 0xc3, 0xa7, 0x8a, 0xc6, 0xaf, 0x8a, 0xc1, 0xb2, 0x80,
    0xb9, 0xb2, 0x72, 0xb3, 0xb5, 0x67, 0xae, 0xb5, 0x5f, 0xaf, 0xb7, 0x57,
    0xb0, 0xb8, 0x53, 0xae, 0xb8, 0x55, 0xad, 0xb8, 0x55, 0xab, 0xb7, 0x56,
    0xab, 0xb9, 0x59, 0xab, 0xb9, 0x5d, 0xa6, 0xb4, 0x66, 0x9d, 0xab, 0x69,
    0x88, 0x96, 0x5f, 0x7c, 0x8d, 0x5c, 0x78, 0x8d, 0x5a, 0x79, 0x90, 0x59,
    0x81, 0x97, 0x5c, 0x78, 0x8e, 0x51, 0x76, 0x8c, 0x4f, 0x6c, 0x81, 0x46,
    0x5c, 0x71, 0x37, 0x53, 0x68, 0x2e, 0x48, 0x5c, 0x23, 0x46, 0x54, 0x1f,
    0x43, 0x50, 0x1d, 0x3e, 0x4a, 0x19, 0x38, 0x44, 0x15, 0x34, 0x40, 0x12,
    0x2e, 0x3a, 0x0e, 0x2f, 0x38, 0x0c, 0x2f, 0x38, 0x0d, 0x2a, 0x37, 0x0e,
    0x29, 0x36, 0x11, 0x2c, 0x32, 0x0e, 0x60, 0x5c, 0x38, 0xb4, 0xa6, 0x83,
    0xa9, 0x97, 0x78, 0x83, 0x70, 0x51, 0x82, 0x6c, 0x4b, 0x8d, 0x74, 0x4e,
    0xa0, 0x85, 0x5b, 0xac, 0x8f, 0x63, 0xad, 0x8d, 0x64, 0xa2, 0x82, 0x5c,
    0x9e, 0x81, 0x57, 0x89, 0x72, 0x4c, 0x4c, 0x41, 0x22, 0x3b, 0x3e, 0x18,
    0x54, 0x63, 0x2d, 0x62, 0x74, 0x37, 0x6d, 0x7f, 0x42, 0x79, 0x8b, 0x50,
    0x7f, 0x91, 0x56, 0x88, 0x9b, 0x5d, 0x8b, 0x9e, 0x5b, 0x94, 0xa7, 0x54,
    0xa6, 0xb4, 0x4e, 0xa9, 0xb6, 0x4b, 0xa9, 0xb5, 0x48, 0xab, 0xb5, 0x47,
    0xab, 0xb4, 0x4a, 0xac, 0xb2, 0x4d, 0xaa, 0xb2, 0x4c, 0xa8, 0xb3, 0x4b,
    0xa8, 0xb3, 0x4b, 0xa8, 0xb3, 0x4b, 0xa8, 0xb3, 0x4b, 0xa8, 0xb3, 0x4b,
    0xa8, 0xb3, 0x4c, 0xa8, 0xb2, 0x4e, 0xa8, 0xb2, 0x4f, 0xa8, 0xb2, 0x4f,
    0xa8, 0xb2, 0x4f, 0xa8, 0xb2, 0x4f, 0xa8, 0xb2, 0x4f, 0xa9, 0xb2, 0x4f,
    0xaa, 0xb2, 0x4f, 0xaa, 0xb2, 0x4f, 0xaa, 0xb2, 0x4f, 0xab, 0xb3, 0x50,
    0xab, 0xb3, 0x50, 0xab, 0xb3, 0x50, 0xab, 0xb3, 0x50, 0xab, 0xb3, 0x50,
    0xab, 0xb3, 0x50, 0xac, 0xb4, 0x51, 0xac, 0xb4, 0x51, 0xac, 0xb4, 0x51,
    0xac, 0xb3, 0x50, 0xac, 0xb2, 0x50, 0xac, 0xb2, 0x50, 0xac, 0xb2, 0x50,
    0xac, 0xb2, 0x50, 0xac, 0xb2, 0x50, 0xac, 0xb2, 0x50, 0xaa, 0xb2, 0x4f,
    0xaa, 0xb2, 0x4f, 0xaa, 0xb2, 0x4f, 0xaa, 0xb2, 0x4f, 0xaa, 0xb2, 0x4f,
    0xaa, 0xb2, 0x4f, 0xa9, 0xb2, 0x4f, 0xa8, 0xb2, 0x4f, 0xa8, 0xb2, 0x4f,
    0xa8, 0xb2, 0x4f, 0xa8, 0xb2, 0x4f, 0xa8, 0xb2, 0x4f, 0xa8, 0xb2, 0x4f,
    0xa7, 0xb1, 0x4e, 0xa7, 0xb1, 0x4e, 0xa7, 0xb1, 0x4e, 0xa8, 0xb2, 0x4f,
    0xa8, 0xb2, 0x4f, 0xa8, 0xb2, 0x4f, 0xa9, 0xb2, 0x50, 0xaa, 0xb1, 0x52,
    0xaa, 0xb1, 0x52, 0xaa, 0xb1, 0x52, 0xa9, 0xb0, 0x51, 0xaa, 0xb1, 0x52,
    0xab, 0xb2, 0x53, 0xab, 0xb2, 0x53, 0xab, 0xb2, 0x53, 0xab, 0xb2, 0x53,
    0xab, 0xb2, 0x53, 0xab, 0xb2, 0x53, 0xab, 0xb2, 0x53, 0xab, 0xb2, 0x53,
    0xad, 0xb3, 0x53, 0xae, 0xb2, 0x53, 0xb0, 0xb1, 0x53, 0xb1, 0xb0, 0x53,
    0xb3, 0xb1, 0x54, 0xb5, 0xb2, 0x55, 0xb6, 0xb3, 0x53, 0xb6, 0xb3, 0x52,
    0xb6, 0xb3, 0x52, 0xb6, 0xb3, 0x52, 0xb5, 0xb2, 0x51, 0xb5, 0xb2, 0x51,
    0xb5, 0xb2, 0x51, 0xb6, 0xb4, 0x50, 0xb6, 0xb4, 0x50, 0xb6, 0xb4, 0x50,
    0xb7, 0xb5, 0x51, 0xb7, 0xb5, 0x51, 0xb7, 0xb5, 0x51, 0xb7, 0xb5, 0x51,
    0xb7, 0xb5, 0x51, 0xb7, 0xb5, 0x51, 0xb7, 0xb5, 0x51, 0xb7, 0xb5, 0x51,
    0xb7, 0xb5, 0x51, 0xb7, 0xb5, 0x50, 0xb7, 0xb3, 0x4e, 0xb6, 0xb2, 0x4f,
    0xb5, 0xb0, 0x53, 0xb4, 0xaf, 0x58, 0xb4, 0xad, 0x5d, 0xb4, 0xac, 0x61,
    0xb4, 0xac, 0x65, 0xb5, 0xaa, 0x68, 0xb6, 0xa9, 0x6c, 0xb7, 0xa8, 0x71,
    0xba, 0xa8, 0x78, 0xbe, 0xa9, 0x80, 0xc1, 0xaa, 0x85, 0xc4, 0xad, 0x8a,
    0xc7, 0xaf, 0x8d, 0xc9, 0xb1, 0x8f, 0xca, 0xb2, 0x90, 0xc9, 0xb1, 0x8f,
    0xc7, 0xaf, 0x8d, 0xc5, 0xac, 0x8b, 0xc1, 0xa7, 0x86, 0xbc, 0xa2, 0x81,
    0xb5, 0x9b, 0x7a, 0xae, 0x94, 0x73, 0xa8, 0x8e, 0x6d, 0xa3, 0x89, 0x67,
    0x9d, 0x85, 0x5f, 0x9c, 0x85, 0x59, 0x9d, 0x87, 0x56, 0x9f, 0x8d, 0x53,
    0xa2, 0x94, 0x50, 0xa7, 0x9b, 0x50, 0xaa, 0xa1, 0x50, 0xab, 0xa5, 0x51,
    0xde, 0xd1, 0xb5, 0xde, 0xd2, 0xb1, 0xd9, 0xce, 0xa5, 0xd4, 0xca, 0x98,
    0xce, 0xc6, 0x8b, 0xc8, 0xc1, 0x7f, 0xc3, 0xc0, 0x73, 0xbd, 0xbf, 0x69,
    0xb9, 0xbb, 0x65, 0xb6, 0xb9, 0x63, 0xb8, 0xbb, 0x65, 0xb7, 0xb9, 0x64,
    0xb5, 0xb7, 0x63, 0xb6, 0xb6, 0x61, 0xb7, 0xb7, 0x5e, 0xb7, 0xb7, 0x5b,
    0xb6, 0xb7, 0x5c, 0xb8, 0xb8, 0x60, 0xba, 0xba, 0x67, 0xba, 0xbc, 0x68,
    0xb6, 0xbb, 0x63, 0xb6, 0xb8, 0x63, 0xb7, 0xb4, 0x67, 0xbc, 0xb2, 0x75,
    0xcb, 0xbb, 0x8f, 0xdf, 0xca, 0xac, 0xe9, 0xcf, 0xbe, 0xef, 0xd7, 0xc9,
    0xed, 0xd9, 0xca, 0xe5, 0xd3, 0xc0, 0xd8, 0xc5, 0xad, 0xd2, 0xbc, 0x9e,
    0xc8, 0xaf, 0x90, 0xc3, 0xa7, 0x89, 0xbf, 0xa7, 0x85, 0xbe, 0xad, 0x81,
    0xbe, 0xb4, 0x7c, 0xba, 0xb8, 0x72, 0xb3, 0xb7, 0x67, 0xb0, 0xb7, 0x5a,
    0xb0, 0xb8, 0x55, 0xae, 0xb8, 0x56, 0xad, 0xb9, 0x57, 0xab, 0xb8, 0x5a,
    0xa9, 0xb8, 0x5e, 0xa6, 0xb6, 0x63, 0x9d, 0xab, 0x69, 0x92, 0xa0, 0x67,
    0x7f, 0x8e, 0x5c, 0x79, 0x8a, 0x5a, 0x7d, 0x92, 0x5f, 0x78, 0x8f, 0x57,
    0x7d, 0x94, 0x57, 0x75, 0x8b, 0x4d, 0x67, 0x7c, 0x40, 0x5f, 0x74, 0x3b,
    0x53, 0x68, 0x30, 0x4c, 0x60, 0x2b, 0x44, 0x57, 0x24, 0x43, 0x4f, 0x20,
    0x3f, 0x49, 0x1a, 0x39, 0x43, 0x16, 0x31, 0x3b, 0x0f, 0x2b, 0x35, 0x09,
    0x28, 0x31, 0x06, 0x29, 0x32, 0x06, 0x26, 0x32, 0x06, 0x1f, 0x2e, 0x06,
    0x1e, 0x2c, 0x08, 0x22, 0x2a, 0x06, 0x55, 0x51, 0x2d, 0xaa, 0x9b, 0x78,
    0xb2, 0xa0, 0x80, 0x94, 0x7f, 0x5f, 0x92, 0x7b, 0x58, 0x9f, 0x85, 0x5e,
    0xa6, 0x8a, 0x60, 0xab, 0x8c, 0x60, 0xa8, 0x88, 0x60, 0x95, 0x74, 0x4f,
    0x8c, 0x6f, 0x47, 0x82, 0x6a, 0x46, 0x46, 0x3b, 0x1c, 0x36, 0x38, 0x13,
    0x53, 0x61, 0x2d, 0x67, 0x79, 0x3d, 0x74, 0x86, 0x4a, 0x77, 0x89, 0x4f,
    0x7f, 0x91, 0x56, 0x90, 0xa2, 0x66, 0x92, 0xa4, 0x65, 0x93, 0xa4, 0x59,
    0xa4, 0xb3, 0x52, 0xa7, 0xb6, 0x4e, 0xa7, 0xb5, 0x48, 0xa9, 0xb6, 0x48,
    0xaa, 0xb5, 0x4a, 0xab, 0xb3, 0x4c, 0xa9, 0xb3, 0x4d, 0xa8, 0xb3, 0x4d,
    0xa8, 0xb3, 0x4b, 0xa8, 0xb3, 0x4b, 0xa8, 0xb3, 0x4a, 0xa8, 0xb3, 0x4a,
    0xa8, 0xb3, 0x4b, 0xa8, 0xb2, 0x4e, 0xa8, 0xb2, 0x4f, 0xa8, 0xb2, 0x4f,
    0xa8, 0xb2, 0x4f, 0xa8, 0xb2, 0x4f, 0xa8, 0xb2, 0x4f, 0xa9, 0xb2, 0x4f,
    0xaa, 0xb2, 0x4f, 0xaa, 0xb2, 0x4f, 0xaa, 0xb2, 0x4f, 0xab, 0xb3, 0x50,
    0xab, 0xb3, 0x50, 0xab, 0xb3, 0x50, 0xab, 0xb3, 0x50, 0xab, 0xb3, 0x50,
    0xab, 0xb3, 0x50, 0xac, 0xb4, 0x51, 0xac, 0xb4, 0x51, 0xac, 0xb4, 0x51,
    0xab, 0xb3, 0x50, 0xab, 0xb3, 0x50, 0xab, 0xb3, 0x50, 0xab, 0xb3, 0x50,
    0xab, 0xb3, 0x50, 0xab, 0xb3, 0x50, 0xab, 0xb3, 0x50, 0xaa, 0xb2, 0x4f,
    0xaa, 0xb2, 0x4f, 0xaa, 0xb2, 0x4f, 0xaa, 0xb2, 0x4f, 0xaa, 0xb2, 0x4f,
    0xaa, 0xb2, 0x4f, 0xa9, 0xb2, 0x4f, 0xa8, 0xb2, 0x4f, 0xa8, 0xb2, 0x4f,
    0xa8, 0xb2, 0x4f, 0xa8, 0xb2, 0x4f, 0xa8, 0xb2, 0x4f, 0xa8, 0xb2, 0x4f,
    0xa7, 0xb1, 0x4e, 0xa7, 0xb1, 0x4e, 0xa7, 0xb1, 0x4e, 0xa8, 0xb2, 0x4f,
    0xa8, 0xb2, 0x4f, 0xa8, 0xb2, 0x4f, 0xa9, 0xb2, 0x50, 0xaa, 0xb1, 0x52,
    0xaa, 0xb1, 0x52, 0xaa, 0xb1, 0x52, 0xa9, 0xb0, 0x51, 0xaa, 0xb1, 0x52,
    0xab, 0xb2, 0x53, 0xab, 0xb2, 0x53, 0xab, 0xb2, 0x53, 0xab, 0xb2, 0x53,
    0xab, 0xb2, 0x53, 0xab, 0xb2, 0x53, 0xab, 0xb2, 0x53, 0xab, 0xb2, 0x53,
    0xad, 0xb3, 0x53, 0xae, 0xb2, 0x53, 0xaf, 0xb2, 0x53, 0xb0, 0xb1, 0x53,
    0xb2, 0xb1, 0x54, 0xb4, 0xb2, 0x55, 0xb5, 0xb3, 0x53, 0xb6, 0xb3, 0x52,
    0xb6, 0xb3, 0x52, 0xb5, 0xb2, 0x51, 0xb4, 0xb1, 0x50, 0xb4, 0xb1, 0x50,
    0xb4, 0xb1, 0x50, 0xb6, 0xb4, 0x50, 0xb6, 0xb4, 0x50, 0xb6, 0xb4, 0x50,
    0xb7, 0xb5, 0x51, 0xb7, 0xb5, 0x51, 0xb7, 0xb5, 0x51, 0xb7, 0xb5, 0x51,
    0xb7, 0xb5, 0x51, 0xb7, 0xb5, 0x51, 0xb7, 0xb5, 0x51, 0xb7, 0xb5, 0x51,
    0xb7, 0xb5, 0x51, 0xb7, 0xb5, 0x50, 0xb7, 0xb4, 0x4e, 0xb7, 0xb3, 0x50,
    0xb6, 0xb1, 0x53, 0xb4, 0xaf, 0x56, 0xb4, 0xae, 0x5b, 0xb4, 0xad, 0x5e,
    0xb4, 0xac, 0x61, 0xb4, 0xaa, 0x65, 0xb4, 0xa9, 0x69, 0xb6, 0xa8, 0x6e,
    0xb9, 0xa8, 0x76, 0xbc, 0xa8, 0x7c, 0xbe, 0xa9, 0x81, 0xc3, 0xab, 0x88,
    0xc6, 0xae, 0x8c, 0xc9, 0xb1, 0x8f, 0xca, 0xb2, 0x90, 0xc9, 0xb1, 0x8f,
    0xc7, 0xaf, 0x8d, 0xc5, 0xac, 0x8b, 0xc1, 0xa7, 0x86, 0xbc, 0xa2, 0x81,
    0xb5, 0x9b, 0x7a, 0xae, 0x94, 0x73, 0xa8, 0x8e, 0x6d, 0xa3, 0x89, 0x67,
    0x9d, 0x84, 0x5e, 0x9b, 0x84, 0x5a, 0x9c, 0x86, 0x56, 0x9e, 0x8c, 0x53,
    0xa1, 0x92, 0x50, 0xa5, 0x99, 0x4f, 0xa8, 0x9e, 0x50, 0xaa, 0xa4, 0x51,
    0xe5, 0xd4, 0xc4, 0xe4, 0xd4, 0xc0, 0xe2, 0xd3, 0xb8, 0xdc, 0xce, 0xab,
    0xd8, 0xcc, 0xa0, 0xd9, 0xcd, 0x9b, 0xd8, 0xd2, 0x95, 0xd2, 0xd1, 0x8d,
    0xc9, 0xc8, 0x85, 0xc2, 0xc1, 0x80, 0xc3, 0xc2, 0x81, 0xbd, 0xbb, 0x7c,
    0xba, 0xb8, 0x7a, 0xbe, 0xbb, 0x79, 0xc0, 0xbc, 0x78, 0xc1, 0xbd, 0x77,
    0xc4, 0xc0, 0x79, 0xc8, 0xc4, 0x80, 0xcb, 0xc6, 0x88, 0xc9, 0xc7, 0x85,
    0xc3, 0xc4, 0x7b, 0xc2, 0xc1, 0x7a, 0xc1, 0xbb, 0x7c, 0xc5, 0xba, 0x86,
    0xcd, 0xbe, 0x97, 0xda, 0xc7, 0xab, 0xe7, 0xcd, 0xbc, 0xef, 0xd6, 0xc9,
    0xee, 0xd9, 0xca, 0xe6, 0xd4, 0xc1, 0xdf, 0xcc, 0xb2, 0xdb, 0xc5, 0xa5,
    0xd1, 0xb8, 0x97, 0xbe, 0xa3, 0x85, 0xb1, 0x98, 0x79, 0xb8, 0xa5, 0x7e,
    0xc2, 0xb5, 0x84, 0xc0, 0xba, 0x7d, 0xb9, 0xb8, 0x70, 0xb3, 0xb7, 0x5f,
    0xb0, 0xb7, 0x57, 0xae, 0xb8, 0x57, 0xad, 0xb9, 0x5a, 0xaa, 0xb9, 0x5f,
    0xa7, 0xb7, 0x64, 0xa1, 0xb1, 0x66, 0x92, 0xa1, 0x67, 0x88, 0x98, 0x64,
    0x7e, 0x8f, 0x5f, 0x7b, 0x8e, 0x5d, 0x83, 0x98, 0x63, 0x79, 0x8f, 0x57,
    0x76, 0x8d, 0x51, 0x6f, 0x85, 0x48, 0x5c, 0x71, 0x37, 0x57, 0x6c, 0x34,
    0x4d, 0x61, 0x2d, 0x46, 0x5a, 0x28, 0x40, 0x52, 0x23, 0x3f, 0x4a, 0x1e,
    0x39, 0x43, 0x17, 0x34, 0x3e, 0x12, 0x2d, 0x37, 0x0c, 0x2b, 0x35, 0x09,
    0x29, 0x34, 0x07, 0x28, 0x33, 0x06, 0x21, 0x30, 0x03, 0x1a, 0x2b, 0x01,
    0x18, 0x27, 0x01, 0x1c, 0x24, 0x01, 0x4b, 0x46, 0x22, 0xa1, 0x93, 0x6f,
    0xba, 0xa7, 0x84, 0xa0, 0x8b, 0x67, 0xa1, 0x89, 0x64, 0xab, 0x91, 0x69,
    0xa7, 0x8a, 0x60, 0xae, 0x8e, 0x63, 0xae, 0x8d, 0x66, 0x97, 0x76, 0x52,
    0x89, 0x6b, 0x43, 0x80, 0x69, 0x45, 0x43, 0x37, 0x1a, 0x32, 0x34, 0x11,
    0x53, 0x61, 0x2e, 0x6b, 0x7c, 0x43, 0x78, 0x8a, 0x50, 0x79, 0x8b, 0x51,
    0x82, 0x94, 0x5a, 0x8e, 0xa0, 0x65, 0x8c, 0x9e, 0x63, 0x8e, 0x9f, 0x5a,
    0xa1, 0xb0, 0x56, 0xa6, 0xb6, 0x54, 0xa7, 0xb6, 0x4e, 0xa7, 0xb5, 0x4b,
    0xa9, 0xb4, 0x4b, 0xa8, 0xb3, 0x4c, 0xa8, 0xb3, 0x4e, 0xa8, 0xb3, 0x4f,
    0xa8, 0xb4, 0x4e, 0xa8, 0xb3, 0x4c, 0xa8, 0xb3, 0x4a, 0xa8, 0xb3, 0x4a,
    0xa8, 0xb3, 0x4b, 0xa8, 0xb3, 0x4f, 0xa8, 0xb3, 0x50, 0xa8, 0xb3, 0x50,
    0xa8, 0xb2, 0x50, 0xa8, 0xb2, 0x50, 0xa8, 0xb2, 0x50, 0xa9, 0xb2, 0x50,
    0xaa, 0xb2, 0x50, 0xaa, 0xb2, 0x50, 0xaa, 0xb2, 0x50, 0xab, 0xb2, 0x50,
    0xab, 0xb2, 0x50, 0xab, 0xb2, 0x50, 0xab, 0xb2, 0x50, 0xab, 0xb2, 0x50,
    0xab, 0xb2, 0x50, 0xac, 0xb3, 0x51, 0xac, 0xb3, 0x51, 0xac, 0xb3, 0x51,
    0xaa, 0xb3, 0x50, 0xaa, 0xb3, 0x50, 0xaa, 0xb3, 0x50, 0xaa, 0xb3, 0x50,
    0xaa, 0xb3, 0x50, 0xaa, 0xb3, 0x50, 0xaa, 0xb3, 0x50, 0xaa, 0xb2, 0x50,
    0xaa, 0xb2, 0x50, 0xaa, 0xb2, 0x50, 0xaa, 0xb2, 0x50, 0xaa, 0xb2, 0x50,
    0xaa, 0xb2, 0x50, 0xa9, 0xb2, 0x50, 0xa8, 0xb2, 0x50, 0xa8, 0xb2, 0x50,
    0xa8, 0xb2, 0x50, 0xa7, 0xb2, 0x4f, 0xa7, 0xb2, 0x4f, 0xa7, 0xb2, 0x4f,
    0xa7, 0xb1, 0x4f, 0xa7, 0xb1, 0x4f, 0xa7, 0xb1, 0x4f, 0xa7, 0xb2, 0x4f,
    0xa7, 0xb2, 0x4f, 0xa7, 0xb2, 0x4f, 0xa8, 0xb2, 0x50, 0xaa, 0xb1, 0x52,
    0xaa, 0xb1, 0x52, 0xaa, 0xb1, 0x52, 0xa9, 0xb0, 0x51, 0xaa, 0xb1, 0x52,
    0xaa, 0xb1, 0x52, 0xab, 0xb2, 0x53, 0xab, 0xb2, 0x53, 0xab, 0xb2, 0x53,
    0xab, 0xb2, 0x53, 0xab, 0xb2, 0x53, 0xab, 0xb2, 0x53, 0xab, 0xb2, 0x53,
    0xad, 0xb3, 0x53, 0xae, 0xb2, 0x53, 0xae, 0xb2, 0x53, 0xaf, 0xb1, 0x53,
    0xb1, 0xb1, 0x54, 0xb2, 0xb2, 0x55, 0xb4, 0xb2, 0x53, 0xb5, 0xb2, 0x51,
    0xb5, 0xb2, 0x51, 0xb5, 0xb2, 0x51, 0xb5, 0xb2, 0x51, 0xb5, 0xb2, 0x51,
    0xb6, 0xb3, 0x51, 0xb6, 0xb4, 0x50, 0xb6, 0xb4, 0x50, 0xb7, 0xb5, 0x51,
    0xb7, 0xb5, 0x51, 0xb7, 0xb5, 0x51, 0xb7, 0xb5, 0x51, 0xb7, 0xb5, 0x51,
    0xb7, 0xb5, 0x51, 0xb7, 0xb5, 0x51, 0xb7, 0xb5, 0x51, 0xb7, 0xb5, 0x51,
    0xb7, 0xb5, 0x51, 0xb7, 0xb5, 0x51, 0xb7, 0xb4, 0x4f, 0xb7, 0xb3, 0x50,
    0xb6, 0xb1, 0x52, 0xb4, 0xaf, 0x55, 0xb4, 0xae, 0x59, 0xb4, 0xad, 0x5c,
    0xb4, 0xac, 0x5f, 0xb3, 0xab, 0x63, 0xb4, 0xa9, 0x67, 0xb5, 0xa9, 0x6d,
    0xb8, 0xa8, 0x74, 0xba, 0xa8, 0x79, 0xbc, 0xa9, 0x7e, 0xc1, 0xaa, 0x86,
    0xc5, 0xad, 0x8b, 0xc8, 0xb0, 0x8e, 0xc9, 0xb1, 0x8f, 0xc8, 0xb0, 0x8e,
    0xc7, 0xaf, 0x8d, 0xc5, 0xac, 0x8b, 0xc1, 0xa7, 0x86, 0xbc, 0xa2, 0x81,
    0xb6, 0x9c, 0x7b, 0xaf, 0x95, 0x74, 0xa9, 0x8f, 0x6e, 0xa3, 0x89, 0x68,
    0x9e, 0x85, 0x61, 0x9a, 0x83, 0x5a, 0x9b, 0x86, 0x56, 0x9d, 0x8b, 0x53,
    0xa0, 0x90, 0x4f, 0xa4, 0x97, 0x4f, 0xa7, 0x9d, 0x4f, 0xaa, 0xa3, 0x51,
    0xe4, 0xd0, 0xc5, 0xe4, 0xd1, 0xc3, 0xe5, 0xd2, 0xbf, 0xe2, 0xd0, 0xb7,
    0xe2, 0xd1, 0xb3, 0xe7, 0xd6, 0xb4, 0xe7, 0xdc, 0xb3, 0xe0, 0xdc, 0xad,
    0xd7, 0xd3, 0xa6, 0xd1, 0xcc, 0xa3, 0xcf, 0xca, 0xa2, 0xc8, 0xc2, 0x9d,
    0xc8, 0xc2, 0x9d, 0xd0, 0xc7, 0x9e, 0xd3, 0xca, 0x9d, 0xd5, 0xcd, 0x9e,
    0xd6, 0xce, 0xa0, 0xd9, 0xd0, 0xa5, 0xda, 0xd1, 0xab, 0xda, 0xd2, 0xa8,
    0xd8, 0xd4, 0x9e, 0xd9, 0xd4, 0xa0, 0xd7, 0xcf, 0x9f, 0xd5, 0xc9, 0xa0,
    0xd2, 0xc2, 0xa2, 0xd3, 0xc0, 0xa6, 0xdc, 0xc4, 0xb2, 0xe9, 0xd1, 0xc3,
    0xef, 0xdb, 0xcc, 0xea, 0xd8, 0xc6, 0xe5, 0xd1, 0xb9, 0xdf, 0xc9, 0xab,
    0xd2, 0xba, 0x99, 0xb4, 0x99, 0x7b, 0xa3, 0x8b, 0x6d, 0xb0, 0x9c, 0x7a,
    0xc3, 0xb3, 0x8b, 0xc6, 0xbd, 0x88, 0xbf, 0xba, 0x79, 0xb6, 0xb7, 0x65,
    0xb0, 0xb7, 0x5b, 0xae, 0xb7, 0x5a, 0xac, 0xb9, 0x5d, 0xa7, 0xb7, 0x63,
    0xa1, 0xb3, 0x68, 0x97, 0xa9, 0x69, 0x86, 0x97, 0x64, 0x7f, 0x91, 0x5f,
    0x81, 0x94, 0x63, 0x7c, 0x90, 0x5e, 0x81, 0x95, 0x61, 0x76, 0x8b, 0x54,
    0x6c, 0x82, 0x49, 0x66, 0x7b, 0x42, 0x57, 0x6c, 0x34, 0x51, 0x66, 0x30,
    0x47, 0x5b, 0x29, 0x41, 0x55, 0x25, 0x3c, 0x4e, 0x20, 0x39, 0x46, 0x1a,
    0x35, 0x41, 0x16, 0x36, 0x42, 0x17, 0x3a, 0x46, 0x1a, 0x3b, 0x48, 0x18,
    0x39, 0x46, 0x16, 0x33, 0x42, 0x11, 0x2c, 0x3e, 0x0c, 0x24, 0x37, 0x09,
    0x20, 0x32, 0x07, 0x21, 0x2a, 0x03, 0x4a, 0x46, 0x1f, 0xa0, 0x91, 0x6a,
    0xbd, 0xa9, 0x83, 0xa8, 0x91, 0x6c, 0xb1, 0x99, 0x72, 0xb6, 0x9a, 0x72,
    0xaa, 0x8b, 0x62, 0xb5, 0x94, 0x69, 0xb6, 0x94, 0x6f, 0x9d, 0x7c, 0x59,
    0x8d, 0x6f, 0x48, 0x83, 0x6b, 0x48, 0x43, 0x37, 0x1a, 0x30, 0x32, 0x10,
    0x4e, 0x5b, 0x2a, 0x66, 0x77, 0x40, 0x78, 0x8a, 0x51, 0x78, 0x8a, 0x50,
    0x7d, 0x8f, 0x55, 0x83, 0x94, 0x5c, 0x84, 0x95, 0x5e, 0x88, 0x97, 0x5a,
    0x96, 0xa6, 0x57, 0xa0, 0xb0, 0x59, 0xa4, 0xb4, 0x56, 0xa4, 0xb3, 0x50,
    0xa6, 0xb3, 0x4f, 0xa7, 0xb3, 0x50, 0xa7, 0xb2, 0x52, 0xa7, 0xb2, 0x52,
    0xa7, 0xb3, 0x51, 0xa7, 0xb3, 0x4f, 0xa7, 0xb3, 0x4d, 0xa7, 0xb4, 0x4b,
    0xa7, 0xb4, 0x4c, 0xa8, 0xb4, 0x51, 0xa8, 0xb4, 0x52, 0xa8, 0xb4, 0x52,
    0xa7, 0xb3, 0x51, 0xa7, 0xb3, 0x51, 0xa7, 0xb3, 0x51, 0xa9, 0xb2, 0x51,
    0xaa, 0xb1, 0x51, 0xaa, 0xb1, 0x51, 0xaa, 0xb1, 0x51, 0xaa, 0xb1, 0x51,
    0xaa, 0xb1, 0x51, 0xaa, 0xb1, 0x51, 0xaa, 0xb1, 0x51, 0xaa, 0xb1, 0x51,
    0xaa, 0xb1, 0x51, 0xab, 0xb2, 0x52, 0xab, 0xb2, 0x52, 0xab, 0xb2, 0x52,
    0xa9, 0xb2, 0x51, 0xa8, 0xb2, 0x51, 0xa8, 0xb2, 0x51, 0xa8, 0xb2, 0x51,
    0xa8, 0xb2, 0x51, 0xa8, 0xb2, 0x51, 0xa8, 0xb2, 0x51, 0xaa, 0xb1, 0x51,
    0xaa, 0xb1, 0x51, 0xaa, 0xb1, 0x51, 0xaa, 0xb1, 0x51, 0xaa, 0xb1, 0x51,
    0xaa, 0xb1, 0x51, 0xa8, 0xb2, 0x51, 0xa7, 0xb3, 0x51, 0xa7, 0xb3, 0x51,
    0xa7, 0xb3, 0x51, 0xa6, 0xb2, 0x50, 0xa6, 0xb2, 0x50, 0xa6, 0xb2, 0x50,
    0xa6, 0xb2, 0x50, 0xa6, 0xb2, 0x50, 0xa6, 0xb2, 0x50, 0xa6, 0xb2, 0x50,
    0xa6, 0xb2, 0x50, 0xa6, 0xb2, 0x50, 0xa7, 0xb1, 0x50, 0xa9, 0xb0, 0x51,
    0xa9, 0xb0, 0x51, 0xa9, 0xb0, 0x51, 0xa9, 0xb0, 0x51, 0xa9, 0xb0, 0x51,
    0xa9, 0xb0, 0x51, 0xaa, 0xb1, 0x52, 0xaa, 0xb1, 0x52, 0xaa, 0xb1, 0x52,
    0xaa, 0xb1, 0x52, 0xaa, 0xb1, 0x52, 0xaa, 0xb1, 0x52, 0xaa, 0xb1, 0x52,
    0xac, 0xb3, 0x53, 0xad, 0xb3, 0x53, 0xae, 0xb2, 0x53, 0xae, 0xb1, 0x52,
    0xb0, 0xb1, 0x53, 0xb1, 0xb1, 0x54, 0xb3, 0xb1, 0x52, 0xb4, 0xb1, 0x50,
    0xb4, 0xb1, 0x50, 0xb4, 0xb1, 0x50, 0xb6, 0xb3, 0x52, 0xb7, 0xb4, 0x53,
    0xb7, 0xb4, 0x53, 0xb6, 0xb4, 0x50, 0xb6, 0xb4, 0x50, 0xb8, 0xb6, 0x52,
    0xb7, 0xb5, 0x51, 0xb7, 0xb5, 0x51, 0xb7, 0xb5, 0x51, 0xb7, 0xb5, 0x51,
    0xb7, 0xb5, 0x51, 0xb7, 0xb5, 0x51, 0xb7, 0xb5, 0x51, 0xb7, 0xb5, 0x51,
    0xb7, 0xb5, 0x51, 0xb7, 0xb5, 0x51, 0xb7, 0xb4, 0x50, 0xb7, 0xb3, 0x50,
    0xb6, 0xb1, 0x52, 0xb4, 0xaf, 0x53, 0xb4, 0xae, 0x57, 0xb4, 0xae, 0x5a,
    0xb3, 0xad, 0x5d, 0xb2, 0xac, 0x61, 0xb3, 0xab, 0x64, 0xb4, 0xa9, 0x6a,
    0xb6, 0xa9, 0x70, 0xb7, 0xa7, 0x75, 0xba, 0xa7, 0x7b, 0xbf, 0xa9, 0x84,
    0xc3, 0xab, 0x89, 0xc6, 0xae, 0x8c, 0xc6, 0xae, 0x8c, 0xc7, 0xaf, 0x8d,
    0xc7, 0xaf, 0x8d, 0xc5, 0xac, 0x8a, 0xc1, 0xa7, 0x86, 0xbd, 0xa3, 0x82,
    0xb8, 0x9e, 0x7d, 0xb1, 0x97, 0x76, 0xab, 0x91, 0x70, 0xa5, 0x8b, 0x6a,
    0x9f, 0x87, 0x63, 0x9a, 0x82, 0x5b, 0x9a, 0x85, 0x56, 0x9d, 0x8b, 0x53,
    0x9f, 0x8f, 0x4f, 0xa3, 0x96, 0x4f, 0xa6, 0x9c, 0x50, 0xa9, 0xa2, 0x51,
    0xdc, 0xc6, 0xb9, 0xde, 0xc8, 0xb9, 0xe0, 0xca, 0xb9, 0xe1, 0xcc, 0xb9,
    0xe8, 0xd3, 0xbe, 0xf0, 0xdb, 0xc4, 0xee, 0xe0, 0xc5, 0xe6, 0xdf, 0xc2,
    0xe1, 0xdb, 0xbf, 0xdf, 0xd8, 0xc0, 0xda, 0xd2, 0xbe, 0xd6, 0xce, 0xbc,
    0xda, 0xd0, 0xc0, 0xe1, 0xd5, 0xc0, 0xe3, 0xd7, 0xbd, 0xe4, 0xd9, 0xbc,
    0xe5, 0xda, 0xbd, 0xe3, 0xd7, 0xbf, 0xe3, 0xd6, 0xc3, 0xe5, 0xd9, 0xc3,
    0xe5, 0xdc, 0xbd, 0xea, 0xe0, 0xc1, 0xeb, 0xdf, 0xc2, 0xe8, 0xd9, 0xbd,
    0xdd, 0xcd, 0xb3, 0xd2, 0xc0, 0xa8, 0xd1, 0xbb, 0xa8, 0xde, 0xc8, 0xb8,
    0xec, 0xd9, 0xca, 0xec, 0xdc, 0xcb, 0xe8, 0xd6, 0xc2, 0xe2, 0xce, 0xb5,
    0xd6, 0xbf, 0xa1, 0xb0, 0x96, 0x78, 0x99, 0x81, 0x65, 0xa9, 0x93, 0x78,
    0xc1, 0xaf, 0x8e, 0xc7, 0xbb, 0x8d, 0xc1, 0xb8, 0x7e, 0xb6, 0xb5, 0x6a,
    0xb1, 0xb6, 0x60, 0xad, 0xb6, 0x5d, 0xa9, 0xb6, 0x61, 0xa6, 0xb7, 0x6a,
    0x98, 0xaa, 0x6b, 0x8d, 0xa0, 0x69, 0x80, 0x94, 0x61, 0x7a, 0x8e, 0x5c,
    0x85, 0x99, 0x66, 0x7f, 0x93, 0x5f, 0x78, 0x8c, 0x57, 0x71, 0x85, 0x4f,
    0x64, 0x78, 0x43, 0x5c, 0x71, 0x3c, 0x51, 0x65, 0x31, 0x49, 0x5d, 0x2a,
    0x43, 0x57, 0x25, 0x3f, 0x53, 0x21, 0x40, 0x53, 0x24, 0x42, 0x53, 0x25,
    0x47, 0x57, 0x29, 0x4d, 0x5d, 0x2e, 0x52, 0x63, 0x31, 0x51, 0x62, 0x2e,
    0x4c, 0x5d, 0x28, 0x45, 0x57, 0x21, 0x3d, 0x51, 0x1b, 0x35, 0x4c, 0x19,
    0x32, 0x46, 0x16, 0x31, 0x3b, 0x0e, 0x58, 0x54, 0x28, 0xa2, 0x94, 0x68,
    0xb8, 0xa3, 0x7a, 0xa2, 0x8c, 0x64, 0xad, 0x94, 0x6c, 0xb5, 0x98, 0x70,
    0xae, 0x8f, 0x66, 0xb6, 0x94, 0x6b, 0xac, 0x89, 0x64, 0x90, 0x6f, 0x4e,
    0x8d, 0x6f, 0x49, 0x82, 0x6a, 0x49, 0x43, 0x37, 0x1c, 0x2c, 0x2e, 0x0c,
    0x49, 0x56, 0x26, 0x65, 0x76, 0x40, 0x7c, 0x8e, 0x56, 0x7a, 0x8c, 0x52,
    0x82, 0x93, 0x59, 0x7f, 0x90, 0x59, 0x82, 0x92, 0x61, 0x89, 0x98, 0x63,
    0x8f, 0x9f, 0x5d, 0x96, 0xa6, 0x5c, 0x9c, 0xab, 0x59, 0xa0, 0xaf, 0x56,
    0xa2, 0xb0, 0x55, 0xa5, 0xb2, 0x57, 0xa7, 0xb2, 0x58, 0xa7, 0xb1, 0x58,
    0xa6, 0xb1, 0x54, 0xa6, 0xb2, 0x52, 0xa7, 0xb3, 0x50, 0xa7, 0xb3, 0x4e,
    0xa7, 0xb3, 0x4e, 0xa7, 0xb3, 0x51, 0xa7, 0xb3, 0x51, 0xa7, 0xb3, 0x51,
    0xa7, 0xb3, 0x51, 0xa7, 0xb3, 0x51, 0xa7, 0xb3, 0x51, 0xa8, 0xb2, 0x51,
    0xaa, 0xb1, 0x51, 0xaa, 0xb1, 0x51, 0xaa, 0xb1, 0x51, 0xaa, 0xb1, 0x51,
    0xaa, 0xb1, 0x51, 0xaa, 0xb1, 0x51, 0xaa, 0xb1, 0x51, 0xaa, 0xb1, 0x51,
    0xaa, 0xb1, 0x51, 0xaa, 0xb1, 0x51, 0xaa, 0xb1, 0x51, 0xaa, 0xb1, 0x51,
    0xa9, 0xb2, 0x51, 0xa8, 0xb2, 0x51, 0xa8, 0xb2, 0x51, 0xa8, 0xb2, 0x51,
    0xa8, 0xb2, 0x51, 0xa8, 0xb2, 0x51, 0xa8, 0xb2, 0x51, 0xaa, 0xb1, 0x51,
    0xaa, 0xb1, 0x51, 0xaa, 0xb1, 0x51, 0xaa, 0xb1, 0x51, 0xaa, 0xb1, 0x51,
    0xaa, 0xb1, 0x51, 0xa8, 0xb2, 0x51, 0xa6, 0xb2, 0x50, 0xa6, 0xb2, 0x50,
    0xa6, 0xb2, 0x50, 0xa6, 0xb2, 0x50, 0xa6, 0xb2, 0x50, 0xa6, 0xb2, 0x50,
    0xa6, 0xb2, 0x50, 0xa6, 0xb2, 0x50, 0xa6, 0xb2, 0x50, 0xa6, 0xb2, 0x50,
    0xa6, 0xb2, 0x50, 0xa6, 0xb2, 0x50, 0xa6, 0xb2, 0x50, 0xa9, 0xb0, 0x51,
    0xa9, 0xb0, 0x51, 0xa9, 0xb0, 0x51, 0xa9, 0xb0, 0x51, 0xa9, 0xb0, 0x51,
    0xa9, 0xb0, 0x51, 0xaa, 0xb1, 0x52, 0xaa, 0xb1, 0x52, 0xaa, 0xb1, 0x52,
    0xaa, 0xb1, 0x52, 0xaa, 0xb1, 0x52, 0xaa, 0xb1, 0x52, 0xaa, 0xb1, 0x52,
    0xab, 0xb2, 0x52, 0xab, 0xb2, 0x52, 0xac, 0xb2, 0x52, 0xad, 0xb1, 0x52,
    0xaf, 0xb2, 0x53, 0xb1, 0xb2, 0x54, 0xb3, 0xb2, 0x52, 0xb4, 0xb1, 0x50,
    0xb4, 0xb1, 0x50, 0xb4, 0xb1, 0x50, 0xb5, 0xb2, 0x51, 0xb6, 0xb3, 0x52,
    0xb7, 0xb4, 0x52, 0xb6, 0xb4, 0x50, 0xb6, 0xb4, 0x50, 0xb8, 0xb6, 0x52,
    0xb7, 0xb5, 0x51, 0xb7, 0xb5, 0x51, 0xb7, 0xb5, 0x51, 0xb7, 0xb5, 0x51,
    0xb7, 0xb5, 0x51, 0xb7, 0xb5, 0x51, 0xb7, 0xb5, 0x51, 0xb7, 0xb5, 0x51,
    0xb7, 0xb5, 0x51, 0xb7, 0xb5, 0x51, 0xb7, 0xb4, 0x50, 0xb7, 0xb3, 0x50,
    0xb6, 0xb1, 0x52, 0xb4, 0xaf, 0x53, 0xb4, 0xaf, 0x55, 0xb4, 0xae, 0x58,
    0xb3, 0xad, 0x5b, 0xb2, 0xac, 0x5f, 0xb2, 0xab, 0x63, 0xb3, 0xaa, 0x68,
    0xb3, 0xa7, 0x6d, 0xb4, 0xa5, 0x72, 0xb7, 0xa6, 0x78, 0xbd, 0xa6, 0x82,
    0xc1, 0xa9, 0x87, 0xc4, 0xac, 0x8a, 0xc5, 0xad, 0x8b, 0xc6, 0xae, 0x8c,
    0xc6, 0xae, 0x8c, 0xc5, 0xac, 0x8a, 0xc1, 0xa7, 0x86, 0xbe, 0xa4, 0x83,
    0xba, 0xa0, 0x7f, 0xb3, 0x99, 0x78, 0xad, 0x93, 0x72, 0xa7, 0x8d, 0x6c,
    0xa1, 0x88, 0x65, 0x9c, 0x84, 0x5d, 0x9b, 0x85, 0x58, 0x9c, 0x8a, 0x53,
    0x9f, 0x8f, 0x51, 0xa4, 0x97, 0x51, 0xa7, 0x9d, 0x51, 0xa9, 0xa2, 0x51,
    0xd4, 0xbd, 0xaa, 0xd8, 0xc1, 0xae, 0xdc, 0xc6, 0xb3, 0xde, 0xc8, 0xb6,
    0xe5, 0xcf, 0xbd, 0xed, 0xd7, 0xc5, 0xeb, 0xdb, 0xc7, 0xe4, 0xdb, 0xc6,
    0xe2, 0xda, 0xc7, 0xe3, 0xd9, 0xcb, 0xe0, 0xd6, 0xcb, 0xdf, 0xd4, 0xcc,
    0xe4, 0xd9, 0xd2, 0xed, 0xde, 0xd2, 0xee, 0xdf, 0xce, 0xed, 0xde, 0xcb,
    0xed, 0xde, 0xcc, 0xec, 0xdc, 0xcc, 0xeb, 0xdb, 0xd0, 0xec, 0xdd, 0xd4,
    0xed, 0xe0, 0xd3, 0xf4, 0xe7, 0xd8, 0xf7, 0xe8, 0xd9, 0xf3, 0xe4, 0xd1,
    0xeb, 0xdb, 0xc4, 0xde, 0xcd, 0xb4, 0xd4, 0xc0, 0xac, 0xdc, 0xc8, 0xb8,
    0xe8, 0xd8, 0xc9, 0xeb, 0xdc, 0xcd, 0xe9, 0xd9, 0xc8, 0xe8, 0xd5, 0xc1,
    0xdf, 0xca, 0xaf, 0xbe, 0xa5, 0x85, 0x9f, 0x86, 0x6c, 0xad, 0x96, 0x7e,
    0xc3, 0xb0, 0x93, 0xc6, 0xb7, 0x90, 0xc0, 0xb4, 0x80, 0xb7, 0xb4, 0x6e,
    0xb4, 0xb8, 0x66, 0xaf, 0xb7, 0x62, 0xa9, 0xb6, 0x63, 0xa3, 0xb3, 0x6d,
    0x92, 0xa3, 0x6c, 0x85, 0x99, 0x69, 0x7f, 0x95, 0x62, 0x7b, 0x92, 0x5d,
    0x85, 0x9c, 0x65, 0x81, 0x96, 0x60, 0x73, 0x87, 0x52, 0x6b, 0x7f, 0x4a,
    0x60, 0x73, 0x42, 0x56, 0x6a, 0x3b, 0x4c, 0x60, 0x30, 0x44, 0x58, 0x27,
    0x44, 0x58, 0x26, 0x4a, 0x5e, 0x2b, 0x52, 0x66, 0x34, 0x55, 0x69, 0x38,
    0x5d, 0x71, 0x40, 0x5f, 0x73, 0x3f, 0x5d, 0x72, 0x3b, 0x5b, 0x6f, 0x37,
    0x55, 0x6a, 0x30, 0x4e, 0x64, 0x28, 0x48, 0x60, 0x25, 0x42, 0x5c, 0x23,
    0x3f, 0x54, 0x20, 0x3e, 0x4a, 0x17, 0x63, 0x60, 0x2f, 0x9f, 0x91, 0x62,
    0xac, 0x97, 0x6d, 0x9a, 0x83, 0x5a, 0xa1, 0x87, 0x5f, 0xab, 0x8e, 0x66,
    0xae, 0x8d, 0x64, 0xb1, 0x8f, 0x66, 0x97, 0x74, 0x50, 0x7f, 0x5d, 0x3d,
    0x8c, 0x6e, 0x49, 0x7f, 0x67, 0x46, 0x42, 0x36, 0x1b, 0x29, 0x2b, 0x09,
    0x47, 0x55, 0x25, 0x62, 0x73, 0x3e, 0x75, 0x86, 0x4f, 0x76, 0x88, 0x4e,
    0x7f, 0x91, 0x57, 0x83, 0x94, 0x5f, 0x8a, 0x9a, 0x6c, 0x89, 0x98, 0x6a,
    0x87, 0x96, 0x5e, 0x8b, 0x9b, 0x5c, 0x93, 0xa3, 0x5a, 0x99, 0xa7, 0x56,
    0x9a, 0xa8, 0x55, 0x9f, 0xad, 0x59, 0xa4, 0xb1, 0x5c, 0xa5, 0xb1, 0x5c,
    0xa5, 0xb2, 0x59, 0xa5, 0xb2, 0x56, 0xa5, 0xb3, 0x53, 0xa5, 0xb3, 0x50,
    0xa5, 0xb4, 0x50, 0xa5, 0xb3, 0x52, 0xa5, 0xb3, 0x52, 0xa5, 0xb3, 0x52,
    0xa5, 0xb3, 0x52, 0xa5, 0xb3, 0x52, 0xa5, 0xb3, 0x52, 0xa8, 0xb2, 0x52,
    0xaa, 0xb1, 0x52, 0xaa, 0xb1, 0x52, 0xaa, 0xb1, 0x52, 0xaa, 0xb1, 0x52,
    0xaa, 0xb1, 0x52, 0xaa, 0xb1, 0x52, 0xaa, 0xb1, 0x52, 0xaa, 0xb1, 0x52,
    0xaa, 0xb1, 0x52, 0xaa, 0xb1, 0x52, 0xaa, 0xb1, 0x52, 0xaa, 0xb1, 0x52,
    0xa9, 0xb2, 0x52, 0xa7, 0xb2, 0x52, 0xa7, 0xb2, 0x52, 0xa7, 0xb2, 0x52,
    0xa7, 0xb2, 0x52, 0xa7, 0xb2, 0x52, 0xa8, 0xb2, 0x52, 0xaa, 0xb1, 0x52,
    0xaa, 0xb1, 0x52, 0xaa, 0xb1, 0x52, 0xaa, 0xb1, 0x52, 0xaa, 0xb1, 0x52,
    0xaa, 0xb1, 0x52, 0xa7, 0xb1, 0x52, 0xa4, 0xb2, 0x51, 0xa4, 0xb2, 0x51,
    0xa4, 0xb2, 0x51, 0xa4, 0xb2, 0x51, 0xa4, 0xb2, 0x51, 0xa4, 0xb2, 0x51,
    0xa4, 0xb2, 0x51, 0xa4, 0xb2, 0x51, 0xa4, 0xb2, 0x51, 0xa4, 0xb2, 0x51,
    0xa4, 0xb2, 0x51, 0xa4, 0xb2, 0x51, 0xa6, 0xb1, 0x51, 0xa9, 0xb0, 0x51,
    0xa9, 0xb0, 0x51, 0xa9, 0xb0, 0x51, 0xa9, 0xb0, 0x51, 0xa9, 0xb0, 0x51,
    0xa9, 0xb0, 0x51, 0xaa, 0xb1, 0x52, 0xaa, 0xb1, 0x52, 0xaa, 0xb1, 0x52,
    0xaa, 0xb1, 0x52, 0xaa, 0xb1, 0x52, 0xaa, 0xb1, 0x52, 0xaa, 0xb1, 0x52,
    0xa9, 0xb3, 0x52, 0xaa, 0xb2, 0x52, 0xab, 0xb2, 0x52, 0xac, 0xb2, 0x52,
    0xae, 0xb2, 0x53, 0xb0, 0xb2, 0x54, 0xb3, 0xb2, 0x52, 0xb4, 0xb1, 0x50,
    0xb4, 0xb1, 0x50, 0xb4, 0xb1, 0x50, 0xb5, 0xb2, 0x51, 0xb5, 0xb2, 0x51,
    0xb6, 0xb3, 0x52, 0xb6, 0xb4, 0x50, 0xb6, 0xb4, 0x50, 0xb8, 0xb6, 0x52,
    0xb7, 0xb5, 0x51, 0xb7, 0xb5, 0x51, 0xb7, 0xb5, 0x51, 0xb7, 0xb5, 0x51,
    0xb7, 0xb5, 0x51, 0xb7, 0xb5, 0x51, 0xb7, 0xb5, 0x51, 0xb7, 0xb5, 0x51,
    0xb7, 0xb5, 0x51, 0xb7, 0xb5, 0x51, 0xb7, 0xb4, 0x50, 0xb7, 0xb3, 0x50,
    0xb6, 0xb1, 0x52, 0xb4, 0xaf, 0x53, 0xb4, 0xaf, 0x54, 0xb4, 0xae, 0x56,
    0xb3, 0xae, 0x59, 0xb0, 0xad, 0x5e, 0xb2, 0xac, 0x61, 0xb2, 0xaa, 0x66,
    0xb2, 0xa7, 0x6b, 0xb2, 0xa5, 0x70, 0xb6, 0xa6, 0x76, 0xbb, 0xa5, 0x80,
    0xbf, 0xa7, 0x85, 0xc2, 0xaa, 0x88, 0xc4, 0xac, 0x8a, 0xc6, 0xae, 0x8c,
    0xc6, 0xae, 0x8c, 0xc4, 0xab, 0x8a, 0xc1, 0xa7, 0x86, 0xbf, 0xa5, 0x84,
    0xbb, 0xa1, 0x80, 0xb5, 0x9b, 0x7a, 0xaf, 0x95, 0x74, 0xa9, 0x8f, 0x6e,
    0xa2, 0x89, 0x67, 0x9d, 0x85, 0x60, 0x9b, 0x85, 0x58, 0x9c, 0x8a, 0x54,
    0xa0, 0x90, 0x52, 0xa4, 0x97, 0x52, 0xa7, 0x9d, 0x52, 0xa9, 0xa2, 0x53,
    0xc4, 0xae, 0x94, 0xcb, 0xb5, 0x9d, 0xd4, 0xbe, 0xa8, 0xd7, 0xc0, 0xad,
    0xdb, 0xc3, 0xb3, 0xe1, 0xca, 0xbb, 0xde, 0xcd, 0xbc, 0xd9, 0xd0, 0xbc,
    0xe0, 0xd7, 0xc6, 0xe4, 0xdb, 0xce, 0xe4, 0xda, 0xd1, 0xe4, 0xd9, 0xd3,
    0xea, 0xde, 0xda, 0xf2, 0xe2, 0xd9, 0xf0, 0xe0, 0xd1, 0xeb, 0xdb, 0xcc,
    0xe9, 0xd9, 0xca, 0xea, 0xda, 0xce, 0xeb, 0xda, 0xd3, 0xec, 0xdb, 0xd9,
    0xef, 0xe0, 0xdf, 0xf7, 0xe7, 0xe4, 0xfa, 0xea, 0xe4, 0xf8, 0xe8, 0xdb,
    0xf5, 0xe6, 0xd1, 0xea, 0xdb, 0xc2, 0xdd, 0xcc, 0xb6, 0xe0, 0xcf, 0xbd,
    0xea, 0xdd, 0xcd, 0xee, 0xe1, 0xd4, 0xed, 0xde, 0xd0, 0xed, 0xdb, 0xcb,
    0xe6, 0xd1, 0xbb, 0xd1, 0xb9, 0x99, 0xba, 0xa2, 0x88, 0xbd, 0xa7, 0x91,
    0xc7, 0xb3, 0x9a, 0xc3, 0xb3, 0x8f, 0xbd, 0xaf, 0x80, 0xba, 0xb5, 0x75,
    0xb8, 0xba, 0x6f, 0xb2, 0xb9, 0x6a, 0xa7, 0xb4, 0x67, 0x9a, 0xab, 0x6a,
    0x8a, 0x9c, 0x6a, 0x7c, 0x91, 0x65, 0x82, 0x99, 0x64, 0x7e, 0x96, 0x5e,
    0x7d, 0x95, 0x5c, 0x7d, 0x93, 0x5a, 0x6f, 0x84, 0x4e, 0x63, 0x77, 0x44,
    0x5b, 0x6e, 0x41, 0x52, 0x64, 0x39, 0x4d, 0x60, 0x34, 0x4d, 0x61, 0x31,
    0x56, 0x6a, 0x38, 0x62, 0x77, 0x43, 0x6b, 0x7f, 0x4b, 0x68, 0x7f, 0x4b,
    0x66, 0x7e, 0x49, 0x61, 0x79, 0x42, 0x5f, 0x77, 0x3e, 0x5e, 0x76, 0x3b,
    0x5a, 0x72, 0x35, 0x55, 0x6e, 0x2e, 0x52, 0x6b, 0x2b, 0x4c, 0x67, 0x2a,
    0x4a, 0x60, 0x28, 0x47, 0x53, 0x1d, 0x65, 0x62, 0x2e, 0x9b, 0x8d, 0x5a,
    0xa6, 0x91, 0x65, 0xa0, 0x88, 0x5e, 0xa3, 0x88, 0x60, 0xa7, 0x89, 0x61,
    0xab, 0x8a, 0x61, 0xaf, 0x8c, 0x64, 0x94, 0x71, 0x4e, 0x7c, 0x5a, 0x3a,
    0x90, 0x72, 0x4d, 0x84, 0x6c, 0x4c, 0x46, 0x39, 0x1f, 0x27, 0x29, 0x09,
    0x46, 0x53, 0x24, 0x63, 0x74, 0x40, 0x77, 0x88, 0x53, 0x7d, 0x8e, 0x54,
    0x7c, 0x8e, 0x53, 0x7f, 0x8f, 0x5b, 0x81, 0x91, 0x64, 0x81, 0x90, 0x67,
    0x7d, 0x8d, 0x5e, 0x7c, 0x8c, 0x56, 0x83, 0x93, 0x52, 0x88, 0x98, 0x4f,
    0x8a, 0x99, 0x4d, 0x92, 0xa0, 0x52, 0x9c, 0xa8, 0x5b, 0xa0, 0xac, 0x5d,
    0xa3, 0xaf, 0x5c, 0xa5, 0xb2, 0x5a, 0xa5, 0xb3, 0x55, 0xa5, 0xb3, 0x53,
    0xa5, 0xb3, 0x51, 0xa4, 0xb2, 0x51, 0xa4, 0xb2, 0x51, 0xa4, 0xb2, 0x51,
    0xa5, 0xb3, 0x52, 0xa5, 0xb3, 0x52, 0xa5, 0xb3, 0x52, 0xa8, 0xb2, 0x52,
    0xaa, 0xb1, 0x52, 0xaa, 0xb1, 0x52, 0xaa, 0xb1, 0x52, 0xaa, 0xb1, 0x52,
    0xaa, 0xb1, 0x52, 0xaa, 0xb1, 0x52, 0xaa, 0xb1, 0x52, 0xaa, 0xb1, 0x52,
    0xaa, 0xb1, 0x52, 0xa9, 0xb0, 0x51, 0xa9, 0xb0, 0x51, 0xa9, 0xb0, 0x51,
    0xa8, 0xb1, 0x52, 0xa7, 0xb2, 0x52, 0xa7, 0xb2, 0x52, 0xa7, 0xb2, 0x52,
    0xa7, 0xb2, 0x52, 0xa7, 0xb2, 0x52, 0xa7, 0xb2, 0x52, 0xaa, 0xb1, 0x52,
    0xaa, 0xb1, 0x52, 0xaa, 0xb1, 0x52, 0xaa, 0xb1, 0x52, 0xaa, 0xb1, 0x52,
    0xaa, 0xb1, 0x52, 0xa7, 0xb1, 0x51, 0xa3, 0xb1, 0x50, 0xa3, 0xb1, 0x50,
    0xa3, 0xb1, 0x50, 0xa4, 0xb2, 0x51, 0xa4, 0xb2, 0x51, 0xa4, 0xb2, 0x51,
    0xa4, 0xb2, 0x51, 0xa4, 0xb2, 0x51, 0xa4, 0xb2, 0x51, 0xa4, 0xb2, 0x51,
    0xa4, 0xb2, 0x51, 0xa4, 0xb2, 0x51, 0xa6, 0xb1, 0x51, 0xa9, 0xb0, 0x51,
    0xa9, 0xb0, 0x51, 0xa9, 0xb0, 0x51, 0xa9, 0xb0, 0x51, 0xa9, 0xb0, 0x51,
    0xa9, 0xb0, 0x51, 0xaa, 0xb1, 0x52, 0xaa, 0xb1, 0x52, 0xaa, 0xb1, 0x52,
    0xaa, 0xb1, 0x52, 0xaa, 0xb1, 0x52, 0xaa, 0xb1, 0x52, 0xaa, 0xb1, 0x52,
    0xa8, 0xb2, 0x51, 0xa9, 0xb1, 0x51, 0xaa, 0xb1, 0x51, 0xac, 0xb2, 0x52,
    0xae, 0xb2, 0x53, 0xaf, 0xb3, 0x54, 0xb2, 0xb2, 0x52, 0xb4, 0xb1, 0x50,
    0xb4, 0xb1, 0x50, 0xb4, 0xb1, 0x50, 0xb4, 0xb1, 0x50, 0xb5, 0xb2, 0x51,
    0xb6, 0xb3, 0x51, 0xb6, 0xb4, 0x50, 0xb6, 0xb4, 0x50, 0xb8, 0xb6, 0x52,
    0xb7, 0xb5, 0x51, 0xb7, 0xb5, 0x51, 0xb7, 0xb5, 0x51, 0xb7, 0xb5, 0x51,
    0xb7, 0xb5, 0x51, 0xb7, 0xb5, 0x51, 0xb7, 0xb5, 0x51, 0xb7, 0xb5, 0x51,
    0xb7, 0xb5, 0x51, 0xb7, 0xb5, 0x51, 0xb7, 0xb4, 0x50, 0xb7, 0xb3, 0x50,
    0xb6, 0xb1, 0x52, 0xb4, 0xaf, 0x52, 0xb4, 0xaf, 0x53, 0xb4, 0xaf, 0x54,
    0xb2, 0xae, 0x57, 0xb0, 0xad, 0x5c, 0xb2, 0xac, 0x60, 0xb2, 0xab, 0x66,
    0xb2, 0xa8, 0x6b, 0xb3, 0xa6, 0x6f, 0xb6, 0xa7, 0x75, 0xb9, 0xa3, 0x7d,
    0xbd, 0xa5, 0x83, 0xc0, 0xa8, 0x86, 0xc3, 0xab, 0x89, 0xc5, 0xad, 0x8b,
    0xc5, 0xad, 0x8b, 0xc3, 0xab, 0x89, 0xc1, 0xa7, 0x86, 0xc0, 0xa6, 0x85,
    0xbd, 0xa3, 0x82, 0xb7, 0x9d, 0x7c, 0xb1, 0x97, 0x76, 0xab, 0x91, 0x70,
    0xa3, 0x8a, 0x68, 0x9f, 0x87, 0x62, 0x9c, 0x85, 0x59, 0x9c, 0x8a, 0x55,
    0xa1, 0x91, 0x54, 0xa5, 0x98, 0x54, 0xa8, 0x9e, 0x53, 0xa9, 0xa2, 0x53,
    0xad, 0x99, 0x78, 0xbb, 0xa6, 0x86, 0xc8, 0xb1, 0x95, 0xcb, 0xb4, 0x9b,
    0xd0, 0xb6, 0xa1, 0xd3, 0xb8, 0xa7, 0xd1, 0xbd, 0xa7, 0xd3, 0xc5, 0xad,
    0xde, 0xd2, 0xc0, 0xe3, 0xd9, 0xcc, 0xe2, 0xd8, 0xcf, 0xe1, 0xd7, 0xce,
    0xe7, 0xdb, 0xd1, 0xee, 0xdc, 0xcd, 0xe9, 0xd8, 0xc7, 0xe4, 0xd4, 0xc4,
    0xe2, 0xd4, 0xc5, 0xe5, 0xd9, 0xcd, 0xe6, 0xdb, 0xd4, 0xe8, 0xdd, 0xd8,
    0xec, 0xe1, 0xdb, 0xf5, 0xe9, 0xe2, 0xf9, 0xec, 0xe3, 0xf6, 0xe9, 0xdb,
    0xf4, 0xe8, 0xd5, 0xed, 0xe0, 0xca, 0xe0, 0xd4, 0xbe, 0xe4, 0xd9, 0xc7,
    0xef, 0xe4, 0xd6, 0xf3, 0xe6, 0xda, 0xee, 0xe0, 0xd2, 0xeb, 0xda, 0xc7,
    0xe9, 0xd4, 0xbe, 0xe0, 0xc9, 0xaf, 0xd2, 0xbd, 0xa4, 0xca, 0xb9, 0xa1,
    0xc6, 0xb6, 0x9c, 0xbb, 0xab, 0x8c, 0xb3, 0xa3, 0x7d, 0xb7, 0xae, 0x7c,
    0xba, 0xb8, 0x7d, 0xb2, 0xb9, 0x78, 0xa3, 0xb0, 0x6f, 0x90, 0xa2, 0x66,
    0x85, 0x98, 0x62, 0x78, 0x8d, 0x59, 0x82, 0x99, 0x61, 0x81, 0x99, 0x5f,
    0x74, 0x8d, 0x53, 0x74, 0x8c, 0x53, 0x69, 0x80, 0x4b, 0x5d, 0x71, 0x41,
    0x56, 0x69, 0x3c, 0x50, 0x63, 0x37, 0x51, 0x65, 0x36, 0x5c, 0x74, 0x40,
    0x6f, 0x87, 0x50, 0x6e, 0x89, 0x4f, 0x70, 0x8b, 0x51, 0x6b, 0x87, 0x4d,
    0x66, 0x81, 0x47, 0x64, 0x7e, 0x44, 0x60, 0x7a, 0x3f, 0x60, 0x7a, 0x3d,
    0x5e, 0x77, 0x39, 0x5c, 0x75, 0x35, 0x58, 0x71, 0x30, 0x52, 0x6c, 0x2d,
    0x4f, 0x66, 0x2a, 0x4b, 0x58, 0x20, 0x65, 0x63, 0x2f, 0x9d, 0x8f, 0x60,
    0xab, 0x96, 0x70, 0xaa, 0x92, 0x6e, 0xae, 0x93, 0x6e, 0xac, 0x8d, 0x67,
    0xab, 0x89, 0x62, 0xb3, 0x8f, 0x67, 0x96, 0x74, 0x4d, 0x7c, 0x5f, 0x3b,
    0x90, 0x75, 0x50, 0x84, 0x6e, 0x4e, 0x47, 0x3a, 0x1f, 0x27, 0x26, 0x08,
    0x42, 0x4c, 0x26, 0x62, 0x70, 0x41, 0x77, 0x87, 0x52, 0x7f, 0x90, 0x57,
    0x89, 0x99, 0x60, 0x82, 0x91, 0x5c, 0x7a, 0x89, 0x59, 0x86, 0x95, 0x6b,
    0x7f, 0x91, 0x68, 0x76, 0x89, 0x58, 0x74, 0x88, 0x4e, 0x79, 0x8f, 0x4f,
    0x78, 0x8e, 0x4b, 0x7f, 0x95, 0x51, 0x8c, 0x9e, 0x5e, 0x92, 0xa3, 0x64,
    0x97, 0xa9, 0x64, 0x9b, 0xae, 0x61, 0x9f, 0xaf, 0x5c, 0xa4, 0xb2, 0x59,
    0xa6, 0xb2, 0x56, 0xa8, 0xb1, 0x52, 0xa7, 0xb1, 0x4f, 0xa6, 0xb2, 0x4d,
    0xa6, 0xb4, 0x4d, 0xa5, 0xb4, 0x4f, 0xa5, 0xb4, 0x51, 0xa6, 0xb3, 0x50,
    0xa7, 0xb3, 0x50, 0xa7, 0xb3, 0x50, 0xa7, 0xb3, 0x50, 0xa8, 0xb3, 0x52,
    0xa8, 0xb3, 0x52, 0xa8, 0xb3, 0x52, 0xa6, 0xb3, 0x52, 0xa6, 0xb3, 0x52,
    0xa6, 0xb3, 0x52, 0xa5, 0xb2, 0x51, 0xa5, 0xb2, 0x51, 0xa5, 0xb2, 0x51,
    0xa5, 0xb2, 0x51, 0xa5, 0xb2, 0x51, 0xa5, 0xb2, 0x51, 0xa4, 0xb3, 0x51,
    0xa4, 0xb3, 0x51, 0xa5, 0xb2, 0x51, 0xa5, 0xb2, 0x51, 0xa7, 0xb2, 0x51,
    0xa7, 0xb1, 0x51, 0xa8, 0xb1, 0x51, 0xa8, 0xb1, 0x51, 0xa8, 0xb1, 0x51,
    0xa7, 0xb1, 0x51, 0xa5, 0xb1, 0x51, 0xa2, 0xb1, 0x51, 0xa2, 0xb1, 0x51,
    0xa2, 0xb1, 0x51, 0xa3, 0xb1, 0x52, 0xa3, 0xb1, 0x52, 0xa3, 0xb1, 0x52,
    0xa3, 0xb2, 0x52, 0xa3, 0xb2, 0x52, 0xa3, 0xb2, 0x52, 0xa3, 0xb2, 0x52,
    0xa3, 0xb2, 0x52, 0xa3, 0xb2, 0x52, 0xa4, 0xb2, 0x52, 0xa6, 0xb1, 0x52,
    0xa6, 0xb1, 0x52, 0xa6, 0xb1, 0x52, 0xa6, 0xb1, 0x52, 0xa6, 0xb1, 0x52,
    0xa6, 0xb1, 0x52, 0xa8, 0xb1, 0x53, 0xa9, 0xb1, 0x53, 0xa9, 0xb1, 0x53,
    0xa9, 0xb1, 0x53, 0xa9, 0xb1, 0x53, 0xa9, 0xb1, 0x53, 0xa9, 0xb1, 0x53,
    0xaa, 0xb1, 0x52, 0xab, 0xb0, 0x52, 0xab, 0xb0, 0x52, 0xac, 0xb1, 0x53,
    0xad, 0xb2, 0x54, 0xae, 0xb3, 0x55, 0xb1, 0xb2, 0x53, 0xb3, 0xb1, 0x52,
    0xb3, 0xb1, 0x52, 0xb3, 0xb1, 0x52, 0xb2, 0xb0, 0x52, 0xb2, 0xb0, 0x52,
    0xb3, 0xb2, 0x52, 0xb4, 0xb5, 0x52, 0xb4, 0xb5, 0x52, 0xb5, 0xb6, 0x53,
    0xb4, 0xb6, 0x52, 0xb4, 0xb6, 0x52, 0xb4, 0xb6, 0x52, 0xb5, 0xb5, 0x52,
    0xb6, 0xb5, 0x51, 0xb6, 0xb5, 0x51, 0xb6, 0xb5, 0x51, 0xb6, 0xb5, 0x51,
    0xb6, 0xb5, 0x51, 0xb6, 0xb5, 0x51, 0xb6, 0xb4, 0x50, 0xb6, 0xb4, 0x50,
    0xb6, 0xb3, 0x50, 0xb5, 0xb1, 0x50, 0xb4, 0xb0, 0x50, 0xb3, 0xb0, 0x51,
    0xb2, 0xae, 0x55, 0xb1, 0xad, 0x5a, 0xb2, 0xac, 0x5e, 0xb3, 0xab, 0x64,
    0xb4, 0xa9, 0x69, 0xb4, 0xa7, 0x6d, 0xb5, 0xa6, 0x71, 0xb8, 0xa3, 0x79,
    0xbc, 0xa5, 0x81, 0xc0, 0xa8, 0x87, 0xc2, 0xa9, 0x89, 0xc4, 0xab, 0x8a,
    0xc5, 0xac, 0x89, 0xc5, 0xab, 0x87, 0xc2, 0xa9, 0x88, 0xc1, 0xa8, 0x86,
    0xbd, 0xa4, 0x83, 0xb8, 0x9f, 0x7e, 0xb3, 0x9a, 0x79, 0xac, 0x93, 0x71,
    0xa4, 0x8c, 0x69, 0xa0, 0x88, 0x61, 0x9d, 0x87, 0x5a, 0x9c, 0x89, 0x56,
    0xa0, 0x90, 0x56, 0xa5, 0x96, 0x57, 0xa9, 0x9c, 0x57, 0xaa, 0xa1, 0x55,
    0x92, 0x7e, 0x59, 0xa5, 0x90, 0x6d, 0xb7, 0xa0, 0x80, 0xbc, 0xa3, 0x87,
    0xc0, 0xa4, 0x8c, 0xc5, 0xa9, 0x93, 0xca, 0xb3, 0x99, 0xd2, 0xbf, 0xa5,
    0xdb, 0xcc, 0xba, 0xdf, 0xd4, 0xc8, 0xdc, 0xd3, 0xc9, 0xdc, 0xd2, 0xc4,
    0xe0, 0xd3, 0xc2, 0xe2, 0xcf, 0xba, 0xdd, 0xcb, 0xb6, 0xd8, 0xc8, 0xb6,
    0xd7, 0xca, 0xbc, 0xdc, 0xd2, 0xc6, 0xdd, 0xd6, 0xcc, 0xe0, 0xd9, 0xce,
    0xe5, 0xdd, 0xd0, 0xef, 0xe7, 0xd8, 0xf3, 0xea, 0xda, 0xf1, 0xe6, 0xd5,
    0xef, 0xe3, 0xd0, 0xe9, 0xdd, 0xc9, 0xe0, 0xd7, 0xc3, 0xe9, 0xe0, 0xd0,
    0xf5, 0xe9, 0xde, 0xf6, 0xe9, 0xde, 0xed, 0xde, 0xce, 0xe7, 0xd6, 0xc0,
    0xe7, 0xd3, 0xbb, 0xe2, 0xcd, 0xb7, 0xd7, 0xc6, 0xad, 0xcd, 0xc1, 0xa5,
    0xbf, 0xb2, 0x95, 0xad, 0x9c, 0x7f, 0xa5, 0x91, 0x73, 0xaa, 0x9c, 0x75,
    0xae, 0xaa, 0x7b, 0xaa, 0xaf, 0x7c, 0x99, 0xa6, 0x70, 0x86, 0x99, 0x60,
    0x83, 0x98, 0x5e, 0x7b, 0x91, 0x57, 0x80, 0x97, 0x5d, 0x82, 0x9b, 0x61,
    0x72, 0x8c, 0x52, 0x69, 0x83, 0x4b, 0x63, 0x7a, 0x47, 0x59, 0x6f, 0x40,
    0x56, 0x68, 0x3b, 0x59, 0x6c, 0x3d, 0x62, 0x79, 0x46, 0x6e, 0x88, 0x50,
    0x78, 0x94, 0x5a, 0x73, 0x92, 0x54, 0x6c, 0x8b, 0x4d, 0x69, 0x87, 0x49,
    0x67, 0x84, 0x47, 0x66, 0x82, 0x46, 0x64, 0x7f, 0x42, 0x64, 0x7e, 0x41,
    0x62, 0x7a, 0x3e, 0x61, 0x78, 0x3a, 0x5a, 0x72, 0x32, 0x50, 0x69, 0x29,
    0x4a, 0x60, 0x23, 0x46, 0x53, 0x1b, 0x66, 0x63, 0x31, 0xa2, 0x94, 0x69,
    0xb8, 0xa3, 0x82, 0xbb, 0xa3, 0x84, 0xc0, 0xa5, 0x84, 0xb6, 0x97, 0x73,
    0xb0, 0x8e, 0x68, 0xb2, 0x8e, 0x66, 0x8d, 0x6c, 0x44, 0x7c, 0x61, 0x3b,
    0x8c, 0x74, 0x50, 0x7c, 0x67, 0x47, 0x40, 0x35, 0x18, 0x23, 0x22, 0x07,
    0x3f, 0x47, 0x26, 0x5d, 0x6a, 0x3e, 0x75, 0x84, 0x4f, 0x7a, 0x8a, 0x53,
    0x7c, 0x8c, 0x52, 0x7f, 0x8e, 0x57, 0x82, 0x91, 0x5e, 0x81, 0x91, 0x65,
    0x7e, 0x92, 0x6a, 0x74, 0x8a, 0x5c, 0x72, 0x8b, 0x55, 0x74, 0x8f, 0x54,
    0x70, 0x8d, 0x4f, 0x74, 0x91, 0x54, 0x7e, 0x96, 0x61, 0x80, 0x97, 0x63,
    0x83, 0x9d, 0x61, 0x8b, 0xa4, 0x60, 0x94, 0xa9, 0x5e, 0x9d, 0xac, 0x5c,
    0xa4, 0xae, 0x5b, 0xa9, 0xb0, 0x57, 0xa8, 0xb1, 0x51, 0xa7, 0xb2, 0x4b,
    0xa7, 0xb4, 0x4a, 0xa6, 0xb4, 0x4d, 0xa5, 0xb4, 0x50, 0xa5, 0xb4, 0x4f,
    0xa5, 0xb4, 0x4e, 0xa5, 0xb4, 0x4e, 0xa5, 0xb4, 0x4f, 0xa6, 0xb4, 0x51,
    0xa6, 0xb4, 0x52, 0xa6, 0xb4, 0x52, 0xa4, 0xb4, 0x52, 0xa4, 0xb4, 0x52,
    0xa4, 0xb4, 0x52, 0xa3, 0xb3, 0x51, 0xa3, 0xb3, 0x51, 0xa3, 0xb3, 0x51,
    0xa3, 0xb3, 0x51, 0xa3, 0xb3, 0x51, 0xa3, 0xb3, 0x51, 0xa3, 0xb3, 0x51,
    0xa3, 0xb3, 0x51, 0xa3, 0xb3, 0x51, 0xa3, 0xb3, 0x51, 0xa5, 0xb2, 0x51,
    0xa5, 0xb1, 0x51, 0xa6, 0xb1, 0x51, 0xa6, 0xb1, 0x51, 0xa6, 0xb1, 0x51,
    0xa5, 0xb1, 0x51, 0xa4, 0xb1, 0x51, 0xa2, 0xb1, 0x52, 0xa2, 0xb1, 0x52,
    0xa2, 0xb1, 0x52, 0xa2, 0xb1, 0x52, 0xa2, 0xb1, 0x52, 0xa2, 0xb1, 0x52,
    0xa3, 0xb2, 0x53, 0xa3, 0xb2, 0x53, 0xa3, 0xb2, 0x53, 0xa3, 0xb2, 0x53,
    0xa3, 0xb2, 0x53, 0xa3, 0xb2, 0x53, 0xa3, 0xb2, 0x53, 0xa4, 0xb2, 0x53,
    0xa4, 0xb2, 0x53, 0xa4, 0xb2, 0x53, 0xa4, 0xb2, 0x53, 0xa4, 0xb2, 0x53,
    0xa4, 0xb2, 0x53, 0xa7, 0xb1, 0x54, 0xa8, 0xb1, 0x54, 0xa8, 0xb1, 0x54,
    0xa8, 0xb1, 0x54, 0xa8, 0xb1, 0x54, 0xa8, 0xb1, 0x54, 0xa9, 0xb1, 0x54,
    0xab, 0xb0, 0x52, 0xab, 0xb0, 0x52, 0xab, 0xb0, 0x52, 0xac, 0xb1, 0x53,
    0xad, 0xb2, 0x54, 0xae, 0xb3, 0x55, 0xb0, 0xb2, 0x54, 0xb2, 0xb1, 0x54,
    0xb2, 0xb1, 0x54, 0xb2, 0xb1, 0x54, 0xb1, 0xb0, 0x53, 0xb1, 0xb0, 0x53,
    0xb1, 0xb2, 0x53, 0xb2, 0xb6, 0x53, 0xb2, 0xb7, 0x53, 0xb2, 0xb7, 0x53,
    0xb2, 0xb7, 0x53, 0xb2, 0xb7, 0x53, 0xb2, 0xb7, 0x53, 0xb4, 0xb6, 0x52,
    0xb5, 0xb5, 0x51, 0xb5, 0xb5, 0x51, 0xb5, 0xb5, 0x51, 0xb5, 0xb5, 0x51,
    0xb5, 0xb5, 0x51, 0xb5, 0xb5, 0x51, 0xb6, 0xb4, 0x50, 0xb6, 0xb4, 0x50,
    0xb6, 0xb4, 0x50, 0xb5, 0xb3, 0x4f, 0xb4, 0xb2, 0x4e, 0xb3, 0xb1, 0x4d,
    0xb2, 0xaf, 0x52, 0xb2, 0xad, 0x5a, 0xb2, 0xac, 0x5d, 0xb3, 0xab, 0x62,
    0xb4, 0xa9, 0x67, 0xb4, 0xa7, 0x6b, 0xb4, 0xa5, 0x6e, 0xb7, 0xa4, 0x77,
    0xbc, 0xa6, 0x7e, 0xc0, 0xa8, 0x87, 0xc2, 0xa8, 0x89, 0xc3, 0xa9, 0x88,
    0xc6, 0xaa, 0x88, 0xc6, 0xab, 0x87, 0xc3, 0xab, 0x89, 0xc1, 0xa9, 0x87,
    0xbe, 0xa6, 0x84, 0xb9, 0xa1, 0x7f, 0xb5, 0x9d, 0x7b, 0xad, 0x95, 0x72,
    0xa6, 0x8e, 0x6a, 0xa1, 0x8a, 0x62, 0x9f, 0x89, 0x5c, 0x9d, 0x8a, 0x58,
    0xa0, 0x8f, 0x59, 0xa5, 0x96, 0x5b, 0xa9, 0x9c, 0x5b, 0xaa, 0xa1, 0x57,
    0x7b, 0x69, 0x43, 0x8b, 0x78, 0x55, 0x9b, 0x86, 0x65, 0xa1, 0x88, 0x6c,
    0xa8, 0x8e, 0x75, 0xb4, 0x99, 0x82, 0xc0, 0xa7, 0x8f, 0xcb, 0xb6, 0x9e,
    0xd5, 0xc3, 0xb3, 0xd7, 0xca, 0xc0, 0xd6, 0xc9, 0xbf, 0xd4, 0xc6, 0xb7,
    0xd3, 0xc2, 0xae, 0xd2, 0xbd, 0xa6, 0xcf, 0xba, 0xa3, 0xcb, 0xb9, 0xa4,
    0xcd, 0xbe, 0xad, 0xd5, 0xc9, 0xba, 0xd8, 0xce, 0xc0, 0xdb, 0xd2, 0xc4,
    0xe3, 0xd8, 0xc9, 0xed, 0xe1, 0xd1, 0xf1, 0xe4, 0xd4, 0xec, 0xde, 0xcc,
    0xe8, 0xd9, 0xc6, 0xe3, 0xd3, 0xc0, 0xde, 0xd2, 0xc0, 0xea, 0xde, 0xcf,
    0xf6, 0xe9, 0xdd, 0xf7, 0xe7, 0xdd, 0xeb, 0xd9, 0xcb, 0xe2, 0xd1, 0xbc,
    0xe3, 0xd0, 0xb8, 0xdf, 0xcb, 0xb3, 0xd9, 0xc8, 0xae, 0xcd, 0xbe, 0xa2,
    0xb8, 0xa8, 0x8a, 0xa6, 0x92, 0x75, 0x9f, 0x86, 0x69, 0xa0, 0x8e, 0x6b,
    0xa0, 0x99, 0x70, 0xa0, 0xa3, 0x75, 0x91, 0x9f, 0x6c, 0x80, 0x95, 0x5d,
    0x7e, 0x95, 0x5d, 0x80, 0x99, 0x60, 0x7d, 0x95, 0x5c, 0x7d, 0x95, 0x5d,
    0x75, 0x8d, 0x55, 0x64, 0x7c, 0x46, 0x5d, 0x74, 0x42, 0x54, 0x6a, 0x3a,
    0x56, 0x6b, 0x3b, 0x6f, 0x84, 0x52, 0x7e, 0x95, 0x60, 0x79, 0x93, 0x5b,
    0x70, 0x8d, 0x52, 0x74, 0x93, 0x56, 0x6a, 0x89, 0x4b, 0x6b, 0x89, 0x4b,
    0x6a, 0x88, 0x4a, 0x66, 0x83, 0x46, 0x65, 0x7f, 0x42, 0x62, 0x7c, 0x3f,
    0x5f, 0x77, 0x3b, 0x5c, 0x73, 0x35, 0x55, 0x6d, 0x2d, 0x49, 0x62, 0x23,
    0x41, 0x57, 0x1a, 0x3d, 0x4a, 0x12, 0x65, 0x62, 0x32, 0xa7, 0x98, 0x6d,
    0xbe, 0xa8, 0x87, 0xc6, 0xaf, 0x8f, 0xc5, 0xaa, 0x89, 0xb0, 0x92, 0x6e,
    0xac, 0x8a, 0x65, 0xa6, 0x84, 0x5c, 0x81, 0x60, 0x38, 0x7f, 0x64, 0x3e,
    0x8b, 0x73, 0x4f, 0x71, 0x5c, 0x3c, 0x37, 0x2d, 0x11, 0x1d, 0x1f, 0x05,
    0x3b, 0x43, 0x23, 0x61, 0x70, 0x43, 0x7d, 0x8e, 0x5a, 0x80, 0x92, 0x5a,
    0x7a, 0x8c, 0x52, 0x89, 0x9a, 0x63, 0x93, 0xa4, 0x70, 0x83, 0x94, 0x67,
    0x7e, 0x92, 0x6a, 0x71, 0x88, 0x5a, 0x70, 0x89, 0x53, 0x76, 0x92, 0x56,
    0x71, 0x8f, 0x51, 0x75, 0x93, 0x56, 0x79, 0x94, 0x5d, 0x73, 0x8e, 0x58,
    0x74, 0x92, 0x56, 0x7c, 0x98, 0x56, 0x85, 0x9c, 0x56, 0x91, 0xa3, 0x5a,
    0x9c, 0xaa, 0x5d, 0xa1, 0xad, 0x59, 0xa3, 0xaf, 0x54, 0xa3, 0xb0, 0x4e,
    0xa6, 0xb3, 0x4d, 0xa7, 0xb3, 0x4e, 0xa7, 0xb3, 0x50, 0xa6, 0xb4, 0x50,
    0xa5, 0xb4, 0x4f, 0xa5, 0xb4, 0x4f, 0xa5, 0xb4, 0x4f, 0xa5, 0xb3, 0x50,
    0xa5, 0xb3, 0x51, 0xa5, 0xb3, 0x51, 0xa4, 0xb4, 0x52, 0xa4, 0xb4, 0x52,
    0xa4, 0xb4, 0x52, 0xa3, 0xb3, 0x51, 0xa3, 0xb3, 0x51, 0xa3, 0xb3, 0x51,
    0xa3, 0xb3, 0x51, 0xa3, 0xb3, 0x51, 0xa3, 0xb3, 0x51, 0xa3, 0xb3, 0x51,
    0xa3, 0xb3, 0x51, 0xa3, 0xb3, 0x51, 0xa3, 0xb3, 0x51, 0xa4, 0xb2, 0x51,
    0xa4, 0xb2, 0x51, 0xa4, 0xb2, 0x51, 0xa4, 0xb2, 0x51, 0xa4, 0xb2, 0x51,
    0xa4, 0xb2, 0x51, 0xa3, 0xb2, 0x51, 0xa2, 0xb1, 0x52, 0xa2, 0xb1, 0x52,
    0xa2, 0xb1, 0x52, 0xa2, 0xb1, 0x52, 0xa2, 0xb1, 0x52, 0xa2, 0xb1, 0x52,
    0xa3, 0xb2, 0x53, 0xa3, 0xb2, 0x53, 0xa3, 0xb2, 0x53, 0xa3, 0xb2, 0x53,
    0xa3, 0xb2, 0x53, 0xa3, 0xb2, 0x53, 0xa3, 0xb2, 0x53, 0xa4, 0xb2, 0x53,
    0xa4, 0xb2, 0x53, 0xa4, 0xb2, 0x53, 0xa4, 0xb2, 0x53, 0xa4, 0xb2, 0x53,
    0xa4, 0xb2, 0x53, 0xa6, 0xb1, 0x53, 0xa7, 0xb0, 0x53, 0xa7, 0xb0, 0x53,
    0xa7, 0xb0, 0x53, 0xa7, 0xb0, 0x53, 0xa7, 0xb0, 0x53, 0xa8, 0xb0, 0x53,
    0xab, 0xb0, 0x52, 0xab, 0xb0, 0x52, 0xab, 0xb0, 0x52, 0xab, 0xb0, 0x52,
    0xac, 0xb1, 0x53, 0xad, 0xb2, 0x54, 0xb0, 0xb2, 0x54, 0xb2, 0xb1, 0x54,
    0xb2, 0xb1, 0x54, 0xb2, 0xb1, 0x54, 0xb1, 0xb0, 0x53, 0xb1, 0xb0, 0x53,
    0xb1, 0xb1, 0x52, 0xb1, 0xb5, 0x52, 0xb1, 0xb6, 0x52, 0xb1, 0xb6, 0x52,
    0xb2, 0xb7, 0x53, 0xb2, 0xb7, 0x53, 0xb2, 0xb7, 0x53, 0xb4, 0xb6, 0x52,
    0xb5, 0xb5, 0x51, 0xb5, 0xb5, 0x51, 0xb5, 0xb5, 0x51, 0xb5, 0xb5, 0x51,
    0xb5, 0xb5, 0x51, 0xb5, 0xb5, 0x51, 0xb6, 0xb4, 0x50, 0xb6, 0xb4, 0x50,
    0xb6, 0xb4, 0x50, 0xb5, 0xb3, 0x4f, 0xb5, 0xb3, 0x4f, 0xb4, 0xb2, 0x4e,
    0xb2, 0xb0, 0x51, 0xb1, 0xad, 0x58, 0xb2, 0xad, 0x5c, 0xb3, 0xab, 0x61,
    0xb4, 0xaa, 0x66, 0xb4, 0xa7, 0x6b, 0xb4, 0xa5, 0x6e, 0xb7, 0xa4, 0x76,
    0xbb, 0xa5, 0x7d, 0xbe, 0xa7, 0x84, 0xc1, 0xa7, 0x88, 0xc2, 0xa8, 0x88,
    0xc6, 0xa9, 0x87, 0xc5, 0xab, 0x87, 0xc3, 0xab, 0x89, 0xc1, 0xa9, 0x87,
    0xbe, 0xa6, 0x84, 0xbc, 0xa4, 0x82, 0xb8, 0xa0, 0x7e, 0xb1, 0x99, 0x76,
    0xa9, 0x91, 0x6d, 0xa3, 0x8c, 0x65, 0xa1, 0x8b, 0x60, 0x9e, 0x8b, 0x5a,
    0xa1, 0x90, 0x5a, 0xa6, 0x97, 0x5c, 0xaa, 0x9c, 0x5c, 0xac, 0xa2, 0x59,
    0x6c, 0x5c, 0x33, 0x76, 0x64, 0x3e, 0x81, 0x6e, 0x4a, 0x88, 0x72, 0x53,
    0x96, 0x7e, 0x63, 0xa4, 0x8b, 0x72, 0xb0, 0x97, 0x7f, 0xc0, 0xa8, 0x92,
    0xcc, 0xb8, 0xa9, 0xcf, 0xbe, 0xb3, 0xcc, 0xbc, 0xb1, 0xc7, 0xb6, 0xa5,
    0xbe, 0xaa, 0x93, 0xbc, 0xa5, 0x8b, 0xbe, 0xa7, 0x8e, 0xbe, 0xa9, 0x91,
    0xc3, 0xb2, 0x9c, 0xcf, 0xc0, 0xad, 0xd3, 0xc6, 0xb4, 0xd6, 0xc9, 0xb9,
    0xe0, 0xd2, 0xc2, 0xec, 0xdd, 0xcc, 0xf1, 0xe1, 0xcf, 0xea, 0xd8, 0xc5,
    0xe3, 0xd0, 0xbc, 0xde, 0xcb, 0xb6, 0xdb, 0xcc, 0xbb, 0xe9, 0xdb, 0xcd,
    0xf5, 0xe6, 0xdb, 0xf5, 0xe3, 0xd9, 0xe7, 0xd5, 0xc8, 0xe2, 0xd0, 0xbe,
    0xe3, 0xd1, 0xbc, 0xe0, 0xcd, 0xb4, 0xd9, 0xc6, 0xab, 0xca, 0xb9, 0x9c,
    0xbd, 0xaa, 0x8c, 0xb9, 0xa1, 0x83, 0xb3, 0x96, 0x78, 0xaa, 0x97, 0x76,
    0x9f, 0x97, 0x71, 0x98, 0x9a, 0x71, 0x89, 0x97, 0x67, 0x7e, 0x95, 0x60,
    0x7a, 0x94, 0x5e, 0x84, 0xa0, 0x68, 0x7d, 0x97, 0x5e, 0x76, 0x8e, 0x56,
    0x72, 0x89, 0x54, 0x63, 0x79, 0x46, 0x59, 0x70, 0x3e, 0x53, 0x6b, 0x39,
    0x5f, 0x76, 0x43, 0x75, 0x8e, 0x58, 0x7e, 0x97, 0x60, 0x7e, 0x9a, 0x60,
    0x70, 0x8d, 0x52, 0x72, 0x90, 0x54, 0x6d, 0x8c, 0x4e, 0x6d, 0x8b, 0x4d,
    0x6a, 0x88, 0x4a, 0x66, 0x83, 0x46, 0x64, 0x7f, 0x42, 0x5d, 0x77, 0x3a,
    0x59, 0x71, 0x35, 0x53, 0x6a, 0x2c, 0x4c, 0x64, 0x25, 0x42, 0x5b, 0x1d,
    0x3c, 0x52, 0x17, 0x38, 0x45, 0x0d, 0x68, 0x65, 0x35, 0xa7, 0x97, 0x6e,
    0xbd, 0xa6, 0x85, 0xc8, 0xb1, 0x91, 0xc4, 0xaa, 0x88, 0xa6, 0x89, 0x65,
    0xa6, 0x86, 0x60, 0xa5, 0x84, 0x5d, 0x81, 0x61, 0x39, 0x7f, 0x64, 0x3e,
    0x8b, 0x73, 0x4f, 0x6c, 0x58, 0x36, 0x36, 0x2c, 0x0f, 0x1c, 0x1f, 0x04,
    0x33, 0x3e, 0x1d, 0x5b, 0x6b, 0x3f, 0x72, 0x83, 0x4f, 0x79, 0x8b, 0x54,
    0x7c, 0x8d, 0x54, 0x8d, 0x9e, 0x67, 0x97, 0xa8, 0x75, 0x87, 0x98, 0x6b,
    0x84, 0x98, 0x70, 0x72, 0x89, 0x5a, 0x6b, 0x84, 0x4d, 0x73, 0x8f, 0x53,
    0x6f, 0x8d, 0x4e, 0x75, 0x93, 0x55, 0x79, 0x96, 0x5c, 0x71, 0x90, 0x56,
    0x73, 0x95, 0x58, 0x75, 0x95, 0x55, 0x77, 0x93, 0x51, 0x84, 0x9a, 0x58,
    0x93, 0xa5, 0x61, 0x99, 0xaa, 0x5f, 0x9f, 0xaf, 0x5c, 0xa2, 0xb1, 0x57,
    0xa5, 0xb2, 0x52, 0xa7, 0xb3, 0x50, 0xa8, 0xb2, 0x4f, 0xa7, 0xb3, 0x50,
    0xa5, 0xb3, 0x51, 0xa5, 0xb3, 0x51, 0xa5, 0xb3, 0x51, 0xa5, 0xb3, 0x50,
    0xa5, 0xb3, 0x50, 0xa5, 0xb3, 0x50, 0xa4, 0xb4, 0x52, 0xa4, 0xb4, 0x52,
    0xa4, 0xb4, 0x52, 0xa3, 0xb3, 0x51, 0xa3, 0xb3, 0x51, 0xa3, 0xb3, 0x51,
    0xa3, 0xb3, 0x51, 0xa3, 0xb3, 0x51, 0xa3, 0xb3, 0x51, 0xa3, 0xb3, 0x51,
    0xa3, 0xb3, 0x51, 0xa3, 0xb3, 0x51, 0xa3, 0xb3, 0x51, 0xa4, 0xb2, 0x51,
    0xa4, 0xb2, 0x51, 0xa4, 0xb2, 0x51, 0xa4, 0xb2, 0x51, 0xa4, 0xb2, 0x51,
    0xa4, 0xb2, 0x51, 0xa3, 0xb2, 0x51, 0xa2, 0xb1, 0x52, 0xa2, 0xb1, 0x52,
    0xa2, 0xb1, 0x52, 0xa2, 0xb1, 0x52, 0xa2, 0xb1, 0x52, 0xa2, 0xb1, 0x52,
    0xa3, 0xb2, 0x53, 0xa3, 0xb2, 0x53, 0xa3, 0xb2, 0x53, 0xa3, 0xb2, 0x53,
    0xa3, 0xb2, 0x53, 0xa3, 0xb2, 0x53, 0xa3, 0xb2, 0x53, 0xa4, 0xb2, 0x53,
    0xa4, 0xb2, 0x53, 0xa4, 0xb2, 0x53, 0xa4, 0xb2, 0x53, 0xa4, 0xb2, 0x53,
    0xa4, 0xb2, 0x53, 0xa6, 0xb1, 0x53, 0xa7, 0xb0, 0x53, 0xa7, 0xb0, 0x53,
    0xa7, 0xb0, 0x53, 0xa7, 0xb0, 0x53, 0xa7, 0xb0, 0x53, 0xa8, 0xb0, 0x53,
    0xab, 0xb0, 0x52, 0xab, 0xb0, 0x52, 0xab, 0xb0, 0x52, 0xab, 0xb0, 0x52,
    0xac, 0xb1, 0x53, 0xad, 0xb1, 0x53, 0xaf, 0xb1, 0x53, 0xb0, 0xb1, 0x53,
    0xb0, 0xb1, 0x53, 0xb0, 0xb1, 0x53, 0xb0, 0xb1, 0x53, 0xb0, 0xb1, 0x53,
    0xb0, 0xb2, 0x52, 0xb0, 0xb5, 0x51, 0xb0, 0xb5, 0x51, 0xb0, 0xb5, 0x51,
    0xb2, 0xb7, 0x53, 0xb2, 0xb7, 0x53, 0xb2, 0xb7, 0x53, 0xb4, 0xb6, 0x52,
    0xb5, 0xb5, 0x51, 0xb5, 0xb5, 0x51, 0xb5, 0xb5, 0x51, 0xb5, 0xb5, 0x51,
    0xb5, 0xb5, 0x51, 0xb5, 0xb5, 0x51, 0xb6, 0xb4, 0x50, 0xb6, 0xb4, 0x50,
    0xb6, 0xb4, 0x50, 0xb6, 0xb4, 0x50, 0xb5, 0xb3, 0x4f, 0xb4, 0xb2, 0x4e,
    0xb2, 0xb0, 0x51, 0xb0, 0xae, 0x57, 0xb2, 0xad, 0x5a, 0xb2, 0xac, 0x60,
    0xb3, 0xaa, 0x65, 0xb3, 0xa7, 0x6a, 0xb3, 0xa6, 0x6c, 0xb6, 0xa5, 0x74,
    0xb9, 0xa6, 0x7b, 0xbd, 0xa6, 0x81, 0xbf, 0xa7, 0x86, 0xc1, 0xa8, 0x87,
    0xc4, 0xa9, 0x86, 0xc4, 0xab, 0x87, 0xc3, 0xab, 0x89, 0xc1, 0xa9, 0x87,
    0xbe, 0xa6, 0x84, 0xbc, 0xa4, 0x82, 0xb9, 0xa1, 0x7f, 0xb2, 0x9a, 0x78,
    0xaa, 0x92, 0x6e, 0xa4, 0x8c, 0x66, 0xa2, 0x8b, 0x61, 0x9e, 0x8a, 0x5b,
    0xa0, 0x8f, 0x5a, 0xa5, 0x95, 0x5b, 0xa9, 0x9b, 0x5b, 0xab, 0xa1, 0x59,
    0x66, 0x59, 0x2b, 0x68, 0x5a, 0x2d, 0x6c, 0x5c, 0x33, 0x72, 0x5f, 0x3a,
    0x7d, 0x69, 0x47, 0x8d, 0x76, 0x58, 0x9a, 0x81, 0x67, 0xac, 0x93, 0x7c,
    0xbc, 0xa7, 0x96, 0xc1, 0xae, 0xa1, 0xbf, 0xac, 0x9e, 0xb7, 0xa2, 0x8e,
    0xa7, 0x8f, 0x76, 0xa6, 0x8c, 0x71, 0xad, 0x94, 0x79, 0xb0, 0x9b, 0x80,
    0xb7, 0xa3, 0x8a, 0xc5, 0xb1, 0x9b, 0xc9, 0xb8, 0xa3, 0xcb, 0xba, 0xa7,
    0xd6, 0xc5, 0xb3, 0xe4, 0xd2, 0xc0, 0xec, 0xd9, 0xc4, 0xe5, 0xd0, 0xbb,
    0xdd, 0xc7, 0xb0, 0xd8, 0xc2, 0xac, 0xd8, 0xc5, 0xb4, 0xe7, 0xd6, 0xc9,
    0xf3, 0xe1, 0xd5, 0xef, 0xdc, 0xd1, 0xe5, 0xd2, 0xc5, 0xe5, 0xd2, 0xc4,
    0xe7, 0xd5, 0xc1, 0xe3, 0xd0, 0xb5, 0xdb, 0xc7, 0xab, 0xce, 0xba, 0x9d,
    0xcb, 0xb3, 0x95, 0xcf, 0xb2, 0x94, 0xcf, 0xb0, 0x93, 0xc7, 0xb3, 0x94,
    0xaf, 0xa7, 0x84, 0x99, 0x9d, 0x77, 0x83, 0x93, 0x65, 0x7d, 0x96, 0x64,
    0x79, 0x95, 0x62, 0x80, 0x9d, 0x67, 0x7e, 0x99, 0x61, 0x72, 0x8a, 0x56,
    0x69, 0x7d, 0x4c, 0x5d, 0x71, 0x41, 0x55, 0x6c, 0x3a, 0x5f, 0x78, 0x44,
    0x71, 0x8c, 0x56, 0x79, 0x95, 0x5b, 0x73, 0x8f, 0x55, 0x7c, 0x99, 0x5e,
    0x79, 0x97, 0x5b, 0x72, 0x90, 0x54, 0x76, 0x95, 0x58, 0x6f, 0x8d, 0x4f,
    0x66, 0x84, 0x46, 0x67, 0x83, 0x46, 0x63, 0x7e, 0x41, 0x5a, 0x74, 0x37,
    0x55, 0x6e, 0x32, 0x4d, 0x64, 0x27, 0x46, 0x5d, 0x1f, 0x3d, 0x56, 0x19,
    0x37, 0x4d, 0x12, 0x37, 0x43, 0x0e, 0x70, 0x6d, 0x3e, 0xab, 0x9c, 0x72,
    0xb8, 0xa2, 0x80, 0xc4, 0xac, 0x8b, 0xbf, 0xa6, 0x84, 0xa3, 0x88, 0x63,
    0xa7, 0x89, 0x63, 0xa8, 0x88, 0x62, 0x86, 0x67, 0x40, 0x7a, 0x5e, 0x39,
    0x83, 0x6c, 0x47, 0x6c, 0x5a, 0x38, 0x3b, 0x32, 0x12, 0x1d, 0x22, 0x03,
    0x2c, 0x3a, 0x18, 0x5b, 0x6c, 0x40, 0x77, 0x88, 0x55, 0x7b, 0x8e, 0x57,
    0x79, 0x8c, 0x54, 0x7d, 0x90, 0x59, 0x7f, 0x91, 0x5e, 0x7d, 0x8f, 0x62,
    0x7c, 0x91, 0x68, 0x69, 0x80, 0x50, 0x5d, 0x76, 0x3e, 0x69, 0x86, 0x47,
    0x68, 0x86, 0x46, 0x70, 0x8e, 0x4f, 0x76, 0x96, 0x59, 0x72, 0x94, 0x58,
    0x77, 0x9c, 0x5e, 0x75, 0x98, 0x5b, 0x72, 0x92, 0x55, 0x77, 0x92, 0x57,
    0x85, 0x9c, 0x5f, 0x8c, 0xa4, 0x60, 0x97, 0xad, 0x63, 0x9d, 0xb0, 0x5f,
    0xa4, 0xb2, 0x5a, 0xa7, 0xb2, 0x54, 0xaa, 0xb1, 0x50, 0xa8, 0xb2, 0x51,
    0xa5, 0xb3, 0x52, 0xa5, 0xb3, 0x52, 0xa5, 0xb3, 0x51, 0xa4, 0xb2, 0x50,
    0xa4, 0xb3, 0x4f, 0xa4, 0xb3, 0x4f, 0xa4, 0xb4, 0x52, 0xa4, 0xb4, 0x52,
    0xa4, 0xb4, 0x52, 0xa3, 0xb3, 0x51, 0xa3, 0xb3, 0x51, 0xa3, 0xb3, 0x51,
    0xa3, 0xb3, 0x51, 0xa3, 0xb3, 0x51, 0xa3, 0xb3, 0x51, 0xa3, 0xb3, 0x51,
    0xa3, 0xb3, 0x51, 0xa3, 0xb3, 0x51, 0xa3, 0xb3, 0x51, 0xa3, 0xb3, 0x51,
    0xa3, 0xb3, 0x51, 0xa3, 0xb3, 0x51, 0xa3, 0xb3, 0x51, 0xa3, 0xb3, 0x51,
    0xa3, 0xb3, 0x51, 0xa3, 0xb2, 0x51, 0xa2, 0xb1, 0x52, 0xa2, 0xb1, 0x52,
    0xa2, 0xb1, 0x52, 0xa2, 0xb1, 0x52, 0xa2, 0xb1, 0x52, 0xa2, 0xb1, 0x52,
    0xa3, 0xb2, 0x53, 0xa3, 0xb2, 0x53, 0xa3, 0xb2, 0x53, 0xa3, 0xb2, 0x53,
    0xa3, 0xb2, 0x53, 0xa3, 0xb2, 0x53, 0xa3, 0xb2, 0x53, 0xa4, 0xb2, 0x53,
    0xa4, 0xb2, 0x53, 0xa4, 0xb2, 0x53, 0xa4, 0xb2, 0x53, 0xa4, 0xb2, 0x53,
    0xa4, 0xb2, 0x53, 0xa5, 0xb0, 0x52, 0xa6, 0xaf, 0x52, 0xa6, 0xaf, 0x52,
    0xa6, 0xaf, 0x52, 0xa6, 0xaf, 0x52, 0xa6, 0xaf, 0x52, 0xa7, 0xaf, 0x52,
    0xab, 0xb0, 0x52, 0xab, 0xb0, 0x52, 0xab, 0xb0, 0x52, 0xaa, 0xaf, 0x51,
    0xab, 0xb0, 0x52, 0xac, 0xb1, 0x53, 0xae, 0xb0, 0x52, 0xaf, 0xb0, 0x52,
    0xaf, 0xb0, 0x52, 0xaf, 0xb0, 0x52, 0xb0, 0xb1, 0x53, 0xb0, 0xb1, 0x53,
    0xb0, 0xb2, 0x52, 0xaf, 0xb4, 0x51, 0xaf, 0xb4, 0x50, 0xaf, 0xb4, 0x50,
    0xb1, 0xb6, 0x52, 0xb2, 0xb7, 0x53, 0xb2, 0xb7, 0x53, 0xb4, 0xb6, 0x52,
    0xb5, 0xb5, 0x51, 0xb5, 0xb5, 0x51, 0xb5, 0xb5, 0x51, 0xb5, 0xb5, 0x51,
    0xb5, 0xb5, 0x51, 0xb5, 0xb5, 0x51, 0xb6, 0xb4, 0x50, 0xb6, 0xb4, 0x50,
    0xb6, 0xb4, 0x50, 0xb6, 0xb4, 0x50, 0xb6, 0xb4, 0x50, 0xb5, 0xb3, 0x4f,
    0xb2, 0xb1, 0x51, 0xb0, 0xaf, 0x55, 0xb0, 0xae, 0x59, 0xb2, 0xad, 0x5e,
    0xb2, 0xab, 0x63, 0xb3, 0xa8, 0x68, 0xb2, 0xa6, 0x6b, 0xb5, 0xa6, 0x72,
    0xb8, 0xa6, 0x78, 0xba, 0xa6, 0x7f, 0xbd, 0xa7, 0x84, 0xc0, 0xa8, 0x86,
    0xc3, 0xa9, 0x86, 0xc4, 0xaa, 0x86, 0xc3, 0xab, 0x89, 0xc1, 0xa9, 0x87,
    0xbe, 0xa6, 0x84, 0xbb, 0xa3, 0x81, 0xb9, 0xa1, 0x7f, 0xb3, 0x9b, 0x79,
    0xa9, 0x91, 0x6f, 0xa3, 0x8b, 0x66, 0xa1, 0x8a, 0x60, 0x9c, 0x89, 0x5a,
    0x9e, 0x8d, 0x59, 0xa3, 0x93, 0x5b, 0xa7, 0x99, 0x5a, 0xa8, 0x9e, 0x57,
    0x7b, 0x71, 0x39, 0x75, 0x6a, 0x33, 0x6e, 0x63, 0x2e, 0x6b, 0x5c, 0x2c,
    0x6a, 0x59, 0x2d, 0x75, 0x63, 0x3a, 0x83, 0x6e, 0x4a, 0x98, 0x80, 0x62,
    0xaa, 0x94, 0x7e, 0xad, 0x9a, 0x88, 0xa9, 0x94, 0x81, 0x9b, 0x84, 0x6c,
    0x8a, 0x70, 0x53, 0x8f, 0x76, 0x58, 0x9d, 0x85, 0x68, 0xa0, 0x89, 0x6d,
    0xa5, 0x90, 0x74, 0xb4, 0x9f, 0x86, 0xba, 0xa6, 0x8d, 0xbd, 0xa9, 0x92,
    0xc9, 0xb4, 0x9f, 0xda, 0xc5, 0xb0, 0xe4, 0xce, 0xb7, 0xe0, 0xc7, 0xb1,
    0xd9, 0xc0, 0xa8, 0xd3, 0xba, 0xa2, 0xd1, 0xba, 0xaa, 0xdf, 0xca, 0xbc,
    0xeb, 0xd6, 0xc8, 0xea, 0xd5, 0xc6, 0xe5, 0xd1, 0xc2, 0xe7, 0xd4, 0xc5,
    0xe7, 0xd4, 0xc2, 0xe3, 0xd0, 0xb7, 0xde, 0xc9, 0xae, 0xd9, 0xc1, 0xa6,
    0xd9, 0xbe, 0xa2, 0xdb, 0xbe, 0xa1, 0xdf, 0xc3, 0xa5, 0xd1, 0xc0, 0xa1,
    0xaf, 0xaa, 0x89, 0x95, 0x9b, 0x75, 0x82, 0x94, 0x68, 0x7d, 0x98, 0x67,
    0x7c, 0x9b, 0x68, 0x75, 0x94, 0x5e, 0x78, 0x94, 0x5c, 0x73, 0x8a, 0x58,
    0x63, 0x76, 0x49, 0x5a, 0x6c, 0x40, 0x58, 0x6d, 0x3d, 0x6b, 0x85, 0x50,
    0x7d, 0x9a, 0x5f, 0x82, 0xa0, 0x64, 0x73, 0x90, 0x54, 0x6e, 0x8c, 0x50,
    0x72, 0x90, 0x54, 0x6b, 0x89, 0x4d, 0x6e, 0x8c, 0x50, 0x69, 0x87, 0x4a,
    0x66, 0x84, 0x46, 0x65, 0x82, 0x44, 0x5e, 0x79, 0x3c, 0x59, 0x73, 0x36,
    0x51, 0x69, 0x2d, 0x48, 0x5f, 0x23, 0x43, 0x5a, 0x1e, 0x39, 0x52, 0x16,
    0x34, 0x4a, 0x10, 0x35, 0x41, 0x0c, 0x7a, 0x76, 0x48, 0xb3, 0xa3, 0x7a,
    0xb8, 0xa1, 0x7e, 0xc3, 0xab, 0x88, 0xbb, 0xa2, 0x7e, 0xab, 0x90, 0x6c,
    0xb9, 0x9d, 0x78, 0xb6, 0x99, 0x73, 0x96, 0x78, 0x51, 0x79, 0x5d, 0x38,
    0x7c, 0x64, 0x40, 0x6a, 0x59, 0x37, 0x3a, 0x34, 0x13, 0x1d, 0x24, 0x04,
    0x2a, 0x3c, 0x19, 0x5d, 0x6f, 0x43, 0x7d, 0x90, 0x5e, 0x7c, 0x8e, 0x58,
    0x84, 0x97, 0x5f, 0x79, 0x8c, 0x57, 0x78, 0x8a, 0x59, 0x84, 0x96, 0x6a,
    0x7c, 0x91, 0x67, 0x65, 0x7c, 0x4b, 0x56, 0x6f, 0x36, 0x5e, 0x7b, 0x3b,
    0x5e, 0x7d, 0x3b, 0x66, 0x85, 0x44, 0x6d, 0x8e, 0x4e, 0x6f, 0x93, 0x54,
    0x76, 0x9d, 0x5e, 0x74, 0x9b, 0x5e, 0x73, 0x97, 0x5c, 0x76, 0x94, 0x5d,
    0x77, 0x92, 0x5b, 0x7e, 0x9a, 0x5d, 0x89, 0xa3, 0x61, 0x93, 0xa9, 0x61,
    0x9f, 0xaf, 0x5f, 0xa7, 0xb2, 0x5b, 0xa9, 0xb1, 0x54, 0xa5, 0xb0, 0x53,
    0xa3, 0xb1, 0x53, 0xa4, 0xb2, 0x52, 0xa4, 0xb2, 0x51, 0xa4, 0xb2, 0x50,
    0xa4, 0xb3, 0x4f, 0xa4, 0xb3, 0x4e, 0xa3, 0xb3, 0x51, 0xa3, 0xb3, 0x51,
    0xa3, 0xb3, 0x51, 0xa2, 0xb2, 0x50, 0xa2, 0xb2, 0x50, 0xa2, 0xb2, 0x50,
    0xa2, 0xb2, 0x50, 0xa2, 0xb2, 0x50, 0xa2, 0xb2, 0x50, 0xa2, 0xb2, 0x50,
    0xa1, 0xb1, 0x4f, 0xa2, 0xb2, 0x50, 0xa2, 0xb2, 0x50, 0xa2, 0xb2, 0x50,
    0xa2, 0xb2, 0x50, 0xa2, 0xb2, 0x50, 0xa2, 0xb2, 0x50, 0xa2, 0xb2, 0x50,
    0xa2, 0xb2, 0x50, 0xa2, 0xb2, 0x51, 0xa2, 0xb1, 0x52, 0xa2, 0xb1, 0x52,
    0xa2, 0xb1, 0x52, 0xa2, 0xb1, 0x52, 0xa2, 0xb1, 0x52, 0xa2, 0xb1, 0x52,
    0xa2, 0xb1, 0x52, 0xa2, 0xb1, 0x52, 0xa2, 0xb1, 0x52, 0xa2, 0xb1, 0x52,
    0xa2, 0xb1, 0x52, 0xa2, 0xb1, 0x52, 0xa2, 0xb1, 0x52, 0xa3, 0xb1, 0x52,
    0xa3, 0xb1, 0x52, 0xa3, 0xb1, 0x52, 0xa3, 0xb1, 0x52, 0xa3, 0xb1, 0x52,
    0xa3, 0xb1, 0x52, 0xa5, 0xb0, 0x52, 0xa6, 0xaf, 0x52, 0xa6, 0xaf, 0x52,
    0xa6, 0xaf, 0x52, 0xa7, 0xb0, 0x53, 0xa7, 0xb0, 0x53, 0xa7, 0xb0, 0x52,
    0xaa, 0xaf, 0x51, 0xaa, 0xaf, 0x51, 0xaa, 0xaf, 0x51, 0xaa, 0xaf, 0x51,
    0xab, 0xb0, 0x52, 0xac, 0xb1, 0x53, 0xad, 0xb1, 0x52, 0xae, 0xb1, 0x52,
    0xae, 0xb1, 0x52, 0xae, 0xb1, 0x52, 0xae, 0xb1, 0x52, 0xae, 0xb1, 0x52,
    0xae, 0xb1, 0x51, 0xaf, 0xb4, 0x50, 0xaf, 0xb4, 0x50, 0xaf, 0xb4, 0x50,
    0xb1, 0xb6, 0x52, 0xb1, 0xb6, 0x52, 0xb1, 0xb6, 0x52, 0xb3, 0xb5, 0x51,
    0xb4, 0xb4, 0x50, 0xb4, 0xb4, 0x50, 0xb4, 0xb4, 0x50, 0xb4, 0xb4, 0x50,
    0xb4, 0xb4, 0x50, 0xb4, 0xb4, 0x50, 0xb6, 0xb4, 0x50, 0xb6, 0xb4, 0x50,
    0xb6, 0xb4, 0x50, 0xb6, 0xb4, 0x50, 0xb6, 0xb4, 0x50, 0xb5, 0xb3, 0x4f,
    0xb2, 0xb2, 0x51, 0xb0, 0xb0, 0x53, 0xaf, 0xaf, 0x56, 0xb0, 0xac, 0x5b,
    0xb1, 0xaa, 0x61, 0xb1, 0xa8, 0x65, 0xb1, 0xa7, 0x68, 0xb4, 0xa6, 0x6f,
    0xb7, 0xa6, 0x75, 0xb8, 0xa5, 0x7c, 0xbc, 0xa6, 0x82, 0xbf, 0xa7, 0x85,
    0xc1, 0xa9, 0x85, 0xc3, 0xaa, 0x86, 0xc2, 0xaa, 0x88, 0xc2, 0xaa, 0x88,
    0xbf, 0xa7, 0x85, 0xbc, 0xa4, 0x82, 0xb8, 0xa0, 0x7e, 0xb2, 0x9a, 0x78,
    0xab, 0x93, 0x71, 0xa5, 0x8d, 0x69, 0xa1, 0x8a, 0x62, 0x9d, 0x89, 0x5b,
    0x9d, 0x8b, 0x58, 0xa1, 0x91, 0x5a, 0xa5, 0x97, 0x5a, 0xa6, 0x9c, 0x56,
    0x94, 0x8e, 0x49, 0x8d, 0x87, 0x44, 0x86, 0x7e, 0x3d, 0x7d, 0x72, 0x36,
    0x70, 0x63, 0x2c, 0x6e, 0x5f, 0x2a, 0x75, 0x63, 0x33, 0x83, 0x6e, 0x48,
    0x91, 0x7e, 0x5f, 0x98, 0x86, 0x6d, 0x92, 0x7e, 0x66, 0x85, 0x6d, 0x52,
    0x78, 0x5f, 0x3f, 0x83, 0x6b, 0x4c, 0x93, 0x7c, 0x5e, 0x96, 0x7f, 0x62,
    0x97, 0x81, 0x65, 0xa3, 0x8e, 0x73, 0xab, 0x96, 0x7b, 0xaf, 0x9a, 0x81,
    0xb9, 0xa4, 0x8c, 0xc9, 0xb3, 0x9b, 0xd5, 0xbe, 0xa4, 0xd6, 0xbd, 0xa4,
    0xd3, 0xb9, 0x9e, 0xcf, 0xb4, 0x9a, 0xce, 0xb5, 0xa2, 0xda, 0xc3, 0xb2,
    0xe3, 0xcd, 0xbb, 0xe5, 0xce, 0xbb, 0xe6, 0xd1, 0xc0, 0xe8, 0xd4, 0xc5,
    0xe6, 0xd2, 0xc1, 0xe0, 0xcc, 0xb4, 0xde, 0xc8, 0xaf, 0xe0, 0xc8, 0xae,
    0xe5, 0xca, 0xb0, 0xe4, 0xca, 0xad, 0xe2, 0xc9, 0xac, 0xcc, 0xc1, 0xa0,
    0xa4, 0xa4, 0x81, 0x91, 0x9c, 0x74, 0x84, 0x98, 0x6b, 0x7e, 0x9a, 0x69,
    0x81, 0x9f, 0x6c, 0x74, 0x92, 0x5d, 0x6f, 0x8b, 0x55, 0x6a, 0x81, 0x51,
    0x60, 0x71, 0x48, 0x5c, 0x6c, 0x43, 0x5f, 0x74, 0x44, 0x75, 0x91, 0x59,
    0x75, 0x95, 0x57, 0x76, 0x97, 0x57, 0x7c, 0x9c, 0x5d, 0x79, 0x97, 0x5a,
    0x7b, 0x9a, 0x5d, 0x77, 0x95, 0x59, 0x73, 0x91, 0x54, 0x65, 0x83, 0x45,
    0x64, 0x82, 0x44, 0x62, 0x7f, 0x42, 0x5b, 0x76, 0x39, 0x55, 0x6f, 0x32,
    0x4e, 0x67, 0x2b, 0x47, 0x5d, 0x22, 0x42, 0x59, 0x1e, 0x3a, 0x53, 0x18,
    0x35, 0x4a, 0x12, 0x34, 0x40, 0x0c, 0x7e, 0x7a, 0x4d, 0xb8, 0xa9, 0x81,
    0xbb, 0xa5, 0x80, 0xc4, 0xac, 0x89, 0xb9, 0xa1, 0x7d, 0xb6, 0x9d, 0x78,
    0xc9, 0xb0, 0x8b, 0xc6, 0xac, 0x87, 0xa7, 0x8b, 0x65, 0x80, 0x63, 0x3e,
    0x77, 0x5e, 0x3b, 0x66, 0x55, 0x33, 0x38, 0x33, 0x12, 0x1e, 0x26, 0x05,
    0x27, 0x3a, 0x17, 0x53, 0x66, 0x3b, 0x6a, 0x7d, 0x4c, 0x71, 0x84, 0x50,
    0x79, 0x8d, 0x56, 0x82, 0x95, 0x61, 0x86, 0x98, 0x68, 0x87, 0x9a, 0x6d,
    0x83, 0x98, 0x6c, 0x67, 0x7f, 0x4c, 0x51, 0x6b, 0x30, 0x56, 0x73, 0x32,
    0x55, 0x74, 0x31, 0x5d, 0x7c, 0x3a, 0x65, 0x86, 0x45, 0x6b, 0x8f, 0x4e,
    0x73, 0x9a, 0x5a, 0x71, 0x99, 0x5c, 0x73, 0x99, 0x5f, 0x7a, 0x9a, 0x64,
    0x76, 0x93, 0x5e, 0x79, 0x98, 0x5f, 0x7f, 0x9b, 0x60, 0x8a, 0xa1, 0x62,
    0x9a, 0xab, 0x64, 0xa5, 0xb2, 0x61, 0xa8, 0xb1, 0x5a, 0xa4, 0xaf, 0x55,
    0xa3, 0xb0, 0x56, 0xa3, 0xb1, 0x53, 0xa3, 0xb1, 0x52, 0xa4, 0xb2, 0x50,
    0xa4, 0xb3, 0x4e, 0xa4, 0xb3, 0x4e, 0xa3, 0xb3, 0x50, 0xa3, 0xb3, 0x51,
    0xa3, 0xb3, 0x51, 0xa2, 0xb2, 0x50, 0xa2, 0xb2, 0x50, 0xa2, 0xb2, 0x50,
    0xa1, 0xb1, 0x4f, 0xa1, 0xb1, 0x4f, 0xa1, 0xb1, 0x4f, 0xa1, 0xb1, 0x4f,
    0xa0, 0xb0, 0x4e, 0xa1, 0xb1, 0x4f, 0xa2, 0xb2, 0x50, 0xa1, 0xb1, 0x4f,
    0xa1, 0xb1, 0x4f, 0xa1, 0xb1, 0x4f, 0xa2, 0xb2, 0x50, 0xa2, 0xb2, 0x50,
    0xa2, 0xb2, 0x50, 0xa2, 0xb2, 0x51, 0xa2, 0xb1, 0x52, 0xa2, 0xb1, 0x52,
    0xa2, 0xb1, 0x52, 0xa2, 0xb1, 0x52, 0xa2, 0xb1, 0x52, 0xa2, 0xb1, 0x52,
    0xa2, 0xb1, 0x52, 0xa2, 0xb1, 0x52, 0xa2, 0xb1, 0x52, 0xa2, 0xb1, 0x52,
    0xa2, 0xb1, 0x52, 0xa2, 0xb1, 0x52, 0xa2, 0xb1, 0x52, 0xa3, 0xb1, 0x52,
    0xa3, 0xb1, 0x52, 0xa3, 0xb1, 0x52, 0xa3, 0xb1, 0x52, 0xa3, 0xb1, 0x52,
    0xa3, 0xb1, 0x52, 0xa5, 0xb0, 0x52, 0xa6, 0xaf, 0x52, 0xa6, 0xaf, 0x52,
    0xa6, 0xaf, 0x52, 0xa7, 0xb0, 0x53, 0xa7, 0xb0, 0x53, 0xa7, 0xb0, 0x52,
    0xa9, 0xae, 0x50, 0xa9, 0xae, 0x50, 0xa9, 0xae, 0x50, 0xaa, 0xaf, 0x51,
    0xab, 0xb0, 0x52, 0xab, 0xb0, 0x52, 0xad, 0xb1, 0x52, 0xad, 0xb1, 0x52,
    0xad, 0xb1, 0x52, 0xad, 0xb1, 0x52, 0xad, 0xb1, 0x52, 0xad, 0xb1, 0x52,
    0xad, 0xb1, 0x51, 0xaf, 0xb4, 0x50, 0xaf, 0xb4, 0x50, 0xaf, 0xb4, 0x50,
    0xb0, 0xb5, 0x51, 0xb0, 0xb5, 0x51, 0xb0, 0xb5, 0x51, 0xb2, 0xb4, 0x50,
    0xb3, 0xb3, 0x4f, 0xb3, 0xb3, 0x4f, 0xb3, 0xb3, 0x4f, 0xb3, 0xb3, 0x4f,
    0xb3, 0xb3, 0x4f, 0xb3, 0xb3, 0x4f, 0xb5, 0xb3, 0x4f, 0xb5, 0xb3, 0x4f,
    0xb5, 0xb3, 0x4f, 0xb6, 0xb4, 0x50, 0xb6, 0xb4, 0x50, 0xb5, 0xb3, 0x4f,
    0xb2, 0xb3, 0x4f, 0xb0, 0xb2, 0x52, 0xaf, 0xaf, 0x54, 0xaf, 0xac, 0x59,
    0xb0, 0xab, 0x5e, 0xb0, 0xa8, 0x62, 0xb0, 0xa7, 0x65, 0xb3, 0xa6, 0x6c,
    0xb5, 0xa6, 0x72, 0xb7, 0xa5, 0x79, 0xba, 0xa6, 0x80, 0xbd, 0xa6, 0x84,
    0xc0, 0xa8, 0x85, 0xc1, 0xa9, 0x86, 0xc2, 0xaa, 0x88, 0xc1, 0xa9, 0x87,
    0xbf, 0xa7, 0x85, 0xbc, 0xa4, 0x82, 0xb8, 0xa0, 0x7e, 0xb2, 0x9a, 0x78,
    0xac, 0x94, 0x72, 0xa7, 0x8f, 0x6c, 0xa1, 0x8a, 0x63, 0x9d, 0x8a, 0x5d,
    0x9c, 0x8b, 0x59, 0x9e, 0x8f, 0x59, 0xa3, 0x95, 0x5a, 0xa5, 0x9b, 0x55,
    0xa8, 0xa6, 0x52, 0xa3, 0xa0, 0x4e, 0x9e, 0x99, 0x4a, 0x98, 0x91, 0x46,
    0x89, 0x81, 0x3a, 0x7f, 0x75, 0x30, 0x79, 0x6b, 0x2c, 0x75, 0x64, 0x30,
    0x73, 0x64, 0x39, 0x76, 0x67, 0x45, 0x78, 0x66, 0x48, 0x6d, 0x57, 0x38,
    0x66, 0x4d, 0x2c, 0x77, 0x61, 0x43, 0x8d, 0x79, 0x5c, 0x8d, 0x78, 0x5b,
    0x89, 0x74, 0x57, 0x93, 0x7e, 0x62, 0x9e, 0x89, 0x6c, 0xa2, 0x8d, 0x71,
    0xa6, 0x91, 0x77, 0xaf, 0x9a, 0x7e, 0xbb, 0xa4, 0x88, 0xc0, 0xa8, 0x8b,
    0xc3, 0xaa, 0x8b, 0xc4, 0xaa, 0x8c, 0xc8, 0xad, 0x97, 0xd2, 0xb8, 0xa3,
    0xd8, 0xbf, 0xa7, 0xda, 0xc2, 0xaa, 0xe1, 0xcb, 0xb6, 0xe5, 0xcf, 0xbf,
    0xe2, 0xcd, 0xbd, 0xdf, 0xc9, 0xb5, 0xe1, 0xc9, 0xb4, 0xe7, 0xcd, 0xb7,
    0xeb, 0xd2, 0xba, 0xe6, 0xd2, 0xb7, 0xda, 0xcb, 0xae, 0xbc, 0xb8, 0x96,
    0x96, 0x9d, 0x76, 0x89, 0x99, 0x6e, 0x87, 0x9e, 0x6f, 0x80, 0x9b, 0x6a,
    0x7d, 0x99, 0x66, 0x79, 0x96, 0x61, 0x6a, 0x89, 0x53, 0x60, 0x76, 0x49,
    0x5d, 0x6b, 0x45, 0x5b, 0x67, 0x42, 0x6f, 0x83, 0x54, 0x81, 0x9e, 0x64,
    0x77, 0x9b, 0x59, 0x6c, 0x91, 0x4d, 0x79, 0x9c, 0x5a, 0x75, 0x96, 0x56,
    0x71, 0x90, 0x52, 0x78, 0x96, 0x5a, 0x78, 0x95, 0x59, 0x6f, 0x8d, 0x50,
    0x64, 0x82, 0x44, 0x5d, 0x7a, 0x3c, 0x5c, 0x76, 0x39, 0x53, 0x6d, 0x30,
    0x4d, 0x65, 0x29, 0x48, 0x5e, 0x23, 0x44, 0x5b, 0x20, 0x3c, 0x55, 0x1a,
    0x37, 0x4d, 0x15, 0x36, 0x42, 0x0f, 0x80, 0x7c, 0x4f, 0xba, 0xab, 0x83,
    0xbc, 0xa5, 0x80, 0xc3, 0xab, 0x86, 0xbd, 0xa5, 0x81, 0xc3, 0xab, 0x85,
    0xcc, 0xb5, 0x8f, 0xbf, 0xa7, 0x82, 0x9b, 0x81, 0x5b, 0x7e, 0x61, 0x3c,
    0x76, 0x5e, 0x3a, 0x62, 0x52, 0x30, 0x3a, 0x38, 0x16, 0x22, 0x2e, 0x0c,
    0x24, 0x3a, 0x16, 0x52, 0x66, 0x3c, 0x76, 0x8a, 0x5a, 0x7e, 0x92, 0x5e,
    0x70, 0x84, 0x4e, 0x79, 0x8d, 0x59, 0x79, 0x8d, 0x5c, 0x71, 0x85, 0x58,
    0x78, 0x8d, 0x61, 0x65, 0x7d, 0x4a, 0x4f, 0x68, 0x2c, 0x53, 0x71, 0x2f,
    0x50, 0x6f, 0x2c, 0x56, 0x75, 0x32, 0x5f, 0x7e, 0x3c, 0x63, 0x85, 0x44,
    0x6b, 0x91, 0x50, 0x6d, 0x95, 0x56, 0x76, 0x9c, 0x5f, 0x7c, 0x9e, 0x65,
    0x78, 0x97, 0x61, 0x78, 0x97, 0x62, 0x76, 0x93, 0x5d, 0x80, 0x98, 0x5f,
    0x92, 0xa6, 0x67, 0x9f, 0xaf, 0x66, 0xa4, 0xb2, 0x61, 0xa3, 0xb0, 0x5b,
    0xa3, 0xb0, 0x58, 0xa2, 0xaf, 0x56, 0xa2, 0xb0, 0x51, 0xa3, 0xb1, 0x4f,
    0xa3, 0xb2, 0x4d, 0xa3, 0xb2, 0x4d, 0xa2, 0xb2, 0x4f, 0xa2, 0xb2, 0x50,
    0xa2, 0xb2, 0x50, 0xa1, 0xb1, 0x4f, 0xa1, 0xb1, 0x4f, 0xa1, 0xb1, 0x4f,
    0xa1, 0xb1, 0x4f, 0xa1, 0xb1, 0x4f, 0xa1, 0xb1, 0x4f, 0xa1, 0xb1, 0x4f,
    0xa0, 0xb0, 0x4e, 0xa1, 0xb1, 0x4f, 0xa2, 0xb2, 0x50, 0xa0, 0xb2, 0x4f,
    0xa0, 0xb2, 0x4f, 0xa0, 0xb2, 0x4f, 0xa1, 0xb3, 0x50, 0xa1, 0xb3, 0x50,
    0xa1, 0xb3, 0x50, 0xa1, 0xb2, 0x51, 0xa2, 0xb1, 0x52, 0xa2, 0xb1, 0x52,
    0xa2, 0xb1, 0x52, 0xa2, 0xb1, 0x52, 0xa2, 0xb1, 0x52, 0xa2, 0xb1, 0x52,
    0xa2, 0xb1, 0x52, 0xa2, 0xb1, 0x52, 0xa2, 0xb1, 0x52, 0xa2, 0xb1, 0x52,
    0xa2, 0xb1, 0x52, 0xa2, 0xb1, 0x52, 0xa2, 0xb1, 0x52, 0xa3, 0xb1, 0x52,
    0xa3, 0xb1, 0x52, 0xa3, 0xb1, 0x52, 0xa3, 0xb1, 0x52, 0xa3, 0xb1, 0x52,
    0xa3, 0xb1, 0x52, 0xa4, 0xaf, 0x51, 0xa5, 0xae, 0x51, 0xa5, 0xae, 0x51,
    0xa5, 0xae, 0x51, 0xa6, 0xaf, 0x52, 0xa6, 0xaf, 0x52, 0xa7, 0xaf, 0x52,
    0xa9, 0xae, 0x50, 0xa9, 0xae, 0x50, 0xa9, 0xae, 0x50, 0xa9, 0xae, 0x50,
    0xaa, 0xaf, 0x51, 0xab, 0xb0, 0x52, 0xac, 0xb1, 0x52, 0xac, 0xb2, 0x52,
    0xac, 0xb2, 0x52, 0xac, 0xb2, 0x52, 0xac, 0xb2, 0x52, 0xac, 0xb2, 0x52,
    0xac, 0xb2, 0x51, 0xaf, 0xb4, 0x50, 0xaf, 0xb4, 0x50, 0xaf, 0xb4, 0x50,
    0xb0, 0xb5, 0x51, 0xb0, 0xb5, 0x51, 0xb0, 0xb5, 0x51, 0xb2, 0xb4, 0x50,
    0xb3, 0xb3, 0x4f, 0xb3, 0xb3, 0x4f, 0xb3, 0xb3, 0x4f, 0xb3, 0xb3, 0x4f,
    0xb3, 0xb3, 0x4f, 0xb3, 0xb3, 0x4f, 0xb5, 0xb3, 0x4f, 0xb5, 0xb3, 0x4f,
    0xb5, 0xb3, 0x4f, 0xb6, 0xb4, 0x50, 0xb6, 0xb4, 0x50, 0xb5, 0xb3, 0x4f,
    0xb2, 0xb3, 0x4f, 0xaf, 0xb3, 0x51, 0xae, 0xb0, 0x52, 0xae, 0xad, 0x56,
    0xaf, 0xac, 0x5c, 0xb0, 0xa9, 0x60, 0xb0, 0xa7, 0x64, 0xb2, 0xa7, 0x69,
    0xb4, 0xa6, 0x6f, 0xb6, 0xa5, 0x77, 0xb7, 0xa4, 0x7d, 0xbb, 0xa4, 0x82,
    0xbd, 0xa6, 0x84, 0xbf, 0xa7, 0x84, 0xc0, 0xa8, 0x86, 0xc0, 0xa8, 0x86,
    0xbd, 0xa5, 0x83, 0xbb, 0xa3, 0x81, 0xb7, 0x9f, 0x7d, 0xb1, 0x99, 0x77,
    0xab, 0x93, 0x73, 0xa7, 0x8f, 0x6d, 0xa1, 0x8a, 0x64, 0x9c, 0x89, 0x5d,
    0x9a, 0x88, 0x58, 0x9c, 0x8c, 0x57, 0xa1, 0x93, 0x57, 0xa3, 0x99, 0x53,
    0xb4, 0xb6, 0x55, 0xb2, 0xb3, 0x53, 0xae, 0xae, 0x52, 0xab, 0xa8, 0x50,
    0xa1, 0x9d, 0x48, 0x97, 0x91, 0x3f, 0x8e, 0x85, 0x3a, 0x84, 0x79, 0x37,
    0x71, 0x65, 0x2f, 0x61, 0x55, 0x2b, 0x63, 0x54, 0x31, 0x60, 0x4b, 0x29,
    0x5c, 0x43, 0x21, 0x6c, 0x59, 0x3c, 0x83, 0x72, 0x58, 0x80, 0x6e, 0x53,
    0x77, 0x63, 0x48, 0x7d, 0x69, 0x4e, 0x89, 0x76, 0x59, 0x8f, 0x7b, 0x5d,
    0x92, 0x7f, 0x61, 0x95, 0x82, 0x63, 0x9d, 0x89, 0x6a, 0xa7, 0x90, 0x70,
    0xb0, 0x99, 0x78, 0xb8, 0x9f, 0x7e, 0xbe, 0xa2, 0x88, 0xc3, 0xa7, 0x8e,
    0xc7, 0xad, 0x8f, 0xcd, 0xb6, 0x97, 0xda, 0xc4, 0xa9, 0xdd, 0xc7, 0xb4,
    0xdf, 0xc9, 0xba, 0xe2, 0xca, 0xba, 0xe6, 0xcb, 0xbb, 0xe8, 0xcd, 0xbb,
    0xe9, 0xd2, 0xbc, 0xe2, 0xd3, 0xba, 0xce, 0xc7, 0xaa, 0xa7, 0xaa, 0x86,
    0x90, 0x9c, 0x72, 0x82, 0x96, 0x67, 0x86, 0x9f, 0x6e, 0x81, 0x9c, 0x68,
    0x76, 0x90, 0x5b, 0x78, 0x94, 0x5f, 0x6b, 0x8a, 0x55, 0x5e, 0x74, 0x48,
    0x5c, 0x68, 0x46, 0x6a, 0x75, 0x52, 0x8e, 0xa1, 0x73, 0x8d, 0xad, 0x70,
    0x8b, 0xb1, 0x6c, 0x71, 0x98, 0x51, 0x62, 0x87, 0x42, 0x6f, 0x92, 0x50,
    0x6f, 0x8e, 0x50, 0x6e, 0x8a, 0x50, 0x67, 0x83, 0x49, 0x68, 0x86, 0x49,
    0x68, 0x86, 0x48, 0x59, 0x76, 0x38, 0x59, 0x74, 0x37, 0x55, 0x6f, 0x32,
    0x4f, 0x67, 0x2b, 0x4a, 0x60, 0x26, 0x48, 0x5f, 0x25, 0x41, 0x59, 0x20,
    0x3d, 0x52, 0x1b, 0x3b, 0x46, 0x14, 0x83, 0x7f, 0x53, 0xbb, 0xab, 0x84,
    0xb9, 0xa2, 0x7c, 0xbd, 0xa5, 0x7f, 0xc4, 0xac, 0x86, 0xcf, 0xb7, 0x92,
    0xc9, 0xb3, 0x8e, 0xa5, 0x8f, 0x6a, 0x79, 0x60, 0x3a, 0x7a, 0x5e, 0x38,
    0x7b, 0x63, 0x3f, 0x5f, 0x4f, 0x2d, 0x3c, 0x3a, 0x18, 0x28, 0x36, 0x13,
    0x28, 0x40, 0x1a, 0x56, 0x6b, 0x40, 0x72, 0x86, 0x56, 0x77, 0x8b, 0x58,
    0x81, 0x96, 0x61, 0x7a, 0x8e, 0x5b, 0x79, 0x8d, 0x5e, 0x78, 0x8c, 0x5f,
    0x7f, 0x94, 0x67, 0x6b, 0x83, 0x4f, 0x4e, 0x68, 0x2c, 0x52, 0x6f, 0x2d,
    0x50, 0x6f, 0x2b, 0x51, 0x70, 0x2d, 0x58, 0x76, 0x35, 0x5b, 0x7b, 0x3a,
    0x62, 0x87, 0x45, 0x67, 0x8e, 0x4d, 0x74, 0x9a, 0x5b, 0x7b, 0x9d, 0x60,
    0x79, 0x98, 0x5f, 0x79, 0x97, 0x63, 0x74, 0x90, 0x5d, 0x7a, 0x93, 0x60,
    0x88, 0x9e, 0x65, 0x97, 0xa9, 0x67, 0xa0, 0xb1, 0x65, 0xa3, 0xb1, 0x5e,
    0xa4, 0xb0, 0x5a, 0xa2, 0xaf, 0x56, 0xa1, 0xaf, 0x52, 0xa2, 0xb0, 0x4f,
    0xa2, 0xb1, 0x4c, 0xa2, 0xb1, 0x4c, 0xa1, 0xb1, 0x4e, 0xa1, 0xb1, 0x4f,
    0xa1, 0xb1, 0x4f, 0xa0, 0xb0, 0x4e, 0xa0, 0xb0, 0x4e, 0xa0, 0xb0, 0x4e,
    0xa1, 0xb1, 0x4f, 0xa1, 0xb1, 0x4f, 0xa1, 0xb1, 0x4f, 0xa1, 0xb1, 0x4f,
    0xa0, 0xb0, 0x4e, 0xa1, 0xb1, 0x4f, 0xa2, 0xb2, 0x50, 0xa0, 0xb2, 0x4f,
    0xa0, 0xb2, 0x4f, 0xa0, 0xb2, 0x4f, 0xa1, 0xb3, 0x50, 0xa1, 0xb3, 0x50,
    0xa1, 0xb3, 0x50, 0xa1, 0xb2, 0x51, 0xa2, 0xb1, 0x52, 0xa2, 0xb1, 0x52,
    0xa2, 0xb1, 0x52, 0xa2, 0xb1, 0x52, 0xa2, 0xb1, 0x52, 0xa2, 0xb1, 0x52,
    0xa2, 0xb1, 0x52, 0xa2, 0xb1, 0x52, 0xa2, 0xb1, 0x52, 0xa2, 0xb1, 0x52,
    0xa2, 0xb1, 0x52, 0xa2, 0xb1, 0x52, 0xa2, 0xb1, 0x52, 0xa3, 0xb1, 0x52,
    0xa3, 0xb1, 0x52, 0xa3, 0xb1, 0x52, 0xa3, 0xb1, 0x52, 0xa3, 0xb1, 0x52,
    0xa3, 0xb1, 0x52, 0xa4, 0xae, 0x51, 0xa4, 0xad, 0x50, 0xa4, 0xad, 0x50,
    0xa4, 0xad, 0x50, 0xa5, 0xae, 0x51, 0xa5, 0xae, 0x51, 0xa6, 0xae, 0x51,
    0xa9, 0xae, 0x50, 0xa9, 0xae, 0x50, 0xa9, 0xae, 0x50, 0xa8, 0xad, 0x4f,
    0xa9, 0xae, 0x50, 0xaa, 0xaf, 0x51, 0xab, 0xb1, 0x52, 0xac, 0xb2, 0x52,
    0xac, 0xb2, 0x52, 0xac, 0xb2, 0x52, 0xac, 0xb2, 0x52, 0xac, 0xb2, 0x52,
    0xac, 0xb2, 0x51, 0xae, 0xb3, 0x50, 0xae, 0xb3, 0x4f, 0xae, 0xb3, 0x4f,
    0xaf, 0xb4, 0x50, 0xaf, 0xb4, 0x50, 0xaf, 0xb4, 0x50, 0xb1, 0xb3, 0x4f,
    0xb2, 0xb2, 0x4e, 0xb2, 0xb2, 0x4e, 0xb2, 0xb2, 0x4e, 0xb2, 0xb2, 0x4e,
    0xb2, 0xb2, 0x4e, 0xb2, 0xb2, 0x4e, 0xb4, 0xb2, 0x4e, 0xb4, 0xb2, 0x4e,
    0xb4, 0xb2, 0x4e, 0xb6, 0xb4, 0x50, 0xb6, 0xb4, 0x50, 0xb5, 0xb3, 0x4f,
    0xb2, 0xb3, 0x4e, 0xaf, 0xb3, 0x4f, 0xad, 0xb1, 0x51, 0xad, 0xad, 0x55,
    0xaf, 0xac, 0x5b, 0xaf, 0xaa, 0x5f, 0xaf, 0xa8, 0x62, 0xb1, 0xa7, 0x68,
    0xb2, 0xa6, 0x6e, 0xb4, 0xa5, 0x75, 0xb6, 0xa3, 0x7b, 0xb7, 0xa2, 0x7f,
    0xba, 0xa4, 0x81, 0xbc, 0xa5, 0x83, 0xbe, 0xa6, 0x84, 0xbe, 0xa6, 0x84,
    0xbc, 0xa4, 0x82, 0xba, 0xa2, 0x80, 0xb6, 0x9e, 0x7c, 0xb0, 0x98, 0x76,
    0xab, 0x92, 0x73, 0xa7, 0x8e, 0x6e, 0xa1, 0x8a, 0x65, 0x9c, 0x87, 0x5d,
    0x98, 0x86, 0x57, 0x99, 0x89, 0x55, 0x9e, 0x90, 0x55, 0xa0, 0x96, 0x52,
    0xb5, 0xba, 0x51, 0xb4, 0xb8, 0x51, 0xb3, 0xb6, 0x51, 0xb3, 0xb3, 0x52,
    0xb1, 0xae, 0x51, 0xac, 0xa8, 0x4d, 0xa2, 0x9d, 0x48, 0x96, 0x8f, 0x44,
    0x7e, 0x77, 0x38, 0x66, 0x5e, 0x2c, 0x63, 0x56, 0x2d, 0x60, 0x4d, 0x27,
    0x56, 0x3f, 0x1a, 0x5d, 0x4b, 0x2d, 0x6c, 0x5c, 0x40, 0x69, 0x58, 0x3c,
    0x63, 0x52, 0x35, 0x68, 0x55, 0x39, 0x74, 0x60, 0x44, 0x79, 0x66, 0x47,
    0x7c, 0x6a, 0x4a, 0x7c, 0x6a, 0x49, 0x81, 0x6d, 0x4c, 0x8d, 0x78, 0x55,
    0x9b, 0x85, 0x62, 0xa7, 0x90, 0x6d, 0xb3, 0x97, 0x7a, 0xb5, 0x98, 0x7c,
    0xb9, 0x9f, 0x7f, 0xc3, 0xab, 0x8a, 0xce, 0xb8, 0x9b, 0xd0, 0xbb, 0xa6,
    0xd7, 0xc2, 0xb0, 0xde, 0xc6, 0xb7, 0xe6, 0xcb, 0xbc, 0xe6, 0xcb, 0xbb,
    0xe4, 0xcf, 0xba, 0xd9, 0xcf, 0xb6, 0xbd, 0xbc, 0x9f, 0x96, 0xa1, 0x79,
    0x8e, 0xa0, 0x72, 0x84, 0x9b, 0x6a, 0x7e, 0x99, 0x65, 0x83, 0x9c, 0x67,
    0x79, 0x90, 0x5b, 0x6f, 0x88, 0x53, 0x64, 0x82, 0x50, 0x5c, 0x72, 0x47,
    0x5a, 0x67, 0x45, 0x73, 0x80, 0x5c, 0x8e, 0xa2, 0x72, 0x80, 0xa0, 0x62,
    0x7c, 0xa3, 0x5d, 0x7a, 0xa1, 0x5a, 0x77, 0x9c, 0x57, 0x82, 0xa4, 0x63,
    0x80, 0x9f, 0x62, 0x78, 0x95, 0x5b, 0x6c, 0x88, 0x4e, 0x5f, 0x7d, 0x40,
    0x60, 0x7e, 0x40, 0x59, 0x76, 0x39, 0x54, 0x6f, 0x32, 0x55, 0x6f, 0x32,
    0x52, 0x6b, 0x2e, 0x4e, 0x64, 0x2a, 0x4c, 0x62, 0x28, 0x44, 0x5d, 0x24,
    0x41, 0x56, 0x1f, 0x3e, 0x4a, 0x19, 0x88, 0x84, 0x5a, 0xc2, 0xb1, 0x8b,
    0xbe, 0xa6, 0x7f, 0xbc, 0xa3, 0x7d, 0xc9, 0xb2, 0x8b, 0xd0, 0xb9, 0x94,
    0xca, 0xb4, 0x8f, 0xa5, 0x8f, 0x6a, 0x7b, 0x62, 0x3d, 0x87, 0x6a, 0x45,
    0x7c, 0x63, 0x3f, 0x5a, 0x4b, 0x28, 0x3a, 0x39, 0x16, 0x28, 0x38, 0x14,
    0x2a, 0x43, 0x1d, 0x4e, 0x65, 0x39, 0x68, 0x7d, 0x4d, 0x6e, 0x85, 0x51,
    0x7d, 0x93, 0x5e, 0x7b, 0x92, 0x5e, 0x88, 0x9e, 0x6f, 0x87, 0x9c, 0x6f,
    0x87, 0x9c, 0x6f, 0x70, 0x88, 0x55, 0x52, 0x6c, 0x2f, 0x54, 0x71, 0x2f,
    0x55, 0x74, 0x30, 0x51, 0x70, 0x2d, 0x55, 0x72, 0x31, 0x56, 0x75, 0x35,
    0x5b, 0x7f, 0x3d, 0x60, 0x85, 0x45, 0x6e, 0x92, 0x53, 0x78, 0x99, 0x5b,
    0x7e, 0x9c, 0x62, 0x7a, 0x97, 0x64, 0x76, 0x91, 0x61, 0x7a, 0x92, 0x63,
    0x81, 0x98, 0x62, 0x90, 0xa5, 0x67, 0x9b, 0xaf, 0x68, 0xa1, 0xb1, 0x62,
    0xa4, 0xb0, 0x5b, 0xa1, 0xae, 0x56, 0xa1, 0xae, 0x51, 0xa2, 0xb0, 0x4f,
    0xa2, 0xb1, 0x4d, 0xa2, 0xb1, 0x4d, 0xa1, 0xb1, 0x4e, 0xa1, 0xb1, 0x4f,
    0xa1, 0xb1, 0x4f, 0xa0, 0xb0, 0x4e, 0xa0, 0xb0, 0x4e, 0xa0, 0xb0, 0x4e,
    0xa1, 0xb1, 0x4f, 0xa1, 0xb1, 0x4f, 0xa1, 0xb1, 0x4f, 0xa1, 0xb1, 0x4f,
    0xa0, 0xb0, 0x4e, 0xa1, 0xb1, 0x4f, 0xa2, 0xb2, 0x50, 0x9f, 0xb2, 0x4f,
    0x9f, 0xb2, 0x4f, 0x9f, 0xb2, 0x4f, 0xa0, 0xb3, 0x50, 0xa0, 0xb3, 0x50,
    0xa0, 0xb3, 0x50, 0xa1, 0xb2, 0x51, 0xa2, 0xb1, 0x52, 0xa2, 0xb1, 0x52,
    0xa2, 0xb1, 0x52, 0xa2, 0xb1, 0x52, 0xa2, 0xb1, 0x52, 0xa2, 0xb1, 0x52,
    0xa2, 0xb1, 0x53, 0xa2, 0xb1, 0x53, 0xa2, 0xb1, 0x53, 0xa2, 0xb1, 0x53,
    0xa2, 0xb1, 0x53, 0xa2, 0xb1, 0x53, 0xa2, 0xb1, 0x53, 0xa3, 0xb1, 0x53,
    0xa3, 0xb1, 0x53, 0xa3, 0xb1, 0x53, 0xa3, 0xb1, 0x52, 0xa3, 0xb1, 0x52,
    0xa3, 0xb1, 0x52, 0xa3, 0xae, 0x51, 0xa4, 0xad, 0x50, 0xa3, 0xad, 0x50,
    0xa4, 0xad, 0x50, 0xa5, 0xae, 0x51, 0xa5, 0xae, 0x51, 0xa6, 0xae, 0x51,
    0xa9, 0xae, 0x50, 0xa9, 0xae, 0x50, 0xa9, 0xae, 0x50, 0xa8, 0xad, 0x4f,
    0xa9, 0xae, 0x50, 0xa9, 0xae, 0x50, 0xab, 0xb1, 0x52, 0xac, 0xb2, 0x52,
    0xac, 0xb2, 0x52, 0xac, 0xb2, 0x52, 0xac, 0xb2, 0x52, 0xac, 0xb2, 0x52,
    0xac, 0xb2, 0x51, 0xad, 0xb2, 0x4f, 0xad, 0xb2, 0x4f, 0xad, 0xb2, 0x4e,
    0xae, 0xb3, 0x4f, 0xae, 0xb3, 0x4f, 0xae, 0xb3, 0x4f, 0xb0, 0xb2, 0x4e,
    0xb1, 0xb1, 0x4d, 0xb1, 0xb1, 0x4d, 0xb1, 0xb1, 0x4d, 0xb1, 0xb1, 0x4d,
    0xb1, 0xb1, 0x4d, 0xb1, 0xb1, 0x4d, 0xb2, 0xb1, 0x4d, 0xb2, 0xb1, 0x4d,
    0xb2, 0xb1, 0x4d, 0xb4, 0xb3, 0x4f, 0xb5, 0xb4, 0x50, 0xb4, 0xb3, 0x4f,
    0xb1, 0xb3, 0x4e, 0xae, 0xb4, 0x4f, 0xad, 0xb1, 0x51, 0xad, 0xae, 0x54,
    0xae, 0xad, 0x5a, 0xaf, 0xaa, 0x5e, 0xaf, 0xa8, 0x61, 0xb0, 0xa7, 0x66,
    0xb2, 0xa5, 0x6c, 0xb4, 0xa5, 0x74, 0xb4, 0xa2, 0x79, 0xb5, 0xa2, 0x7e,
    0xb9, 0xa2, 0x80, 0xbb, 0xa4, 0x82, 0xbe, 0xa5, 0x84, 0xbd, 0xa5, 0x83,
    0xbb, 0xa3, 0x81, 0xb9, 0xa1, 0x7f, 0xb6, 0x9e, 0x7c, 0xb0, 0x98, 0x76,
    0xab, 0x92, 0x73, 0xa7, 0x8e, 0x6e, 0xa1, 0x8a, 0x65, 0x9b, 0x87, 0x5d,
    0x97, 0x85, 0x56, 0x98, 0x87, 0x54, 0x9c, 0x8d, 0x53, 0x9f, 0x94, 0x51,
    0xb8, 0xb9, 0x54, 0xb8, 0xb9, 0x54, 0xb7, 0xb8, 0x54, 0xb8, 0xb8, 0x56,
    0xb8, 0xb7, 0x56, 0xb6, 0xb4, 0x55, 0xb1, 0xaf, 0x52, 0xa8, 0xa6, 0x4d,
    0x98, 0x95, 0x44, 0x86, 0x81, 0x3a, 0x7a, 0x73, 0x34, 0x6f, 0x64, 0x2b,
    0x5f, 0x53, 0x1c, 0x5d, 0x51, 0x1f, 0x60, 0x54, 0x25, 0x5b, 0x4e, 0x22,
    0x55, 0x47, 0x1f, 0x55, 0x46, 0x23, 0x5c, 0x4d, 0x2b, 0x5d, 0x4b, 0x28,
    0x62, 0x4f, 0x27, 0x65, 0x52, 0x29, 0x6b, 0x56, 0x2f, 0x76, 0x61, 0x3a,
    0x85, 0x6f, 0x48, 0x93, 0x7c, 0x57, 0xa2, 0x83, 0x67, 0xa5, 0x84, 0x6a,
    0xaa, 0x8c, 0x6f, 0xb1, 0x97, 0x79, 0xbb, 0xa4, 0x85, 0xbf, 0xaa, 0x8e,
    0xcf, 0xb9, 0xa0, 0xdb, 0xc0, 0xab, 0xe1, 0xc6, 0xb0, 0xe4, 0xcb, 0xb1,
    0xde, 0xcd, 0xb0, 0xcb, 0xc6, 0xa5, 0xab, 0xb0, 0x8c, 0x8f, 0xa0, 0x74,
    0x86, 0x9e, 0x6d, 0x84, 0x9e, 0x6a, 0x7a, 0x95, 0x60, 0x7f, 0x99, 0x66,
    0x7a, 0x93, 0x63, 0x6a, 0x80, 0x53, 0x60, 0x75, 0x4d, 0x5c, 0x6f, 0x47,
    0x57, 0x6a, 0x41, 0x6c, 0x82, 0x54, 0x7c, 0x97, 0x5f, 0x69, 0x8a, 0x49,
    0x6c, 0x90, 0x4b, 0x8a, 0xad, 0x68, 0x84, 0xa6, 0x61, 0x76, 0x97, 0x54,
    0x78, 0x97, 0x58, 0x74, 0x93, 0x59, 0x71, 0x8e, 0x57, 0x63, 0x80, 0x4a,
    0x56, 0x74, 0x38, 0x59, 0x77, 0x39, 0x54, 0x72, 0x32, 0x51, 0x6e, 0x2e,
    0x52, 0x6f, 0x2f, 0x52, 0x69, 0x2b, 0x53, 0x68, 0x29, 0x49, 0x63, 0x26,
    0x41, 0x5a, 0x21, 0x41, 0x4e, 0x1c, 0x92, 0x8b, 0x65, 0xc9, 0xb4, 0x92,
    0xc1, 0xa9, 0x81, 0xbd, 0xa4, 0x7c, 0xcb, 0xb2, 0x8a, 0xcc, 0xb2, 0x8b,
    0xd2, 0xb7, 0x91, 0xbc, 0x9f, 0x7b, 0x9b, 0x7c, 0x59, 0x95, 0x77, 0x54,
    0x75, 0x5d, 0x3a, 0x57, 0x4c, 0x26, 0x37, 0x3a, 0x12, 0x25, 0x37, 0x0c,
    0x29, 0x43, 0x16, 0x52, 0x69, 0x3b, 0x7e, 0x92, 0x62, 0x7d, 0x92, 0x5f,
    0x73, 0x88, 0x53, 0x73, 0x88, 0x55, 0x80, 0x94, 0x65, 0x82, 0x95, 0x6b,
    0x7c, 0x8d, 0x67, 0x6d, 0x84, 0x56, 0x59, 0x76, 0x3d, 0x58, 0x78, 0x39,
    0x59, 0x79, 0x38, 0x58, 0x77, 0x36, 0x55, 0x77, 0x37, 0x54, 0x78, 0x39,
    0x58, 0x7c, 0x3e, 0x5f, 0x82, 0x45, 0x6a, 0x8b, 0x51, 0x75, 0x95, 0x5b,
    0x7d, 0x9c, 0x63, 0x7a, 0x9a, 0x65, 0x77, 0x97, 0x63, 0x77, 0x95, 0x62,
    0x7a, 0x97, 0x62, 0x86, 0xa1, 0x6a, 0x92, 0xac, 0x71, 0x9a, 0xae, 0x6d,
    0x9f, 0xb0, 0x63, 0x9d, 0xae, 0x55, 0x9e, 0xae, 0x4b, 0xa0, 0xaf, 0x4a,
    0xa1, 0xad, 0x4d, 0xa1, 0xad, 0x51, 0xa0, 0xaf, 0x50, 0xa0, 0xaf, 0x50,
    0xa0, 0xaf, 0x50, 0xa0, 0xaf, 0x4f, 0xa0, 0xaf, 0x4f, 0xa0, 0xaf, 0x4f,
    0xa0, 0xaf, 0x4f, 0xa0, 0xb0, 0x50, 0xa0, 0xb0, 0x50, 0xa0, 0xb0, 0x50,
    0xa0, 0xaf, 0x4f, 0xa0, 0xb0, 0x50, 0xa1, 0xb0, 0x50, 0xa0, 0xb0, 0x50,
    0xa0, 0xb0, 0x50, 0xa1, 0xb1, 0x51, 0xa1, 0xb1, 0x51, 0xa1, 0xb1, 0x51,
    0xa1, 0xb1, 0x51, 0xa1, 0xb1, 0x52, 0xa1, 0xb0, 0x53, 0xa1, 0xb0, 0x53,
    0xa1, 0xb0, 0x53, 0xa2, 0xb1, 0x53, 0xa2, 0xb1, 0x53, 0xa2, 0xb1, 0x53,
    0xa2, 0xb1, 0x56, 0xa2, 0xb1, 0x56, 0xa2, 0xb1, 0x56, 0xa1, 0xb0, 0x55,
    0xa1, 0xb0, 0x55, 0xa1, 0xb0, 0x55, 0xa1, 0xb0, 0x56, 0xa2, 0xaf, 0x56,
    0xa2, 0xb0, 0x56, 0xa2, 0xb0, 0x55, 0xa2, 0xb0, 0x54, 0xa2, 0xb0, 0x53,
    0xa2, 0xb0, 0x53, 0xa1, 0xaf, 0x51, 0xa2, 0xae, 0x50, 0xa2, 0xae, 0x50,
    0xa2, 0xae, 0x50, 0xa3, 0xaf, 0x51, 0xa3, 0xaf, 0x51, 0xa4, 0xaf, 0x51,
    0xa6, 0xaf, 0x4f, 0xa7, 0xae, 0x4f, 0xa6, 0xae, 0x4f, 0xa6, 0xaf, 0x4f,
    0xa7, 0xaf, 0x50, 0xa8, 0xb0, 0x50, 0xaa, 0xb1, 0x52, 0xab, 0xb1, 0x52,
    0xab, 0xb1, 0x52, 0xab, 0xb1, 0x52, 0xab, 0xb1, 0x52, 0xab, 0xb1, 0x52,
    0xab, 0xb1, 0x52, 0xac, 0xb2, 0x52, 0xac, 0xb2, 0x52, 0xac, 0xb2, 0x51,
    0xad, 0xb3, 0x50, 0xad, 0xb3, 0x50, 0xad, 0xb3, 0x4f, 0xae, 0xb3, 0x4f,
    0xae, 0xb3, 0x4e, 0xae, 0xb3, 0x4e, 0xae, 0xb3, 0x4e, 0xae, 0xb3, 0x4e,
    0xae, 0xb3, 0x4e, 0xae, 0xb3, 0x4e, 0xb1, 0xb3, 0x4e, 0xb1, 0xb3, 0x4e,
    0xb1, 0xb3, 0x4e, 0xb2, 0xb4, 0x4f, 0xb3, 0xb5, 0x50, 0xb3, 0xb5, 0x50,
    0xb1, 0xb5, 0x4f, 0xb0, 0xb5, 0x50, 0xae, 0xb2, 0x51, 0xad, 0xb0, 0x54,
    0xad, 0xae, 0x5a, 0xae, 0xac, 0x5d, 0xae, 0xaa, 0x60, 0xaf, 0xa6, 0x66,
    0xb0, 0xa3, 0x69, 0xb1, 0xa1, 0x6e, 0xb4, 0xa1, 0x76, 0xb6, 0xa0, 0x7b,
    0xb7, 0xa1, 0x7f, 0xba, 0xa1, 0x83, 0xbc, 0xa3, 0x85, 0xbc, 0xa3, 0x85,
    0xba, 0xa1, 0x82, 0xb8, 0x9f, 0x7f, 0xb4, 0x9b, 0x7b, 0xaf, 0x97, 0x75,
    0xab, 0x93, 0x71, 0xa6, 0x8e, 0x6a, 0xa0, 0x88, 0x62, 0x9c, 0x86, 0x5c,
    0x99, 0x84, 0x58, 0x99, 0x84, 0x56, 0x9b, 0x88, 0x54, 0x9e, 0x90, 0x53,
    0xb8, 0xb8, 0x56, 0xb8, 0xb8, 0x56, 0xb8, 0xb8, 0x56, 0xb9, 0xb9, 0x57,
    0xb8, 0xb8, 0x56, 0xb5, 0xb5, 0x54, 0xb5, 0xb5, 0x54, 0xb4, 0xb2, 0x55,
    0xaa, 0xa8, 0x4e, 0x9e, 0x9c, 0x47, 0x93, 0x90, 0x43, 0x88, 0x84, 0x3c,
    0x7b, 0x76, 0x32, 0x78, 0x70, 0x30, 0x76, 0x6c, 0x2f, 0x6b, 0x60, 0x28,
    0x5f, 0x53, 0x21, 0x52, 0x45, 0x19, 0x4d, 0x3f, 0x17, 0x4b, 0x3b, 0x11,
    0x54, 0x42, 0x11, 0x5d, 0x4b, 0x1a, 0x62, 0x4f, 0x21, 0x69, 0x55, 0x28,
    0x73, 0x60, 0x34, 0x81, 0x6c, 0x43, 0x8f, 0x71, 0x52, 0x98, 0x78, 0x5c,
    0x9e, 0x80, 0x63, 0x9d, 0x82, 0x65, 0xa2, 0x8b, 0x6c, 0xb1, 0x9b, 0x7c,
    0xc5, 0xad, 0x90, 0xd2, 0xb5, 0x9d, 0xd8, 0xbc, 0xa1, 0xdf, 0xc6, 0xa8,
    0xd9, 0xca, 0xa8, 0xc0, 0xbe, 0x98, 0x9f, 0xa9, 0x7f, 0x8b, 0xa0, 0x72,
    0x7e, 0x99, 0x66, 0x84, 0x9f, 0x6a, 0x7f, 0x9a, 0x64, 0x76, 0x90, 0x5e,
    0x72, 0x8b, 0x5e, 0x6c, 0x82, 0x5a, 0x63, 0x73, 0x50, 0x5c, 0x6e, 0x48,
    0x60, 0x77, 0x49, 0x7b, 0x95, 0x61, 0x83, 0xa1, 0x65, 0x7c, 0x9d, 0x5b,
    0x74, 0x96, 0x52, 0x72, 0x92, 0x4f, 0x72, 0x93, 0x4e, 0x64, 0x84, 0x40,
    0x68, 0x87, 0x48, 0x61, 0x80, 0x47, 0x66, 0x84, 0x50, 0x66, 0x82, 0x4f,
    0x58, 0x75, 0x3c, 0x53, 0x71, 0x33, 0x56, 0x74, 0x33, 0x54, 0x73, 0x32,
    0x56, 0x74, 0x35, 0x58, 0x6e, 0x2f, 0x57, 0x6b, 0x2b, 0x4b, 0x65, 0x27,
    0x41, 0x5b, 0x21, 0x48, 0x54, 0x24, 0x9d, 0x95, 0x6f, 0xca, 0xb2, 0x93,
    0xc1, 0xa7, 0x80, 0xc3, 0xaa, 0x81, 0xd2, 0xb7, 0x8f, 0xce, 0xb2, 0x8b,
    0xd3, 0xb5, 0x8e, 0xc1, 0xa2, 0x7c, 0xae, 0x8d, 0x69, 0xa1, 0x82, 0x60,
    0x74, 0x5e, 0x39, 0x57, 0x4e, 0x27, 0x38, 0x3d, 0x13, 0x25, 0x37, 0x0a,
    0x29, 0x42, 0x14, 0x59, 0x6f, 0x41, 0x85, 0x99, 0x69, 0x81, 0x95, 0x62,
    0x87, 0x9b, 0x66, 0x7c, 0x90, 0x5c, 0x6e, 0x81, 0x52, 0x70, 0x81, 0x59,
    0x78, 0x88, 0x65, 0x6d, 0x84, 0x58, 0x5b, 0x79, 0x43, 0x5a, 0x7d, 0x3f,
    0x5b, 0x7d, 0x3d, 0x5c, 0x7d, 0x3e, 0x58, 0x7c, 0x3e, 0x54, 0x7b, 0x3c,
    0x56, 0x7a, 0x3e, 0x5c, 0x7e, 0x44, 0x65, 0x86, 0x4e, 0x71, 0x8f, 0x5a,
    0x79, 0x99, 0x64, 0x7b, 0x9c, 0x67, 0x79, 0x9b, 0x65, 0x76, 0x97, 0x62,
    0x78, 0x96, 0x62, 0x81, 0x9e, 0x6a, 0x8c, 0xa8, 0x74, 0x96, 0xac, 0x73,
    0x9c, 0xaf, 0x68, 0x9a, 0xae, 0x56, 0x9d, 0xaf, 0x4a, 0x9f, 0xae, 0x48,
    0xa0, 0xac, 0x4e, 0xa1, 0xab, 0x53, 0x9f, 0xad, 0x50, 0x9f, 0xae, 0x4f,
    0x9f, 0xae, 0x4f, 0xa0, 0xaf, 0x50, 0xa0, 0xaf, 0x50, 0xa0, 0xaf, 0x50,
    0xa0, 0xaf, 0x50, 0xa0, 0xaf, 0x50, 0xa0, 0xaf, 0x50, 0xa0, 0xaf, 0x50,
    0xa0, 0xaf, 0x50, 0xa0, 0xaf, 0x50, 0xa0, 0xaf, 0x50, 0xa0, 0xaf, 0x50,
    0xa0, 0xaf, 0x50, 0xa2, 0xb1, 0x52, 0xa1, 0xb0, 0x51, 0xa1, 0xb0, 0x51,
    0xa1, 0xb0, 0x51, 0xa1, 0xb0, 0x52, 0xa1, 0xb0, 0x53, 0xa1, 0xb0, 0x53,
    0xa1, 0xb0, 0x53, 0xa2, 0xb1, 0x54, 0xa2, 0xb1, 0x54, 0xa2, 0xb1, 0x54,
    0xa2, 0xb0, 0x57, 0xa2, 0xb0, 0x58, 0xa2, 0xb0, 0x58, 0xa1, 0xaf, 0x57,
    0xa1, 0xaf, 0x57, 0xa1, 0xaf, 0x57, 0xa1, 0xaf, 0x57, 0xa1, 0xaf, 0x58,
    0xa1, 0xaf, 0x57, 0xa1, 0xaf, 0x57, 0xa1, 0xb0, 0x54, 0xa1, 0xb0, 0x53,
    0xa1, 0xb0, 0x53, 0xa1, 0xaf, 0x51, 0xa1, 0xaf, 0x50, 0xa1, 0xaf, 0x50,
    0xa1, 0xaf, 0x50, 0xa2, 0xaf, 0x51, 0xa2, 0xaf, 0x51, 0xa3, 0xaf, 0x51,
    0xa5, 0xaf, 0x4f, 0xa5, 0xaf, 0x4f, 0xa5, 0xaf, 0x4f, 0xa5, 0xaf, 0x4f,
    0xa6, 0xb0, 0x50, 0xa6, 0xb0, 0x50, 0xa9, 0xb1, 0x52, 0xaa, 0xb1, 0x52,
    0xaa, 0xb1, 0x52, 0xaa, 0xb1, 0x52, 0xaa, 0xb1, 0x52, 0xaa, 0xb1, 0x52,
    0xaa, 0xb1, 0x52, 0xac, 0xb1, 0x53, 0xac, 0xb1, 0x53, 0xac, 0xb2, 0x52,
    0xad, 0xb3, 0x51, 0xad, 0xb3, 0x51, 0xad, 0xb3, 0x4f, 0xad, 0xb3, 0x4f,
    0xad, 0xb3, 0x4f, 0xad, 0xb3, 0x4f, 0xad, 0xb3, 0x4f, 0xad, 0xb3, 0x4f,
    0xad, 0xb3, 0x4f, 0xad, 0xb3, 0x4f, 0xaf, 0xb4, 0x4e, 0xaf, 0xb4, 0x4e,
    0xaf, 0xb4, 0x4e, 0xb0, 0xb5, 0x4f, 0xb1, 0xb6, 0x50, 0xb1, 0xb6, 0x50,
    0xb1, 0xb6, 0x50, 0xb1, 0xb6, 0x4f, 0xaf, 0xb3, 0x51, 0xad, 0xb1, 0x55,
    0xad, 0xaf, 0x59, 0xac, 0xad, 0x5c, 0xac, 0xab, 0x5f, 0xaf, 0xa6, 0x64,
    0xaf, 0xa2, 0x66, 0xb0, 0xa0, 0x6b, 0xb3, 0xa0, 0x73, 0xb4, 0x9f, 0x78,
    0xb6, 0x9f, 0x7d, 0xb8, 0xa0, 0x81, 0xba, 0xa1, 0x84, 0xbb, 0xa2, 0x84,
    0xb9, 0xa0, 0x82, 0xb7, 0x9e, 0x7f, 0xb2, 0x9a, 0x7a, 0xae, 0x96, 0x75,
    0xab, 0x93, 0x70, 0xa6, 0x8e, 0x69, 0xa0, 0x88, 0x61, 0x9c, 0x85, 0x5c,
    0x9a, 0x83, 0x59, 0x9a, 0x83, 0x58, 0x9a, 0x86, 0x55, 0x9d, 0x8d, 0x53,
    0xb8, 0xb8, 0x56, 0xb8, 0xb8, 0x56, 0xb8, 0xb8, 0x56, 0xb8, 0xb8, 0x56,
    0xb8, 0xb8, 0x56, 0xb6, 0xb6, 0x54, 0xb6, 0xb6, 0x55, 0xb6, 0xb5, 0x58,
    0xb3, 0xb2, 0x56, 0xad, 0xac, 0x53, 0xa8, 0xa5, 0x52, 0xa1, 0x9f, 0x4f,
    0x9a, 0x97, 0x4a, 0x97, 0x8f, 0x47, 0x95, 0x8c, 0x48, 0x8b, 0x82, 0x41,
    0x7b, 0x71, 0x36, 0x5f, 0x53, 0x1e, 0x49, 0x3d, 0x0c, 0x4c, 0x3f, 0x0b,
    0x62, 0x54, 0x19, 0x72, 0x63, 0x2a, 0x76, 0x67, 0x2f, 0x76, 0x68, 0x31,
    0x74, 0x65, 0x30, 0x76, 0x66, 0x34, 0x7f, 0x68, 0x40, 0x88, 0x6e, 0x4c,
    0x90, 0x76, 0x54, 0x8e, 0x75, 0x55, 0x91, 0x79, 0x5b, 0xa8, 0x8f, 0x73,
    0xbc, 0xa1, 0x87, 0xcb, 0xa9, 0x91, 0xce, 0xaf, 0x94, 0xd3, 0xbb, 0x9d,
    0xcf, 0xc1, 0x9f, 0xb2, 0xb2, 0x8c, 0x91, 0x9d, 0x72, 0x88, 0x9e, 0x70,
    0x7f, 0x99, 0x67, 0x7f, 0x9a, 0x65, 0x84, 0x9f, 0x6a, 0x75, 0x8f, 0x5e,
    0x6c, 0x85, 0x59, 0x69, 0x7f, 0x58, 0x5f, 0x70, 0x4c, 0x59, 0x6c, 0x44,
    0x6e, 0x85, 0x57, 0x86, 0xa1, 0x6b, 0x83, 0xa1, 0x64, 0x8a, 0xac, 0x6a,
    0x79, 0x9a, 0x57, 0x65, 0x85, 0x41, 0x75, 0x96, 0x51, 0x81, 0xa2, 0x5e,
    0x7b, 0x9b, 0x5b, 0x6a, 0x89, 0x50, 0x64, 0x81, 0x4d, 0x5b, 0x78, 0x44,
    0x5f, 0x7c, 0x43, 0x56, 0x74, 0x36, 0x56, 0x75, 0x33, 0x58, 0x76, 0x36,
    0x58, 0x76, 0x39, 0x59, 0x71, 0x33, 0x57, 0x6b, 0x2e, 0x4b, 0x65, 0x28,
    0x41, 0x58, 0x20, 0x4c, 0x57, 0x26, 0x9e, 0x95, 0x6f, 0xc2, 0xa9, 0x8a,
    0xc5, 0xab, 0x87, 0xcf, 0xb6, 0x8e, 0xdc, 0xc2, 0x99, 0xd6, 0xb9, 0x91,
    0xcb, 0xad, 0x84, 0xbb, 0x9b, 0x72, 0xb8, 0x98, 0x71, 0xa6, 0x87, 0x63,
    0x73, 0x5e, 0x38, 0x5b, 0x52, 0x2b, 0x3c, 0x40, 0x18, 0x26, 0x36, 0x0d,
    0x29, 0x41, 0x16, 0x55, 0x6a, 0x3d, 0x6e, 0x81, 0x52, 0x71, 0x85, 0x51,
    0x88, 0x9c, 0x67, 0x7f, 0x93, 0x60, 0x77, 0x8a, 0x5b, 0x7b, 0x8d, 0x64,
    0x82, 0x95, 0x70, 0x6e, 0x88, 0x5b, 0x5a, 0x7a, 0x44, 0x5d, 0x82, 0x44,
    0x5e, 0x82, 0x43, 0x60, 0x83, 0x45, 0x5e, 0x83, 0x45, 0x5a, 0x7f, 0x42,
    0x58, 0x7c, 0x40, 0x5b, 0x7d, 0x44, 0x63, 0x84, 0x4c, 0x6e, 0x8d, 0x59,
    0x79, 0x99, 0x65, 0x7c, 0x9e, 0x69, 0x7c, 0x9d, 0x68, 0x79, 0x99, 0x64,
    0x7a, 0x98, 0x64, 0x80, 0x9c, 0x69, 0x89, 0xa4, 0x70, 0x93, 0xa9, 0x71,
    0x9a, 0xae, 0x6a, 0x9a, 0xae, 0x59, 0x9c, 0xaf, 0x4d, 0x9e, 0xae, 0x49,
    0xa0, 0xac, 0x4e, 0xa0, 0xac, 0x53, 0x9f, 0xae, 0x50, 0x9f, 0xae, 0x4f,
    0x9f, 0xae, 0x4f, 0xa0, 0xaf, 0x50, 0xa0, 0xaf, 0x50, 0xa0, 0xaf, 0x50,
    0xa0, 0xaf, 0x50, 0xa0, 0xaf, 0x50, 0xa0, 0xaf, 0x50, 0xa0, 0xaf, 0x50,
    0xa0, 0xaf, 0x50, 0xa0, 0xaf, 0x50, 0xa0, 0xaf, 0x50, 0xa0, 0xaf, 0x50,
    0xa0, 0xaf, 0x50, 0xa2, 0xb1, 0x52, 0xa1, 0xb0, 0x51, 0xa1, 0xb0, 0x51,
    0xa1, 0xb0, 0x51, 0xa1, 0xb0, 0x52, 0xa1, 0xb0, 0x53, 0xa1, 0xb0, 0x53,
    0xa1, 0xb0, 0x53, 0xa2, 0xb1, 0x54, 0xa2, 0xb1, 0x54, 0xa2, 0xb1, 0x54,
    0xa2, 0xb0, 0x57, 0xa2, 0xb0, 0x58, 0xa2, 0xb0, 0x58, 0xa1, 0xaf, 0x57,
    0xa1, 0xaf, 0x57, 0xa1, 0xaf, 0x57, 0xa1, 0xaf, 0x57, 0xa1, 0xaf, 0x58,
    0xa1, 0xaf, 0x57, 0xa1, 0xaf, 0x57, 0xa0, 0xaf, 0x54, 0xa0, 0xaf, 0x53,
    0xa0, 0xaf, 0x52, 0xa1, 0xaf, 0x51, 0xa1, 0xaf, 0x50, 0xa1, 0xaf, 0x50,
    0xa1, 0xaf, 0x50, 0xa1, 0xaf, 0x50, 0xa1, 0xaf, 0x50, 0xa2, 0xaf, 0x50,
    0xa5, 0xaf, 0x4f, 0xa5, 0xaf, 0x4f, 0xa5, 0xaf, 0x4f, 0xa5, 0xaf, 0x4f,
    0xa6, 0xb0, 0x50, 0xa6, 0xb0, 0x50, 0xa9, 0xb1, 0x52, 0xaa, 0xb1, 0x52,
    0xaa, 0xb1, 0x52, 0xaa, 0xb1, 0x52, 0xaa, 0xb1, 0x52, 0xaa, 0xb1, 0x52,
    0xaa, 0xb1, 0x52, 0xac, 0xb1, 0x53, 0xac, 0xb1, 0x53, 0xac, 0xb2, 0x52,
    0xad, 0xb3, 0x51, 0xad, 0xb3, 0x51, 0xad, 0xb3, 0x4f, 0xad, 0xb3, 0x4f,
    0xad, 0xb3, 0x4f, 0xad, 0xb3, 0x4f, 0xad, 0xb3, 0x4f, 0xad, 0xb3, 0x4f,
    0xad, 0xb3, 0x4f, 0xad, 0xb3, 0x4f, 0xaf, 0xb4, 0x4e, 0xaf, 0xb4, 0x4e,
    0xaf, 0xb4, 0x4e, 0xb0, 0xb5, 0x4f, 0xb1, 0xb6, 0x50, 0xb1, 0xb6, 0x50,
    0xb1, 0xb6, 0x50, 0xb1, 0xb6, 0x4f, 0xaf, 0xb3, 0x51, 0xad, 0xb1, 0x54,
    0xac, 0xaf, 0x58, 0xab, 0xad, 0x5a, 0xab, 0xab, 0x5d, 0xae, 0xa6, 0x62,
    0xad, 0xa2, 0x64, 0xae, 0xa0, 0x68, 0xb1, 0x9f, 0x70, 0xb2, 0x9d, 0x74,
    0xb3, 0x9d, 0x7a, 0xb6, 0x9e, 0x7e, 0xb8, 0x9f, 0x81, 0xb9, 0xa0, 0x82,
    0xb8, 0x9f, 0x81, 0xb6, 0x9d, 0x7e, 0xb2, 0x99, 0x7a, 0xaf, 0x96, 0x76,
    0xac, 0x94, 0x71, 0xa7, 0x8f, 0x6b, 0xa0, 0x88, 0x63, 0x9c, 0x85, 0x5c,
    0x99, 0x82, 0x59, 0x99, 0x82, 0x58, 0x9a, 0x85, 0x55, 0x9c, 0x8c, 0x52,
    0xb8, 0xb8, 0x56, 0xb8, 0xb8, 0x56, 0xb8, 0xb8, 0x56, 0xb7, 0xb7, 0x55,
    0xb7, 0xb7, 0x55, 0xb7, 0xb7, 0x55, 0xb7, 0xb6, 0x56, 0xb6, 0xb5, 0x58,
    0xb6, 0xb5, 0x58, 0xb5, 0xb4, 0x58, 0xb3, 0xb1, 0x57, 0xb2, 0xb0, 0x58,
    0xae, 0xad, 0x55, 0xaf, 0xa9, 0x57, 0xad, 0xa6, 0x57, 0xa4, 0x9c, 0x50,
    0x98, 0x90, 0x49, 0x7a, 0x72, 0x30, 0x5f, 0x56, 0x17, 0x65, 0x5d, 0x1c,
    0x7f, 0x78, 0x30, 0x8f, 0x87, 0x41, 0x91, 0x89, 0x44, 0x8d, 0x85, 0x41,
    0x84, 0x7c, 0x39, 0x7b, 0x72, 0x33, 0x7c, 0x6f, 0x3a, 0x7c, 0x6b, 0x3c,
    0x7e, 0x6b, 0x41, 0x84, 0x6e, 0x4b, 0x8f, 0x77, 0x59, 0xa3, 0x88, 0x6f,
    0xb7, 0x98, 0x80, 0xc6, 0xa1, 0x87, 0xc6, 0xa5, 0x8a, 0xc3, 0xab, 0x8d,
    0xb7, 0xad, 0x8a, 0xa1, 0xa5, 0x7e, 0x8d, 0x9d, 0x71, 0x85, 0x9c, 0x6e,
    0x86, 0xa0, 0x6f, 0x7a, 0x95, 0x61, 0x7f, 0x9a, 0x66, 0x7b, 0x95, 0x64,
    0x6c, 0x86, 0x59, 0x62, 0x79, 0x51, 0x5b, 0x6e, 0x49, 0x55, 0x6a, 0x41,
    0x6a, 0x82, 0x53, 0x7b, 0x97, 0x5f, 0x7c, 0x9d, 0x5f, 0x78, 0x9b, 0x58,
    0x7b, 0x9c, 0x59, 0x87, 0xa7, 0x64, 0x7e, 0x9f, 0x5a, 0x86, 0xa7, 0x62,
    0x79, 0x99, 0x59, 0x74, 0x93, 0x5a, 0x6c, 0x8a, 0x55, 0x58, 0x75, 0x41,
    0x57, 0x74, 0x3c, 0x5e, 0x7c, 0x3f, 0x58, 0x76, 0x37, 0x58, 0x76, 0x37,
    0x5b, 0x78, 0x3c, 0x5b, 0x73, 0x39, 0x53, 0x68, 0x2d, 0x47, 0x60, 0x26,
    0x3c, 0x52, 0x1b, 0x45, 0x4d, 0x1d, 0x93, 0x88, 0x60, 0xb8, 0x9f, 0x7e,
    0xcb, 0xb0, 0x8e, 0xd5, 0xba, 0x95, 0xda, 0xbd, 0x96, 0xd8, 0xbb, 0x91,
    0xc3, 0xa5, 0x79, 0xb7, 0x97, 0x6a, 0xb5, 0x95, 0x6a, 0x93, 0x76, 0x50,
    0x6c, 0x57, 0x30, 0x5e, 0x55, 0x2e, 0x40, 0x44, 0x1e, 0x27, 0x37, 0x10,
    0x29, 0x3f, 0x18, 0x53, 0x67, 0x3c, 0x6d, 0x81, 0x51, 0x74, 0x88, 0x55,
    0x6b, 0x7f, 0x4a, 0x7b, 0x8e, 0x5b, 0x95, 0xa8, 0x79, 0x88, 0x9a, 0x71,
    0x80, 0x95, 0x70, 0x68, 0x83, 0x56, 0x5a, 0x7d, 0x46, 0x5d, 0x85, 0x47,
    0x5d, 0x84, 0x46, 0x60, 0x86, 0x49, 0x63, 0x89, 0x4d, 0x61, 0x86, 0x4b,
    0x5f, 0x83, 0x49, 0x5f, 0x81, 0x4a, 0x60, 0x81, 0x4c, 0x6a, 0x89, 0x56,
    0x76, 0x95, 0x62, 0x7c, 0x9e, 0x68, 0x80, 0xa0, 0x6b, 0x7d, 0x9c, 0x68,
    0x7a, 0x97, 0x64, 0x7c, 0x97, 0x64, 0x83, 0x9e, 0x6a, 0x8f, 0xa5, 0x6f,
    0x98, 0xab, 0x6d, 0x9a, 0xac, 0x5d, 0x9c, 0xaf, 0x51, 0x9e, 0xae, 0x4c,
    0x9f, 0xad, 0x4e, 0xa0, 0xac, 0x51, 0x9e, 0xad, 0x4f, 0x9e, 0xad, 0x4e,
    0x9e, 0xad, 0x4e, 0xa0, 0xaf, 0x50, 0xa0, 0xaf, 0x50, 0xa0, 0xaf, 0x50,
    0xa0, 0xaf, 0x50, 0xa0, 0xaf, 0x50, 0xa0, 0xaf, 0x50, 0xa0, 0xaf, 0x50,
    0xa0, 0xaf, 0x50, 0xa0, 0xaf, 0x50, 0xa0, 0xaf, 0x50, 0xa0, 0xaf, 0x50,
    0xa0, 0xaf, 0x50, 0xa2, 0xb1, 0x52, 0xa1, 0xb0, 0x51, 0xa1, 0xb0, 0x51,
    0xa1, 0xb0, 0x51, 0xa1, 0xb0, 0x52, 0xa1, 0xb0, 0x53, 0xa1, 0xb0, 0x53,
    0xa1, 0xb0, 0x53, 0xa2, 0xb1, 0x54, 0xa2, 0xb1, 0x54, 0xa2, 0xb1, 0x54,
    0xa2, 0xb0, 0x57, 0xa2, 0xb0, 0x58, 0xa2, 0xb0, 0x58, 0xa1, 0xaf, 0x57,
    0xa1, 0xaf, 0x57, 0xa1, 0xaf, 0x57, 0xa1, 0xaf, 0x57, 0xa1, 0xaf, 0x58,
    0xa1, 0xaf, 0x57, 0xa1, 0xaf, 0x56, 0x9f, 0xae, 0x53, 0x9f, 0xae, 0x52,
    0x9f, 0xae, 0x51, 0xa0, 0xaf, 0x50, 0xa1, 0xaf, 0x50, 0xa1, 0xaf, 0x50,
    0xa1, 0xaf, 0x50, 0xa0, 0xae, 0x4f, 0xa0, 0xae, 0x4f, 0xa1, 0xae, 0x4f,
    0xa5, 0xaf, 0x4f, 0xa5, 0xaf, 0x4f, 0xa5, 0xaf, 0x4f, 0xa5, 0xaf, 0x4f,
    0xa6, 0xb0, 0x50, 0xa6, 0xb0, 0x50, 0xa9, 0xb1, 0x52, 0xaa, 0xb1, 0x52,
    0xaa, 0xb1, 0x52, 0xaa, 0xb1, 0x52, 0xaa, 0xb1, 0x52, 0xaa, 0xb1, 0x52,
    0xaa, 0xb1, 0x52, 0xac, 0xb1, 0x53, 0xac, 0xb1, 0x53, 0xac, 0xb2, 0x52,
    0xad, 0xb3, 0x51, 0xad, 0xb3, 0x51, 0xad, 0xb3, 0x4f, 0xad, 0xb3, 0x4f,
    0xad, 0xb3, 0x4f, 0xad, 0xb3, 0x4f, 0xad, 0xb3, 0x4f, 0xad, 0xb3, 0x4f,
    0xad, 0xb3, 0x4f, 0xad, 0xb3, 0x4f, 0xaf, 0xb4, 0x4e, 0xaf, 0xb4, 0x4e,
    0xaf, 0xb4, 0x4e, 0xb0, 0xb5, 0x4f, 0xb1, 0xb6, 0x50, 0xb1, 0xb6, 0x50,
    0xb1, 0xb6, 0x50, 0xb1, 0xb6, 0x50, 0xaf, 0xb3, 0x52, 0xad, 0xb1, 0x53,
    0xab, 0xae, 0x56, 0xaa, 0xac, 0x58, 0xaa, 0xaa, 0x5a, 0xad, 0xa5, 0x5f,
    0xac, 0xa1, 0x61, 0xad, 0xa0, 0x65, 0xae, 0x9d, 0x6b, 0xad, 0x9a, 0x6f,
    0xaf, 0x9b, 0x74, 0xb2, 0x9b, 0x78, 0xb5, 0x9d, 0x7c, 0xb7, 0x9e, 0x7e,
    0xb7, 0x9e, 0x7f, 0xb5, 0x9c, 0x7d, 0xb3, 0x9a, 0x7b, 0xb0, 0x97, 0x78,
    0xad, 0x95, 0x72, 0xa8, 0x90, 0x6c, 0xa1, 0x89, 0x65, 0x9c, 0x84, 0x5e,
    0x98, 0x81, 0x58, 0x98, 0x81, 0x57, 0x99, 0x84, 0x56, 0x9b, 0x89, 0x53,
    0xb8, 0xb8, 0x56, 0xb8, 0xb8, 0x56, 0xb8, 0xb8, 0x56, 0xb7, 0xb7, 0x55,
    0xb7, 0xb7, 0x55, 0xb7, 0xb7, 0x55, 0xb7, 0xb7, 0x57, 0xb6, 0xb5, 0x58,
    0xb6, 0xb5, 0x58, 0xb6, 0xb6, 0x58, 0xb5, 0xb5, 0x56, 0xb7, 0xb6, 0x57,
    0xb5, 0xb5, 0x55, 0xb5, 0xb1, 0x57, 0xb6, 0xb1, 0x59, 0xb0, 0xac, 0x57,
    0xa7, 0xa2, 0x51, 0x93, 0x8d, 0x40, 0x81, 0x7a, 0x31, 0x87, 0x83, 0x36,
    0x97, 0x95, 0x43, 0xa3, 0xa1, 0x50, 0xa3, 0xa1, 0x51, 0x9f, 0x9d, 0x4e,
    0x98, 0x95, 0x48, 0x8b, 0x88, 0x3e, 0x83, 0x7d, 0x3d, 0x7e, 0x75, 0x3c,
    0x77, 0x6a, 0x37, 0x79, 0x67, 0x3d, 0x8b, 0x74, 0x52, 0x9b, 0x80, 0x65,
    0xaf, 0x8f, 0x76, 0xc0, 0x9a, 0x7f, 0xc1, 0xa0, 0x84, 0xb8, 0xa2, 0x85,
    0xa8, 0xa2, 0x81, 0x97, 0x9f, 0x79, 0x8b, 0x9e, 0x73, 0x7b, 0x94, 0x65,
    0x85, 0x9f, 0x6f, 0x80, 0x9b, 0x68, 0x74, 0x8f, 0x5c, 0x76, 0x91, 0x60,
    0x6a, 0x84, 0x58, 0x61, 0x78, 0x52, 0x5e, 0x72, 0x4b, 0x5f, 0x74, 0x4a,
    0x6e, 0x88, 0x57, 0x74, 0x92, 0x59, 0x6d, 0x8f, 0x4f, 0x65, 0x8a, 0x45,
    0x82, 0xa5, 0x60, 0x8a, 0xaa, 0x67, 0x6c, 0x8d, 0x48, 0x6c, 0x8d, 0x48,
    0x65, 0x85, 0x45, 0x65, 0x84, 0x4b, 0x69, 0x87, 0x53, 0x63, 0x7f, 0x4b,
    0x53, 0x70, 0x36, 0x5b, 0x78, 0x3c, 0x61, 0x7f, 0x41, 0x5e, 0x7c, 0x40,
    0x5d, 0x7a, 0x40, 0x59, 0x72, 0x3a, 0x4e, 0x64, 0x2c, 0x43, 0x5b, 0x23,
    0x38, 0x4b, 0x16, 0x3c, 0x42, 0x13, 0x8a, 0x7e, 0x56, 0xbc, 0xa3, 0x80,
    0xd5, 0xb8, 0x97, 0xd7, 0xbb, 0x97, 0xd2, 0xb6, 0x8f, 0xd6, 0xb7, 0x8d,
    0xc6, 0xa7, 0x79, 0xc1, 0xa1, 0x70, 0xb4, 0x94, 0x66, 0x87, 0x6d, 0x44,
    0x6c, 0x59, 0x31, 0x63, 0x5a, 0x33, 0x44, 0x47, 0x21, 0x29, 0x37, 0x12,
    0x2a, 0x3e, 0x19, 0x5c, 0x70, 0x45, 0x82, 0x96, 0x66, 0x87, 0x9b, 0x68,
    0x6f, 0x83, 0x4e, 0x7f, 0x92, 0x5f, 0x91, 0xa4, 0x76, 0x7a, 0x8e, 0x64,
    0x75, 0x8d, 0x66, 0x63, 0x81, 0x53, 0x59, 0x7e, 0x47, 0x5b, 0x83, 0x47,
    0x5a, 0x83, 0x46, 0x5f, 0x86, 0x4b, 0x64, 0x8a, 0x50, 0x63, 0x89, 0x50,
    0x65, 0x88, 0x50, 0x64, 0x86, 0x51, 0x62, 0x82, 0x4f, 0x69, 0x87, 0x57,
    0x75, 0x93, 0x61, 0x7c, 0x9d, 0x68, 0x82, 0xa2, 0x6d, 0x82, 0xa0, 0x6c,
    0x7e, 0x9a, 0x67, 0x7d, 0x99, 0x66, 0x83, 0x9e, 0x6b, 0x8e, 0xa4, 0x72,
    0x97, 0xab, 0x70, 0x98, 0xad, 0x62, 0x9c, 0xae, 0x55, 0x9e, 0xae, 0x4e,
    0x9f, 0xad, 0x4e, 0x9f, 0xac, 0x50, 0x9d, 0xac, 0x4e, 0x9d, 0xac, 0x4d,
    0x9d, 0xac, 0x4d, 0x9f, 0xae, 0x4f, 0xa0, 0xaf, 0x50, 0xa0, 0xaf, 0x50,
    0xa0, 0xaf, 0x50, 0xa0, 0xaf, 0x50, 0xa0, 0xaf, 0x50, 0xa0, 0xaf, 0x50,
    0xa0, 0xaf, 0x50, 0xa0, 0xaf, 0x50, 0xa0, 0xaf, 0x50, 0xa0, 0xaf, 0x50,
    0xa0, 0xaf, 0x50, 0xa2, 0xb1, 0x52, 0xa1, 0xb0, 0x51, 0xa1, 0xb0, 0x51,
    0xa1, 0xb0, 0x51, 0xa1, 0xb0, 0x52, 0xa1, 0xb0, 0x53, 0xa1, 0xb0, 0x53,
    0xa1, 0xb0, 0x53, 0xa2, 0xb1, 0x54, 0xa2, 0xb1, 0x54, 0xa2, 0xb1, 0x54,
    0xa2, 0xb0, 0x57, 0xa2, 0xb0, 0x58, 0xa2, 0xb0, 0x58, 0xa1, 0xaf, 0x57,
    0xa1, 0xaf, 0x57, 0xa1, 0xaf, 0x57, 0xa1, 0xaf, 0x57, 0xa1, 0xaf, 0x58,
    0xa1, 0xaf, 0x57, 0xa1, 0xaf, 0x56, 0x9e, 0xad, 0x53, 0x9e, 0xad, 0x51,
    0x9e, 0xad, 0x50, 0xa0, 0xae, 0x50, 0xa1, 0xaf, 0x50, 0xa1, 0xaf, 0x50,
    0xa0, 0xae, 0x4f, 0x9f, 0xad, 0x4e, 0x9f, 0xad, 0x4e, 0xa0, 0xad, 0x4e,
    0xa5, 0xaf, 0x4f, 0xa5, 0xaf, 0x4f, 0xa5, 0xaf, 0x4f, 0xa5, 0xaf, 0x4f,
    0xa6, 0xb0, 0x50, 0xa6, 0xb0, 0x50, 0xa9, 0xb1, 0x52, 0xaa, 0xb1, 0x52,
    0xaa, 0xb1, 0x52, 0xaa, 0xb1, 0x52, 0xaa, 0xb1, 0x52, 0xaa, 0xb1, 0x52,
    0xaa, 0xb1, 0x52, 0xac, 0xb1, 0x53, 0xac, 0xb1, 0x53, 0xac, 0xb2, 0x52,
    0xad, 0xb3, 0x51, 0xad, 0xb3, 0x51, 0xad, 0xb3, 0x4f, 0xad, 0xb3, 0x4f,
    0xad, 0xb3, 0x4f, 0xad, 0xb3, 0x4f, 0xad, 0xb3, 0x4f, 0xad, 0xb3, 0x4f,
    0xad, 0xb3, 0x4f, 0xad, 0xb3, 0x4f, 0xaf, 0xb4, 0x4e, 0xaf, 0xb4, 0x4e,
    0xaf, 0xb4, 0x4e, 0xb0, 0xb5, 0x4f, 0xb1, 0xb6, 0x50, 0xb1, 0xb6, 0x50,
    0xb1, 0xb6, 0x50, 0xb1, 0xb6, 0x51, 0xaf, 0xb3, 0x52, 0xad, 0xb1, 0x53,
    0xab, 0xae, 0x54, 0xaa, 0xac, 0x56, 0xaa, 0xaa, 0x58, 0xac, 0xa6, 0x5c,
    0xab, 0xa2, 0x5e, 0xab, 0xa0, 0x62, 0xab, 0x9d, 0x66, 0xab, 0x99, 0x6a,
    0xac, 0x99, 0x70, 0xb0, 0x9a, 0x74, 0xb3, 0x9b, 0x77, 0xb6, 0x9e, 0x7b,
    0xb6, 0x9e, 0x7c, 0xb5, 0x9d, 0x7b, 0xb3, 0x9a, 0x7b, 0xb0, 0x97, 0x78,
    0xad, 0x95, 0x74, 0xa8, 0x90, 0x6e, 0xa2, 0x8a, 0x66, 0x9c, 0x84, 0x5e,
    0x98, 0x81, 0x59, 0x98, 0x81, 0x57, 0x99, 0x83, 0x56, 0x9a, 0x88, 0x54,
    0xb7, 0xb7, 0x55, 0xb7, 0xb7, 0x55, 0xb7, 0xb7, 0x55, 0xb7, 0xb7, 0x55,
    0xb7, 0xb7, 0x55, 0xb7, 0xb7, 0x55, 0xb7, 0xb6, 0x56, 0xb6, 0xb5, 0x58,
    0xb6, 0xb6, 0x56, 0xb6, 0xb6, 0x55, 0xb6, 0xb6, 0x53, 0xb6, 0xb6, 0x52,
    0xb6, 0xb6, 0x52, 0xb5, 0xb4, 0x54, 0xb6, 0xb5, 0x56, 0xb5, 0xb4, 0x57,
    0xb0, 0xae, 0x54, 0xa3, 0xa1, 0x4a, 0x9c, 0x99, 0x45, 0xa0, 0x9f, 0x49,
    0xa9, 0xac, 0x50, 0xaf, 0xb2, 0x57, 0xaf, 0xb1, 0x58, 0xae, 0xb0, 0x58,
    0xa9, 0xab, 0x55, 0x9e, 0xa0, 0x4b, 0x94, 0x95, 0x49, 0x8b, 0x8a, 0x45,
    0x7f, 0x78, 0x3b, 0x76, 0x69, 0x36, 0x7d, 0x6a, 0x41, 0x8d, 0x75, 0x54,
    0x9f, 0x81, 0x62, 0xb1, 0x8d, 0x6d, 0xb4, 0x99, 0x7a, 0xad, 0x9f, 0x81,
    0xa2, 0xa1, 0x82, 0x8c, 0x99, 0x73, 0x86, 0x9b, 0x6f, 0x7c, 0x95, 0x67,
    0x80, 0x9a, 0x6b, 0x82, 0x9d, 0x6b, 0x77, 0x91, 0x5f, 0x6d, 0x87, 0x58,
    0x68, 0x81, 0x57, 0x5b, 0x72, 0x4b, 0x58, 0x6d, 0x46, 0x65, 0x7b, 0x50,
    0x7e, 0x99, 0x67, 0x88, 0xa7, 0x6d, 0x83, 0xa6, 0x65, 0x76, 0x9c, 0x56,
    0x6e, 0x92, 0x4d, 0x6e, 0x8e, 0x4b, 0x6b, 0x8c, 0x47, 0x69, 0x8a, 0x46,
    0x67, 0x87, 0x47, 0x5a, 0x79, 0x40, 0x59, 0x77, 0x42, 0x64, 0x81, 0x4b,
    0x60, 0x7d, 0x44, 0x56, 0x74, 0x37, 0x5e, 0x7c, 0x3f, 0x65, 0x82, 0x48,
    0x60, 0x7c, 0x46, 0x55, 0x6f, 0x3a, 0x49, 0x61, 0x2e, 0x40, 0x56, 0x22,
    0x34, 0x43, 0x11, 0x3e, 0x41, 0x13, 0x8b, 0x7d, 0x54, 0xc4, 0xaa, 0x86,
    0xdc, 0xbf, 0x9e, 0xdb, 0xbe, 0x9b, 0xd6, 0xb8, 0x91, 0xdc, 0xbd, 0x91,
    0xd2, 0xb2, 0x83, 0xd3, 0xb2, 0x80, 0xba, 0x9b, 0x6b, 0x93, 0x79, 0x4f,
    0x7c, 0x6a, 0x40, 0x6b, 0x63, 0x3a, 0x48, 0x4a, 0x23, 0x2c, 0x39, 0x13,
    0x2c, 0x3f, 0x17, 0x59, 0x6c, 0x41, 0x81, 0x94, 0x64, 0x82, 0x96, 0x63,
    0x88, 0x9c, 0x67, 0x84, 0x98, 0x64, 0x71, 0x84, 0x55, 0x6f, 0x83, 0x58,
    0x73, 0x8b, 0x63, 0x67, 0x85, 0x56, 0x54, 0x79, 0x43, 0x57, 0x80, 0x46,
    0x55, 0x7d, 0x44, 0x5c, 0x83, 0x4b, 0x63, 0x89, 0x52, 0x65, 0x89, 0x53,
    0x66, 0x89, 0x55, 0x66, 0x87, 0x55, 0x65, 0x85, 0x54, 0x6b, 0x89, 0x5a,
    0x77, 0x94, 0x65, 0x7d, 0x9c, 0x69, 0x84, 0xa2, 0x6e, 0x84, 0xa1, 0x6e,
    0x7f, 0x9b, 0x68, 0x81, 0x9b, 0x68, 0x8a, 0xa3, 0x71, 0x90, 0xa6, 0x77,
    0x95, 0xaa, 0x74, 0x98, 0xad, 0x69, 0x99, 0xad, 0x5a, 0x9c, 0xae, 0x52,
    0x9d, 0xac, 0x4d, 0x9d, 0xab, 0x4d, 0x9d, 0xac, 0x4d, 0x9d, 0xac, 0x4d,
    0x9d, 0xac, 0x4d, 0x9e, 0xad, 0x4e, 0x9e, 0xad, 0x4e, 0x9e, 0xad, 0x4e,
    0x9f, 0xae, 0x4f, 0xa0, 0xaf, 0x50, 0xa0, 0xaf, 0x50, 0xa0, 0xaf, 0x50,
    0xa0, 0xaf, 0x50, 0xa0, 0xaf, 0x50, 0xa0, 0xaf, 0x50, 0xa0, 0xaf, 0x50,
    0xa0, 0xaf, 0x50, 0xa2, 0xb1, 0x52, 0xa1, 0xb0, 0x51, 0xa1, 0xb0, 0x51,
    0xa1, 0xb0, 0x51, 0xa1, 0xb0, 0x52, 0xa1, 0xb0, 0x53, 0xa1, 0xb0, 0x53,
    0xa1, 0xb0, 0x53, 0xa2, 0xb1, 0x54, 0xa1, 0xb0, 0x53, 0xa0, 0xaf, 0x52,
    0xa0, 0xae, 0x55, 0xa0, 0xae, 0x56, 0xa0, 0xae, 0x56, 0xa1, 0xaf, 0x57,
    0xa1, 0xaf, 0x57, 0xa1, 0xaf, 0x57, 0xa1, 0xaf, 0x57, 0xa0, 0xae, 0x57,
    0xa0, 0xae, 0x56, 0x9f, 0xad, 0x54, 0x9e, 0xad, 0x52, 0x9e, 0xad, 0x51,
    0x9e, 0xad, 0x50, 0x9f, 0xad, 0x4f, 0x9f, 0xad, 0x4e, 0x9f, 0xad, 0x4e,
    0x9f, 0xad, 0x4e, 0x9e, 0xac, 0x4d, 0x9e, 0xac, 0x4d, 0x9f, 0xac, 0x4d,
    0xa3, 0xad, 0x4d, 0xa4, 0xae, 0x4e, 0xa4, 0xae, 0x4e, 0xa6, 0xb0, 0x50,
    0xa6, 0xb0, 0x50, 0xa6, 0xb0, 0x50, 0xa8, 0xb0, 0x51, 0xa9, 0xb0, 0x51,
    0xa9, 0xb0, 0x51, 0xa9, 0xb0, 0x51, 0xa9, 0xb0, 0x51, 0xa9, 0xb0, 0x51,
    0xa9, 0xb0, 0x51, 0xab, 0xb0, 0x52, 0xab, 0xb0, 0x52, 0xab, 0xb1, 0x51,
    0xab, 0xb1, 0x50, 0xac, 0xb2, 0x4f, 0xad, 0xb3, 0x4f, 0xad, 0xb3, 0x4f,
    0xad, 0xb3, 0x4f, 0xad, 0xb3, 0x4f, 0xad, 0xb3, 0x4f, 0xad, 0xb3, 0x4f,
    0xad, 0xb3, 0x4f, 0xad, 0xb3, 0x4f, 0xaf, 0xb4, 0x4e, 0xaf, 0xb4, 0x4e,
    0xaf, 0xb4, 0x4e, 0xb1, 0xb6, 0x50, 0xb2, 0xb7, 0x51, 0xb2, 0xb7, 0x51,
    0xb2, 0xb7, 0x51, 0xb1, 0xb6, 0x52, 0xb0, 0xb4, 0x53, 0xaf, 0xb3, 0x54,
    0xad, 0xb0, 0x54, 0xab, 0xae, 0x54, 0xaa, 0xab, 0x55, 0xab, 0xa7, 0x5a,
    0xab, 0xa4, 0x5c, 0xaa, 0xa0, 0x5e, 0xaa, 0x9e, 0x63, 0xaa, 0x9a, 0x67,
    0xab, 0x99, 0x6c, 0xae, 0x9a, 0x70, 0xb3, 0x9c, 0x74, 0xb6, 0x9e, 0x78,
    0xb6, 0x9e, 0x7a, 0xb6, 0x9e, 0x7c, 0xb5, 0x9c, 0x7c, 0xb1, 0x98, 0x79,
    0xac, 0x94, 0x74, 0xa9, 0x90, 0x6f, 0xa4, 0x8c, 0x69, 0x9f, 0x87, 0x62,
    0x9b, 0x83, 0x5c, 0x98, 0x80, 0x58, 0x98, 0x81, 0x56, 0x9b, 0x87, 0x56,
    0xb7, 0xb7, 0x55, 0xb7, 0xb7, 0x55, 0xb7, 0xb7, 0x55, 0xb7, 0xb7, 0x55,
    0xb7, 0xb7, 0x55, 0xb7, 0xb7, 0x55, 0xb7, 0xb7, 0x55, 0xb6, 0xb6, 0x57,
    0xb6, 0xb6, 0x56, 0xb6, 0xb6, 0x54, 0xb6, 0xb6, 0x53, 0xb6, 0xb6, 0x52,
    0xb6, 0xb6, 0x52, 0xb5, 0xb5, 0x53, 0xb5, 0xb5, 0x53, 0xb5, 0xb5, 0x55,
    0xb6, 0xb5, 0x57, 0xb1, 0xb0, 0x54, 0xae, 0xad, 0x53, 0xae, 0xae, 0x52,
    0xb0, 0xb4, 0x54, 0xb2, 0xb6, 0x58, 0xb2, 0xb5, 0x58, 0xb1, 0xb5, 0x58,
    0xaf, 0xb2, 0x58, 0xaa, 0xad, 0x53, 0xa7, 0xab, 0x56, 0xa0, 0xa4, 0x54,
    0x94, 0x92, 0x4a, 0x7f, 0x78, 0x3a, 0x75, 0x67, 0x32, 0x79, 0x67, 0x39,
    0x85, 0x6c, 0x44, 0x96, 0x7a, 0x54, 0xa0, 0x8b, 0x6a, 0xa3, 0x9c, 0x7d,
    0x9d, 0xa5, 0x84, 0x89, 0x9c, 0x76, 0x81, 0x9a, 0x6d, 0x82, 0x9c, 0x6e,
    0x7b, 0x95, 0x67, 0x7b, 0x96, 0x66, 0x78, 0x92, 0x61, 0x6a, 0x84, 0x56,
    0x63, 0x7c, 0x54, 0x5a, 0x72, 0x4c, 0x53, 0x69, 0x41, 0x6c, 0x84, 0x57,
    0x83, 0x9e, 0x6b, 0x87, 0xa7, 0x6b, 0x82, 0xa7, 0x64, 0x89, 0xaf, 0x68,
    0x63, 0x87, 0x41, 0x64, 0x85, 0x41, 0x81, 0xa2, 0x5d, 0x7b, 0x9c, 0x58,
    0x78, 0x98, 0x58, 0x6d, 0x8c, 0x53, 0x56, 0x74, 0x3f, 0x55, 0x72, 0x3c,
    0x64, 0x81, 0x47, 0x61, 0x7f, 0x43, 0x59, 0x77, 0x3b, 0x5d, 0x7a, 0x41,
    0x5a, 0x76, 0x43, 0x52, 0x6d, 0x3d, 0x48, 0x61, 0x32, 0x3f, 0x54, 0x24,
    0x33, 0x3f, 0x10, 0x48, 0x47, 0x1a, 0x99, 0x88, 0x5f, 0xc2, 0xa7, 0x81,
    0xd7, 0xba, 0x95, 0xdf, 0xc1, 0x9b, 0xd6, 0xb7, 0x8f, 0xd9, 0xb9, 0x8c,
    0xd2, 0xb1, 0x83, 0xd4, 0xb3, 0x82, 0xb2, 0x94, 0x64, 0x87, 0x70, 0x45,
    0x76, 0x65, 0x3a, 0x68, 0x62, 0x35, 0x45, 0x48, 0x1b, 0x29, 0x36, 0x08,
    0x2b, 0x3d, 0x0f, 0x50, 0x63, 0x36, 0x6e, 0x82, 0x52, 0x6c, 0x80, 0x4c,
    0x8a, 0x9e, 0x69, 0x85, 0x99, 0x66, 0x77, 0x8a, 0x5b, 0x79, 0x8c, 0x62,
    0x81, 0x98, 0x71, 0x64, 0x80, 0x53, 0x51, 0x75, 0x40, 0x54, 0x7b, 0x42,
    0x52, 0x78, 0x41, 0x56, 0x7c, 0x47, 0x5e, 0x83, 0x4f, 0x65, 0x89, 0x55,
    0x68, 0x8a, 0x58, 0x67, 0x89, 0x58, 0x69, 0x88, 0x5a, 0x6d, 0x8a, 0x5e,
    0x78, 0x95, 0x67, 0x7f, 0x9d, 0x6a, 0x86, 0xa3, 0x70, 0x86, 0xa3, 0x70,
    0x81, 0x9c, 0x69, 0x81, 0x9a, 0x68, 0x8c, 0xa3, 0x72, 0x90, 0xa5, 0x78,
    0x93, 0xa7, 0x77, 0x98, 0xac, 0x6d, 0x99, 0xad, 0x5f, 0x9b, 0xae, 0x55,
    0x9c, 0xad, 0x4e, 0x9c, 0xac, 0x4b, 0x9d, 0xac, 0x4d, 0x9d, 0xac, 0x4d,
    0x9d, 0xac, 0x4d, 0x9e, 0xad, 0x4e, 0x9e, 0xad, 0x4e, 0x9e, 0xad, 0x4e,
    0x9f, 0xae, 0x4f, 0xa0, 0xaf, 0x50, 0xa0, 0xaf, 0x50, 0xa0, 0xaf, 0x50,
    0xa0, 0xaf, 0x50, 0xa0, 0xaf, 0x50, 0xa0, 0xaf, 0x50, 0xa0, 0xaf, 0x50,
    0xa0, 0xaf, 0x50, 0xa2, 0xb1, 0x52, 0xa1, 0xb0, 0x51, 0xa1, 0xb0, 0x51,
    0xa1, 0xb0, 0x51, 0xa1, 0xb0, 0x52, 0xa1, 0xb0, 0x53, 0xa1, 0xb0, 0x53,
    0xa1, 0xb0, 0x53, 0xa2, 0xb1, 0x54, 0xa1, 0xb0, 0x53, 0xa0, 0xaf, 0x52,
    0xa0, 0xae, 0x55, 0xa0, 0xae, 0x56, 0xa0, 0xae, 0x56, 0xa0, 0xae, 0x56,
    0xa0, 0xae, 0x56, 0xa0, 0xae, 0x56, 0xa0, 0xae, 0x56, 0xa0, 0xae, 0x57,
    0xa0, 0xae, 0x56, 0x9e, 0xac, 0x54, 0x9e, 0xad, 0x52, 0x9e, 0xad, 0x51,
    0x9e, 0xad, 0x50, 0x9f, 0xad, 0x4f, 0x9f, 0xad, 0x4e, 0x9f, 0xad, 0x4e,
    0x9f, 0xad, 0x4e, 0x9f, 0xad, 0x4e, 0x9f, 0xad, 0x4e, 0xa0, 0xad, 0x4e,
    0xa3, 0xad, 0x4d, 0xa4, 0xae, 0x4e, 0xa4, 0xae, 0x4e, 0xa6, 0xb0, 0x50,
    0xa6, 0xb0, 0x50, 0xa6, 0xb0, 0x50, 0xa8, 0xb0, 0x51, 0xa9, 0xb0, 0x51,
    0xa9, 0xb0, 0x51, 0xa9, 0xb0, 0x51, 0xa9, 0xb0, 0x51, 0xa9, 0xb0, 0x51,
    0xa9, 0xb0, 0x51, 0xab, 0xb0, 0x52, 0xab, 0xb0, 0x52, 0xab, 0xb1, 0x51,
    0xab, 0xb1, 0x50, 0xac, 0xb2, 0x4f, 0xad, 0xb3, 0x4f, 0xad, 0xb3, 0x4f,
    0xad, 0xb3, 0x4f, 0xad, 0xb3, 0x4f, 0xad, 0xb3, 0x4f, 0xad, 0xb3, 0x4f,
    0xad, 0xb3, 0x4f, 0xad, 0xb3, 0x4f, 0xaf, 0xb4, 0x4e, 0xaf, 0xb4, 0x4e,
    0xaf, 0xb4, 0x4e, 0xb0, 0xb5, 0x4f, 0xb1, 0xb6, 0x50, 0xb1, 0xb6, 0x50,
    0xb1, 0xb6, 0x51, 0xb1, 0xb6, 0x52, 0xb0, 0xb4, 0x52, 0xaf, 0xb3, 0x53,
    0xad, 0xb1, 0x52, 0xab, 0xae, 0x52, 0xaa, 0xac, 0x53, 0xab, 0xa7, 0x57,
    0xab, 0xa5, 0x59, 0xa9, 0xa2, 0x5b, 0xaa, 0x9f, 0x60, 0xa9, 0x9c, 0x65,
    0xab, 0x9b, 0x69, 0xae, 0x9b, 0x6e, 0xb3, 0x9c, 0x72, 0xb6, 0x9f, 0x76,
    0xb6, 0x9e, 0x79, 0xb6, 0x9e, 0x7c, 0xb5, 0x9c, 0x7d, 0xb1, 0x98, 0x7a,
    0xad, 0x94, 0x75, 0xaa, 0x91, 0x70, 0xa5, 0x8d, 0x6b, 0xa1, 0x89, 0x65,
    0x9c, 0x84, 0x5f, 0x99, 0x81, 0x5a, 0x98, 0x80, 0x57, 0x9a, 0x85, 0x56,
    0xb7, 0xb7, 0x55, 0xb7, 0xb7, 0x55, 0xb7, 0xb7, 0x55, 0xb7, 0xb7, 0x55,
    0xb7, 0xb7, 0x55, 0xb7, 0xb7, 0x55, 0xb7, 0xb7, 0x55, 0xb6, 0xb6, 0x55,
    0xb6, 0xb6, 0x55, 0xb6, 0xb6, 0x55, 0xb6, 0xb6, 0x55, 0xb6, 0xb6, 0x54,
    0xb6, 0xb6, 0x54, 0xb5, 0xb5, 0x54, 0xb5, 0xb5, 0x54, 0xb5, 0xb5, 0x55,
    0xb4, 0xb4, 0x56, 0xb4, 0xb3, 0x56, 0xb3, 0xb2, 0x56, 0xb0, 0xb2, 0x54,
    0xb0, 0xb3, 0x53, 0xb1, 0xb4, 0x55, 0xaf, 0xb2, 0x54, 0xae, 0xb1, 0x55,
    0xaf, 0xb1, 0x56, 0xae, 0xb0, 0x56, 0xad, 0xb2, 0x58, 0xaa, 0xaf, 0x58,
    0xa0, 0xa1, 0x51, 0x8e, 0x8a, 0x43, 0x7e, 0x76, 0x37, 0x76, 0x6a, 0x30,
    0x78, 0x67, 0x33, 0x83, 0x6f, 0x43, 0x91, 0x85, 0x60, 0x9c, 0x9e, 0x7d,
    0x94, 0xa2, 0x81, 0x87, 0x9d, 0x76, 0x7c, 0x97, 0x69, 0x81, 0x9c, 0x6e,
    0x7f, 0x99, 0x6c, 0x75, 0x8f, 0x60, 0x72, 0x8c, 0x5d, 0x69, 0x83, 0x56,
    0x61, 0x7a, 0x52, 0x5c, 0x74, 0x4f, 0x5b, 0x73, 0x49, 0x76, 0x8f, 0x60,
    0x7d, 0x9a, 0x64, 0x7b, 0x9d, 0x60, 0x87, 0xac, 0x68, 0x7a, 0xa2, 0x5a,
    0x81, 0xa6, 0x60, 0x77, 0x97, 0x54, 0x82, 0xa2, 0x5e, 0x7a, 0x9b, 0x57,
    0x74, 0x94, 0x54, 0x76, 0x95, 0x5c, 0x67, 0x85, 0x50, 0x55, 0x72, 0x3c,
    0x56, 0x74, 0x3a, 0x63, 0x81, 0x46, 0x6b, 0x89, 0x4d, 0x62, 0x7f, 0x48,
    0x54, 0x70, 0x3f, 0x4c, 0x66, 0x39, 0x46, 0x5f, 0x32, 0x3f, 0x54, 0x27,
    0x34, 0x3f, 0x11, 0x54, 0x50, 0x24, 0xa4, 0x92, 0x68, 0xbb, 0x9f, 0x77,
    0xcc, 0xae, 0x86, 0xde, 0xbf, 0x96, 0xd3, 0xb3, 0x88, 0xc9, 0xa8, 0x7b,
    0xc6, 0xa4, 0x76, 0xc9, 0xa5, 0x78, 0xa3, 0x84, 0x58, 0x71, 0x5a, 0x30,
    0x5b, 0x4b, 0x1f, 0x59, 0x53, 0x23, 0x42, 0x46, 0x14, 0x26, 0x33, 0x01,
    0x28, 0x3a, 0x06, 0x56, 0x68, 0x39, 0x72, 0x85, 0x55, 0x71, 0x85, 0x52,
    0x71, 0x85, 0x50, 0x7e, 0x92, 0x5f, 0x8e, 0xa1, 0x73, 0x7f, 0x92, 0x68,
    0x81, 0x95, 0x6e, 0x5e, 0x78, 0x4b, 0x4d, 0x6f, 0x3c, 0x4d, 0x72, 0x3b,
    0x4c, 0x70, 0x3b, 0x4f, 0x71, 0x3f, 0x57, 0x7b, 0x48, 0x62, 0x86, 0x53,
    0x68, 0x8a, 0x5a, 0x69, 0x8a, 0x5c, 0x6c, 0x8b, 0x5f, 0x71, 0x8e, 0x63,
    0x79, 0x96, 0x6a, 0x81, 0x9f, 0x6c, 0x88, 0xa4, 0x71, 0x89, 0xa4, 0x71,
    0x86, 0xa0, 0x6d, 0x83, 0x9c, 0x6a, 0x89, 0xa0, 0x6f, 0x8d, 0xa3, 0x77,
    0x91, 0xa4, 0x78, 0x96, 0xaa, 0x70, 0x9a, 0xae, 0x63, 0x9a, 0xae, 0x56,
    0x9b, 0xad, 0x4e, 0x9c, 0xac, 0x4b, 0x9d, 0xac, 0x4d, 0x9d, 0xac, 0x4d,
    0x9d, 0xac, 0x4d, 0x9e, 0xad, 0x4e, 0x9e, 0xad, 0x4e, 0x9e, 0xad, 0x4e,
    0x9f, 0xae, 0x4f, 0xa0, 0xaf, 0x50, 0xa0, 0xaf, 0x50, 0xa0, 0xaf, 0x50,
    0xa0, 0xaf, 0x50, 0xa0, 0xaf, 0x50, 0xa0, 0xaf, 0x50, 0xa0, 0xaf, 0x50,
    0xa0, 0xaf, 0x50, 0xa2, 0xb1, 0x52, 0xa1, 0xb0, 0x51, 0xa1, 0xb0, 0x51,
    0xa1, 0xb0, 0x51, 0xa1, 0xb0, 0x52, 0xa1, 0xb0, 0x53, 0xa1, 0xb0, 0x53,
    0xa1, 0xb0, 0x53, 0xa2, 0xb1, 0x54, 0xa1, 0xb0, 0x53, 0xa0, 0xaf, 0x52,
    0xa0, 0xae, 0x55, 0xa0, 0xae, 0x56, 0xa0, 0xae, 0x56, 0xa0, 0xae, 0x56,
    0xa0, 0xae, 0x56, 0xa0, 0xae, 0x56, 0xa0, 0xae, 0x56, 0xa0, 0xae, 0x57,
    0xa0, 0xae, 0x56, 0x9e, 0xac, 0x54, 0x9e, 0xad, 0x52, 0x9e, 0xad, 0x51,
    0x9e, 0xad, 0x50, 0x9f, 0xad, 0x4f, 0x9f, 0xad, 0x4e, 0x9f, 0xad, 0x4e,
    0x9f, 0xad, 0x4e, 0x9f, 0xad, 0x4e, 0x9f, 0xad, 0x4e, 0xa0, 0xad, 0x4e,
    0xa3, 0xad, 0x4d, 0xa4, 0xae, 0x4e, 0xa4, 0xae, 0x4e, 0xa6, 0xb0, 0x50,
    0xa6, 0xb0, 0x50, 0xa6, 0xb0, 0x50, 0xa8, 0xb0, 0x51, 0xa9, 0xb0, 0x51,
    0xa9, 0xb0, 0x51, 0xa9, 0xb0, 0x51, 0xa9, 0xb0, 0x51, 0xa9, 0xb0, 0x51,
    0xa9, 0xb0, 0x51, 0xab, 0xb0, 0x52, 0xab, 0xb0, 0x52, 0xab, 0xb1, 0x51,
    0xab, 0xb1, 0x50, 0xac, 0xb2, 0x4f, 0xad, 0xb3, 0x4f, 0xad, 0xb3, 0x4f,
    0xad, 0xb3, 0x4f, 0xad, 0xb3, 0x4f, 0xad, 0xb3, 0x4f, 0xad, 0xb3, 0x4f,
    0xad, 0xb3, 0x4f, 0xad, 0xb3, 0x4f, 0xaf, 0xb4, 0x4e, 0xaf, 0xb4, 0x4e,
    0xaf, 0xb4, 0x4e, 0xb0, 0xb5, 0x4f, 0xb1, 0xb6, 0x50, 0xb1, 0xb6, 0x50,
    0xb1, 0xb6, 0x51, 0xb0, 0xb5, 0x51, 0xaf, 0xb3, 0x52, 0xaf, 0xb3, 0x52,
    0xad, 0xb1, 0x51, 0xab, 0xaf, 0x51, 0xaa, 0xac, 0x50, 0xab, 0xa8, 0x54,
    0xaa, 0xa5, 0x57, 0xa9, 0xa2, 0x59, 0xaa, 0xa0, 0x5e, 0xaa, 0x9d, 0x63,
    0xab, 0x9c, 0x68, 0xae, 0x9c, 0x6b, 0xb3, 0x9c, 0x70, 0xb6, 0x9f, 0x75,
    0xb6, 0x9e, 0x78, 0xb6, 0x9e, 0x7b, 0xb5, 0x9c, 0x7d, 0xb1, 0x98, 0x7a,
    0xae, 0x95, 0x76, 0xab, 0x92, 0x73, 0xa6, 0x8e, 0x6d, 0xa2, 0x8a, 0x67,
    0x9d, 0x85, 0x61, 0x99, 0x81, 0x5b, 0x98, 0x81, 0x58, 0x99, 0x83, 0x56,
    0xb7, 0xb7, 0x55, 0xb7, 0xb7, 0x55, 0xb7, 0xb7, 0x55, 0xb7, 0xb7, 0x55,
    0xb7, 0xb7, 0x55, 0xb7, 0xb7, 0x55, 0xb7, 0xb7, 0x55, 0xb6, 0xb6, 0x54,
    0xb6, 0xb6, 0x54, 0xb6, 0xb6, 0x56, 0xb6, 0xb6, 0x56, 0xb6, 0xb5, 0x57,
    0xb6, 0xb5, 0x57, 0xb4, 0xb6, 0x56, 0xb4, 0xb6, 0x55, 0xb4, 0xb5, 0x57,
    0xb2, 0xb3, 0x55, 0xb1, 0xb2, 0x55, 0xb2, 0xb3, 0x56, 0xb2, 0xb3, 0x56,
    0xb3, 0xb4, 0x55, 0xb3, 0xb4, 0x56, 0xb2, 0xb2, 0x57, 0xb0, 0xb0, 0x56,
    0xb0, 0xb0, 0x57, 0xb1, 0xb2, 0x5a, 0xaf, 0xb4, 0x57, 0xac, 0xb2, 0x55,
    0xa8, 0xac, 0x54, 0x9d, 0x9d, 0x4d, 0x8f, 0x8c, 0x42, 0x82, 0x7c, 0x36,
    0x7c, 0x72, 0x34, 0x7d, 0x72, 0x40, 0x8a, 0x88, 0x5f, 0x95, 0x9f, 0x7c,
    0x85, 0x99, 0x77, 0x7f, 0x98, 0x71, 0x80, 0x9b, 0x6d, 0x7d, 0x98, 0x6b,
    0x84, 0x9e, 0x72, 0x75, 0x8f, 0x60, 0x6c, 0x86, 0x56, 0x67, 0x81, 0x54,
    0x5a, 0x73, 0x4c, 0x53, 0x6b, 0x46, 0x61, 0x79, 0x4f, 0x71, 0x8b, 0x5c,
    0x6b, 0x89, 0x53, 0x6d, 0x90, 0x52, 0x6c, 0x92, 0x4d, 0x72, 0x9b, 0x52,
    0x8e, 0xb3, 0x6c, 0x7b, 0x9b, 0x57, 0x70, 0x91, 0x4d, 0x6b, 0x8c, 0x48,
    0x5e, 0x7e, 0x3e, 0x6b, 0x8a, 0x51, 0x6b, 0x88, 0x53, 0x68, 0x85, 0x4e,
    0x5c, 0x7a, 0x3f, 0x56, 0x74, 0x38, 0x64, 0x81, 0x48, 0x65, 0x82, 0x4d,
    0x54, 0x70, 0x41, 0x45, 0x60, 0x35, 0x43, 0x5c, 0x33, 0x3f, 0x52, 0x27,
    0x34, 0x3c, 0x10, 0x5c, 0x56, 0x2b, 0xa8, 0x94, 0x6a, 0xbe, 0xa1, 0x77,
    0xc9, 0xab, 0x7e, 0xcf, 0xb0, 0x83, 0xb4, 0x94, 0x67, 0xa2, 0x80, 0x53,
    0xa8, 0x85, 0x59, 0xb4, 0x8f, 0x64, 0xa9, 0x89, 0x5f, 0x7e, 0x68, 0x3e,
    0x52, 0x43, 0x16, 0x52, 0x4c, 0x19, 0x4c, 0x51, 0x18, 0x38, 0x46, 0x09,
    0x38, 0x4a, 0x0d, 0x60, 0x74, 0x41, 0x81, 0x94, 0x65, 0x8b, 0x9f, 0x6c,
    0x6e, 0x82, 0x4d, 0x7e, 0x92, 0x5f, 0x90, 0xa3, 0x75, 0x76, 0x88, 0x5f,
    0x74, 0x85, 0x5e, 0x58, 0x6f, 0x43, 0x44, 0x63, 0x31, 0x47, 0x6a, 0x35,
    0x4a, 0x6b, 0x39, 0x4b, 0x6b, 0x3c, 0x4e, 0x70, 0x40, 0x58, 0x7d, 0x4b,
    0x64, 0x85, 0x56, 0x6a, 0x8a, 0x5e, 0x70, 0x8f, 0x65, 0x76, 0x92, 0x69,
    0x7e, 0x9a, 0x6f, 0x87, 0xa3, 0x70, 0x8b, 0xa7, 0x74, 0x89, 0xa4, 0x71,
    0x8a, 0xa2, 0x70, 0x88, 0x9f, 0x6d, 0x87, 0x9d, 0x6c, 0x8b, 0xa0, 0x78,
    0x8e, 0xa3, 0x7a, 0x92, 0xa7, 0x71, 0x97, 0xac, 0x66, 0x9a, 0xad, 0x58,
    0x9b, 0xad, 0x4e, 0x9b, 0xad, 0x49, 0x9d, 0xac, 0x4c, 0x9d, 0xac, 0x4d,
    0x9d, 0xac, 0x4d, 0x9e, 0xad, 0x4e, 0x9e, 0xad, 0x4e, 0x9e, 0xad, 0x4e,
    0x9f, 0xae, 0x4f, 0xa0, 0xaf, 0x50, 0xa0, 0xaf, 0x50, 0xa0, 0xaf, 0x50,
    0xa0, 0xaf, 0x50, 0xa0, 0xaf, 0x50, 0xa0, 0xaf, 0x50, 0xa0, 0xaf, 0x50,
    0xa0, 0xaf, 0x50, 0xa2, 0xb1, 0x52, 0xa1, 0xb0, 0x51, 0xa1, 0xb0, 0x51,
    0xa1, 0xb0, 0x51, 0xa1, 0xb0, 0x52, 0xa1, 0xb0, 0x53, 0xa1, 0xb0, 0x53,
    0xa1, 0xb0, 0x53, 0xa2, 0xb1, 0x54, 0xa1, 0xb0, 0x53, 0xa0, 0xaf, 0x52,
    0xa0, 0xae, 0x55, 0xa0, 0xae, 0x56, 0xa0, 0xae, 0x56, 0x9f, 0xad, 0x55,
    0x9f, 0xad, 0x55, 0x9f, 0xad, 0x55, 0x9f, 0xad, 0x56, 0xa0, 0xae, 0x57,
    0xa0, 0xae, 0x56, 0x9e, 0xac, 0x54, 0x9e, 0xad, 0x52, 0x9e, 0xad, 0x51,
    0x9e, 0xad, 0x50, 0x9f, 0xad, 0x4f, 0x9f, 0xad, 0x4e, 0x9f, 0xad, 0x4e,
    0x9f, 0xad, 0x4e, 0xa0, 0xae, 0x4f, 0xa0, 0xae, 0x4f, 0xa1, 0xae, 0x4e,
    0xa3, 0xad, 0x4d, 0xa4, 0xae, 0x4e, 0xa4, 0xae, 0x4e, 0xa6, 0xb0, 0x50,
    0xa6, 0xb0, 0x50, 0xa6, 0xb0, 0x50, 0xa8, 0xb0, 0x51, 0xa9, 0xb0, 0x51,
    0xa9, 0xb0, 0x51, 0xa9, 0xb0, 0x51, 0xa9, 0xb0, 0x51, 0xa9, 0xb0, 0x51,
    0xa9, 0xb0, 0x51, 0xab, 0xb0, 0x52, 0xab, 0xb0, 0x52, 0xab, 0xb1, 0x51,
    0xab, 0xb1, 0x50, 0xac, 0xb2, 0x4f, 0xad, 0xb3, 0x4f, 0xad, 0xb3, 0x4f,
    0xad, 0xb3, 0x4f, 0xad, 0xb3, 0x4f, 0xad, 0xb3, 0x4f, 0xad, 0xb3, 0x4f,
    0xad, 0xb3, 0x4f, 0xad, 0xb3, 0x4f, 0xaf, 0xb4, 0x4e, 0xaf, 0xb4, 0x4e,
    0xaf, 0xb4, 0x4e, 0xb0, 0xb5, 0x4f, 0xb0, 0xb5, 0x4f, 0xb0, 0xb5, 0x4f,
    0xb0, 0xb5, 0x50, 0xaf, 0xb4, 0x50, 0xae, 0xb2, 0x51, 0xae, 0xb2, 0x51,
    0xad, 0xb1, 0x50, 0xab, 0xaf, 0x50, 0xa9, 0xad, 0x4f, 0xaa, 0xa9, 0x52,
    0xa9, 0xa6, 0x55, 0xa9, 0xa3, 0x57, 0xaa, 0xa1, 0x5d, 0xaa, 0x9f, 0x62,
    0xab, 0x9d, 0x66, 0xaf, 0x9d, 0x6a, 0xb3, 0x9d, 0x6f, 0xb6, 0x9f, 0x74,
    0xb6, 0x9f, 0x76, 0xb6, 0x9e, 0x7b, 0xb5, 0x9c, 0x7d, 0xb1, 0x98, 0x7a,
    0xaf, 0x96, 0x78, 0xad, 0x94, 0x75, 0xa8, 0x8f, 0x6f, 0xa3, 0x8b, 0x69,
    0x9f, 0x87, 0x64, 0x9b, 0x83, 0x5d, 0x9a, 0x82, 0x5a, 0x9a, 0x83, 0x58,
    0xb7, 0xb7, 0x56, 0xb6, 0xb7, 0x56, 0xb7, 0xb7, 0x56, 0xb7, 0xb7, 0x56,
    0xb7, 0xb7, 0x56, 0xb7, 0xb7, 0x56, 0xb7, 0xb7, 0x55, 0xb6, 0xb6, 0x53,
    0xb6, 0xb6, 0x55, 0xb6, 0xb6, 0x56, 0xb6, 0xb5, 0x58, 0xb6, 0xb5, 0x59,
    0xb6, 0xb5, 0x59, 0xb4, 0xb5, 0x57, 0xb4, 0xb5, 0x57, 0xb4, 0xb5, 0x58,
    0xb3, 0xb4, 0x57, 0xb3, 0xb4, 0x57, 0xb3, 0xb4, 0x57, 0xb2, 0xb4, 0x56,
    0xaf, 0xb1, 0x53, 0xaf, 0xb1, 0x54, 0xb0, 0xb2, 0x56, 0xb0, 0xb1, 0x57,
    0xaf, 0xb0, 0x57, 0xb0, 0xb2, 0x5a, 0xaf, 0xb4, 0x56, 0xac, 0xb2, 0x53,
    0xae, 0xb3, 0x57, 0xa9, 0xac, 0x57, 0xa1, 0xa2, 0x50, 0x96, 0x96, 0x47,
    0x8c, 0x89, 0x41, 0x86, 0x83, 0x4c, 0x8f, 0x94, 0x68, 0x95, 0xa4, 0x80,
    0x88, 0x9f, 0x7b, 0x7d, 0x96, 0x6e, 0x85, 0x9e, 0x71, 0x7b, 0x95, 0x68,
    0x7d, 0x97, 0x6a, 0x7b, 0x94, 0x66, 0x69, 0x82, 0x54, 0x60, 0x79, 0x4e,
    0x55, 0x6c, 0x46, 0x51, 0x68, 0x43, 0x5e, 0x76, 0x4c, 0x72, 0x8d, 0x5d,
    0x7c, 0x99, 0x62, 0x7a, 0x9c, 0x5d, 0x61, 0x87, 0x42, 0x71, 0x9a, 0x51,
    0x82, 0xa8, 0x61, 0x71, 0x94, 0x4f, 0x63, 0x85, 0x40, 0x6a, 0x8c, 0x48,
    0x5b, 0x7d, 0x3c, 0x54, 0x74, 0x3a, 0x55, 0x73, 0x3d, 0x66, 0x84, 0x4c,
    0x6c, 0x8a, 0x50, 0x65, 0x83, 0x48, 0x69, 0x86, 0x4d, 0x5e, 0x7a, 0x47,
    0x50, 0x6b, 0x3d, 0x48, 0x63, 0x3a, 0x45, 0x5e, 0x35, 0x3d, 0x4f, 0x25,
    0x34, 0x3a, 0x0f, 0x6a, 0x61, 0x37, 0xa8, 0x93, 0x68, 0xbf, 0xa3, 0x77,
    0xcb, 0xac, 0x7e, 0xbc, 0x9d, 0x6e, 0x96, 0x75, 0x48, 0xa0, 0x7d, 0x50,
    0xa3, 0x7e, 0x54, 0x96, 0x6f, 0x46, 0x9b, 0x79, 0x51, 0x95, 0x7d, 0x53,
    0x62, 0x52, 0x25, 0x5e, 0x59, 0x23, 0x68, 0x6d, 0x2d, 0x62, 0x70, 0x27,
    0x61, 0x74, 0x2a, 0x6b, 0x7f, 0x49, 0x7d, 0x91, 0x61, 0x86, 0x99, 0x66,
    0x84, 0x98, 0x64, 0x7b, 0x8f, 0x5d, 0x72, 0x85, 0x57, 0x75, 0x86, 0x5d,
    0x73, 0x84, 0x5d, 0x54, 0x69, 0x3c, 0x38, 0x54, 0x20, 0x3f, 0x5e, 0x2a,
    0x45, 0x63, 0x33, 0x47, 0x64, 0x35, 0x47, 0x67, 0x37, 0x51, 0x72, 0x43,
    0x5f, 0x7f, 0x51, 0x69, 0x89, 0x5d, 0x72, 0x91, 0x66, 0x79, 0x96, 0x6c,
    0x82, 0x9e, 0x72, 0x8b, 0xa6, 0x74, 0x8d, 0xa8, 0x75, 0x89, 0xa2, 0x6f,
    0x87, 0x9f, 0x6d, 0x8b, 0xa1, 0x70, 0x89, 0x9f, 0x6e, 0x8c, 0xa1, 0x79,
    0x8d, 0xa2, 0x7a, 0x90, 0xa4, 0x72, 0x96, 0xaa, 0x67, 0x9a, 0xad, 0x59,
    0x9b, 0xad, 0x4e, 0x9b, 0xad, 0x4a, 0x9d, 0xac, 0x4d, 0x9d, 0xac, 0x4d,
    0x9d, 0xac, 0x4d, 0x9e, 0xad, 0x4e, 0x9e, 0xad, 0x4e, 0x9e, 0xad, 0x4e,
    0x9f, 0xae, 0x4f, 0xa0, 0xaf, 0x50, 0xa0, 0xaf, 0x50, 0xa0, 0xaf, 0x50,
    0xa0, 0xaf, 0x50, 0xa0, 0xaf, 0x50, 0xa0, 0xaf, 0x50, 0xa0, 0xaf, 0x50,
    0xa0, 0xaf, 0x50, 0xa2, 0xb1, 0x52, 0xa1, 0xb0, 0x51, 0xa1, 0xb0, 0x51,
    0xa1, 0xb0, 0x51, 0xa1, 0xb0, 0x53, 0xa1, 0xb0, 0x54, 0xa1, 0xb0, 0x54,
    0xa1, 0xb0, 0x54, 0xa2, 0xb1, 0x55, 0xa1, 0xb0, 0x54, 0xa0, 0xaf, 0x53,
    0xa0, 0xae, 0x56, 0xa0, 0xae, 0x56, 0xa0, 0xae, 0x56, 0x9f, 0xad, 0x55,
    0x9e, 0xac, 0x54, 0x9e, 0xac, 0x54, 0x9f, 0xad, 0x55, 0xa0, 0xae, 0x57,
    0xa0, 0xae, 0x56, 0x9e, 0xac, 0x54, 0x9e, 0xac, 0x53, 0x9e, 0xad, 0x52,
    0x9e, 0xad, 0x51, 0x9f, 0xad, 0x4f, 0x9f, 0xad, 0x4e, 0x9f, 0xad, 0x4e,
    0x9f, 0xae, 0x4f, 0xa0, 0xaf, 0x50, 0xa0, 0xaf, 0x50, 0xa1, 0xae, 0x4f,
    0xa3, 0xad, 0x4d, 0xa3, 0xae, 0x4e, 0xa4, 0xae, 0x4e, 0xa5, 0xb0, 0x50,
    0xa5, 0xb0, 0x50, 0xa6, 0xb0, 0x50, 0xa8, 0xb0, 0x51, 0xa9, 0xb0, 0x51,
    0xa9, 0xb0, 0x51, 0xa9, 0xb0, 0x51, 0xa9, 0xb0, 0x51, 0xa9, 0xb0, 0x51,
    0xa9, 0xb0, 0x51, 0xab, 0xb0, 0x52, 0xab, 0xb0, 0x52, 0xab, 0xb1, 0x51,
    0xab, 0xb1, 0x51, 0xac, 0xb2, 0x50, 0xad, 0xb3, 0x50, 0xad, 0xb3, 0x50,
    0xad, 0xb3, 0x50, 0xad, 0xb3, 0x50, 0xad, 0xb3, 0x50, 0xad, 0xb3, 0x50,
    0xad, 0xb3, 0x50, 0xad, 0xb3, 0x50, 0xaf, 0xb4, 0x4f, 0xaf, 0xb4, 0x4e,
    0xaf, 0xb4, 0x4e, 0xaf, 0xb4, 0x4e, 0xaf, 0xb4, 0x4e, 0xaf, 0xb4, 0x4e,
    0xaf, 0xb4, 0x4f, 0xaf, 0xb3, 0x51, 0xae, 0xb2, 0x51, 0xad, 0xb1, 0x50,
    0xad, 0xb1, 0x50, 0xab, 0xaf, 0x4e, 0xa9, 0xad, 0x4e, 0xaa, 0xa9, 0x51,
    0xa9, 0xa7, 0x54, 0xa9, 0xa3, 0x56, 0xa9, 0xa2, 0x5c, 0xaa, 0xa0, 0x61,
    0xab, 0x9f, 0x65, 0xae, 0x9e, 0x69, 0xb2, 0x9e, 0x6d, 0xb5, 0x9f, 0x72,
    0xb6, 0x9f, 0x76, 0xb6, 0x9e, 0x7a, 0xb5, 0x9c, 0x7d, 0xb1, 0x97, 0x7b,
    0xb0, 0x97, 0x79, 0xae, 0x95, 0x76, 0xa9, 0x90, 0x70, 0xa4, 0x8c, 0x6b,
    0xa0, 0x88, 0x65, 0x9c, 0x84, 0x60, 0x9b, 0x83, 0x5c, 0x9c, 0x85, 0x5b,
    0xb4, 0xb6, 0x57, 0xb4, 0xb7, 0x57, 0xb4, 0xb6, 0x57, 0xb4, 0xb6, 0x57,
    0xb4, 0xb7, 0x57, 0xb4, 0xb7, 0x57, 0xb6, 0xb6, 0x56, 0xb8, 0xb5, 0x56,
    0xb8, 0xb5, 0x57, 0xb8, 0xb5, 0x58, 0xb8, 0xb6, 0x59, 0xb7, 0xb5, 0x58,
    0xb6, 0xb4, 0x57, 0xb2, 0xb4, 0x57, 0xb2, 0xb5, 0x57, 0xb2, 0xb5, 0x57,
    0xb2, 0xb5, 0x57, 0xb1, 0xb5, 0x57, 0xb1, 0xb4, 0x56, 0xb0, 0xb4, 0x56,
    0xaf, 0xb3, 0x55, 0xaf, 0xb3, 0x55, 0xae, 0xb3, 0x55, 0xae, 0xb2, 0x55,
    0xad, 0xb1, 0x55, 0xad, 0xb2, 0x55, 0xad, 0xb3, 0x53, 0xac, 0xb3, 0x54,
    0xad, 0xb2, 0x59, 0xad, 0xb2, 0x5b, 0xac, 0xb1, 0x59, 0xa8, 0xad, 0x50,
    0x9e, 0xa4, 0x4c, 0x96, 0x9d, 0x5d, 0x98, 0xa3, 0x75, 0x97, 0xa7, 0x81,
    0x8f, 0xa4, 0x7b, 0x7c, 0x93, 0x65, 0x83, 0x9a, 0x6b, 0x8c, 0xa4, 0x76,
    0x7d, 0x96, 0x67, 0x77, 0x8e, 0x61, 0x6c, 0x83, 0x59, 0x62, 0x78, 0x51,
    0x5e, 0x72, 0x4e, 0x56, 0x6a, 0x47, 0x68, 0x7f, 0x56, 0x7e, 0x99, 0x68,
    0x85, 0xa2, 0x69, 0x84, 0xa4, 0x64, 0x81, 0xa3, 0x60, 0x68, 0x8c, 0x47,
    0x59, 0x80, 0x39, 0x65, 0x8e, 0x46, 0x77, 0xa0, 0x59, 0x78, 0x9e, 0x5b,
    0x73, 0x98, 0x58, 0x64, 0x87, 0x4b, 0x4c, 0x6c, 0x35, 0x56, 0x72, 0x3e,
    0x66, 0x84, 0x4e, 0x71, 0x8f, 0x57, 0x77, 0x95, 0x5f, 0x65, 0x83, 0x50,
    0x5a, 0x76, 0x48, 0x50, 0x6b, 0x41, 0x44, 0x5b, 0x33, 0x35, 0x43, 0x1a,
    0x3f, 0x3e, 0x16, 0x7f, 0x71, 0x48, 0xab, 0x93, 0x68, 0xbf, 0xa3, 0x76,
    0xc2, 0xa4, 0x77, 0xa0, 0x80, 0x53, 0x8f, 0x6b, 0x41, 0xc1, 0x99, 0x70,
    0xbe, 0x92, 0x6b, 0xa2, 0x72, 0x4c, 0x96, 0x68, 0x42, 0xa5, 0x80, 0x58,
    0x83, 0x6b, 0x41, 0x6d, 0x65, 0x2d, 0x81, 0x88, 0x39, 0x88, 0x98, 0x3a,
    0x87, 0x9b, 0x3f, 0x7f, 0x91, 0x53, 0x72, 0x85, 0x53, 0x70, 0x83, 0x50,
    0x8b, 0x9d, 0x6b, 0x80, 0x91, 0x62, 0x6d, 0x7e, 0x51, 0x80, 0x92, 0x69,
    0x7d, 0x91, 0x69, 0x4e, 0x64, 0x31, 0x34, 0x4c, 0x12, 0x37, 0x4e, 0x1a,
    0x3d, 0x58, 0x26, 0x42, 0x5f, 0x29, 0x43, 0x5f, 0x2c, 0x4c, 0x68, 0x38,
    0x5c, 0x78, 0x49, 0x6d, 0x89, 0x5b, 0x78, 0x95, 0x68, 0x7d, 0x9a, 0x6e,
    0x85, 0xa0, 0x72, 0x8f, 0xa8, 0x74, 0x90, 0xa8, 0x74, 0x8a, 0xa1, 0x6e,
    0x86, 0x9d, 0x6a, 0x8d, 0xa4, 0x71, 0x8b, 0xa1, 0x6f, 0x8b, 0xa1, 0x74,
    0x8d, 0xa1, 0x78, 0x8d, 0xa0, 0x71, 0x94, 0xa7, 0x66, 0x9a, 0xad, 0x56,
    0x9b, 0xad, 0x4e, 0x9d, 0xac, 0x4e, 0x9c, 0xad, 0x4d, 0x9c, 0xad, 0x4d,
    0x9c, 0xad, 0x4d, 0x9c, 0xad, 0x4d, 0x9c, 0xad, 0x4d, 0x9c, 0xad, 0x4d,
    0x9f, 0xaf, 0x50, 0xa1, 0xb0, 0x52, 0xa1, 0xb0, 0x52, 0xa1, 0xb0, 0x52,
    0xa0, 0xaf, 0x52, 0xa0, 0xaf, 0x52, 0xa0, 0xaf, 0x52, 0xa0, 0xaf, 0x52,
    0xa0, 0xaf, 0x52, 0xa2, 0xb1, 0x54, 0xa1, 0xb0, 0x53, 0xa1, 0xb0, 0x53,
    0xa1, 0xb0, 0x53, 0xa1, 0xb0, 0x53, 0xa0, 0xaf, 0x55, 0xa0, 0xae, 0x55,
    0xa0, 0xaf, 0x55, 0xa0, 0xaf, 0x55, 0xa0, 0xaf, 0x55, 0xa0, 0xae, 0x56,
    0xa0, 0xae, 0x56, 0xa0, 0xae, 0x57, 0xa0, 0xae, 0x57, 0x9f, 0xad, 0x56,
    0x9e, 0xac, 0x55, 0x9e, 0xac, 0x55, 0x9f, 0xad, 0x56, 0xa0, 0xae, 0x57,
    0xa0, 0xae, 0x57, 0xa0, 0xae, 0x56, 0x9e, 0xac, 0x55, 0x9e, 0xac, 0x54,
    0x9e, 0xac, 0x54, 0x9e, 0xad, 0x51, 0x9e, 0xad, 0x50, 0x9e, 0xad, 0x50,
    0x9f, 0xae, 0x51, 0xa0, 0xaf, 0x52, 0xa0, 0xaf, 0x52, 0xa1, 0xaf, 0x51,
    0xa3, 0xaf, 0x50, 0xa3, 0xaf, 0x50, 0xa3, 0xaf, 0x50, 0xa3, 0xb0, 0x51,
    0xa4, 0xb0, 0x52, 0xa5, 0xb1, 0x52, 0xa7, 0xb0, 0x51, 0xa8, 0xaf, 0x50,
    0xa8, 0xaf, 0x50, 0xa8, 0xaf, 0x50, 0xa9, 0xb0, 0x51, 0xa9, 0xb0, 0x51,
    0xa9, 0xb0, 0x51, 0xa9, 0xb0, 0x51, 0xaa, 0xb1, 0x52, 0xab, 0xb2, 0x53,
    0xab, 0xb2, 0x53, 0xab, 0xb2, 0x52, 0xab, 0xb2, 0x52, 0xac, 0xb3, 0x52,
    0xad, 0xb3, 0x52, 0xad, 0xb3, 0x52, 0xad, 0xb3, 0x52, 0xad, 0xb3, 0x52,
    0xad, 0xb3, 0x52, 0xad, 0xb3, 0x52, 0xad, 0xb3, 0x4f, 0xad, 0xb3, 0x4f,
    0xad, 0xb3, 0x4f, 0xad, 0xb3, 0x4f, 0xad, 0xb3, 0x4f, 0xad, 0xb3, 0x4f,
    0xad, 0xb3, 0x4f, 0xad, 0xb3, 0x4f, 0xad, 0xb3, 0x4f, 0xad, 0xb3, 0x4f,
    0xac, 0xb2, 0x4e, 0xab, 0xb1, 0x4d, 0xaa, 0xaf, 0x4e, 0xaa, 0xad, 0x50,
    0xaa, 0xaa, 0x53, 0xa9, 0xa6, 0x56, 0xa8, 0xa3, 0x5b, 0xa9, 0xa1, 0x61,
    0xaa, 0xa0, 0x65, 0xac, 0x9f, 0x69, 0xb1, 0xa0, 0x6d, 0xb4, 0xa0, 0x71,
    0xb6, 0xa1, 0x76, 0xb6, 0x9e, 0x7a, 0xb6, 0x9c, 0x7d, 0xb3, 0x99, 0x7c,
    0xb2, 0x98, 0x79, 0xaf, 0x97, 0x76, 0xab, 0x92, 0x71, 0xa7, 0x8f, 0x6d,
    0xa3, 0x8b, 0x69, 0x9e, 0x86, 0x64, 0x9c, 0x84, 0x5f, 0x9d, 0x86, 0x5d,
    0xb3, 0xb7, 0x58, 0xb3, 0xb7, 0x58, 0xb3, 0xb7, 0x58, 0xb3, 0xb7, 0x58,
    0xb3, 0xb7, 0x58, 0xb3, 0xb7, 0x58, 0xb5, 0xb6, 0x58, 0xb8, 0xb5, 0x58,
    0xb8, 0xb5, 0x58, 0xb8, 0xb5, 0x58, 0xb8, 0xb5, 0x58, 0xb7, 0xb4, 0x57,
    0xb6, 0xb3, 0x56, 0xb2, 0xb4, 0x57, 0xb1, 0xb5, 0x57, 0xb1, 0xb5, 0x57,
    0xb1, 0xb5, 0x57, 0xb1, 0xb5, 0x57, 0xaf, 0xb3, 0x55, 0xaf, 0xb3, 0x55,
    0xae, 0xb3, 0x55, 0xae, 0xb3, 0x55, 0xae, 0xb3, 0x55, 0xad, 0xb2, 0x54,
    0xad, 0xb2, 0x54, 0xad, 0xb2, 0x54, 0xac, 0xb3, 0x53, 0xac, 0xb3, 0x55,
    0xac, 0xb2, 0x5a, 0xab, 0xb1, 0x5b, 0xae, 0xb4, 0x5a, 0xae, 0xb6, 0x55,
    0xa9, 0xb2, 0x56, 0xa1, 0xab, 0x69, 0x9d, 0xaa, 0x7b, 0x90, 0xa1, 0x7b,
    0x89, 0x9f, 0x72, 0x81, 0x98, 0x67, 0x80, 0x95, 0x67, 0x91, 0xa9, 0x7a,
    0x82, 0x9c, 0x6c, 0x6c, 0x83, 0x58, 0x68, 0x7e, 0x56, 0x60, 0x74, 0x4e,
    0x5c, 0x6e, 0x4c, 0x56, 0x68, 0x46, 0x78, 0x8f, 0x66, 0x80, 0x9b, 0x6a,
    0x83, 0xa0, 0x66, 0x7f, 0x9e, 0x5e, 0x8c, 0xac, 0x6a, 0x71, 0x92, 0x51,
    0x5d, 0x82, 0x3d, 0x77, 0x9d, 0x56, 0x85, 0xa9, 0x65, 0x73, 0x96, 0x55,
    0x73, 0x94, 0x55, 0x6f, 0x8d, 0x52, 0x69, 0x87, 0x4f, 0x5a, 0x75, 0x43,
    0x53, 0x70, 0x3c, 0x5d, 0x7c, 0x47, 0x61, 0x80, 0x4d, 0x5c, 0x79, 0x48,
    0x54, 0x6e, 0x41, 0x51, 0x6a, 0x3f, 0x3e, 0x52, 0x27, 0x32, 0x3a, 0x11,
    0x5c, 0x55, 0x2d, 0x97, 0x84, 0x5b, 0xb0, 0x96, 0x6c, 0xb8, 0x9b, 0x70,
    0xb0, 0x93, 0x67, 0x98, 0x78, 0x4d, 0x9a, 0x77, 0x4d, 0xcb, 0xa1, 0x79,
    0xad, 0x7f, 0x58, 0xb3, 0x82, 0x5c, 0xaf, 0x7f, 0x57, 0xa2, 0x79, 0x50,
    0x92, 0x76, 0x4d, 0x79, 0x70, 0x36, 0x96, 0x9e, 0x4a, 0xa3, 0xb4, 0x4f,
    0xa0, 0xb3, 0x50, 0x8d, 0x9f, 0x5e, 0x78, 0x8a, 0x57, 0x74, 0x86, 0x54,
    0x75, 0x87, 0x56, 0x7e, 0x8f, 0x61, 0x89, 0x9a, 0x6d, 0x81, 0x93, 0x6a,
    0x79, 0x8f, 0x65, 0x5b, 0x71, 0x38, 0x4b, 0x60, 0x1f, 0x3e, 0x51, 0x16,
    0x38, 0x50, 0x16, 0x3c, 0x59, 0x1a, 0x45, 0x5e, 0x24, 0x49, 0x61, 0x2e,
    0x58, 0x71, 0x41, 0x6f, 0x8a, 0x5d, 0x7d, 0x98, 0x6c, 0x81, 0x9d, 0x71,
    0x8a, 0xa5, 0x76, 0x92, 0xa9, 0x76, 0x8f, 0xa6, 0x72, 0x8b, 0xa2, 0x6e,
    0x8b, 0xa2, 0x6e, 0x8d, 0xa4, 0x70, 0x8a, 0xa1, 0x6e, 0x89, 0x9f, 0x6f,
    0x8b, 0x9f, 0x75, 0x8b, 0x9d, 0x6f, 0x91, 0xa3, 0x62, 0x9a, 0xad, 0x55,
    0x9b, 0xad, 0x4e, 0x9d, 0xac, 0x4f, 0x9c, 0xad, 0x4e, 0x9c, 0xad, 0x4d,
    0x9c, 0xad, 0x4d, 0x9c, 0xad, 0x4d, 0x9c, 0xad, 0x4d, 0x9c, 0xad, 0x4d,
    0x9e, 0xae, 0x50, 0xa0, 0xaf, 0x52, 0xa0, 0xaf, 0x52, 0xa0, 0xaf, 0x52,
    0xa0, 0xaf, 0x52, 0xa0, 0xaf, 0x52, 0xa0, 0xaf, 0x52, 0xa0, 0xaf, 0x52,
    0xa0, 0xaf, 0x52, 0xa2, 0xb1, 0x54, 0xa1, 0xb0, 0x53, 0xa1, 0xb0, 0x53,
    0xa1, 0xb0, 0x53, 0xa1, 0xaf, 0x54, 0xa0, 0xae, 0x56, 0xa0, 0xae, 0x56,
    0xa0, 0xae, 0x56, 0xa0, 0xae, 0x56, 0xa0, 0xae, 0x56, 0xa0, 0xae, 0x56,
    0xa0, 0xae, 0x57, 0xa0, 0xae, 0x57, 0xa0, 0xae, 0x57, 0x9f, 0xad, 0x56,
    0x9f, 0xad, 0x56, 0x9f, 0xad, 0x56, 0x9f, 0xad, 0x56, 0xa0, 0xae, 0x57,
    0xa0, 0xae, 0x57, 0xa0, 0xae, 0x57, 0x9f, 0xad, 0x56, 0x9f, 0xad, 0x56,
    0x9f, 0xad, 0x56, 0x9f, 0xae, 0x53, 0x9f, 0xae, 0x51, 0x9f, 0xae, 0x51,
    0x9f, 0xae, 0x51, 0xa0, 0xaf, 0x52, 0xa0, 0xaf, 0x52, 0xa0, 0xaf, 0x52,
    0xa2, 0xb0, 0x51, 0xa2, 0xb0, 0x51, 0xa2, 0xb0, 0x51, 0xa2, 0xb0, 0x51,
    0xa3, 0xb1, 0x52, 0xa4, 0xb1, 0x52, 0xa6, 0xb0, 0x51, 0xa8, 0xaf, 0x50,
    0xa8, 0xaf, 0x50, 0xa8, 0xaf, 0x50, 0xa9, 0xb0, 0x51, 0xa9, 0xb0, 0x51,
    0xa9, 0xb0, 0x51, 0xa9, 0xb0, 0x51, 0xaa, 0xb1, 0x52, 0xab, 0xb2, 0x53,
    0xab, 0xb2, 0x53, 0xab, 0xb2, 0x53, 0xab, 0xb2, 0x53, 0xac, 0xb3, 0x53,
    0xad, 0xb3, 0x53, 0xad, 0xb3, 0x53, 0xad, 0xb3, 0x53, 0xad, 0xb3, 0x53,
    0xad, 0xb3, 0x53, 0xad, 0xb3, 0x52, 0xad, 0xb3, 0x50, 0xad, 0xb3, 0x4f,
    0xad, 0xb3, 0x4f, 0xad, 0xb3, 0x4f, 0xad, 0xb3, 0x4f, 0xad, 0xb3, 0x4f,
    0xad, 0xb3, 0x4f, 0xad, 0xb3, 0x4f, 0xad, 0xb3, 0x4f, 0xad, 0xb3, 0x4f,
    0xac, 0xb2, 0x4e, 0xab, 0xb1, 0x4d, 0xab, 0xb1, 0x4d, 0xaa, 0xae, 0x4f,
    0xa9, 0xab, 0x52, 0xa9, 0xa8, 0x56, 0xa8, 0xa5, 0x5a, 0xaa, 0xa2, 0x60,
    0xaa, 0xa1, 0x64, 0xac, 0xa1, 0x68, 0xb0, 0xa1, 0x6c, 0xb3, 0xa1, 0x70,
    0xb6, 0xa1, 0x76, 0xb6, 0x9f, 0x79, 0xb6, 0x9e, 0x7d, 0xb4, 0x9a, 0x7c,
    0xb2, 0x99, 0x79, 0xaf, 0x97, 0x75, 0xab, 0x93, 0x71, 0xa9, 0x91, 0x6f,
    0xa6, 0x8e, 0x6c, 0xa1, 0x89, 0x67, 0x9e, 0x86, 0x62, 0x9d, 0x86, 0x5e,
    0xb3, 0xb7, 0x58, 0xb3, 0xb7, 0x58, 0xb3, 0xb7, 0x58, 0xb3, 0xb7, 0x58,
    0xb3, 0xb7, 0x58, 0xb3, 0xb7, 0x58, 0xb5, 0xb6, 0x58, 0xb7, 0xb5, 0x58,
    0xb7, 0xb5, 0x58, 0xb7, 0xb5, 0x58, 0xb7, 0xb5, 0x58, 0xb6, 0xb4, 0x57,
    0xb4, 0xb3, 0x56, 0xb2, 0xb4, 0x57, 0xb1, 0xb5, 0x57, 0xb1, 0xb5, 0x57,
    0xb1, 0xb5, 0x57, 0xb0, 0xb4, 0x56, 0xaf, 0xb3, 0x55, 0xaf, 0xb3, 0x55,
    0xae, 0xb3, 0x55, 0xae, 0xb3, 0x55, 0xae, 0xb3, 0x55, 0xad, 0xb2, 0x54,
    0xad, 0xb2, 0x54, 0xad, 0xb2, 0x54, 0xac, 0xb3, 0x53, 0xac, 0xb3, 0x55,
    0xac, 0xb2, 0x59, 0xac, 0xb2, 0x5b, 0xae, 0xb4, 0x5a, 0xaf, 0xb6, 0x57,
    0xab, 0xb4, 0x5b, 0xa2, 0xad, 0x6c, 0x99, 0xa7, 0x78, 0x8d, 0x9f, 0x79,
    0x82, 0x99, 0x6c, 0x88, 0x9f, 0x6d, 0x7d, 0x92, 0x64, 0x83, 0x9a, 0x6c,
    0x81, 0x9b, 0x6c, 0x6d, 0x84, 0x58, 0x62, 0x79, 0x51, 0x5b, 0x6f, 0x49,
    0x53, 0x65, 0x43, 0x55, 0x67, 0x45, 0x7a, 0x91, 0x68, 0x74, 0x8f, 0x5e,
    0x7c, 0x98, 0x5f, 0x7d, 0x9c, 0x5c, 0x84, 0xa4, 0x62, 0x6f, 0x91, 0x4f,
    0x85, 0xa6, 0x62, 0x78, 0x98, 0x53, 0x83, 0xa1, 0x5f, 0x74, 0x8f, 0x51,
    0x73, 0x8d, 0x52, 0x72, 0x89, 0x52, 0x71, 0x89, 0x52, 0x6f, 0x8a, 0x55,
    0x66, 0x84, 0x4f, 0x64, 0x84, 0x50, 0x61, 0x81, 0x4f, 0x5e, 0x7a, 0x4a,
    0x53, 0x6b, 0x3d, 0x48, 0x5c, 0x2d, 0x39, 0x49, 0x18, 0x40, 0x44, 0x16,
    0x71, 0x66, 0x3c, 0xa1, 0x8a, 0x61, 0xb1, 0x94, 0x6c, 0xa9, 0x89, 0x60,
    0x9d, 0x80, 0x54, 0xa6, 0x86, 0x5a, 0x9f, 0x7c, 0x52, 0xb6, 0x90, 0x66,
    0xc5, 0x99, 0x72, 0xd3, 0xa6, 0x7f, 0xd0, 0xa3, 0x7a, 0xa0, 0x7b, 0x50,
    0x93, 0x79, 0x4f, 0x7d, 0x73, 0x3a, 0x9d, 0xa5, 0x51, 0xa8, 0xb8, 0x54,
    0xa2, 0xb5, 0x54, 0x8e, 0xa1, 0x60, 0x85, 0x97, 0x64, 0x88, 0x9a, 0x67,
    0x68, 0x7a, 0x49, 0x7a, 0x8b, 0x5d, 0x8d, 0x9e, 0x71, 0x6c, 0x7e, 0x54,
    0x72, 0x86, 0x5a, 0x73, 0x87, 0x49, 0x72, 0x84, 0x3d, 0x60, 0x71, 0x2d,
    0x4b, 0x61, 0x1d, 0x40, 0x5a, 0x10, 0x44, 0x5d, 0x1b, 0x49, 0x61, 0x28,
    0x58, 0x6f, 0x3c, 0x72, 0x8b, 0x5d, 0x82, 0x9c, 0x72, 0x87, 0xa2, 0x78,
    0x90, 0xab, 0x7d, 0x95, 0xad, 0x79, 0x91, 0xa8, 0x73, 0x89, 0xa0, 0x6b,
    0x8f, 0xa6, 0x71, 0x8d, 0xa4, 0x70, 0x8a, 0xa1, 0x6c, 0x89, 0x9f, 0x6e,
    0x8a, 0x9f, 0x75, 0x8a, 0x9c, 0x6e, 0x90, 0xa3, 0x62, 0x9a, 0xad, 0x55,
    0x9b, 0xad, 0x4e, 0x9d, 0xac, 0x4f, 0x9c, 0xad, 0x4e, 0x9c, 0xad, 0x4d,
    0x9c, 0xad, 0x4d, 0x9c, 0xad, 0x4d, 0x9c, 0xad, 0x4d, 0x9c, 0xad, 0x4d,
    0x9e, 0xae, 0x50, 0xa0, 0xaf, 0x52, 0xa0, 0xaf, 0x52, 0xa0, 0xaf, 0x52,
    0xa0, 0xaf, 0x52, 0xa0, 0xaf, 0x52, 0xa0, 0xaf, 0x52, 0xa0, 0xaf, 0x52,
    0xa0, 0xaf, 0x52, 0xa2, 0xb1, 0x54, 0xa1, 0xb0, 0x53, 0xa1, 0xb0, 0x53,
    0xa1, 0xb0, 0x53, 0xa1, 0xaf, 0x54, 0xa0, 0xae, 0x56, 0xa0, 0xae, 0x56,
    0xa0, 0xae, 0x56, 0xa0, 0xae, 0x56, 0xa0, 0xae, 0x56, 0xa0, 0xae, 0x56,
    0xa0, 0xae, 0x57, 0xa0, 0xae, 0x57, 0xa0, 0xae, 0x57, 0x9f, 0xad, 0x56,
    0x9f, 0xad, 0x56, 0x9f, 0xad, 0x56, 0x9f, 0xad, 0x56, 0xa0, 0xae, 0x57,
    0xa0, 0xae, 0x57, 0xa0, 0xae, 0x57, 0x9f, 0xad, 0x56, 0x9f, 0xad, 0x56,
    0x9f, 0xad, 0x56, 0x9f, 0xae, 0x54, 0x9f, 0xae, 0x52, 0x9f, 0xae, 0x52,
    0x9f, 0xae, 0x52, 0xa0, 0xaf, 0x53, 0xa0, 0xaf, 0x53, 0xa0, 0xaf, 0x52,
    0xa2, 0xb0, 0x51, 0xa2, 0xb0, 0x51, 0xa2, 0xb0, 0x51, 0xa2, 0xb0, 0x51,
    0xa3, 0xb1, 0x52, 0xa4, 0xb1, 0x52, 0xa6, 0xb0, 0x51, 0xa8, 0xaf, 0x50,
    0xa8, 0xaf, 0x50, 0xa8, 0xaf, 0x50, 0xa9, 0xb0, 0x51, 0xa9, 0xb0, 0x51,
    0xa9, 0xb0, 0x51, 0xa9, 0xb0, 0x51, 0xaa, 0xb1, 0x52, 0xab, 0xb2, 0x53,
    0xab, 0xb2, 0x53, 0xab, 0xb2, 0x53, 0xab, 0xb2, 0x53, 0xac, 0xb3, 0x53,
    0xad, 0xb3, 0x53, 0xad, 0xb3, 0x53, 0xad, 0xb3, 0x53, 0xad, 0xb3, 0x53,
    0xad, 0xb3, 0x53, 0xad, 0xb3, 0x52, 0xad, 0xb3, 0x50, 0xad, 0xb3, 0x4f,
    0xad, 0xb3, 0x4f, 0xad, 0xb3, 0x4f, 0xad, 0xb3, 0x4f, 0xad, 0xb3, 0x4f,
    0xad, 0xb3, 0x4f, 0xad, 0xb3, 0x4f, 0xad, 0xb3, 0x4f, 0xad, 0xb3, 0x4f,
    0xad, 0xb3, 0x4f, 0xac, 0xb2, 0x4e, 0xab, 0xb1, 0x4e, 0xaa, 0xae, 0x50,
    0xaa, 0xac, 0x52, 0xa9, 0xa8, 0x56, 0xa8, 0xa5, 0x5a, 0xaa, 0xa3, 0x60,
    0xaa, 0xa2, 0x64, 0xac, 0xa1, 0x67, 0xb0, 0xa1, 0x6b, 0xb3, 0xa1, 0x6f,
    0xb5, 0xa1, 0x74, 0xb6, 0xa0, 0x78, 0xb6, 0x9e, 0x7c, 0xb4, 0x9b, 0x7b,
    0xb2, 0x99, 0x78, 0xaf, 0x97, 0x75, 0xab, 0x93, 0x71, 0xaa, 0x92, 0x70,
    0xa7, 0x8f, 0x6d, 0xa2, 0x8a, 0x68, 0x9f, 0x87, 0x63, 0x9e, 0x87, 0x5f,
    0xb3, 0xb7, 0x58, 0xb3, 0xb7, 0x58, 0xb3, 0xb7, 0x58, 0xb3, 0xb7, 0x58,
    0xb3, 0xb7, 0x58, 0xb3, 0xb7, 0x58, 0xb4, 0xb6, 0x58, 0xb6, 0xb5, 0x58,
    0xb6, 0xb5, 0x58, 0xb6, 0xb5, 0x58, 0xb5, 0xb4, 0x57, 0xb4, 0xb3, 0x56,
    0xb3, 0xb2, 0x55, 0xb2, 0xb4, 0x57, 0xb1, 0xb5, 0x57, 0xb1, 0xb5, 0x57,
    0xb0, 0xb4, 0x56, 0xaf, 0xb3, 0x55, 0xae, 0xb2, 0x54, 0xae, 0xb2, 0x54,
    0xae, 0xb3, 0x55, 0xae, 0xb3, 0x55, 0xae, 0xb3, 0x55, 0xad, 0xb2, 0x54,
    0xad, 0xb2, 0x54, 0xad, 0xb2, 0x54, 0xac, 0xb3, 0x53, 0xac, 0xb3, 0x55,
    0xac, 0xb2, 0x59, 0xad, 0xb3, 0x5b, 0xad, 0xb3, 0x5a, 0xac, 0xb2, 0x57,
    0xaa, 0xb2, 0x5d, 0xa4, 0xae, 0x71, 0x97, 0xa5, 0x78, 0x90, 0xa2, 0x7c,
    0x7e, 0x95, 0x67, 0x7e, 0x96, 0x64, 0x87, 0x9d, 0x6f, 0x7a, 0x92, 0x65,
    0x77, 0x90, 0x62, 0x70, 0x87, 0x5c, 0x60, 0x76, 0x4f, 0x5f, 0x73, 0x4f,
    0x5a, 0x6c, 0x4c, 0x55, 0x67, 0x46, 0x6e, 0x85, 0x5c, 0x63, 0x7e, 0x4d,
    0x63, 0x80, 0x46, 0x6f, 0x8e, 0x4e, 0x6a, 0x8a, 0x48, 0x7c, 0x9d, 0x5b,
    0x8f, 0xae, 0x6b, 0x6f, 0x8c, 0x49, 0x6e, 0x8a, 0x49, 0x61, 0x7a, 0x3d,
    0x5c, 0x73, 0x3a, 0x5f, 0x73, 0x3e, 0x6b, 0x80, 0x4b, 0x70, 0x8b, 0x55,
    0x77, 0x95, 0x5f, 0x74, 0x95, 0x62, 0x6f, 0x8e, 0x5d, 0x65, 0x7f, 0x50,
    0x5a, 0x6d, 0x40, 0x4b, 0x59, 0x28, 0x51, 0x5a, 0x24, 0x6a, 0x67, 0x34,
    0x87, 0x77, 0x4a, 0xa3, 0x89, 0x5f, 0xab, 0x8a, 0x64, 0x97, 0x75, 0x4e,
    0x88, 0x6a, 0x3f, 0xa0, 0x81, 0x55, 0xa3, 0x81, 0x57, 0x9c, 0x79, 0x4e,
    0xc5, 0x9e, 0x75, 0xd7, 0xaf, 0x86, 0xc7, 0xa1, 0x76, 0xa4, 0x85, 0x58,
    0x95, 0x80, 0x55, 0x77, 0x6e, 0x35, 0x9c, 0xa3, 0x50, 0xa6, 0xb6, 0x54,
    0xa2, 0xb5, 0x56, 0x8b, 0x9e, 0x5d, 0x79, 0x8b, 0x58, 0x85, 0x97, 0x65,
    0x7f, 0x91, 0x60, 0x71, 0x82, 0x54, 0x6e, 0x7f, 0x52, 0x70, 0x81, 0x56,
    0x76, 0x87, 0x59, 0x89, 0x9b, 0x57, 0x90, 0x9e, 0x4e, 0x84, 0x93, 0x42,
    0x6f, 0x82, 0x30, 0x5c, 0x73, 0x1b, 0x50, 0x67, 0x1a, 0x4d, 0x64, 0x24,
    0x54, 0x6c, 0x34, 0x73, 0x8a, 0x5c, 0x88, 0xa1, 0x78, 0x8f, 0xa9, 0x81,
    0x95, 0xaf, 0x83, 0x97, 0xae, 0x7a, 0x91, 0xa8, 0x72, 0x8a, 0xa1, 0x6b,
    0x8f, 0xa6, 0x70, 0x90, 0xa7, 0x71, 0x8b, 0xa2, 0x6c, 0x8c, 0xa2, 0x71,
    0x8a, 0x9f, 0x75, 0x88, 0x9a, 0x6c, 0x91, 0xa3, 0x62, 0x9a, 0xad, 0x55,
    0x9b, 0xad, 0x4e, 0x9d, 0xac, 0x4f, 0x9c, 0xad, 0x4e, 0x9c, 0xad, 0x4d,
    0x9c, 0xad, 0x4d, 0x9c, 0xad, 0x4d, 0x9c, 0xad, 0x4d, 0x9c, 0xad, 0x4d,
    0x9e, 0xae, 0x4f, 0x9f, 0xae, 0x51, 0x9f, 0xae, 0x51, 0x9f, 0xae, 0x51,
    0xa0, 0xaf, 0x52, 0xa0, 0xaf, 0x52, 0xa0, 0xaf, 0x52, 0xa0, 0xaf, 0x52,
    0xa0, 0xaf, 0x52, 0xa2, 0xb1, 0x54, 0xa1, 0xb0, 0x53, 0xa1, 0xb0, 0x53,
    0xa1, 0xb0, 0x53, 0xa1, 0xaf, 0x54, 0xa0, 0xae, 0x56, 0xa0, 0xae, 0x56,
    0xa0, 0xae, 0x56, 0xa0, 0xae, 0x56, 0xa0, 0xae, 0x56, 0xa0, 0xae, 0x56,
    0xa0, 0xae, 0x57, 0xa0, 0xae, 0x57, 0xa0, 0xae, 0x57, 0xa0, 0xae, 0x57,
    0xa0, 0xae, 0x57, 0xa0, 0xae, 0x57, 0xa0, 0xae, 0x57, 0xa0, 0xae, 0x57,
    0xa0, 0xae, 0x57, 0xa0, 0xae, 0x57, 0xa0, 0xae, 0x57, 0xa0, 0xae, 0x57,
    0xa0, 0xae, 0x57, 0xa0, 0xae, 0x55, 0xa0, 0xaf, 0x54, 0xa0, 0xaf, 0x54,
    0xa0, 0xaf, 0x54, 0xa0, 0xaf, 0x54, 0xa0, 0xaf, 0x54, 0xa0, 0xaf, 0x53,
    0xa2, 0xb0, 0x51, 0xa2, 0xb0, 0x51, 0xa2, 0xb0, 0x51, 0xa2, 0xb0, 0x51,
    0xa3, 0xb1, 0x52, 0xa4, 0xb1, 0x52, 0xa6, 0xb0, 0x51, 0xa8, 0xaf, 0x50,
    0xa8, 0xaf, 0x50, 0xa8, 0xaf, 0x50, 0xa9, 0xb0, 0x51, 0xa9, 0xb0, 0x51,
    0xa9, 0xb0, 0x51, 0xa9, 0xb0, 0x51, 0xaa, 0xb1, 0x52, 0xab, 0xb2, 0x53,
    0xab, 0xb2, 0x53, 0xab, 0xb2, 0x53, 0xab, 0xb2, 0x53, 0xac, 0xb3, 0x53,
    0xad, 0xb3, 0x53, 0xad, 0xb3, 0x53, 0xad, 0xb3, 0x53, 0xad, 0xb3, 0x53,
    0xad, 0xb3, 0x53, 0xad, 0xb3, 0x52, 0xad, 0xb3, 0x50, 0xad, 0xb3, 0x4f,
    0xad, 0xb3, 0x4f, 0xad, 0xb3, 0x4f, 0xad, 0xb3, 0x4f, 0xad, 0xb3, 0x4f,
    0xad, 0xb3, 0x4f, 0xad, 0xb3, 0x4f, 0xad, 0xb3, 0x4f, 0xad, 0xb3, 0x4f,
    0xae, 0xb4, 0x50, 0xad, 0xb3, 0x4f, 0xac, 0xb2, 0x4f, 0xaa, 0xb0, 0x51,
    0xaa, 0xad, 0x52, 0xa9, 0xaa, 0x55, 0xa9, 0xa7, 0x59, 0xa9, 0xa5, 0x5e,
    0xab, 0xa3, 0x62, 0xac, 0xa3, 0x65, 0xb0, 0xa1, 0x68, 0xb2, 0xa3, 0x6c,
    0xb4, 0xa2, 0x71, 0xb6, 0xa2, 0x76, 0xb7, 0xa0, 0x7a, 0xb5, 0x9d, 0x7a,
    0xb2, 0x9a, 0x78, 0xaf, 0x97, 0x75, 0xab, 0x93, 0x71, 0xaa, 0x92, 0x70,
    0xa8, 0x90, 0x6e, 0xa4, 0x8c, 0x6a, 0xa0, 0x88, 0x65, 0x9f, 0x87, 0x62,
    0xb3, 0xb7, 0x58, 0xb3, 0xb7, 0x58, 0xb3, 0xb7, 0x58, 0xb3, 0xb7, 0x58,
    0xb3, 0xb7, 0x58, 0xb3, 0xb7, 0x58, 0xb4, 0xb6, 0x58, 0xb6, 0xb5, 0x58,
    0xb6, 0xb5, 0x58, 0xb6, 0xb5, 0x58, 0xb4, 0xb3, 0x56, 0xb3, 0xb2, 0x55,
    0xb2, 0xb2, 0x55, 0xb1, 0xb4, 0x56, 0xb1, 0xb5, 0x57, 0xb1, 0xb5, 0x57,
    0xb0, 0xb4, 0x56, 0xaf, 0xb3, 0x55, 0xae, 0xb2, 0x54, 0xad, 0xb2, 0x54,
    0xae, 0xb3, 0x55, 0xae, 0xb3, 0x55, 0xae, 0xb3, 0x55, 0xad, 0xb2, 0x54,
    0xad, 0xb2, 0x54, 0xad, 0xb2, 0x54, 0xac, 0xb3, 0x54, 0xac, 0xb3, 0x56,
    0xac, 0xb2, 0x58, 0xad, 0xb3, 0x5a, 0xac, 0xb2, 0x5a, 0xad, 0xb3, 0x5b,
    0xac, 0xb4, 0x64, 0xa6, 0xb1, 0x78, 0x94, 0xa2, 0x78, 0x89, 0x9d, 0x76,
    0x84, 0x9d, 0x6d, 0x7c, 0x96, 0x62, 0x88, 0x9f, 0x72, 0x7c, 0x95, 0x68,
    0x6d, 0x87, 0x5a, 0x68, 0x7f, 0x55, 0x65, 0x7a, 0x54, 0x5f, 0x73, 0x51,
    0x57, 0x68, 0x4a, 0x5a, 0x6c, 0x4d, 0x6c, 0x83, 0x5a, 0x7a, 0x95, 0x64,
    0x7c, 0x99, 0x5f, 0x6b, 0x89, 0x4a, 0x5b, 0x7b, 0x39, 0x7b, 0x9c, 0x5a,
    0x80, 0xa3, 0x5f, 0x69, 0x89, 0x46, 0x59, 0x78, 0x38, 0x68, 0x85, 0x49,
    0x67, 0x82, 0x49, 0x58, 0x71, 0x3c, 0x52, 0x6b, 0x36, 0x5a, 0x77, 0x3f,
    0x61, 0x81, 0x4a, 0x62, 0x85, 0x53, 0x61, 0x80, 0x51, 0x56, 0x6d, 0x41,
    0x53, 0x5f, 0x34, 0x5c, 0x63, 0x2f, 0x78, 0x7a, 0x40, 0x88, 0x7f, 0x4a,
    0x99, 0x84, 0x55, 0xaa, 0x8b, 0x62, 0xac, 0x8a, 0x65, 0xa4, 0x81, 0x5c,
    0x9f, 0x7f, 0x55, 0x83, 0x64, 0x38, 0x92, 0x73, 0x47, 0x96, 0x76, 0x4b,
    0xa2, 0x82, 0x57, 0xa3, 0x81, 0x56, 0xa3, 0x85, 0x57, 0x95, 0x7d, 0x4d,
    0x74, 0x63, 0x36, 0x5d, 0x56, 0x1e, 0x8f, 0x95, 0x45, 0xa5, 0xb3, 0x54,
    0xa2, 0xb4, 0x57, 0x8a, 0x9d, 0x5e, 0x70, 0x82, 0x4e, 0x72, 0x84, 0x52,
    0x86, 0x98, 0x67, 0x77, 0x88, 0x5a, 0x72, 0x83, 0x56, 0x81, 0x92, 0x66,
    0x7b, 0x8b, 0x59, 0x95, 0xa4, 0x59, 0x9f, 0xad, 0x52, 0x9c, 0xa9, 0x4d,
    0x8e, 0x9e, 0x40, 0x80, 0x93, 0x31, 0x6c, 0x83, 0x2b, 0x59, 0x70, 0x27,
    0x57, 0x6c, 0x31, 0x77, 0x8d, 0x5e, 0x8f, 0xa5, 0x7d, 0x97, 0xae, 0x85,
    0x98, 0xb0, 0x83, 0x93, 0xaa, 0x75, 0x8c, 0xa3, 0x6d, 0x90, 0xa7, 0x71,
    0x8f, 0xa6, 0x70, 0x91, 0xa8, 0x72, 0x8c, 0xa3, 0x6d, 0x8d, 0xa3, 0x72,
    0x86, 0x9b, 0x71, 0x83, 0x96, 0x68, 0x8f, 0xa2, 0x61, 0x9a, 0xad, 0x55,
    0x9b, 0xad, 0x4e, 0x9d, 0xac, 0x4f, 0x9c, 0xad, 0x4e, 0x9c, 0xad, 0x4d,
    0x9c, 0xad, 0x4d, 0x9c, 0xad, 0x4d, 0x9c, 0xad, 0x4d, 0x9c, 0xad, 0x4d,
    0x9d, 0xad, 0x4f, 0x9e, 0xad, 0x50, 0x9e, 0xad, 0x50, 0x9f, 0xae, 0x51,
    0xa0, 0xaf, 0x52, 0xa0, 0xaf, 0x52, 0xa0, 0xaf, 0x52, 0xa0, 0xaf, 0x52,
    0xa0, 0xaf, 0x52, 0xa2, 0xb1, 0x54, 0xa1, 0xb0, 0x53, 0xa1, 0xb0, 0x53,
    0xa1, 0xb0, 0x53, 0xa1, 0xaf, 0x54, 0xa0, 0xae, 0x56, 0xa0, 0xae, 0x56,
    0xa0, 0xae, 0x56, 0xa0, 0xae, 0x56, 0xa0, 0xae, 0x56, 0xa0, 0xae, 0x56,
    0xa0, 0xae, 0x57, 0xa0, 0xae, 0x57, 0xa0, 0xae, 0x57, 0xa1, 0xaf, 0x58,
    0xa1, 0xaf, 0x58, 0xa1, 0xaf, 0x58, 0xa1, 0xaf, 0x58, 0xa0, 0xae, 0x57,
    0xa0, 0xae, 0x57, 0xa0, 0xae, 0x57, 0xa1, 0xaf, 0x58, 0xa1, 0xaf, 0x58,
    0xa1, 0xaf, 0x58, 0xa1, 0xaf, 0x57, 0xa1, 0xb0, 0x55, 0xa1, 0xb0, 0x55,
    0xa1, 0xb0, 0x55, 0xa0, 0xaf, 0x54, 0xa0, 0xaf, 0x54, 0xa0, 0xaf, 0x54,
    0xa2, 0xb0, 0x52, 0xa2, 0xb0, 0x51, 0xa2, 0xb0, 0x51, 0xa2, 0xb0, 0x51,
    0xa3, 0xb1, 0x52, 0xa4, 0xb1, 0x52, 0xa6, 0xb0, 0x51, 0xa8, 0xaf, 0x50,
    0xa8, 0xaf, 0x50, 0xa8, 0xaf, 0x50, 0xa9, 0xb0, 0x51, 0xa9, 0xb0, 0x51,
    0xa9, 0xb0, 0x51, 0xa9, 0xb0, 0x51, 0xaa, 0xb1, 0x52, 0xab, 0xb2, 0x53,
    0xab, 0xb2, 0x53, 0xab, 0xb2, 0x53, 0xab, 0xb2, 0x53, 0xac, 0xb3, 0x53,
    0xad, 0xb3, 0x53, 0xad, 0xb3, 0x53, 0xad, 0xb3, 0x53, 0xad, 0xb3, 0x53,
    0xad, 0xb3, 0x53, 0xad, 0xb3, 0x52, 0xad, 0xb3, 0x50, 0xad, 0xb3, 0x4f,
    0xad, 0xb3, 0x4f, 0xad, 0xb3, 0x4f, 0xad, 0xb3, 0x4f, 0xad, 0xb3, 0x4f,
    0xad, 0xb3, 0x4f, 0xad, 0xb3, 0x4f, 0xad, 0xb3, 0x4f, 0xad, 0xb3, 0x4f,
    0xae, 0xb4, 0x50, 0xad, 0xb3, 0x4f, 0xac, 0xb2, 0x4f, 0xab, 0xb1, 0x51,
    0xa9, 0xae, 0x52, 0xa9, 0xab, 0x54, 0xa8, 0xa8, 0x58, 0xa9, 0xa5, 0x5b,
    0xa9, 0xa5, 0x5e, 0xab, 0xa4, 0x61, 0xae, 0xa3, 0x65, 0xb1, 0xa3, 0x69,
    0xb4, 0xa4, 0x6f, 0xb5, 0xa3, 0x74, 0xb6, 0xa1, 0x77, 0xb5, 0x9e, 0x77,
    0xb2, 0x9a, 0x77, 0xaf, 0x97, 0x75, 0xab, 0x93, 0x71, 0xaa, 0x92, 0x70,
    0xa8, 0x90, 0x6e, 0xa3, 0x8b, 0x69, 0xa0, 0x88, 0x65, 0x9f, 0x87, 0x62,
    0xb4, 0xb8, 0x59, 0xb4, 0xb8, 0x59, 0xb4, 0xb8, 0x59, 0xb3, 0xb7, 0x58,
    0xb3, 0xb7, 0x58, 0xb3, 0xb7, 0x58, 0xb3, 0xb6, 0x58, 0xb4, 0xb5, 0x57,
    0xb4, 0xb5, 0x57, 0xb4, 0xb5, 0x57, 0xb5, 0xb6, 0x58, 0xb3, 0xb4, 0x56,
    0xb3, 0xb4, 0x56, 0xb1, 0xb5, 0x57, 0xb1, 0xb5, 0x57, 0xb1, 0xb5, 0x57,
    0xb0, 0xb4, 0x56, 0xaf, 0xb3, 0x55, 0xaf, 0xb3, 0x55, 0xaf, 0xb3, 0x55,
    0xae, 0xb3, 0x55, 0xae, 0xb3, 0x55, 0xae, 0xb3, 0x55, 0xaf, 0xb4, 0x56,
    0xaf, 0xb4, 0x56, 0xad, 0xb2, 0x54, 0xad, 0xb4, 0x56, 0xad, 0xb4, 0x57,
    0xad, 0xb4, 0x57, 0xae, 0xb4, 0x59, 0xac, 0xb2, 0x5b, 0xae, 0xb4, 0x5f,
    0xab, 0xb2, 0x68, 0x9e, 0xaa, 0x75, 0x90, 0x9f, 0x77, 0x84, 0x99, 0x71,
    0x86, 0xa0, 0x6f, 0x7c, 0x97, 0x63, 0x7b, 0x94, 0x67, 0x7e, 0x97, 0x6b,
    0x6f, 0x89, 0x5c, 0x62, 0x79, 0x51, 0x5c, 0x71, 0x4c, 0x57, 0x6b, 0x49,
    0x4f, 0x60, 0x43, 0x63, 0x75, 0x57, 0x81, 0x97, 0x6f, 0x80, 0x9a, 0x6a,
    0x83, 0x9f, 0x66, 0x7c, 0x9b, 0x5b, 0x77, 0x97, 0x55, 0x63, 0x84, 0x43,
    0x5a, 0x81, 0x3c, 0x68, 0x90, 0x4b, 0x7a, 0xa0, 0x5e, 0x81, 0xa5, 0x67,
    0x74, 0x96, 0x5c, 0x6e, 0x8e, 0x57, 0x5b, 0x7a, 0x44, 0x54, 0x73, 0x38,
    0x51, 0x73, 0x3c, 0x5b, 0x7f, 0x4d, 0x66, 0x85, 0x58, 0x5d, 0x72, 0x47,
    0x53, 0x5c, 0x31, 0x6e, 0x6f, 0x3c, 0x89, 0x85, 0x4a, 0x8a, 0x7d, 0x47,
    0x9e, 0x86, 0x57, 0xaf, 0x8f, 0x66, 0xb4, 0x90, 0x6b, 0xbc, 0x98, 0x74,
    0xbe, 0x9e, 0x74, 0x84, 0x66, 0x3a, 0x75, 0x57, 0x2b, 0x7c, 0x5f, 0x33,
    0x94, 0x78, 0x4c, 0x90, 0x75, 0x48, 0x88, 0x71, 0x3f, 0x73, 0x62, 0x30,
    0x59, 0x4b, 0x1d, 0x51, 0x4a, 0x13, 0x86, 0x8a, 0x3c, 0xa4, 0xb2, 0x54,
    0xa3, 0xb5, 0x5b, 0x90, 0xa3, 0x64, 0x7c, 0x8e, 0x5a, 0x77, 0x89, 0x57,
    0x70, 0x82, 0x51, 0x81, 0x93, 0x65, 0x87, 0x98, 0x6b, 0x7a, 0x8b, 0x5e,
    0x77, 0x87, 0x52, 0x98, 0xa7, 0x57, 0xa3, 0xb1, 0x4e, 0xa4, 0xb0, 0x4b,
    0xa0, 0xae, 0x4a, 0x97, 0xa8, 0x40, 0x88, 0x9d, 0x3f, 0x72, 0x88, 0x3b,
    0x66, 0x7a, 0x3d, 0x81, 0x94, 0x65, 0x97, 0xac, 0x82, 0x9a, 0xaf, 0x85,
    0x97, 0xad, 0x7d, 0x8f, 0xa6, 0x6f, 0x8f, 0xa6, 0x6e, 0x8f, 0xa6, 0x6e,
    0x90, 0xa7, 0x6f, 0x8b, 0xa2, 0x6a, 0x8d, 0xa4, 0x6d, 0x88, 0x9e, 0x6d,
    0x83, 0x98, 0x6e, 0x84, 0x96, 0x68, 0x8d, 0xa0, 0x5f, 0x9a, 0xad, 0x55,
    0x9c, 0xae, 0x4f, 0x9d, 0xac, 0x4f, 0x9c, 0xad, 0x4e, 0x9c, 0xad, 0x4d,
    0x9c, 0xad, 0x4d, 0x9c, 0xad, 0x4d, 0x9c, 0xad, 0x4d, 0x9c, 0xad, 0x4d,
    0x9d, 0xad, 0x4f, 0x9d, 0xac, 0x4f, 0x9e, 0xad, 0x50, 0xa0, 0xaf, 0x52,
    0xa0, 0xaf, 0x52, 0xa0, 0xaf, 0x52, 0xa0, 0xaf, 0x52, 0xa0, 0xaf, 0x52,
    0xa0, 0xaf, 0x52, 0xa2, 0xb1, 0x54, 0xa1, 0xb0, 0x53, 0xa1, 0xb0, 0x53,
    0xa1, 0xb0, 0x53, 0xa1, 0xb0, 0x55, 0xa1, 0xaf, 0x57, 0xa1, 0xaf, 0x57,
    0xa1, 0xaf, 0x57, 0xa1, 0xaf, 0x57, 0xa1, 0xaf, 0x57, 0xa1, 0xaf, 0x57,
    0xa0, 0xae, 0x57, 0xa0, 0xae, 0x57, 0xa0, 0xae, 0x57, 0xa1, 0xaf, 0x58,
    0xa1, 0xaf, 0x58, 0xa1, 0xaf, 0x58, 0xa1, 0xaf, 0x58, 0xa1, 0xaf, 0x58,
    0xa1, 0xaf, 0x58, 0xa1, 0xaf, 0x58, 0xa0, 0xae, 0x57, 0xa0, 0xae, 0x57,
    0xa0, 0xae, 0x57, 0xa0, 0xae, 0x56, 0xa0, 0xae, 0x56, 0xa0, 0xae, 0x56,
    0xa0, 0xae, 0x56, 0xa0, 0xae, 0x56, 0xa0, 0xae, 0x56, 0xa0, 0xaf, 0x54,
    0xa2, 0xb0, 0x52, 0xa2, 0xb0, 0x51, 0xa2, 0xb0, 0x51, 0xa2, 0xb0, 0x51,
    0xa2, 0xb0, 0x51, 0xa2, 0xb0, 0x51, 0xa6, 0xaf, 0x50, 0xa8, 0xaf, 0x50,
    0xa8, 0xaf, 0x50, 0xa8, 0xaf, 0x50, 0xa8, 0xaf, 0x50, 0xa8, 0xaf, 0x50,
    0xa8, 0xaf, 0x50, 0xa8, 0xaf, 0x50, 0xa9, 0xb0, 0x51, 0xaa, 0xb1, 0x52,
    0xaa, 0xb1, 0x52, 0xaa, 0xb1, 0x52, 0xaa, 0xb1, 0x52, 0xab, 0xb2, 0x52,
    0xac, 0xb2, 0x52, 0xac, 0xb2, 0x52, 0xac, 0xb2, 0x52, 0xad, 0xb3, 0x53,
    0xad, 0xb3, 0x53, 0xad, 0xb3, 0x52, 0xad, 0xb3, 0x50, 0xad, 0xb3, 0x4f,
    0xad, 0xb3, 0x4f, 0xad, 0xb3, 0x4f, 0xad, 0xb3, 0x4f, 0xad, 0xb3, 0x4f,
    0xad, 0xb3, 0x4f, 0xad, 0xb3, 0x4f, 0xad, 0xb3, 0x4f, 0xad, 0xb3, 0x4f,
    0xae, 0xb4, 0x50, 0xad, 0xb3, 0x4f, 0xac, 0xb2, 0x4f, 0xaa, 0xb1, 0x51,
    0xa9, 0xb0, 0x52, 0xa9, 0xad, 0x54, 0xa8, 0xaa, 0x57, 0xa8, 0xa7, 0x59,
    0xa8, 0xa6, 0x5b, 0xaa, 0xa3, 0x5d, 0xad, 0xa2, 0x62, 0xb0, 0xa5, 0x67,
    0xb4, 0xa6, 0x6d, 0xb5, 0xa4, 0x71, 0xb5, 0xa2, 0x74, 0xb4, 0x9e, 0x75,
    0xb2, 0x9b, 0x76, 0xb0, 0x98, 0x76, 0xad, 0x95, 0x73, 0xa9, 0x91, 0x6f,
    0xa6, 0x8e, 0x6c, 0xa2, 0x8a, 0x68, 0xa0, 0x88, 0x65, 0x9f, 0x87, 0x63,
    0xb4, 0xb8, 0x59, 0xb4, 0xb8, 0x59, 0xb4, 0xb8, 0x59, 0xb3, 0xb7, 0x58,
    0xb3, 0xb7, 0x58, 0xb3, 0xb7, 0x58, 0xb3, 0xb6, 0x58, 0xb4, 0xb5, 0x57,
    0xb4, 0xb5, 0x57, 0xb4, 0xb5, 0x57, 0xb5, 0xb6, 0x58, 0xb3, 0xb4, 0x56,
    0xb3, 0xb4, 0x56, 0xb1, 0xb5, 0x57, 0xb1, 0xb5, 0x57, 0xb1, 0xb5, 0x57,
    0xb0, 0xb4, 0x56, 0xb0, 0xb4, 0x56, 0xb0, 0xb4, 0x56, 0xb0, 0xb4, 0x56,
    0xaf, 0xb4, 0x56, 0xaf, 0xb4, 0x56, 0xaf, 0xb4, 0x56, 0xaf, 0xb4, 0x56,
    0xaf, 0xb4, 0x56, 0xad, 0xb2, 0x54, 0xad, 0xb3, 0x57, 0xad, 0xb4, 0x57,
    0xad, 0xb4, 0x57, 0xad, 0xb4, 0x58, 0xac, 0xb2, 0x5b, 0xad, 0xb2, 0x61,
    0xa8, 0xaf, 0x6a, 0x97, 0xa3, 0x72, 0x91, 0xa1, 0x7b, 0x83, 0x99, 0x71,
    0x76, 0x91, 0x5f, 0x84, 0x9f, 0x6b, 0x7d, 0x96, 0x6a, 0x74, 0x8c, 0x63,
    0x72, 0x8a, 0x60, 0x64, 0x7a, 0x53, 0x5d, 0x72, 0x4f, 0x5b, 0x6f, 0x4f,
    0x4e, 0x5e, 0x42, 0x67, 0x79, 0x5b, 0x84, 0x9b, 0x72, 0x7f, 0x99, 0x69,
    0x84, 0xa1, 0x67, 0x7d, 0x9c, 0x5c, 0x87, 0xa6, 0x64, 0x61, 0x82, 0x41,
    0x50, 0x78, 0x34, 0x78, 0xa4, 0x5f, 0x80, 0xaa, 0x68, 0x7c, 0xa4, 0x66,
    0x67, 0x8d, 0x52, 0x6b, 0x8f, 0x58, 0x6f, 0x91, 0x5a, 0x71, 0x90, 0x55,
    0x6a, 0x8d, 0x56, 0x6d, 0x92, 0x62, 0x6c, 0x8d, 0x60, 0x63, 0x75, 0x4b,
    0x53, 0x56, 0x2d, 0x6e, 0x68, 0x36, 0x7f, 0x74, 0x3d, 0x87, 0x76, 0x42,
    0xa5, 0x8a, 0x5d, 0xb9, 0x98, 0x70, 0xc1, 0x9e, 0x79, 0xc7, 0xa5, 0x7f,
    0xbc, 0x9d, 0x73, 0x8c, 0x6e, 0x42, 0x76, 0x5b, 0x2e, 0x5e, 0x46, 0x19,
    0x64, 0x4e, 0x20, 0x6c, 0x57, 0x28, 0x66, 0x56, 0x22, 0x69, 0x5f, 0x29,
    0x72, 0x68, 0x39, 0x68, 0x63, 0x2b, 0x84, 0x88, 0x3b, 0xa4, 0xb2, 0x57,
    0xa4, 0xb7, 0x5f, 0x8c, 0x9e, 0x60, 0x8c, 0x9e, 0x6a, 0x85, 0x97, 0x65,
    0x6c, 0x7e, 0x4e, 0x7b, 0x8c, 0x5e, 0x7b, 0x8c, 0x5f, 0x67, 0x77, 0x4a,
    0x73, 0x84, 0x4c, 0x9a, 0xaa, 0x56, 0xa2, 0xb1, 0x49, 0xa8, 0xb3, 0x4a,
    0xa8, 0xb3, 0x4d, 0xa3, 0xb1, 0x48, 0x9b, 0xae, 0x4d, 0x8a, 0x9e, 0x4d,
    0x7c, 0x8e, 0x4f, 0x90, 0xa1, 0x70, 0x9e, 0xb0, 0x86, 0x9b, 0xae, 0x80,
    0x96, 0xac, 0x77, 0x8e, 0xa6, 0x6d, 0x94, 0xac, 0x72, 0x91, 0xa9, 0x6f,
    0x90, 0xa8, 0x6e, 0x88, 0xa0, 0x66, 0x89, 0xa0, 0x68, 0x84, 0x9a, 0x69,
    0x80, 0x95, 0x6a, 0x84, 0x97, 0x69, 0x91, 0xa3, 0x62, 0x9a, 0xad, 0x55,
    0x9c, 0xae, 0x4f, 0x9d, 0xac, 0x4f, 0x9c, 0xad, 0x4e, 0x9c, 0xad, 0x4d,
    0x9c, 0xad, 0x4d, 0x9c, 0xad, 0x4d, 0x9c, 0xad, 0x4d, 0x9c, 0xad, 0x4d,
    0x9d, 0xad, 0x4f, 0x9d, 0xac, 0x4f, 0x9e, 0xad, 0x50, 0xa0, 0xaf, 0x52,
    0xa0, 0xaf, 0x52, 0xa0, 0xaf, 0x52, 0xa0, 0xaf, 0x52, 0xa0, 0xaf, 0x52,
    0xa0, 0xaf, 0x52, 0xa2, 0xb1, 0x54, 0xa1, 0xb0, 0x53, 0xa1, 0xb0, 0x53,
    0xa1, 0xb0, 0x53, 0xa1, 0xb0, 0x55, 0xa1, 0xaf, 0x57, 0xa1, 0xaf, 0x57,
    0xa1, 0xaf, 0x57, 0xa1, 0xaf, 0x57, 0xa1, 0xaf, 0x57, 0xa1, 0xaf, 0x57,
    0xa0, 0xae, 0x57, 0xa0, 0xae, 0x57, 0xa0, 0xae, 0x57, 0xa1, 0xaf, 0x58,
    0xa1, 0xaf, 0x58, 0xa1, 0xaf, 0x58, 0xa1, 0xaf, 0x58, 0xa1, 0xaf, 0x58,
    0xa1, 0xaf, 0x58, 0xa1, 0xaf, 0x58, 0xa0, 0xae, 0x57, 0xa0, 0xae, 0x57,
    0xa0, 0xae, 0x57, 0xa0, 0xae, 0x56, 0xa0, 0xae, 0x56, 0xa0, 0xae, 0x56,
    0xa0, 0xae, 0x56, 0xa0, 0xae, 0x56, 0xa0, 0xae, 0x56, 0xa0, 0xaf, 0x54,
    0xa2, 0xb0, 0x52, 0xa2, 0xb0, 0x51, 0xa2, 0xb0, 0x51, 0xa2, 0xb0, 0x51,
    0xa2, 0xb0, 0x51, 0xa2, 0xb0, 0x51, 0xa6, 0xaf, 0x50, 0xa8, 0xaf, 0x50,
    0xa8, 0xaf, 0x50, 0xa8, 0xaf, 0x50, 0xa8, 0xaf, 0x50, 0xa8, 0xaf, 0x50,
    0xa8, 0xaf, 0x50, 0xa8, 0xaf, 0x50, 0xa9, 0xb0, 0x51, 0xaa, 0xb1, 0x52,
    0xaa, 0xb1, 0x52, 0xaa, 0xb1, 0x52, 0xaa, 0xb1, 0x52, 0xab, 0xb2, 0x52,
    0xac, 0xb2, 0x52, 0xac, 0xb2, 0x52, 0xac, 0xb2, 0x52, 0xad, 0xb3, 0x53,
    0xad, 0xb3, 0x53, 0xad, 0xb3, 0x52, 0xad, 0xb3, 0x50, 0xad, 0xb3, 0x4f,
    0xad, 0xb3, 0x4f, 0xad, 0xb3, 0x4f, 0xad, 0xb3, 0x4f, 0xad, 0xb3, 0x4f,
    0xad, 0xb3, 0x4f, 0xad, 0xb3, 0x4f, 0xad, 0xb3, 0x4f, 0xad, 0xb3, 0x4f,
    0xae, 0xb4, 0x50, 0xad, 0xb3, 0x4f, 0xac, 0xb2, 0x4f, 0xab, 0xb2, 0x51,
    0xaa, 0xb1, 0x52, 0xaa, 0xb0, 0x54, 0xa9, 0xac, 0x55, 0xa8, 0xa9, 0x57,
    0xa9, 0xa7, 0x59, 0xaa, 0xa5, 0x5a, 0xad, 0xa4, 0x5f, 0xb0, 0xa6, 0x64,
    0xb3, 0xa7, 0x6a, 0xb5, 0xa6, 0x6e, 0xb5, 0xa4, 0x72, 0xb3, 0xa0, 0x73,
    0xb2, 0x9b, 0x76, 0xb0, 0x98, 0x76, 0xac, 0x94, 0x72, 0xa9, 0x91, 0x6f,
    0xa6, 0x8e, 0x6c, 0xa2, 0x8a, 0x68, 0xa0, 0x88, 0x65, 0xa0, 0x88, 0x64,
    0xb4, 0xb8, 0x59, 0xb4, 0xb8, 0x59, 0xb4, 0xb8, 0x59, 0xb3, 0xb7, 0x58,
    0xb3, 0xb7, 0x58, 0xb3, 0xb7, 0x58, 0xb3, 0xb7, 0x58, 0xb3, 0xb6, 0x57,
    0xb3, 0xb6, 0x57, 0xb3, 0xb6, 0x57, 0xb4, 0xb7, 0x58, 0xb2, 0xb5, 0x56,
    0xb2, 0xb5, 0x56, 0xb1, 0xb5, 0x57, 0xb1, 0xb5, 0x57, 0xb1, 0xb5, 0x57,
    0xb1, 0xb5, 0x57, 0xb1, 0xb5, 0x57, 0xb1, 0xb5, 0x57, 0xb1, 0xb5, 0x57,
    0xb0, 0xb5, 0x57, 0xb0, 0xb5, 0x57, 0xb0, 0xb5, 0x57, 0xaf, 0xb4, 0x56,
    0xaf, 0xb4, 0x56, 0xad, 0xb2, 0x55, 0xad, 0xb3, 0x58, 0xad, 0xb4, 0x57,
    0xad, 0xb4, 0x56, 0xad, 0xb3, 0x58, 0xac, 0xb2, 0x5c, 0xad, 0xb2, 0x63,
    0xa6, 0xac, 0x6a, 0x98, 0xa4, 0x77, 0x89, 0x9a, 0x74, 0x83, 0x9a, 0x71,
    0x7a, 0x97, 0x63, 0x80, 0x9d, 0x68, 0x87, 0xa1, 0x74, 0x74, 0x8d, 0x65,
    0x6b, 0x84, 0x5b, 0x66, 0x7d, 0x56, 0x5f, 0x74, 0x51, 0x5d, 0x70, 0x51,
    0x50, 0x60, 0x45, 0x67, 0x79, 0x5b, 0x7b, 0x92, 0x69, 0x73, 0x8d, 0x5c,
    0x7a, 0x97, 0x5d, 0x7c, 0x9b, 0x5b, 0x83, 0xa3, 0x61, 0x6d, 0x8e, 0x4d,
    0x6f, 0x96, 0x53, 0x6f, 0x98, 0x55, 0x7a, 0xa2, 0x62, 0x69, 0x8f, 0x53,
    0x61, 0x85, 0x4b, 0x5f, 0x81, 0x4b, 0x69, 0x89, 0x53, 0x6f, 0x90, 0x53,
    0x6f, 0x94, 0x5c, 0x6d, 0x93, 0x64, 0x62, 0x81, 0x57, 0x5b, 0x6b, 0x42,
    0x4c, 0x4b, 0x21, 0x5c, 0x51, 0x22, 0x67, 0x59, 0x26, 0x7d, 0x68, 0x38,
    0x96, 0x7b, 0x4f, 0xb2, 0x91, 0x6a, 0xbc, 0x9b, 0x75, 0xb9, 0x99, 0x72,
    0xb0, 0x91, 0x67, 0x97, 0x79, 0x4d, 0x88, 0x6f, 0x41, 0x6b, 0x56, 0x27,
    0x64, 0x52, 0x22, 0x75, 0x66, 0x35, 0x79, 0x70, 0x3a, 0x7d, 0x7a, 0x42,
    0x7d, 0x77, 0x46, 0x6e, 0x6a, 0x32, 0x86, 0x8a, 0x3e, 0xa5, 0xb3, 0x5a,
    0xa3, 0xb6, 0x60, 0x83, 0x95, 0x58, 0x7c, 0x8e, 0x5a, 0x81, 0x93, 0x61,
    0x81, 0x93, 0x62, 0x6b, 0x7d, 0x4f, 0x69, 0x7a, 0x4d, 0x6e, 0x7f, 0x51,
    0x75, 0x89, 0x4d, 0x9a, 0xad, 0x56, 0xa3, 0xb2, 0x48, 0xa6, 0xb1, 0x47,
    0xa6, 0xb1, 0x4c, 0xa5, 0xb1, 0x4c, 0x9f, 0xb1, 0x52, 0x98, 0xaa, 0x59,
    0x93, 0xa3, 0x64, 0x9e, 0xae, 0x7e, 0x9f, 0xb0, 0x83, 0x95, 0xa8, 0x75,
    0x92, 0xa7, 0x6e, 0x92, 0xaa, 0x70, 0x93, 0xab, 0x71, 0x90, 0xa8, 0x6e,
    0x8d, 0xa5, 0x6b, 0x89, 0xa1, 0x67, 0x86, 0x9d, 0x64, 0x83, 0x9a, 0x67,
    0x7b, 0x90, 0x66, 0x80, 0x93, 0x65, 0x8f, 0xa2, 0x61, 0x9a, 0xad, 0x55,
    0x9c, 0xae, 0x4f, 0x9d, 0xac, 0x4f, 0x9c, 0xad, 0x4e, 0x9c, 0xad, 0x4d,
    0x9c, 0xad, 0x4d, 0x9c, 0xad, 0x4d, 0x9c, 0xad, 0x4d, 0x9c, 0xad, 0x4d,
    0x9d, 0xad, 0x4f, 0x9d, 0xac, 0x4f, 0x9e, 0xad, 0x50, 0xa0, 0xaf, 0x52,
    0xa0, 0xaf, 0x52, 0xa0, 0xaf, 0x52, 0xa0, 0xaf, 0x52, 0xa0, 0xaf, 0x52,
    0xa0, 0xaf, 0x52, 0xa2, 0xb1, 0x54, 0xa1, 0xb0, 0x53, 0xa1, 0xb0, 0x53,
    0xa1, 0xb0, 0x53, 0xa1, 0xb0, 0x55, 0xa1, 0xaf, 0x57, 0xa1, 0xaf, 0x57,
    0xa1, 0xaf, 0x57, 0xa1, 0xaf, 0x57, 0xa1, 0xaf, 0x57, 0xa1, 0xaf, 0x57,
    0xa0, 0xae, 0x57, 0xa0, 0xae, 0x57, 0xa0, 0xae, 0x57, 0xa1, 0xaf, 0x58,
    0xa1, 0xaf, 0x58, 0xa1, 0xaf, 0x58, 0xa1, 0xaf, 0x58, 0xa1, 0xaf, 0x58,
    0xa1, 0xaf, 0x58, 0xa1, 0xaf, 0x58, 0xa0, 0xae, 0x57, 0xa0, 0xae, 0x57,
    0xa0, 0xae, 0x57, 0xa0, 0xae, 0x57, 0xa0, 0xae, 0x57, 0xa0, 0xae, 0x57,
    0xa0, 0xae, 0x57, 0xa0, 0xae, 0x57, 0xa0, 0xae, 0x57, 0xa0, 0xae, 0x55,
    0xa2, 0xb0, 0x52, 0xa2, 0xb0, 0x51, 0xa2, 0xb0, 0x51, 0xa2, 0xb0, 0x51,
    0xa2, 0xb0, 0x51, 0xa2, 0xb0, 0x51, 0xa6, 0xaf, 0x50, 0xa8, 0xaf, 0x50,
    0xa8, 0xaf, 0x50, 0xa8, 0xaf, 0x50, 0xa8, 0xaf, 0x50, 0xa8, 0xaf, 0x50,
    0xa8, 0xaf, 0x50, 0xa8, 0xaf, 0x50, 0xa9, 0xb0, 0x51, 0xaa, 0xb1, 0x52,
    0xaa, 0xb1, 0x52, 0xaa, 0xb1, 0x52, 0xaa, 0xb1, 0x52, 0xab, 0xb2, 0x52,
    0xac, 0xb2, 0x52, 0xac, 0xb2, 0x52, 0xac, 0xb2, 0x52, 0xad, 0xb3, 0x53,
    0xad, 0xb3, 0x53, 0xad, 0xb3, 0x52, 0xad, 0xb3, 0x50, 0xad, 0xb3, 0x4f,
    0xad, 0xb3, 0x4f, 0xad, 0xb3, 0x4f, 0xad, 0xb3, 0x4f, 0xad, 0xb3, 0x4f,
    0xad, 0xb3, 0x4f, 0xad, 0xb3, 0x4f, 0xad, 0xb3, 0x4f, 0xad, 0xb3, 0x4f,
    0xae, 0xb4, 0x50, 0xad, 0xb3, 0x4f, 0xac, 0xb2, 0x4f, 0xac, 0xb4, 0x52,
    0xab, 0xb3, 0x53, 0xab, 0xb2, 0x55, 0xaa, 0xaf, 0x55, 0xa9, 0xac, 0x56,
    0xaa, 0xaa, 0x57, 0xab, 0xa8, 0x5a, 0xaf, 0xa7, 0x5e, 0xb1, 0xa7, 0x62,
    0xb2, 0xa8, 0x68, 0xb4, 0xa7, 0x6d, 0xb6, 0xa5, 0x71, 0xb3, 0xa1, 0x71,
    0xb3, 0x9d, 0x77, 0xb1, 0x99, 0x77, 0xac, 0x94, 0x72, 0xa8, 0x90, 0x6e,
    0xa5, 0x8d, 0x6b, 0xa1, 0x89, 0x67, 0x9f, 0x87, 0x65, 0x9f, 0x87, 0x64,
    0xb4, 0xb8, 0x59, 0xb4, 0xb8, 0x59, 0xb4, 0xb8, 0x59, 0xb3, 0xb7, 0x58,
    0xb3, 0xb7, 0x58, 0xb3, 0xb7, 0x58, 0xb3, 0xb7, 0x58, 0xb2, 0xb6, 0x57,
    0xb2, 0xb6, 0x57, 0xb2, 0xb6, 0x57, 0xb3, 0xb7, 0x58, 0xb1, 0xb5, 0x56,
    0xb1, 0xb5, 0x56, 0xb1, 0xb5, 0x57, 0xb1, 0xb5, 0x57, 0xb1, 0xb5, 0x57,
    0xb1, 0xb5, 0x57, 0xb1, 0xb5, 0x57, 0xb1, 0xb5, 0x57, 0xb1, 0xb5, 0x57,
    0xb0, 0xb5, 0x57, 0xb0, 0xb5, 0x57, 0xb0, 0xb5, 0x57, 0xaf, 0xb4, 0x56,
    0xaf, 0xb4, 0x56, 0xad, 0xb2, 0x55, 0xad, 0xb3, 0x58, 0xad, 0xb4, 0x57,
    0xad, 0xb4, 0x55, 0xad, 0xb3, 0x57, 0xac, 0xb2, 0x5d, 0xad, 0xb1, 0x63,
    0xa2, 0xa8, 0x69, 0x96, 0xa1, 0x77, 0x88, 0x99, 0x74, 0x82, 0x99, 0x70,
    0x82, 0x9f, 0x6a, 0x79, 0x97, 0x61, 0x81, 0x9b, 0x6f, 0x7a, 0x93, 0x6b,
    0x68, 0x81, 0x59, 0x65, 0x7c, 0x56, 0x5e, 0x73, 0x50, 0x59, 0x6c, 0x4d,
    0x47, 0x57, 0x3c, 0x5d, 0x6f, 0x52, 0x65, 0x7b, 0x53, 0x5d, 0x78, 0x47,
    0x6a, 0x87, 0x4d, 0x7b, 0x99, 0x5a, 0x71, 0x91, 0x4f, 0x79, 0x9a, 0x58,
    0x83, 0xa6, 0x64, 0x63, 0x87, 0x47, 0x71, 0x92, 0x55, 0x56, 0x76, 0x3b,
    0x50, 0x6d, 0x36, 0x53, 0x6e, 0x3b, 0x5f, 0x7a, 0x46, 0x66, 0x85, 0x49,
    0x64, 0x8a, 0x51, 0x60, 0x87, 0x57, 0x69, 0x88, 0x5f, 0x5f, 0x6e, 0x46,
    0x54, 0x50, 0x26, 0x62, 0x54, 0x28, 0x66, 0x56, 0x28, 0x73, 0x5d, 0x31,
    0x81, 0x66, 0x3c, 0x93, 0x74, 0x4d, 0x9c, 0x7f, 0x57, 0x98, 0x7b, 0x52,
    0x91, 0x74, 0x49, 0x8b, 0x6e, 0x42, 0x86, 0x6d, 0x40, 0x79, 0x66, 0x36,
    0x77, 0x68, 0x37, 0x81, 0x75, 0x43, 0x7c, 0x78, 0x40, 0x6e, 0x6e, 0x34,
    0x61, 0x5d, 0x2b, 0x5e, 0x5a, 0x24, 0x7a, 0x7d, 0x32, 0x9a, 0xa7, 0x50,
    0xa0, 0xb3, 0x5e, 0x88, 0x9c, 0x5e, 0x75, 0x87, 0x54, 0x74, 0x86, 0x54,
    0x81, 0x93, 0x62, 0x7d, 0x8e, 0x60, 0x79, 0x8a, 0x5d, 0x7e, 0x91, 0x62,
    0x77, 0x8e, 0x51, 0x9a, 0xaf, 0x57, 0xa3, 0xb5, 0x49, 0xa6, 0xb2, 0x48,
    0xa6, 0xb2, 0x4f, 0xa7, 0xb4, 0x52, 0xa3, 0xb3, 0x56, 0xa2, 0xb3, 0x63,
    0xa2, 0xb1, 0x73, 0xa3, 0xb1, 0x81, 0x99, 0xa9, 0x7a, 0x90, 0xa2, 0x6c,
    0x8e, 0xa3, 0x66, 0x94, 0xac, 0x71, 0x8e, 0xa6, 0x6c, 0x8d, 0xa5, 0x6b,
    0x8a, 0xa2, 0x68, 0x88, 0xa0, 0x66, 0x82, 0x9a, 0x60, 0x81, 0x97, 0x65,
    0x7b, 0x90, 0x65, 0x81, 0x94, 0x66, 0x8f, 0xa2, 0x61, 0x9a, 0xad, 0x55,
    0x9c, 0xae, 0x4f, 0x9d, 0xac, 0x4f, 0x9c, 0xad, 0x4e, 0x9c, 0xad, 0x4d,
    0x9c, 0xad, 0x4d, 0x9c, 0xad, 0x4d, 0x9c, 0xad, 0x4d, 0x9c, 0xad, 0x4d,
    0x9d, 0xad, 0x4f, 0x9d, 0xac, 0x4f, 0x9e, 0xad, 0x50, 0xa0, 0xaf, 0x52,
    0xa0, 0xaf, 0x52, 0xa0, 0xaf, 0x52, 0xa0, 0xaf, 0x52, 0xa0, 0xaf, 0x52,
    0xa0, 0xaf, 0x52, 0xa2, 0xb1, 0x54, 0xa1, 0xb0, 0x53, 0xa1, 0xb0, 0x53,
    0xa1, 0xb0, 0x53, 0xa1, 0xb0, 0x55, 0xa1, 0xaf, 0x57, 0xa1, 0xaf, 0x57,
    0xa1, 0xaf, 0x57, 0xa1, 0xaf, 0x57, 0xa1, 0xaf, 0x57, 0xa1, 0xaf, 0x57,
    0xa0, 0xae, 0x57, 0xa0, 0xae, 0x57, 0xa0, 0xae, 0x57, 0xa1, 0xaf, 0x58,
    0xa1, 0xaf, 0x58, 0xa1, 0xaf, 0x58, 0xa1, 0xaf, 0x58, 0xa1, 0xaf, 0x58,
    0xa1, 0xaf, 0x58, 0xa1, 0xaf, 0x58, 0xa0, 0xae, 0x57, 0xa0, 0xae, 0x57,
    0xa0, 0xae, 0x57, 0xa0, 0xae, 0x57, 0xa0, 0xae, 0x57, 0xa0, 0xae, 0x57,
    0xa0, 0xae, 0x57, 0xa0, 0xae, 0x57, 0xa0, 0xae, 0x57, 0xa0, 0xae, 0x56,
    0xa2, 0xb0, 0x52, 0xa2, 0xb0, 0x51, 0xa2, 0xb0, 0x51, 0xa2, 0xb0, 0x51,
    0xa2, 0xb0, 0x51, 0xa2, 0xb0, 0x51, 0xa6, 0xaf, 0x50, 0xa8, 0xaf, 0x50,
    0xa8, 0xaf, 0x50, 0xa8, 0xaf, 0x50, 0xa8, 0xaf, 0x50, 0xa8, 0xaf, 0x50,
    0xa8, 0xaf, 0x50, 0xa8, 0xaf, 0x50, 0xa9, 0xb0, 0x51, 0xaa, 0xb1, 0x52,
    0xaa, 0xb1, 0x52, 0xaa, 0xb1, 0x52, 0xaa, 0xb1, 0x52, 0xab, 0xb2, 0x52,
    0xac, 0xb2, 0x52, 0xac, 0xb2, 0x52, 0xac, 0xb2, 0x52, 0xad, 0xb3, 0x53,
    0xad, 0xb3, 0x53, 0xad, 0xb3, 0x52, 0xad, 0xb3, 0x50, 0xad, 0xb3, 0x4f,
    0xad, 0xb3, 0x4f, 0xad, 0xb3, 0x4f, 0xad, 0xb3, 0x4f, 0xad, 0xb3, 0x4f,
    0xad, 0xb3, 0x4f, 0xad, 0xb3, 0x4f, 0xad, 0xb3, 0x4f, 0xad, 0xb3, 0x4f,
    0xae, 0xb4, 0x50, 0xad, 0xb3, 0x4f, 0xac, 0xb3, 0x4f, 0xac, 0xb5, 0x53,
    0xab, 0xb4, 0x54, 0xac, 0xb3, 0x55, 0xab, 0xb0, 0x55, 0xaa, 0xae, 0x56,
    0xaa, 0xac, 0x57, 0xab, 0xaa, 0x59, 0xaf, 0xa8, 0x5e, 0xb1, 0xa8, 0x61,
    0xb2, 0xa8, 0x66, 0xb4, 0xa8, 0x6c, 0xb6, 0xa6, 0x70, 0xb4, 0xa2, 0x70,
    0xb4, 0x9d, 0x77, 0xb1, 0x99, 0x77, 0xac, 0x94, 0x72, 0xa7, 0x8f, 0x6d,
    0xa4, 0x8c, 0x6a, 0xa0, 0x88, 0x66, 0x9e, 0x86, 0x64, 0x9d, 0x85, 0x63,
    0xb4, 0xb8, 0x59, 0xb4, 0xb8, 0x59, 0xb4, 0xb8, 0x59, 0xb3, 0xb7, 0x58,
    0xb3, 0xb7, 0x58, 0xb3, 0xb7, 0x58, 0xb3, 0xb7, 0x58, 0xb2, 0xb6, 0x57,
    0xb2, 0xb6, 0x57, 0xb2, 0xb6, 0x57, 0xb3, 0xb7, 0x58, 0xb1, 0xb5, 0x56,
    0xb1, 0xb5, 0x56, 0xb1, 0xb5, 0x57, 0xb1, 0xb5, 0x57, 0xb1, 0xb5, 0x57,
    0xb2, 0xb6, 0x58, 0xb2, 0xb6, 0x58, 0xb2, 0xb6, 0x58, 0xb2, 0xb6, 0x58,
    0xb1, 0xb6, 0x58, 0xb1, 0xb6, 0x58, 0xb1, 0xb6, 0x58, 0xaf, 0xb4, 0x57,
    0xaf, 0xb4, 0x57, 0xae, 0xb3, 0x56, 0xae, 0xb3, 0x59, 0xae, 0xb3, 0x58,
    0xae, 0xb4, 0x55, 0xad, 0xb3, 0x57, 0xab, 0xb2, 0x5e, 0xaa, 0xb0, 0x67,
    0x9f, 0xa8, 0x6d, 0x92, 0xa1, 0x77, 0x90, 0xa3, 0x7d, 0x77, 0x90, 0x65,
    0x80, 0x9c, 0x68, 0x82, 0x9f, 0x6b, 0x76, 0x90, 0x65, 0x72, 0x8b, 0x62,
    0x69, 0x82, 0x58, 0x65, 0x7b, 0x55, 0x64, 0x79, 0x57, 0x5b, 0x6e, 0x50,
    0x48, 0x59, 0x3e, 0x69, 0x7b, 0x5c, 0x69, 0x80, 0x57, 0x70, 0x8a, 0x59,
    0x66, 0x82, 0x49, 0x62, 0x80, 0x41, 0x61, 0x81, 0x3f, 0x80, 0xa1, 0x60,
    0x84, 0xa7, 0x65, 0x61, 0x82, 0x43, 0x54, 0x73, 0x38, 0x62, 0x7f, 0x48,
    0x67, 0x80, 0x4c, 0x5a, 0x72, 0x40, 0x52, 0x6a, 0x36, 0x53, 0x70, 0x36,
    0x57, 0x7c, 0x45, 0x62, 0x8a, 0x5b, 0x7e, 0x9c, 0x74, 0x6d, 0x77, 0x51,
    0x6d, 0x62, 0x3b, 0x83, 0x70, 0x47, 0x7a, 0x66, 0x3d, 0x77, 0x5e, 0x36,
    0x8b, 0x6f, 0x47, 0x92, 0x75, 0x4d, 0x8e, 0x72, 0x4a, 0x82, 0x68, 0x3f,
    0x6b, 0x51, 0x26, 0x70, 0x57, 0x2c, 0x76, 0x5f, 0x33, 0x7d, 0x6b, 0x3c,
    0x84, 0x76, 0x45, 0x74, 0x67, 0x35, 0x5e, 0x58, 0x21, 0x52, 0x52, 0x19,
    0x48, 0x43, 0x12, 0x4b, 0x46, 0x0f, 0x5f, 0x60, 0x18, 0x85, 0x91, 0x3c,
    0x9a, 0xaf, 0x5a, 0x88, 0x9c, 0x5f, 0x8a, 0x9c, 0x6a, 0x7d, 0x8f, 0x5e,
    0x74, 0x86, 0x56, 0x95, 0xa6, 0x79, 0x7d, 0x8e, 0x62, 0x72, 0x85, 0x55,
    0x76, 0x8f, 0x4f, 0x9b, 0xb2, 0x56, 0xa4, 0xb6, 0x49, 0xa6, 0xb3, 0x4a,
    0xa6, 0xb1, 0x53, 0xa5, 0xb2, 0x5a, 0xa6, 0xb7, 0x63, 0xa8, 0xb9, 0x6f,
    0xa4, 0xb3, 0x77, 0x9b, 0xa9, 0x76, 0x90, 0xa0, 0x6d, 0x91, 0xa2, 0x68,
    0x90, 0xa5, 0x66, 0x91, 0xa9, 0x6e, 0x8c, 0xa5, 0x6a, 0x8e, 0xa7, 0x6c,
    0x89, 0xa1, 0x66, 0x85, 0x9d, 0x63, 0x7e, 0x96, 0x5c, 0x76, 0x8c, 0x5b,
    0x77, 0x8b, 0x5f, 0x82, 0x94, 0x61, 0x91, 0xa3, 0x5d, 0x9b, 0xad, 0x54,
    0x9e, 0xad, 0x4f, 0x9e, 0xac, 0x50, 0x9c, 0xad, 0x4e, 0x9c, 0xad, 0x4e,
    0x9c, 0xad, 0x4e, 0x9c, 0xad, 0x4e, 0x9c, 0xad, 0x4e, 0x9c, 0xad, 0x4e,
    0x9d, 0xad, 0x50, 0x9e, 0xad, 0x50, 0x9f, 0xae, 0x51, 0xa0, 0xaf, 0x52,
    0xa0, 0xaf, 0x52, 0xa0, 0xaf, 0x52, 0xa0, 0xaf, 0x52, 0xa0, 0xaf, 0x52,
    0xa0, 0xaf, 0x52, 0xa2, 0xb1, 0x54, 0xa1, 0xb0, 0x53, 0xa1, 0xb0, 0x53,
    0xa1, 0xb0, 0x53, 0xa1, 0xb0, 0x55, 0xa1, 0xaf, 0x57, 0xa1, 0xaf, 0x57,
    0xa1, 0xaf, 0x57, 0xa1, 0xaf, 0x57, 0xa1, 0xaf, 0x57, 0xa1, 0xaf, 0x57,
    0xa0, 0xae, 0x57, 0xa0, 0xae, 0x57, 0xa0, 0xae, 0x57, 0xa1, 0xaf, 0x58,
    0xa1, 0xaf, 0x58, 0xa1, 0xaf, 0x58, 0xa1, 0xaf, 0x58, 0xa1, 0xaf, 0x58,
    0xa1, 0xaf, 0x58, 0xa1, 0xaf, 0x58, 0xa0, 0xae, 0x57, 0xa0, 0xae, 0x57,
    0xa0, 0xae, 0x57, 0xa0, 0xae, 0x57, 0xa0, 0xae, 0x57, 0xa0, 0xae, 0x57,
    0xa0, 0xae, 0x57, 0xa0, 0xae, 0x57, 0xa0, 0xae, 0x57, 0xa0, 0xae, 0x56,
    0xa2, 0xb0, 0x53, 0xa2, 0xb0, 0x52, 0xa2, 0xb0, 0x52, 0xa2, 0xb0, 0x52,
    0xa2, 0xb0, 0x52, 0xa2, 0xb0, 0x52, 0xa6, 0xaf, 0x51, 0xa8, 0xaf, 0x51,
    0xa8, 0xaf, 0x51, 0xa8, 0xaf, 0x51, 0xa8, 0xaf, 0x51, 0xa8, 0xaf, 0x51,
    0xa8, 0xaf, 0x51, 0xa8, 0xaf, 0x50, 0xa9, 0xb0, 0x51, 0xaa, 0xb1, 0x52,
    0xaa, 0xb1, 0x52, 0xaa, 0xb1, 0x52, 0xaa, 0xb1, 0x52, 0xab, 0xb2, 0x52,
    0xac, 0xb2, 0x52, 0xac, 0xb2, 0x52, 0xac, 0xb2, 0x52, 0xad, 0xb3, 0x53,
    0xad, 0xb3, 0x53, 0xad, 0xb3, 0x53, 0xad, 0xb3, 0x50, 0xad, 0xb3, 0x4f,
    0xad, 0xb3, 0x4f, 0xad, 0xb3, 0x4f, 0xad, 0xb3, 0x4f, 0xad, 0xb3, 0x4f,
    0xad, 0xb3, 0x4f, 0xad, 0xb3, 0x50, 0xad, 0xb3, 0x50, 0xad, 0xb3, 0x50,
    0xae, 0xb4, 0x51, 0xad, 0xb3, 0x50, 0xad, 0xb3, 0x50, 0xae, 0xb5, 0x54,
    0xae, 0xb5, 0x55, 0xae, 0xb4, 0x55, 0xac, 0xb2, 0x55, 0xac, 0xaf, 0x55,
    0xaa, 0xae, 0x55, 0xac, 0xac, 0x58, 0xb0, 0xaa, 0x5d, 0xb1, 0xa9, 0x60,
    0xb1, 0xa8, 0x64, 0xb4, 0xa9, 0x6a, 0xb5, 0xa7, 0x6d, 0xb4, 0xa4, 0x6e,
    0xb4, 0x9f, 0x75, 0xb1, 0x99, 0x76, 0xab, 0x93, 0x71, 0xa7, 0x8f, 0x6d,
    0xa4, 0x8b, 0x6a, 0xa0, 0x87, 0x66, 0x9d, 0x84, 0x63, 0x9a, 0x82, 0x60,
    0xb3, 0xb8, 0x5a, 0xb3, 0xb8, 0x5a, 0xb3, 0xb8, 0x5a, 0xb2, 0xb7, 0x59,
    0xb2, 0xb7, 0x59, 0xb2, 0xb7, 0x59, 0xb2, 0xb7, 0x59, 0xb1, 0xb6, 0x58,
    0xb1, 0xb6, 0x58, 0xb1, 0xb6, 0x58, 0xb1, 0xb6, 0x58, 0xb1, 0xb6, 0x58,
    0xb1, 0xb6, 0x58, 0xb2, 0xb6, 0x58, 0xb2, 0xb6, 0x58, 0xb2, 0xb6, 0x58,
    0xb2, 0xb6, 0x58, 0xb2, 0xb6, 0x58, 0xb2, 0xb6, 0x58, 0xb1, 0xb6, 0x58,
    0xb0, 0xb5, 0x59, 0xb0, 0xb5, 0x59, 0xb0, 0xb5, 0x59, 0xb0, 0xb5, 0x59,
    0xb0, 0xb5, 0x59, 0xb0, 0xb5, 0x59, 0xb0, 0xb4, 0x5c, 0xb1, 0xb4, 0x5a,
    0xb1, 0xb4, 0x56, 0xaf, 0xb4, 0x58, 0xab, 0xb3, 0x63, 0xa5, 0xb1, 0x6f,
    0x9a, 0xaa, 0x76, 0x8a, 0xa0, 0x77, 0x86, 0x9f, 0x73, 0x7e, 0x97, 0x69,
    0x7d, 0x97, 0x67, 0x85, 0x9f, 0x72, 0x7e, 0x97, 0x6e, 0x6a, 0x83, 0x58,
    0x68, 0x82, 0x57, 0x61, 0x78, 0x52, 0x5e, 0x73, 0x53, 0x5d, 0x70, 0x52,
    0x4d, 0x5e, 0x40, 0x7a, 0x8c, 0x6b, 0x82, 0x98, 0x6f, 0x7e, 0x97, 0x66,
    0x7c, 0x98, 0x5e, 0x6d, 0x8a, 0x4b, 0x65, 0x84, 0x42, 0x70, 0x91, 0x50,
    0x6c, 0x95, 0x52, 0x58, 0x84, 0x44, 0x59, 0x81, 0x47, 0x72, 0x97, 0x63,
    0x69, 0x89, 0x56, 0x6b, 0x88, 0x53, 0x6a, 0x86, 0x4e, 0x69, 0x84, 0x4c,
    0x74, 0x94, 0x61, 0x77, 0x9b, 0x6f, 0x7c, 0x97, 0x6f, 0x71, 0x75, 0x51,
    0x7c, 0x67, 0x43, 0x95, 0x77, 0x53, 0x8f, 0x73, 0x50, 0x81, 0x62, 0x3e,
    0x96, 0x76, 0x51, 0xae, 0x90, 0x69, 0xa1, 0x88, 0x5f, 0x80, 0x6a, 0x40,
    0x5d, 0x4b, 0x22, 0x61, 0x50, 0x26, 0x5f, 0x4d, 0x23, 0x6c, 0x59, 0x2d,
    0x84, 0x73, 0x43, 0x84, 0x71, 0x40, 0x71, 0x65, 0x32, 0x64, 0x5d, 0x2a,
    0x61, 0x56, 0x24, 0x50, 0x46, 0x10, 0x5e, 0x5d, 0x1b, 0x88, 0x95, 0x43,
    0x98, 0xaf, 0x57, 0x81, 0x95, 0x58, 0x8e, 0xa0, 0x70, 0x85, 0x97, 0x67,
    0x7c, 0x8d, 0x5f, 0x83, 0x94, 0x68, 0x6d, 0x7e, 0x52, 0x62, 0x76, 0x45,
    0x77, 0x91, 0x4a, 0x9c, 0xb5, 0x51, 0xa4, 0xb7, 0x46, 0xa7, 0xb3, 0x4c,
    0xa6, 0xb1, 0x5a, 0xa7, 0xb3, 0x68, 0xa7, 0xba, 0x77, 0xa6, 0xbb, 0x7e,
    0x9f, 0xb2, 0x78, 0x91, 0xa3, 0x6b, 0x8b, 0x9c, 0x63, 0x8e, 0xa0, 0x64,
    0x92, 0xa6, 0x6a, 0x8e, 0xa6, 0x6c, 0x8f, 0xa8, 0x6d, 0x8c, 0xa6, 0x68,
    0x87, 0xa1, 0x63, 0x7f, 0x98, 0x5c, 0x7b, 0x94, 0x5a, 0x78, 0x8d, 0x5c,
    0x77, 0x89, 0x58, 0x83, 0x95, 0x56, 0x97, 0xa7, 0x56, 0x9f, 0xae, 0x53,
    0xa0, 0xac, 0x4f, 0xa0, 0xac, 0x51, 0x9d, 0xad, 0x50, 0x9d, 0xae, 0x50,
    0x9d, 0xae, 0x50, 0x9d, 0xae, 0x50, 0x9d, 0xae, 0x50, 0x9d, 0xae, 0x50,
    0x9f, 0xaf, 0x52, 0xa1, 0xb0, 0x53, 0xa1, 0xb0, 0x53, 0xa1, 0xb0, 0x53,
    0xa1, 0xb0, 0x53, 0xa1, 0xb0, 0x53, 0xa1, 0xb0, 0x53, 0xa1, 0xb0, 0x53,
    0xa1, 0xb0, 0x53, 0xa1, 0xb0, 0x53, 0xa1, 0xb0, 0x53, 0xa1, 0xb0, 0x53,
    0xa1, 0xb0, 0x53, 0xa1, 0xb0, 0x55, 0xa2, 0xb0, 0x58, 0xa2, 0xb0, 0x58,
    0xa2, 0xb0, 0x58, 0xa2, 0xb0, 0x58, 0xa2, 0xb0, 0x58, 0xa2, 0xb0, 0x58,
    0xa0, 0xae, 0x57, 0xa0, 0xae, 0x57, 0x9f, 0xad, 0x56, 0xa0, 0xae, 0x57,
    0xa1, 0xaf, 0x58, 0xa1, 0xaf, 0x58, 0xa1, 0xaf, 0x58, 0xa1, 0xaf, 0x58,
    0xa1, 0xaf, 0x58, 0xa1, 0xaf, 0x58, 0xa1, 0xaf, 0x58, 0xa1, 0xaf, 0x58,
    0xa1, 0xaf, 0x58, 0xa1, 0xaf, 0x58, 0xa1, 0xaf, 0x58, 0xa1, 0xaf, 0x58,
    0xa1, 0xaf, 0x58, 0xa1, 0xaf, 0x58, 0xa1, 0xaf, 0x58, 0xa1, 0xaf, 0x57,
    0xa3, 0xb0, 0x55, 0xa3, 0xb0, 0x54, 0xa3, 0xb0, 0x54, 0xa3, 0xb0, 0x54,
    0xa3, 0xb0, 0x54, 0xa3, 0xb0, 0x54, 0xa6, 0xb0, 0x53, 0xa7, 0xb0, 0x53,
    0xa7, 0xb0, 0x53, 0xa7, 0xb0, 0x53, 0xa7, 0xb0, 0x53, 0xa7, 0xb0, 0x53,
    0xa7, 0xb0, 0x53, 0xa9, 0xb0, 0x51, 0xa9, 0xb0, 0x51, 0xa9, 0xb0, 0x51,
    0xa9, 0xb0, 0x51, 0xaa, 0xb1, 0x52, 0xab, 0xb2, 0x53, 0xac, 0xb1, 0x53,
    0xac, 0xb1, 0x53, 0xac, 0xb1, 0x53, 0xac, 0xb1, 0x53, 0xad, 0xb2, 0x54,
    0xad, 0xb2, 0x54, 0xad, 0xb2, 0x53, 0xad, 0xb3, 0x50, 0xad, 0xb3, 0x4f,
    0xad, 0xb3, 0x4f, 0xad, 0xb3, 0x4f, 0xad, 0xb3, 0x4f, 0xad, 0xb3, 0x4f,
    0xad, 0xb3, 0x50, 0xae, 0xb4, 0x53, 0xae, 0xb4, 0x53, 0xae, 0xb4, 0x53,
    0xae, 0xb4, 0x53, 0xae, 0xb4, 0x53, 0xae, 0xb4, 0x54, 0xb0, 0xb5, 0x56,
    0xb0, 0xb5, 0x56, 0xb0, 0xb5, 0x56, 0xb0, 0xb4, 0x55, 0xae, 0xb2, 0x54,
    0xac, 0xb0, 0x52, 0xad, 0xae, 0x54, 0xb0, 0xab, 0x5b, 0xb0, 0xaa, 0x5d,
    0xb0, 0xa8, 0x60, 0xb3, 0xa8, 0x66, 0xb4, 0xa8, 0x6b, 0xb5, 0xa6, 0x6e,
    0xb4, 0x9f, 0x73, 0xb0, 0x9a, 0x73, 0xab, 0x94, 0x6f, 0xa7, 0x8e, 0x6b,
    0xa2, 0x87, 0x68, 0xa0, 0x84, 0x66, 0x9d, 0x83, 0x64, 0x9b, 0x82, 0x61,
    0xb3, 0xb8, 0x5a, 0xb3, 0xb8, 0x5a, 0xb3, 0xb8, 0x5a, 0xb2, 0xb7, 0x59,
    0xb2, 0xb7, 0x59, 0xb2, 0xb7, 0x59, 0xb2, 0xb7, 0x59, 0xb1, 0xb6, 0x58,
    0xb1, 0xb6, 0x58, 0xb1, 0xb6, 0x58, 0xb1, 0xb6, 0x58, 0xb1, 0xb6, 0x58,
    0xb1, 0xb6, 0x58, 0xb2, 0xb6, 0x58, 0xb2, 0xb6, 0x58, 0xb2, 0xb6, 0x58,
    0xb2, 0xb6, 0x58, 0xb2, 0xb6, 0x58, 0xb2, 0xb6, 0x58, 0xb1, 0xb6, 0x58,
    0xb0, 0xb5, 0x59, 0xb0, 0xb5, 0x59, 0xb0, 0xb5, 0x59, 0xb0, 0xb5, 0x59,
    0xb0, 0xb5, 0x59, 0xb0, 0xb5, 0x5a, 0xb1, 0xb4, 0x5c, 0xb1, 0xb4, 0x5a,
    0xb2, 0xb4, 0x56, 0xaf, 0xb5, 0x59, 0xab, 0xb4, 0x65, 0xa2, 0xb1, 0x71,
    0x95, 0xa9, 0x77, 0x86, 0x9e, 0x75, 0x82, 0x9b, 0x6f, 0x8b, 0xa5, 0x76,
    0x7e, 0x98, 0x69, 0x79, 0x93, 0x67, 0x7a, 0x93, 0x6b, 0x71, 0x8a, 0x60,
    0x64, 0x7d, 0x54, 0x67, 0x7d, 0x5a, 0x63, 0x77, 0x59, 0x53, 0x66, 0x49,
    0x47, 0x58, 0x3b, 0x7a, 0x8d, 0x6c, 0x7e, 0x94, 0x6b, 0x81, 0x9a, 0x6a,
    0x80, 0x9c, 0x62, 0x79, 0x96, 0x57, 0x80, 0xa0, 0x5d, 0x58, 0x79, 0x38,
    0x4b, 0x74, 0x31, 0x65, 0x92, 0x52, 0x68, 0x92, 0x58, 0x67, 0x8d, 0x59,
    0x66, 0x87, 0x54, 0x6a, 0x88, 0x52, 0x70, 0x8b, 0x53, 0x76, 0x90, 0x5a,
    0x79, 0x98, 0x67, 0x6e, 0x92, 0x65, 0x6d, 0x85, 0x5e, 0x6f, 0x70, 0x4d,
    0x81, 0x6a, 0x47, 0x9a, 0x7a, 0x58, 0x9e, 0x80, 0x5e, 0x8d, 0x6c, 0x49,
    0x94, 0x73, 0x4f, 0xb3, 0x95, 0x6e, 0xab, 0x92, 0x69, 0x80, 0x6b, 0x41,
    0x5c, 0x4c, 0x23, 0x50, 0x41, 0x17, 0x4d, 0x3c, 0x11, 0x5f, 0x4d, 0x21,
    0x70, 0x5d, 0x30, 0x8f, 0x7b, 0x4b, 0x91, 0x81, 0x51, 0x8a, 0x7f, 0x4f,
    0x82, 0x74, 0x45, 0x68, 0x5a, 0x26, 0x77, 0x73, 0x34, 0x9e, 0xa8, 0x5a,
    0x9c, 0xb1, 0x5b, 0x7d, 0x91, 0x54, 0x76, 0x88, 0x58, 0x82, 0x94, 0x65,
    0x7e, 0x8f, 0x62, 0x6c, 0x7d, 0x51, 0x73, 0x84, 0x58, 0x6c, 0x80, 0x4d,
    0x7f, 0x98, 0x4d, 0x9f, 0xb6, 0x52, 0xa4, 0xb6, 0x47, 0xa8, 0xb6, 0x53,
    0xa6, 0xb3, 0x63, 0xa9, 0xb8, 0x74, 0xaa, 0xbe, 0x82, 0xa0, 0xb6, 0x7c,
    0x96, 0xaa, 0x70, 0x8e, 0xa2, 0x67, 0x89, 0x9c, 0x61, 0x92, 0xa3, 0x68,
    0x92, 0xa4, 0x6a, 0x8c, 0xa4, 0x6a, 0x8d, 0xa6, 0x6b, 0x81, 0x9b, 0x5e,
    0x85, 0x9f, 0x63, 0x79, 0x92, 0x58, 0x73, 0x8c, 0x55, 0x75, 0x89, 0x58,
    0x75, 0x88, 0x53, 0x85, 0x98, 0x53, 0x99, 0xaa, 0x56, 0xa0, 0xae, 0x52,
    0xa0, 0xac, 0x4f, 0xa1, 0xab, 0x51, 0x9e, 0xad, 0x50, 0x9d, 0xae, 0x50,
    0x9d, 0xae, 0x50, 0x9d, 0xae, 0x50, 0x9d, 0xae, 0x50, 0x9d, 0xae, 0x50,
    0x9f, 0xaf, 0x52, 0xa1, 0xb0, 0x53, 0xa1, 0xb0, 0x53, 0xa1, 0xb0, 0x53,
    0xa1, 0xb0, 0x53, 0xa1, 0xb0, 0x53, 0xa1, 0xb0, 0x53, 0xa1, 0xb0, 0x53,
    0xa1, 0xb0, 0x53, 0xa1, 0xb0, 0x53, 0xa1, 0xb0, 0x53, 0xa1, 0xb0, 0x53,
    0xa1, 0xb0, 0x53, 0xa1, 0xb0, 0x55, 0xa2, 0xb0, 0x58, 0xa2, 0xb0, 0x58,
    0xa2, 0xb0, 0x58, 0xa2, 0xb0, 0x58, 0xa2, 0xb0, 0x58, 0xa2, 0xb0, 0x58,
    0xa1, 0xaf, 0x58, 0xa0, 0xae, 0x57, 0x9f, 0xad, 0x56, 0xa0, 0xae, 0x57,
    0xa1, 0xaf, 0x58, 0xa1, 0xaf, 0x58, 0xa1, 0xaf, 0x58, 0xa1, 0xaf, 0x58,
    0xa1, 0xaf, 0x58, 0xa1, 0xaf, 0x58, 0xa1, 0xaf, 0x58, 0xa1, 0xaf, 0x58,
    0xa1, 0xaf, 0x58, 0xa1, 0xaf, 0x58, 0xa1, 0xaf, 0x58, 0xa1, 0xaf, 0x58,
    0xa1, 0xaf, 0x58, 0xa1, 0xaf, 0x58, 0xa1, 0xaf, 0x58, 0xa1, 0xaf, 0x57,
    0xa3, 0xb0, 0x55, 0xa3, 0xb0, 0x54, 0xa3, 0xb0, 0x54, 0xa3, 0xb0, 0x54,
    0xa3, 0xb0, 0x54, 0xa3, 0xb0, 0x54, 0xa6, 0xb0, 0x53, 0xa7, 0xb0, 0x53,
    0xa7, 0xb0, 0x53, 0xa7, 0xb0, 0x53, 0xa7, 0xb0, 0x53, 0xa7, 0xb0, 0x53,
    0xa7, 0xb0, 0x53, 0xa9, 0xb0, 0x51, 0xa9, 0xb0, 0x51, 0xa9, 0xb0, 0x51,
    0xa9, 0xb0, 0x51, 0xaa, 0xb1, 0x52, 0xab, 0xb2, 0x53, 0xac, 0xb1, 0x53,
    0xac, 0xb1, 0x53, 0xac, 0xb1, 0x53, 0xac, 0xb1, 0x53, 0xad, 0xb2, 0x54,
    0xad, 0xb2, 0x54, 0xad, 0xb2, 0x53, 0xad, 0xb3, 0x50, 0xad, 0xb3, 0x4f,
    0xad, 0xb3, 0x4f, 0xad, 0xb3, 0x4f, 0xad, 0xb3, 0x4f, 0xad, 0xb3, 0x4f,
    0xad, 0xb3, 0x51, 0xae, 0xb4, 0x54, 0xae, 0xb4, 0x54, 0xae, 0xb4, 0x54,
    0xae, 0xb4, 0x54, 0xae, 0xb4, 0x54, 0xae, 0xb4, 0x54, 0xb0, 0xb5, 0x56,
    0xb1, 0xb5, 0x56, 0xb1, 0xb5, 0x56, 0xb0, 0xb4, 0x55, 0xaf, 0xb3, 0x54,
    0xad, 0xb1, 0x52, 0xad, 0xae, 0x54, 0xb0, 0xac, 0x5a, 0xb0, 0xaa, 0x5c,
    0xb0, 0xa8, 0x5f, 0xb3, 0xa8, 0x64, 0xb4, 0xa8, 0x69, 0xb5, 0xa6, 0x6c,
    0xb3, 0xa1, 0x72, 0xb0, 0x9b, 0x71, 0xab, 0x95, 0x6d, 0xa7, 0x8e, 0x6a,
    0xa2, 0x87, 0x68, 0x9f, 0x83, 0x65, 0x9c, 0x81, 0x63, 0x99, 0x80, 0x5f,
    0xb3, 0xb8, 0x5a, 0xb3, 0xb8, 0x5a, 0xb3, 0xb8, 0x5a, 0xb2, 0xb7, 0x59,
    0xb2, 0xb7, 0x59, 0xb2, 0xb7, 0x59, 0xb2, 0xb7, 0x59, 0xb1, 0xb6, 0x58,
    0xb1, 0xb6, 0x58, 0xb1, 0xb6, 0x58, 0xb1, 0xb6, 0x58, 0xb1, 0xb6, 0x58,
    0xb1, 0xb6, 0x58, 0xb2, 0xb6, 0x58, 0xb2, 0xb6, 0x58, 0xb2, 0xb6, 0x58,
    0xb2, 0xb6, 0x58, 0xb2, 0xb6, 0x58, 0xb2, 0xb6, 0x58, 0xb1, 0xb6, 0x58,
    0xb0, 0xb5, 0x59, 0xb0, 0xb5, 0x59, 0xb0, 0xb5, 0x59, 0xb0, 0xb5, 0x59,
    0xb0, 0xb5, 0x59, 0xb0, 0xb5, 0x5a, 0xb0, 0xb4, 0x5c, 0xb1, 0xb5, 0x59,
    0xb1, 0xb5, 0x56, 0xaf, 0xb6, 0x5a, 0xaa, 0xb4, 0x66, 0x9c, 0xab, 0x6e,
    0x8e, 0xa2, 0x72, 0x91, 0xaa, 0x81, 0x83, 0x9c, 0x70, 0x7b, 0x95, 0x65,
    0x89, 0xa3, 0x74, 0x83, 0x9d, 0x71, 0x73, 0x8c, 0x64, 0x70, 0x89, 0x61,
    0x67, 0x7f, 0x5a, 0x62, 0x77, 0x56, 0x5e, 0x71, 0x56, 0x4d, 0x60, 0x45,
    0x43, 0x53, 0x38, 0x75, 0x87, 0x68, 0x78, 0x90, 0x67, 0x74, 0x8f, 0x5e,
    0x7b, 0x97, 0x5e, 0x74, 0x93, 0x54, 0x87, 0xa7, 0x65, 0x63, 0x85, 0x43,
    0x54, 0x7c, 0x39, 0x71, 0x9a, 0x5a, 0x75, 0x9b, 0x61, 0x69, 0x8b, 0x57,
    0x6c, 0x8a, 0x57, 0x65, 0x81, 0x4c, 0x6b, 0x85, 0x4e, 0x72, 0x8c, 0x56,
    0x69, 0x88, 0x57, 0x5e, 0x81, 0x55, 0x64, 0x7c, 0x55, 0x6b, 0x6c, 0x49,
    0x84, 0x6d, 0x4a, 0x9e, 0x7f, 0x5d, 0xa2, 0x84, 0x62, 0x93, 0x72, 0x4f,
    0x8d, 0x6b, 0x48, 0xa6, 0x88, 0x61, 0x9d, 0x84, 0x5b, 0x6d, 0x58, 0x2e,
    0x4e, 0x3d, 0x14, 0x3f, 0x30, 0x06, 0x57, 0x46, 0x1a, 0x71, 0x5e, 0x33,
    0x6b, 0x58, 0x2b, 0x76, 0x62, 0x33, 0x7c, 0x6a, 0x3b, 0x8d, 0x7d, 0x4e,
    0x83, 0x70, 0x43, 0x74, 0x61, 0x30, 0x84, 0x7b, 0x40, 0xa1, 0xa5, 0x5c,
    0xa0, 0xb0, 0x5f, 0x8a, 0x9c, 0x61, 0x83, 0x95, 0x64, 0x7d, 0x8f, 0x60,
    0x82, 0x93, 0x66, 0x85, 0x96, 0x6a, 0x81, 0x92, 0x67, 0x77, 0x89, 0x56,
    0x84, 0x99, 0x4d, 0x9f, 0xb4, 0x52, 0xa2, 0xb5, 0x4c, 0xa2, 0xb2, 0x58,
    0xa8, 0xb9, 0x71, 0xa9, 0xbd, 0x7d, 0xa1, 0xb7, 0x7b, 0xa1, 0xb7, 0x7b,
    0x98, 0xae, 0x71, 0x8d, 0xa1, 0x65, 0x8b, 0x9e, 0x63, 0x92, 0xa3, 0x69,
    0x97, 0xa8, 0x6e, 0x8b, 0xa3, 0x68, 0x89, 0xa1, 0x66, 0x81, 0x99, 0x60,
    0x78, 0x8f, 0x59, 0x77, 0x8e, 0x5a, 0x70, 0x86, 0x55, 0x6d, 0x81, 0x4f,
    0x73, 0x85, 0x4c, 0x8a, 0x9c, 0x54, 0x9a, 0xab, 0x56, 0xa0, 0xae, 0x53,
    0xa0, 0xab, 0x50, 0xa0, 0xac, 0x51, 0x9d, 0xae, 0x50, 0x9d, 0xae, 0x50,
    0x9d, 0xae, 0x50, 0x9d, 0xae, 0x50, 0x9d, 0xae, 0x50, 0x9d, 0xae, 0x50,
    0x9f, 0xaf, 0x52, 0xa1, 0xb0, 0x53, 0xa1, 0xb0, 0x53, 0xa1, 0xb0, 0x53,
    0xa1, 0xb0, 0x53, 0xa1, 0xb0, 0x53, 0xa1, 0xb0, 0x53, 0xa1, 0xb0, 0x53,
    0xa1, 0xb0, 0x53, 0xa1, 0xb0, 0x53, 0xa1, 0xb0, 0x53, 0xa1, 0xb0, 0x53,
    0xa1, 0xb0, 0x53, 0xa1, 0xb0, 0x55, 0xa2, 0xb0, 0x58, 0xa2, 0xb0, 0x58,
    0xa2, 0xb0, 0x58, 0xa2, 0xb0, 0x58, 0xa2, 0xb0, 0x58, 0xa2, 0xb0, 0x58,
    0xa2, 0xb0, 0x59, 0xa1, 0xaf, 0x58, 0xa0, 0xae, 0x57, 0xa1, 0xaf, 0x58,
    0xa1, 0xaf, 0x58, 0xa1, 0xaf, 0x58, 0xa1, 0xaf, 0x58, 0xa1, 0xaf, 0x58,
    0xa1, 0xaf, 0x58, 0xa1, 0xaf, 0x58, 0xa1, 0xaf, 0x58, 0xa1, 0xaf, 0x58,
    0xa1, 0xaf, 0x58, 0xa1, 0xaf, 0x58, 0xa1, 0xaf, 0x58, 0xa1, 0xaf, 0x58,
    0xa1, 0xaf, 0x58, 0xa1, 0xaf, 0x58, 0xa1, 0xaf, 0x58, 0xa1, 0xaf, 0x57,
    0xa3, 0xb0, 0x56, 0xa3, 0xb0, 0x55, 0xa3, 0xb0, 0x55, 0xa3, 0xb0, 0x55,
    0xa3, 0xb0, 0x55, 0xa3, 0xb0, 0x55, 0xa6, 0xb0, 0x54, 0xa7, 0xb0, 0x53,
    0xa7, 0xb0, 0x53, 0xa7, 0xb0, 0x53, 0xa7, 0xb0, 0x53, 0xa7, 0xb0, 0x53,
    0xa7, 0xb0, 0x53, 0xa9, 0xb0, 0x51, 0xa9, 0xb0, 0x51, 0xa9, 0xb0, 0x51,
    0xa9, 0xb0, 0x51, 0xaa, 0xb1, 0x52, 0xab, 0xb2, 0x53, 0xac, 0xb1, 0x53,
    0xac, 0xb1, 0x53, 0xac, 0xb1, 0x53, 0xac, 0xb1, 0x53, 0xad, 0xb2, 0x54,
    0xad, 0xb2, 0x54, 0xad, 0xb2, 0x53, 0xad, 0xb3, 0x51, 0xad, 0xb3, 0x50,
    0xad, 0xb3, 0x50, 0xad, 0xb3, 0x50, 0xad, 0xb3, 0x50, 0xad, 0xb3, 0x50,
    0xad, 0xb3, 0x52, 0xae, 0xb4, 0x54, 0xae, 0xb4, 0x54, 0xae, 0xb4, 0x54,
    0xae, 0xb4, 0x54, 0xae, 0xb4, 0x54, 0xae, 0xb4, 0x54, 0xb0, 0xb5, 0x56,
    0xb1, 0xb5, 0x56, 0xb1, 0xb5, 0x56, 0xb1, 0xb5, 0x56, 0xb0, 0xb4, 0x55,
    0xae, 0xb2, 0x53, 0xad, 0xaf, 0x54, 0xaf, 0xac, 0x59, 0xaf, 0xab, 0x5a,
    0xaf, 0xa9, 0x5e, 0xb2, 0xa9, 0x63, 0xb4, 0xa9, 0x68, 0xb4, 0xa7, 0x6a,
    0xb3, 0xa2, 0x70, 0xb0, 0x9c, 0x70, 0xac, 0x96, 0x6c, 0xa6, 0x8f, 0x6a,
    0xa1, 0x88, 0x66, 0x9d, 0x82, 0x63, 0x9a, 0x7f, 0x61, 0x97, 0x7f, 0x5d,
    0xb3, 0xb8, 0x5a, 0xb3, 0xb8, 0x5a, 0xb3, 0xb8, 0x5a, 0xb2, 0xb7, 0x59,
    0xb2, 0xb7, 0x59, 0xb2, 0xb7, 0x59, 0xb2, 0xb7, 0x59, 0xb1, 0xb6, 0x58,
    0xb1, 0xb6, 0x58, 0xb1, 0xb6, 0x58, 0xb1, 0xb6, 0x58, 0xb1, 0xb6, 0x58,
    0xb1, 0xb6, 0x58, 0xb2, 0xb6, 0x58, 0xb2, 0xb6, 0x58, 0xb2, 0xb6, 0x58,
    0xb2, 0xb6, 0x58, 0xb2, 0xb6, 0x58, 0xb2, 0xb6, 0x58, 0xb1, 0xb6, 0x58,
    0xb0, 0xb5, 0x59, 0xb0, 0xb5, 0x59, 0xb0, 0xb5, 0x59, 0xb0, 0xb5, 0x59,
    0xb0, 0xb5, 0x59, 0xb0, 0xb5, 0x59, 0xb0, 0xb5, 0x5b, 0xb1, 0xb5, 0x59,
    0xb1, 0xb5, 0x56, 0xae, 0xb5, 0x59, 0xa8, 0xb3, 0x65, 0x9d, 0xac, 0x71,
    0x93, 0xa7, 0x78, 0x8c, 0xa5, 0x7c, 0x81, 0x9a, 0x6e, 0x7e, 0x98, 0x68,
    0x81, 0x9b, 0x6c, 0x84, 0x9e, 0x71, 0x7a, 0x93, 0x6b, 0x69, 0x81, 0x5c,
    0x65, 0x7d, 0x5b, 0x61, 0x76, 0x59, 0x5d, 0x70, 0x58, 0x47, 0x59, 0x40,
    0x3c, 0x4c, 0x31, 0x68, 0x7b, 0x5b, 0x6b, 0x83, 0x5a, 0x6f, 0x8a, 0x59,
    0x76, 0x93, 0x59, 0x76, 0x96, 0x56, 0x7e, 0xa0, 0x5d, 0x69, 0x8c, 0x4a,
    0x71, 0x97, 0x56, 0x6b, 0x91, 0x52, 0x7a, 0x9d, 0x62, 0x66, 0x85, 0x50,
    0x64, 0x80, 0x4d, 0x58, 0x73, 0x40, 0x5f, 0x78, 0x44, 0x5f, 0x7a, 0x45,
    0x5e, 0x7d, 0x4c, 0x69, 0x8a, 0x5f, 0x7b, 0x91, 0x6a, 0x73, 0x73, 0x50,
    0x7c, 0x67, 0x44, 0x96, 0x77, 0x55, 0x9e, 0x80, 0x5e, 0x9d, 0x7c, 0x59,
    0x8e, 0x6c, 0x49, 0x98, 0x7a, 0x54, 0x8a, 0x71, 0x47, 0x62, 0x4d, 0x23,
    0x48, 0x38, 0x0d, 0x45, 0x35, 0x09, 0x70, 0x5f, 0x33, 0x8e, 0x7b, 0x50,
    0x81, 0x6e, 0x41, 0x7b, 0x66, 0x39, 0x76, 0x62, 0x34, 0x89, 0x75, 0x48,
    0x8f, 0x78, 0x4d, 0x7e, 0x67, 0x3a, 0x7c, 0x6e, 0x38, 0x9f, 0x9f, 0x5c,
    0x9a, 0xa6, 0x5c, 0x87, 0x99, 0x5f, 0x97, 0xa9, 0x78, 0x7e, 0x90, 0x61,
    0x8a, 0x9b, 0x6e, 0x8c, 0x9d, 0x71, 0x6f, 0x80, 0x54, 0x70, 0x81, 0x4d,
    0x8b, 0x9b, 0x4e, 0xa1, 0xb2, 0x54, 0xa1, 0xb4, 0x53, 0xa4, 0xb8, 0x66,
    0xa7, 0xbb, 0x7a, 0xa5, 0xbd, 0x81, 0xa7, 0xbf, 0x81, 0x9b, 0xb1, 0x73,
    0x8e, 0xa3, 0x65, 0x8c, 0xa0, 0x63, 0x91, 0xa4, 0x69, 0x95, 0xa7, 0x6d,
    0x96, 0xa8, 0x6e, 0x8a, 0xa1, 0x66, 0x82, 0x9a, 0x60, 0x7e, 0x95, 0x60,
    0x76, 0x8d, 0x5b, 0x70, 0x86, 0x56, 0x6c, 0x82, 0x53, 0x6d, 0x80, 0x4c,
    0x77, 0x89, 0x4c, 0x93, 0xa5, 0x5a, 0x9d, 0xae, 0x59, 0x9f, 0xae, 0x53,
    0x9f, 0xab, 0x50, 0xa0, 0xac, 0x51, 0x9d, 0xae, 0x50, 0x9d, 0xae, 0x50,
    0x9d, 0xae, 0x50, 0x9d, 0xae, 0x50, 0x9d, 0xae, 0x50, 0x9d, 0xae, 0x50,
    0x9f, 0xaf, 0x52, 0xa1, 0xb0, 0x53, 0xa1, 0xb0, 0x53, 0xa1, 0xb0, 0x53,
    0xa1, 0xb0, 0x53, 0xa1, 0xb0, 0x53, 0xa1, 0xb0, 0x53, 0xa1, 0xb0, 0x53,
    0xa1, 0xb0, 0x53, 0xa1, 0xb0, 0x53, 0xa1, 0xb0, 0x53, 0xa1, 0xb0, 0x53,
    0xa1, 0xb0, 0x53, 0xa1, 0xb0, 0x55, 0xa2, 0xb0, 0x58, 0xa2, 0xb0, 0x58,
    0xa2, 0xb0, 0x58, 0xa2, 0xb0, 0x58, 0xa2, 0xb0, 0x58, 0xa2, 0xb0, 0x58,
    0xa2, 0xb0, 0x59, 0xa2, 0xb0, 0x59, 0xa1, 0xaf, 0x58, 0xa1, 0xaf, 0x58,
    0xa1, 0xaf, 0x58, 0xa1, 0xaf, 0x58, 0xa1, 0xaf, 0x58, 0xa1, 0xaf, 0x58,
    0xa1, 0xaf, 0x58, 0xa1, 0xaf, 0x58, 0xa1, 0xaf, 0x58, 0xa1, 0xaf, 0x58,
    0xa1, 0xaf, 0x58, 0xa1, 0xaf, 0x58, 0xa1, 0xaf, 0x58, 0xa1, 0xaf, 0x58,
    0xa1, 0xaf, 0x58, 0xa1, 0xaf, 0x58, 0xa1, 0xaf, 0x58, 0xa1, 0xaf, 0x58,
    0xa3, 0xb0, 0x56, 0xa3, 0xb0, 0x56, 0xa3, 0xb0, 0x56, 0xa3, 0xb0, 0x56,
    0xa3, 0xb0, 0x56, 0xa3, 0xb0, 0x56, 0xa6, 0xb0, 0x54, 0xa7, 0xb0, 0x53,
    0xa7, 0xb0, 0x53, 0xa7, 0xb0, 0x53, 0xa7, 0xb0, 0x53, 0xa7, 0xb0, 0x53,
    0xa7, 0xb0, 0x53, 0xa9, 0xb0, 0x51, 0xa9, 0xb0, 0x51, 0xa9, 0xb0, 0x51,
    0xa9, 0xb0, 0x51, 0xaa, 0xb1, 0x52, 0xab, 0xb2, 0x53, 0xac, 0xb1, 0x53,
    0xac, 0xb1, 0x53, 0xac, 0xb1, 0x53, 0xac, 0xb1, 0x53, 0xad, 0xb2, 0x54,
    0xad, 0xb2, 0x54, 0xad, 0xb2, 0x54, 0xad, 0xb3, 0x52, 0xad, 0xb3, 0x51,
    0xad, 0xb3, 0x51, 0xad, 0xb3, 0x51, 0xad, 0xb3, 0x51, 0xad, 0xb3, 0x51,
    0xad, 0xb3, 0x52, 0xae, 0xb4, 0x54, 0xae, 0xb4, 0x54, 0xae, 0xb4, 0x54,
    0xae, 0xb4, 0x54, 0xae, 0xb4, 0x54, 0xae, 0xb4, 0x54, 0xb0, 0xb5, 0x56,
    0xb1, 0xb5, 0x56, 0xb1, 0xb5, 0x56, 0xb1, 0xb5, 0x56, 0xb0, 0xb4, 0x55,
    0xae, 0xb2, 0x53, 0xad, 0xb0, 0x54, 0xae, 0xad, 0x57, 0xaf, 0xab, 0x59,
    0xaf, 0xa9, 0x5c, 0xb2, 0xa9, 0x62, 0xb4, 0xa9, 0x66, 0xb3, 0xa8, 0x69,
    0xb3, 0xa3, 0x6e, 0xb0, 0x9d, 0x6e, 0xac, 0x97, 0x6c, 0xa6, 0x90, 0x69,
    0xa1, 0x88, 0x65, 0x9c, 0x81, 0x62, 0x99, 0x7e, 0x5f, 0x95, 0x7d, 0x5b,
    0xb3, 0xb8, 0x5a, 0xb3, 0xb8, 0x5a, 0xb3, 0xb8, 0x5a, 0xb2, 0xb7, 0x59,
    0xb2, 0xb7, 0x59, 0xb2, 0xb7, 0x59, 0xb2, 0xb7, 0x59, 0xb1, 0xb6, 0x58,
    0xb1, 0xb6, 0x58, 0xb1, 0xb6, 0x58, 0xb1, 0xb6, 0x58, 0xb1, 0xb6, 0x58,
    0xb1, 0xb6, 0x58, 0xb2, 0xb6, 0x58, 0xb2, 0xb6, 0x58, 0xb2, 0xb6, 0x58,
    0xb2, 0xb6, 0x58, 0xb2, 0xb6, 0x58, 0xb2, 0xb6, 0x58, 0xb1, 0xb6, 0x58,
    0xb0, 0xb5, 0x59, 0xb0, 0xb5, 0x59, 0xb0, 0xb5, 0x59, 0xb0, 0xb5, 0x59,
    0xb0, 0xb5, 0x59, 0xb0, 0xb5, 0x59, 0xb0, 0xb5, 0x5b, 0xb0, 0xb5, 0x59,
    0xb0, 0xb6, 0x56, 0xad, 0xb5, 0x5a, 0xa7, 0xb2, 0x66, 0x9a, 0xaa, 0x71,
    0x8d, 0xa2, 0x75, 0x83, 0x9b, 0x73, 0x83, 0x9c, 0x70, 0x88, 0xa2, 0x73,
    0x78, 0x92, 0x63, 0x7c, 0x96, 0x6a, 0x7c, 0x95, 0x6d, 0x72, 0x8a, 0x66,
    0x64, 0x7b, 0x5d, 0x69, 0x7d, 0x63, 0x5e, 0x71, 0x5b, 0x3d, 0x4f, 0x37,
    0x3c, 0x4c, 0x31, 0x6b, 0x7e, 0x5d, 0x53, 0x6c, 0x43, 0x59, 0x75, 0x43,
    0x5e, 0x7c, 0x42, 0x71, 0x93, 0x52, 0x68, 0x8b, 0x48, 0x6b, 0x8e, 0x4c,
    0x80, 0xa4, 0x63, 0x63, 0x85, 0x47, 0x67, 0x88, 0x4d, 0x52, 0x70, 0x39,
    0x53, 0x6f, 0x3b, 0x4c, 0x66, 0x34, 0x4d, 0x66, 0x35, 0x4f, 0x6b, 0x36,
    0x6c, 0x8c, 0x5b, 0x79, 0x97, 0x6d, 0x74, 0x88, 0x62, 0x62, 0x62, 0x3f,
    0x6b, 0x58, 0x34, 0x8a, 0x6d, 0x4b, 0x9a, 0x7c, 0x5a, 0xab, 0x8a, 0x67,
    0x94, 0x72, 0x4e, 0x90, 0x73, 0x4c, 0x80, 0x67, 0x3e, 0x67, 0x53, 0x28,
    0x53, 0x43, 0x18, 0x57, 0x48, 0x1b, 0x83, 0x72, 0x46, 0x9c, 0x89, 0x5e,
    0x97, 0x84, 0x59, 0xa3, 0x8f, 0x64, 0x95, 0x80, 0x54, 0x94, 0x7d, 0x51,
    0xb3, 0x98, 0x70, 0x90, 0x75, 0x4c, 0x78, 0x66, 0x35, 0x99, 0x94, 0x59,
    0x97, 0x9f, 0x5c, 0x7c, 0x8c, 0x55, 0x83, 0x95, 0x65, 0x87, 0x99, 0x6a,
    0x79, 0x8a, 0x5d, 0x72, 0x83, 0x57, 0x65, 0x76, 0x4a, 0x6a, 0x7a, 0x44,
    0x93, 0xa1, 0x51, 0xa1, 0xb3, 0x57, 0x9f, 0xb5, 0x5c, 0xa7, 0xbe, 0x76,
    0xa5, 0xbd, 0x83, 0xa4, 0xc0, 0x87, 0x9b, 0xb5, 0x76, 0x9e, 0xb4, 0x74,
    0x99, 0xae, 0x6f, 0x8b, 0x9f, 0x62, 0x8d, 0xa0, 0x65, 0x98, 0xaa, 0x70,
    0x93, 0xa5, 0x6a, 0x89, 0xa0, 0x63, 0x7e, 0x95, 0x5d, 0x75, 0x8a, 0x59,
    0x74, 0x8a, 0x5b, 0x6d, 0x82, 0x55, 0x68, 0x7d, 0x4e, 0x69, 0x7c, 0x43,
    0x7b, 0x8b, 0x48, 0x98, 0xaa, 0x5d, 0x9d, 0xae, 0x59, 0x9f, 0xae, 0x54,
    0x9e, 0xac, 0x50, 0x9e, 0xac, 0x51, 0x9d, 0xae, 0x50, 0x9d, 0xae, 0x50,
    0x9d, 0xae, 0x50, 0x9e, 0xaf, 0x51, 0x9e, 0xaf, 0x51, 0x9e, 0xaf, 0x51,
    0x9f, 0xaf, 0x52, 0xa1, 0xb0, 0x53, 0xa1, 0xb0, 0x53, 0xa1, 0xb0, 0x53,
    0xa1, 0xb0, 0x53, 0xa1, 0xb0, 0x53, 0xa1, 0xb0, 0x53, 0xa1, 0xb0, 0x53,
    0xa1, 0xb0, 0x53, 0xa1, 0xb0, 0x53, 0xa1, 0xb0, 0x53, 0xa1, 0xb0, 0x53,
    0xa1, 0xb0, 0x53, 0xa1, 0xb0, 0x55, 0xa2, 0xb0, 0x58, 0xa2, 0xb0, 0x58,
    0xa2, 0xb0, 0x58, 0xa2, 0xb0, 0x58, 0xa2, 0xb0, 0x58, 0xa2, 0xb0, 0x58,
    0xa3, 0xb1, 0x59, 0xa2, 0xb0, 0x59, 0xa1, 0xaf, 0x58, 0xa1, 0xaf, 0x58,
    0xa1, 0xaf, 0x58, 0xa1, 0xaf, 0x58, 0xa1, 0xaf, 0x58, 0xa1, 0xaf, 0x58,
    0xa1, 0xaf, 0x58, 0xa1, 0xaf, 0x58, 0xa1, 0xaf, 0x58, 0xa1, 0xaf, 0x58,
    0xa1, 0xaf, 0x58, 0xa1, 0xaf, 0x58, 0xa1, 0xaf, 0x58, 0xa1, 0xaf, 0x58,
    0xa1, 0xaf, 0x58, 0xa1, 0xaf, 0x58, 0xa1, 0xaf, 0x58, 0xa1, 0xaf, 0x58,
    0xa3, 0xb0, 0x57, 0xa3, 0xb0, 0x57, 0xa3, 0xb0, 0x57, 0xa3, 0xb0, 0x57,
    0xa3, 0xb0, 0x57, 0xa3, 0xb0, 0x57, 0xa6, 0xb0, 0x55, 0xa7, 0xb0, 0x53,
    0xa7, 0xb0, 0x53, 0xa7, 0xb0, 0x53, 0xa7, 0xb0, 0x53, 0xa7, 0xb0, 0x53,
    0xa7, 0xb0, 0x53, 0xa9, 0xb0, 0x51, 0xa9, 0xb0, 0x51, 0xa9, 0xb0, 0x51,
    0xa9, 0xb0, 0x51, 0xaa, 0xb1, 0x52, 0xab, 0xb2, 0x53, 0xac, 0xb1, 0x53,
    0xac, 0xb1, 0x53, 0xac, 0xb1, 0x53, 0xac, 0xb1, 0x53, 0xad, 0xb2, 0x54,
    0xad, 0xb2, 0x54, 0xad, 0xb2, 0x54, 0xad, 0xb3, 0x52, 0xad, 0xb3, 0x51,
    0xad, 0xb3, 0x51, 0xad, 0xb3, 0x51, 0xad, 0xb3, 0x51, 0xad, 0xb3, 0x51,
    0xad, 0xb3, 0x52, 0xae, 0xb4, 0x54, 0xae, 0xb4, 0x54, 0xae, 0xb4, 0x54,
    0xae, 0xb4, 0x54, 0xae, 0xb4, 0x54, 0xae, 0xb4, 0x54, 0xb0, 0xb5, 0x56,
    0xb1, 0xb5, 0x56, 0xb1, 0xb5, 0x56, 0xb1, 0xb5, 0x56, 0xb1, 0xb5, 0x56,
    0xb0, 0xb4, 0x55, 0xaf, 0xb1, 0x53, 0xae, 0xae, 0x55, 0xae, 0xac, 0x57,
    0xaf, 0xaa, 0x5a, 0xb1, 0xaa, 0x60, 0xb3, 0xaa, 0x64, 0xb3, 0xa8, 0x67,
    0xb3, 0xa4, 0x6c, 0xb0, 0x9f, 0x6c, 0xac, 0x99, 0x69, 0xa7, 0x92, 0x67,
    0xa0, 0x89, 0x63, 0x9a, 0x81, 0x60, 0x97, 0x7d, 0x5e, 0x94, 0x7c, 0x5a,
    0xb3, 0xb8, 0x5a, 0xb3, 0xb8, 0x5a, 0xb3, 0xb8, 0x5a, 0xb2, 0xb7, 0x59,
    0xb2, 0xb7, 0x59, 0xb2, 0xb7, 0x59, 0xb2, 0xb7, 0x59, 0xb2, 0xb7, 0x59,
    0xb2, 0xb7, 0x59, 0xb2, 0xb7, 0x59, 0xb1, 0xb6, 0x58, 0xb1, 0xb6, 0x58,
    0xb1, 0xb6, 0x58, 0xb2, 0xb6, 0x58, 0xb2, 0xb6, 0x58, 0xb2, 0xb6, 0x58,
    0xb2, 0xb6, 0x58, 0xb2, 0xb6, 0x58, 0xb2, 0xb6, 0x58, 0xb2, 0xb6, 0x59,
    0xb1, 0xb6, 0x5a, 0xb1, 0xb6, 0x5a, 0xb1, 0xb6, 0x5a, 0xb1, 0xb6, 0x5a,
    0xb1, 0xb6, 0x5a, 0xb1, 0xb6, 0x5a, 0xaf, 0xb5, 0x5b, 0xaf, 0xb6, 0x58,
    0xaf, 0xb6, 0x57, 0xad, 0xb7, 0x5d, 0xa7, 0xb4, 0x6a, 0x98, 0xa8, 0x71,
    0x8e, 0xa2, 0x77, 0x97, 0xaf, 0x87, 0x82, 0x9c, 0x70, 0x7b, 0x95, 0x66,
    0x8b, 0xa5, 0x76, 0x7e, 0x98, 0x6c, 0x79, 0x92, 0x6a, 0x6f, 0x88, 0x65,
    0x67, 0x7d, 0x60, 0x5f, 0x73, 0x5a, 0x59, 0x6c, 0x55, 0x36, 0x48, 0x2f,
    0x3a, 0x4b, 0x2e, 0x7d, 0x90, 0x6e, 0x72, 0x8c, 0x62, 0x73, 0x8f, 0x5d,
    0x61, 0x81, 0x46, 0x5d, 0x80, 0x3f, 0x51, 0x75, 0x31, 0x73, 0x98, 0x55,
    0x79, 0x9d, 0x5c, 0x62, 0x83, 0x44, 0x49, 0x69, 0x2c, 0x61, 0x80, 0x46,
    0x6a, 0x88, 0x53, 0x6f, 0x8b, 0x5b, 0x64, 0x7f, 0x50, 0x6e, 0x8d, 0x57,
    0x73, 0x93, 0x62, 0x6b, 0x89, 0x5f, 0x66, 0x77, 0x52, 0x52, 0x50, 0x2f,
    0x5d, 0x4a, 0x26, 0x7f, 0x63, 0x3f, 0x92, 0x75, 0x53, 0xa1, 0x81, 0x5e,
    0x8b, 0x6a, 0x46, 0x8f, 0x72, 0x4b, 0x85, 0x6c, 0x42, 0x7e, 0x6a, 0x3f,
    0x6b, 0x5b, 0x2e, 0x67, 0x58, 0x2b, 0x90, 0x7f, 0x53, 0xb4, 0xa1, 0x76,
    0xaf, 0x9c, 0x71, 0xae, 0x99, 0x6f, 0xa7, 0x90, 0x66, 0x9b, 0x81, 0x58,
    0xbd, 0x9f, 0x79, 0x92, 0x76, 0x4f, 0x7d, 0x68, 0x3c, 0x90, 0x89, 0x54,
    0x99, 0x9e, 0x62, 0x82, 0x91, 0x5b, 0x78, 0x8a, 0x5a, 0x87, 0x99, 0x6a,
    0x78, 0x89, 0x5c, 0x6e, 0x7f, 0x53, 0x79, 0x8a, 0x5e, 0x6f, 0x7f, 0x47,
    0x96, 0xa5, 0x52, 0xa1, 0xb5, 0x5b, 0xa4, 0xbc, 0x6b, 0xa2, 0xbc, 0x7d,
    0x9b, 0xb6, 0x81, 0x95, 0xb2, 0x78, 0x9e, 0xb9, 0x77, 0xa1, 0xb7, 0x74,
    0x94, 0xab, 0x69, 0x90, 0xa4, 0x66, 0x90, 0xa3, 0x67, 0x8f, 0xa1, 0x67,
    0x94, 0xa5, 0x6b, 0x86, 0x9b, 0x5f, 0x7c, 0x90, 0x5a, 0x7a, 0x8d, 0x5e,
    0x6d, 0x7f, 0x53, 0x6a, 0x7c, 0x4e, 0x65, 0x78, 0x46, 0x6b, 0x7c, 0x3d,
    0x86, 0x96, 0x4c, 0x9d, 0xae, 0x5d, 0x9f, 0xae, 0x58, 0x9f, 0xb0, 0x55,
    0x9f, 0xaf, 0x53, 0x9f, 0xaf, 0x52, 0x9f, 0xb0, 0x52, 0x9f, 0xb0, 0x52,
    0x9f, 0xb0, 0x52, 0xa0, 0xb1, 0x53, 0xa0, 0xb1, 0x53, 0xa0, 0xb1, 0x53,
    0xa1, 0xb0, 0x53, 0xa1, 0xb0, 0x53, 0xa1, 0xb0, 0x53, 0xa1, 0xb0, 0x53,
    0xa1, 0xb0, 0x53, 0xa1, 0xb0, 0x53, 0xa1, 0xb0, 0x53, 0xa2, 0xb1, 0x54,
    0xa2, 0xb1, 0x54, 0xa2, 0xb1, 0x54, 0xa2, 0xb1, 0x54, 0xa2, 0xb1, 0x54,
    0xa2, 0xb1, 0x54, 0xa2, 0xb1, 0x56, 0xa3, 0xb1, 0x59, 0xa3, 0xb1, 0x59,
    0xa3, 0xb1, 0x59, 0xa2, 0xb0, 0x58, 0xa2, 0xb0, 0x58, 0xa2, 0xb0, 0x58,
    0xa3, 0xb1, 0x5a, 0xa3, 0xb1, 0x5a, 0xa3, 0xb1, 0x5a, 0xa3, 0xb1, 0x5a,
    0xa3, 0xb1, 0x5a, 0xa3, 0xb1, 0x5a, 0xa3, 0xb1, 0x5a, 0xa2, 0xb0, 0x59,
    0xa2, 0xb0, 0x59, 0xa2, 0xb0, 0x59, 0xa2, 0xb0, 0x59, 0xa2, 0xb0, 0x59,
    0xa2, 0xb0, 0x59, 0xa2, 0xb0, 0x59, 0xa2, 0xb0, 0x59, 0xa2, 0xb0, 0x59,
    0xa2, 0xb0, 0x59, 0xa2, 0xb0, 0x59, 0xa2, 0xb0, 0x59, 0xa2, 0xb0, 0x59,
    0xa4, 0xb1, 0x59, 0xa4, 0xb1, 0x59, 0xa4, 0xb1, 0x59, 0xa4, 0xb1, 0x59,
    0xa4, 0xb1, 0x59, 0xa4, 0xb1, 0x59, 0xa6, 0xb0, 0x55, 0xa7, 0xb0, 0x53,
    0xa7, 0xb0, 0x53, 0xa7, 0xb0, 0x53, 0xa8, 0xb1, 0x54, 0xa8, 0xb1, 0x54,
    0xa8, 0xb1, 0x54, 0xaa, 0xb1, 0x52, 0xaa, 0xb1, 0x52, 0xaa, 0xb1, 0x52,
    0xaa, 0xb1, 0x52, 0xaa, 0xb1, 0x52, 0xaa, 0xb1, 0x52, 0xab, 0xb1, 0x53,
    0xac, 0xb1, 0x53, 0xac, 0xb1, 0x53, 0xac, 0xb1, 0x53, 0xac, 0xb1, 0x53,
    0xac, 0xb1, 0x53, 0xac, 0xb1, 0x53, 0xad, 0xb3, 0x53, 0xad, 0xb3, 0x53,
    0xad, 0xb3, 0x53, 0xad, 0xb3, 0x53, 0xad, 0xb3, 0x53, 0xad, 0xb3, 0x53,
    0xad, 0xb3, 0x53, 0xad, 0xb3, 0x53, 0xad, 0xb3, 0x53, 0xae, 0xb4, 0x54,
    0xaf, 0xb5, 0x55, 0xb0, 0xb6, 0x56, 0xb0, 0xb6, 0x56, 0xb2, 0xb6, 0x57,
    0xb2, 0xb6, 0x57, 0xb2, 0xb6, 0x57, 0xb2, 0xb6, 0x57, 0xb2, 0xb6, 0x57,
    0xb2, 0xb6, 0x57, 0xb1, 0xb4, 0x56, 0xb0, 0xb0, 0x55, 0xaf, 0xaf, 0x57,
    0xaf, 0xad, 0x5a, 0xb1, 0xab, 0x5e, 0xb1, 0xaa, 0x62, 0xb2, 0xa9, 0x65,
    0xb3, 0xa7, 0x69, 0xb0, 0xa1, 0x69, 0xab, 0x9b, 0x67, 0xa7, 0x94, 0x66,
    0xa1, 0x8b, 0x64, 0x9a, 0x83, 0x60, 0x96, 0x7e, 0x5e, 0x93, 0x7b, 0x59,
    0xb3, 0xb8, 0x5a, 0xb3, 0xb8, 0x5a, 0xb3, 0xb8, 0x5a, 0xb2, 0xb7, 0x59,
    0xb2, 0xb7, 0x59, 0xb2, 0xb7, 0x59, 0xb2, 0xb7, 0x59, 0xb2, 0xb7, 0x59,
    0xb2, 0xb7, 0x59, 0xb2, 0xb7, 0x59, 0xb1, 0xb6, 0x58, 0xb1, 0xb6, 0x58,
    0xb1, 0xb6, 0x58, 0xb2, 0xb6, 0x58, 0xb2, 0xb6, 0x58, 0xb2, 0xb6, 0x58,
    0xb2, 0xb6, 0x58, 0xb2, 0xb6, 0x58, 0xb2, 0xb6, 0x58, 0xb2, 0xb6, 0x59,
    0xb1, 0xb6, 0x5a, 0xb1, 0xb6, 0x5a, 0xb1, 0xb6, 0x5a, 0xb1, 0xb6, 0x5a,
    0xb1, 0xb6, 0x5a, 0xb1, 0xb6, 0x5a, 0xaf, 0xb6, 0x5b, 0xaf, 0xb6, 0x58,
    0xaf, 0xb6, 0x57, 0xac, 0xb5, 0x5c, 0xa3, 0xb1, 0x69, 0x91, 0xa2, 0x6e,
    0x92, 0xa7, 0x7f, 0x90, 0xa8, 0x80, 0x84, 0x9e, 0x72, 0x7e, 0x98, 0x69,
    0x84, 0x9e, 0x6e, 0x81, 0x9b, 0x6f, 0x79, 0x92, 0x6a, 0x69, 0x82, 0x5f,
    0x66, 0x7d, 0x5f, 0x66, 0x7a, 0x60, 0x5c, 0x6f, 0x55, 0x2d, 0x40, 0x24,
    0x37, 0x48, 0x28, 0x82, 0x96, 0x71, 0x78, 0x93, 0x68, 0x79, 0x97, 0x64,
    0x73, 0x93, 0x58, 0x6e, 0x92, 0x51, 0x58, 0x7e, 0x39, 0x5f, 0x86, 0x43,
    0x6a, 0x8e, 0x4d, 0x59, 0x7b, 0x3c, 0x5c, 0x7e, 0x3f, 0x70, 0x92, 0x55,
    0x6d, 0x8d, 0x57, 0x6c, 0x8a, 0x5b, 0x6b, 0x88, 0x5b, 0x75, 0x95, 0x5f,
    0x6e, 0x8e, 0x5d, 0x64, 0x80, 0x56, 0x72, 0x82, 0x5e, 0x53, 0x50, 0x2f,
    0x52, 0x3f, 0x1b, 0x71, 0x56, 0x32, 0x8c, 0x6f, 0x4d, 0x91, 0x70, 0x4d,
    0x8c, 0x6b, 0x47, 0x92, 0x74, 0x4d, 0x88, 0x6f, 0x46, 0x91, 0x7d, 0x52,
    0x81, 0x72, 0x43, 0x74, 0x65, 0x37, 0x8c, 0x7b, 0x4f, 0xaa, 0x98, 0x6d,
    0xa4, 0x90, 0x66, 0x91, 0x7b, 0x52, 0x97, 0x80, 0x57, 0x94, 0x7a, 0x50,
    0x9e, 0x7f, 0x59, 0x7c, 0x5f, 0x3b, 0x81, 0x6b, 0x44, 0x83, 0x7a, 0x4a,
    0x8b, 0x8e, 0x57, 0x95, 0xa3, 0x6f, 0x8b, 0x9d, 0x6d, 0x7c, 0x8d, 0x5e,
    0x92, 0xa3, 0x76, 0x7e, 0x8f, 0x63, 0x79, 0x8a, 0x5e, 0x6e, 0x7f, 0x45,
    0x9c, 0xac, 0x57, 0xa3, 0xb9, 0x61, 0xa8, 0xc2, 0x77, 0xa2, 0xbf, 0x85,
    0x98, 0xb4, 0x7f, 0x97, 0xb5, 0x77, 0xa3, 0xbe, 0x78, 0x9c, 0xb3, 0x6d,
    0x9b, 0xb2, 0x6f, 0x93, 0xa7, 0x67, 0x90, 0xa3, 0x66, 0x99, 0xab, 0x71,
    0x94, 0xa5, 0x6c, 0x86, 0x9a, 0x60, 0x75, 0x88, 0x54, 0x78, 0x89, 0x5c,
    0x73, 0x84, 0x58, 0x68, 0x7a, 0x49, 0x64, 0x77, 0x3e, 0x73, 0x85, 0x3f,
    0x92, 0xa1, 0x52, 0x9e, 0xae, 0x5b, 0xa0, 0xaf, 0x58, 0x9f, 0xb0, 0x55,
    0x9f, 0xb0, 0x53, 0x9f, 0xb0, 0x52, 0x9f, 0xb0, 0x52, 0x9f, 0xb0, 0x52,
    0x9f, 0xb0, 0x52, 0xa0, 0xb1, 0x53, 0xa0, 0xb1, 0x53, 0xa0, 0xb1, 0x53,
    0xa1, 0xb0, 0x53, 0xa1, 0xb0, 0x53, 0xa1, 0xb0, 0x53, 0xa1, 0xb0, 0x53,
    0xa1, 0xb0, 0x53, 0xa1, 0xb0, 0x53, 0xa1, 0xb0, 0x53, 0xa2, 0xb1, 0x54,
    0xa2, 0xb1, 0x54, 0xa2, 0xb1, 0x54, 0xa2, 0xb1, 0x54, 0xa2, 0xb1, 0x54,
    0xa2, 0xb1, 0x54, 0xa2, 0xb1, 0x56, 0xa3, 0xb1, 0x59, 0xa3, 0xb1, 0x59,
    0xa3, 0xb1, 0x59, 0xa2, 0xb0, 0x58, 0xa2, 0xb0, 0x58, 0xa2, 0xb0, 0x58,
    0xa3, 0xb1, 0x5a, 0xa3, 0xb1, 0x5a, 0xa3, 0xb1, 0x5a, 0xa3, 0xb1, 0x5a,
    0xa3, 0xb1, 0x5a, 0xa3, 0xb1, 0x5a, 0xa3, 0xb1, 0x5a, 0xa2, 0xb0, 0x59,
    0xa2, 0xb0, 0x59, 0xa2, 0xb0, 0x59, 0xa2, 0xb0, 0x59, 0xa2, 0xb0, 0x59,
    0xa2, 0xb0, 0x59, 0xa2, 0xb0, 0x59, 0xa2, 0xb0, 0x59, 0xa2, 0xb0, 0x59,
    0xa2, 0xb0, 0x59, 0xa2, 0xb0, 0x59, 0xa2, 0xb0, 0x59, 0xa2, 0xb0, 0x59,
    0xa4, 0xb1, 0x59, 0xa4, 0xb1, 0x59, 0xa4, 0xb1, 0x59, 0xa4, 0xb1, 0x59,
    0xa4, 0xb1, 0x59, 0xa4, 0xb1, 0x59, 0xa6, 0xb0, 0x55, 0xa7, 0xb0, 0x53,
    0xa7, 0xb0, 0x53, 0xa7, 0xb0, 0x53, 0xa8, 0xb1, 0x54, 0xa8, 0xb1, 0x54,
    0xa8, 0xb1, 0x54, 0xaa, 0xb1, 0x52, 0xaa, 0xb1, 0x52, 0xaa, 0xb1, 0x52,
    0xaa, 0xb1, 0x52, 0xaa, 0xb1, 0x52, 0xaa, 0xb1, 0x52, 0xab, 0xb1, 0x53,
    0xac, 0xb1, 0x53, 0xac, 0xb1, 0x53, 0xac, 0xb1, 0x53, 0xac, 0xb1, 0x53,
    0xac, 0xb1, 0x53, 0xac, 0xb1, 0x53, 0xad, 0xb3, 0x53, 0xad, 0xb3, 0x53,
    0xad, 0xb3, 0x53, 0xad, 0xb3, 0x53, 0xad, 0xb3, 0x53, 0xad, 0xb3, 0x53,
    0xad, 0xb3, 0x53, 0xad, 0xb3, 0x53, 0xad, 0xb3, 0x53, 0xae, 0xb4, 0x54,
    0xaf, 0xb5, 0x55, 0xb0, 0xb6, 0x56, 0xb0, 0xb6, 0x56, 0xb2, 0xb6, 0x57,
    0xb2, 0xb6, 0x57, 0xb2, 0xb6, 0x57, 0xb2, 0xb6, 0x57, 0xb2, 0xb6, 0x57,
    0xb2, 0xb6, 0x57, 0xb1, 0xb5, 0x56, 0xaf, 0xb3, 0x54, 0xaf, 0xb0, 0x56,
    0xaf, 0xae, 0x5a, 0xb0, 0xac, 0x5d, 0xb1, 0xab, 0x61, 0xb2, 0xaa, 0x63,
    0xb2, 0xa7, 0x67, 0xaf, 0xa2, 0x66, 0xab, 0x9c, 0x65, 0xa6, 0x95, 0x65,
    0xa0, 0x8b, 0x63, 0x9a, 0x83, 0x60, 0x96, 0x7d, 0x5d, 0x92, 0x7a, 0x58,
    0xb3, 0xb8, 0x5a, 0xb3, 0xb8, 0x5a, 0xb3, 0xb8, 0x5a, 0xb2, 0xb7, 0x59,
    0xb2, 0xb7, 0x59, 0xb2, 0xb7, 0x59, 0xb2, 0xb7, 0x59, 0xb2, 0xb7, 0x59,
    0xb2, 0xb7, 0x59, 0xb2, 0xb7, 0x59, 0xb1, 0xb6, 0x58, 0xb1, 0xb6, 0x58,
    0xb1, 0xb6, 0x58, 0xb2, 0xb6, 0x58, 0xb2, 0xb6, 0x58, 0xb2, 0xb6, 0x58,
    0xb2, 0xb6, 0x58, 0xb2, 0xb6, 0x58, 0xb2, 0xb6, 0x58, 0xb2, 0xb6, 0x59,
    0xb1, 0xb6, 0x5a, 0xb1, 0xb6, 0x5a, 0xb1, 0xb6, 0x5a, 0xb1, 0xb6, 0x5a,
    0xb1, 0xb6, 0x5a, 0xb1, 0xb6, 0x5a, 0xaf, 0xb6, 0x5a, 0xae, 0xb6, 0x58,
    0xae, 0xb6, 0x57, 0xaa, 0xb5, 0x5d, 0xa2, 0xb0, 0x6a, 0x96, 0xa8, 0x76,
    0x93, 0xa9, 0x81, 0x83, 0x9c, 0x74, 0x87, 0xa1, 0x75, 0x87, 0xa1, 0x71,
    0x7b, 0x95, 0x65, 0x7a, 0x94, 0x68, 0x78, 0x91, 0x69, 0x6c, 0x84, 0x62,
    0x69, 0x80, 0x61, 0x6e, 0x82, 0x66, 0x5a, 0x6e, 0x51, 0x2a, 0x3d, 0x1e,
    0x47, 0x59, 0x34, 0x7a, 0x8e, 0x66, 0x72, 0x8d, 0x62, 0x78, 0x96, 0x64,
    0x74, 0x96, 0x5a, 0x72, 0x96, 0x55, 0x72, 0x9a, 0x55, 0x58, 0x7f, 0x3c,
    0x44, 0x69, 0x28, 0x5f, 0x82, 0x43, 0x78, 0x9c, 0x5b, 0x6a, 0x8e, 0x4e,
    0x6e, 0x91, 0x59, 0x67, 0x89, 0x5a, 0x67, 0x88, 0x5c, 0x6b, 0x8d, 0x57,
    0x65, 0x85, 0x54, 0x69, 0x84, 0x5b, 0x76, 0x84, 0x60, 0x51, 0x4e, 0x2d,
    0x50, 0x3e, 0x1a, 0x6d, 0x52, 0x2f, 0x8c, 0x6f, 0x4d, 0x8a, 0x6a, 0x47,
    0x94, 0x73, 0x4f, 0x9b, 0x7d, 0x56, 0x8c, 0x73, 0x4a, 0x92, 0x7d, 0x52,
    0x92, 0x82, 0x53, 0x85, 0x76, 0x46, 0x8f, 0x7e, 0x51, 0x8f, 0x7d, 0x52,
    0x77, 0x64, 0x3a, 0x61, 0x4b, 0x24, 0x68, 0x52, 0x28, 0x83, 0x6a, 0x3f,
    0x7e, 0x60, 0x3b, 0x79, 0x5b, 0x3a, 0x8c, 0x76, 0x53, 0x81, 0x79, 0x4e,
    0x7d, 0x81, 0x4f, 0x93, 0xa1, 0x6f, 0x99, 0xab, 0x7a, 0x84, 0x95, 0x66,
    0x89, 0x9a, 0x6d, 0x6e, 0x7f, 0x52, 0x5e, 0x6f, 0x43, 0x70, 0x81, 0x47,
    0x9e, 0xb2, 0x5a, 0xa2, 0xbc, 0x65, 0xa7, 0xc4, 0x7c, 0x9b, 0xb9, 0x81,
    0x9b, 0xb8, 0x81, 0x9e, 0xbb, 0x78, 0x9e, 0xb8, 0x6f, 0xa0, 0xb7, 0x70,
    0xa2, 0xb8, 0x74, 0x9e, 0xb2, 0x71, 0x8e, 0xa1, 0x64, 0x94, 0xa6, 0x6c,
    0x95, 0xa6, 0x6e, 0x82, 0x95, 0x5d, 0x7a, 0x8c, 0x5a, 0x78, 0x89, 0x5d,
    0x72, 0x83, 0x54, 0x64, 0x77, 0x40, 0x62, 0x77, 0x34, 0x81, 0x93, 0x45,
    0x9b, 0xaa, 0x56, 0x9d, 0xac, 0x57, 0x9e, 0xae, 0x57, 0x9f, 0xb1, 0x56,
    0x9e, 0xb1, 0x53, 0x9e, 0xb1, 0x52, 0xa0, 0xb1, 0x53, 0xa0, 0xb1, 0x53,
    0xa0, 0xb1, 0x53, 0xa0, 0xb1, 0x53, 0xa0, 0xb1, 0x53, 0xa0, 0xb1, 0x53,
    0xa1, 0xb0, 0x53, 0xa1, 0xb0, 0x53, 0xa1, 0xb0, 0x53, 0xa1, 0xb0, 0x53,
    0xa1, 0xb0, 0x53, 0xa1, 0xb0, 0x53, 0xa1, 0xb0, 0x53, 0xa2, 0xb1, 0x54,
    0xa2, 0xb1, 0x54, 0xa2, 0xb1, 0x54, 0xa2, 0xb1, 0x54, 0xa2, 0xb1, 0x54,
    0xa2, 0xb1, 0x54, 0xa2, 0xb1, 0x56, 0xa3, 0xb1, 0x59, 0xa3, 0xb1, 0x59,
    0xa3, 0xb1, 0x59, 0xa3, 0xb1, 0x59, 0xa3, 0xb1, 0x59, 0xa3, 0xb1, 0x59,
    0xa3, 0xb1, 0x5a, 0xa3, 0xb1, 0x5a, 0xa3, 0xb1, 0x5a, 0xa3, 0xb1, 0x5a,
    0xa3, 0xb1, 0x5a, 0xa3, 0xb1, 0x5a, 0xa3, 0xb1, 0x5a, 0xa3, 0xb1, 0x5a,
    0xa3, 0xb1, 0x5a, 0xa3, 0xb1, 0x5a, 0xa3, 0xb1, 0x5a, 0xa3, 0xb1, 0x5a,
    0xa3, 0xb1, 0x5a, 0xa3, 0xb1, 0x5a, 0xa3, 0xb1, 0x5a, 0xa3, 0xb1, 0x5a,
    0xa3, 0xb1, 0x5a, 0xa2, 0xb0, 0x59, 0xa2, 0xb0, 0x59, 0xa2, 0xb0, 0x59,
    0xa4, 0xb0, 0x5a, 0xa4, 0xb0, 0x5a, 0xa4, 0xb0, 0x5a, 0xa4, 0xb0, 0x5a,
    0xa4, 0xb0, 0x5a, 0xa4, 0xb0, 0x5a, 0xa6, 0xb0, 0x56, 0xa7, 0xb0, 0x53,
    0xa7, 0xb0, 0x53, 0xa7, 0xb0, 0x53, 0xa8, 0xb1, 0x54, 0xa8, 0xb1, 0x54,
    0xa8, 0xb1, 0x54, 0xaa, 0xb1, 0x52, 0xaa, 0xb1, 0x52, 0xaa, 0xb1, 0x52,
    0xaa, 0xb1, 0x52, 0xaa, 0xb1, 0x52, 0xaa, 0xb1, 0x52, 0xab, 0xb1, 0x53,
    0xac, 0xb1, 0x53, 0xac, 0xb1, 0x53, 0xac, 0xb1, 0x53, 0xac, 0xb1, 0x53,
    0xac, 0xb1, 0x53, 0xac, 0xb1, 0x53, 0xad, 0xb2, 0x54, 0xad, 0xb2, 0x54,
    0xad, 0xb2, 0x54, 0xad, 0xb2, 0x54, 0xad, 0xb2, 0x54, 0xad, 0xb2, 0x54,
    0xad, 0xb2, 0x53, 0xad, 0xb3, 0x53, 0xad, 0xb3, 0x53, 0xae, 0xb4, 0x54,
    0xaf, 0xb5, 0x55, 0xb0, 0xb6, 0x56, 0xb0, 0xb6, 0x56, 0xb2, 0xb6, 0x57,
    0xb2, 0xb6, 0x57, 0xb2, 0xb6, 0x57, 0xb2, 0xb6, 0x57, 0xb2, 0xb6, 0x57,
    0xb2, 0xb6, 0x57, 0xb2, 0xb6, 0x56, 0xb0, 0xb4, 0x55, 0xb0, 0xb3, 0x56,
    0xb0, 0xb1, 0x5a, 0xb0, 0xae, 0x5c, 0xb1, 0xad, 0x5f, 0xb2, 0xac, 0x62,
    0xb2, 0xa8, 0x64, 0xae, 0xa3, 0x64, 0xaa, 0x9c, 0x64, 0xa6, 0x95, 0x64,
    0x9f, 0x8c, 0x62, 0x99, 0x83, 0x5f, 0x95, 0x7e, 0x5d, 0x91, 0x79, 0x58,
    0xb3, 0xb8, 0x5a, 0xb3, 0xb8, 0x5a, 0xb3, 0xb8, 0x5a, 0xb2, 0xb7, 0x59,
    0xb2, 0xb7, 0x59, 0xb2, 0xb7, 0x59, 0xb2, 0xb7, 0x59, 0xb2, 0xb7, 0x59,
    0xb2, 0xb7, 0x59, 0xb2, 0xb7, 0x59, 0xb1, 0xb6, 0x58, 0xb1, 0xb6, 0x58,
    0xb1, 0xb6, 0x58, 0xb2, 0xb6, 0x58, 0xb2, 0xb6, 0x58, 0xb2, 0xb6, 0x58,
    0xb2, 0xb6, 0x58, 0xb2, 0xb6, 0x58, 0xb2, 0xb6, 0x58, 0xb2, 0xb6, 0x59,
    0xb1, 0xb6, 0x5a, 0xb1, 0xb6, 0x5a, 0xb1, 0xb6, 0x5a, 0xb1, 0xb6, 0x5a,
    0xb1, 0xb6, 0x5a, 0xb1, 0xb6, 0x5a, 0xaf, 0xb6, 0x5a, 0xad, 0xb6, 0x58,
    0xae, 0xb6, 0x57, 0xac, 0xb7, 0x5f, 0xa2, 0xb0, 0x6a, 0x93, 0xa7, 0x75,
    0x90, 0xa7, 0x7f, 0x98, 0xb1, 0x89, 0x7c, 0x96, 0x6a, 0x7b, 0x95, 0x66,
    0x8f, 0xa9, 0x7a, 0x78, 0x92, 0x66, 0x70, 0x89, 0x60, 0x6f, 0x87, 0x63,
    0x63, 0x7b, 0x5a, 0x61, 0x76, 0x59, 0x52, 0x66, 0x47, 0x32, 0x46, 0x23,
    0x66, 0x78, 0x51, 0x72, 0x88, 0x5c, 0x6e, 0x8a, 0x5e, 0x6f, 0x8e, 0x5c,
    0x70, 0x92, 0x56, 0x6b, 0x8f, 0x4e, 0x7d, 0xa5, 0x60, 0x68, 0x8f, 0x4c,
    0x4c, 0x71, 0x31, 0x62, 0x87, 0x47, 0x7b, 0xa1, 0x5d, 0x64, 0x8b, 0x4a,
    0x65, 0x8c, 0x52, 0x5f, 0x84, 0x55, 0x60, 0x85, 0x58, 0x5e, 0x81, 0x4b,
    0x5c, 0x7e, 0x4c, 0x79, 0x94, 0x6b, 0x6c, 0x79, 0x56, 0x47, 0x44, 0x23,
    0x50, 0x40, 0x1a, 0x69, 0x50, 0x2c, 0x85, 0x68, 0x46, 0x89, 0x68, 0x45,
    0x91, 0x70, 0x4c, 0x96, 0x78, 0x51, 0x98, 0x7f, 0x56, 0x97, 0x83, 0x57,
    0x9f, 0x8f, 0x5f, 0x9a, 0x8b, 0x5b, 0x93, 0x83, 0x55, 0x76, 0x64, 0x39,
    0x5f, 0x4b, 0x23, 0x5e, 0x48, 0x21, 0x74, 0x5e, 0x34, 0x9b, 0x84, 0x59,
    0xa2, 0x87, 0x61, 0xac, 0x8f, 0x6f, 0xb1, 0x9d, 0x7b, 0x9e, 0x98, 0x6f,
    0x88, 0x8d, 0x5e, 0x79, 0x89, 0x58, 0x7f, 0x91, 0x61, 0x7b, 0x8c, 0x5d,
    0x6c, 0x7d, 0x50, 0x6a, 0x7b, 0x4f, 0x5e, 0x6f, 0x43, 0x76, 0x88, 0x4e,
    0x9f, 0xb6, 0x5c, 0xa3, 0xbf, 0x69, 0xa6, 0xc7, 0x81, 0x9e, 0xbe, 0x87,
    0x99, 0xb6, 0x7d, 0xa4, 0xbf, 0x78, 0x9d, 0xb7, 0x6b, 0xa3, 0xbb, 0x72,
    0x9a, 0xb1, 0x6b, 0x96, 0xab, 0x6a, 0x96, 0xa9, 0x6c, 0x91, 0xa2, 0x6a,
    0x93, 0xa4, 0x6d, 0x81, 0x94, 0x5d, 0x78, 0x8a, 0x59, 0x77, 0x88, 0x5b,
    0x69, 0x7a, 0x49, 0x60, 0x74, 0x37, 0x6f, 0x85, 0x3b, 0x92, 0xa4, 0x51,
    0x9e, 0xac, 0x57, 0x9e, 0xae, 0x57, 0x9f, 0xaf, 0x57, 0xa0, 0xb1, 0x57,
    0x9f, 0xb2, 0x54, 0x9f, 0xb2, 0x53, 0xa0, 0xb1, 0x53, 0xa0, 0xb1, 0x53,
    0xa0, 0xb1, 0x53, 0xa0, 0xb1, 0x53, 0xa0, 0xb1, 0x53, 0xa0, 0xb1, 0x53,
    0xa1, 0xb0, 0x53, 0xa1, 0xb0, 0x53, 0xa1, 0xb0, 0x53, 0xa1, 0xb0, 0x53,
    0xa1, 0xb0, 0x53, 0xa1, 0xb0, 0x53, 0xa1, 0xb0, 0x53, 0xa2, 0xb1, 0x54,
    0xa2, 0xb1, 0x54, 0xa2, 0xb1, 0x54, 0xa2, 0xb1, 0x54, 0xa2, 0xb1, 0x54,
    0xa2, 0xb1, 0x54, 0xa2, 0xb1, 0x56, 0xa3, 0xb1, 0x59, 0xa3, 0xb1, 0x59,
    0xa3, 0xb1, 0x59, 0xa4, 0xb2, 0x5a, 0xa4, 0xb2, 0x5a, 0xa4, 0xb2, 0x5a,
    0xa3, 0xb1, 0x5a, 0xa3, 0xb1, 0x5a, 0xa3, 0xb1, 0x5a, 0xa3, 0xb1, 0x5a,
    0xa3, 0xb1, 0x5a, 0xa3, 0xb1, 0x5a, 0xa3, 0xb1, 0x5a, 0xa4, 0xb2, 0x5b,
    0xa4, 0xb2, 0x5b, 0xa4, 0xb2, 0x5b, 0xa4, 0xb2, 0x5b, 0xa4, 0xb2, 0x5b,
    0xa4, 0xb2, 0x5b, 0xa4, 0xb2, 0x5b, 0xa4, 0xb2, 0x5b, 0xa4, 0xb2, 0x5b,
    0xa3, 0xb1, 0x5a, 0xa2, 0xb0, 0x59, 0xa2, 0xb0, 0x59, 0xa2, 0xb0, 0x59,
    0xa4, 0xb0, 0x5a, 0xa4, 0xb0, 0x5a, 0xa4, 0xb0, 0x5a, 0xa4, 0xb0, 0x5a,
    0xa4, 0xb0, 0x5a, 0xa4, 0xb0, 0x5a, 0xa6, 0xb0, 0x56, 0xa7, 0xb0, 0x53,
    0xa7, 0xb0, 0x53, 0xa7, 0xb0, 0x53, 0xa8, 0xb1, 0x54, 0xa8, 0xb1, 0x54,
    0xa8, 0xb1, 0x54, 0xaa, 0xb1, 0x52, 0xaa, 0xb1, 0x52, 0xaa, 0xb1, 0x52,
    0xaa, 0xb1, 0x52, 0xaa, 0xb1, 0x52, 0xaa, 0xb1, 0x52, 0xab, 0xb1, 0x53,
    0xac, 0xb1, 0x53, 0xac, 0xb1, 0x53, 0xac, 0xb1, 0x53, 0xac, 0xb1, 0x53,
    0xac, 0xb1, 0x53, 0xac, 0xb1, 0x53, 0xad, 0xb2, 0x54, 0xad, 0xb2, 0x54,
    0xad, 0xb2, 0x54, 0xad, 0xb2, 0x54, 0xad, 0xb2, 0x54, 0xad, 0xb2, 0x54,
    0xad, 0xb2, 0x53, 0xad, 0xb3, 0x53, 0xad, 0xb3, 0x53, 0xae, 0xb4, 0x54,
    0xaf, 0xb5, 0x55, 0xb0, 0xb6, 0x56, 0xb0, 0xb6, 0x56, 0xb2, 0xb6, 0x57,
    0xb2, 0xb6, 0x57, 0xb2, 0xb6, 0x57, 0xb2, 0xb6, 0x57, 0xb2, 0xb6, 0x57,
    0xb2, 0xb6, 0x57, 0xb2, 0xb6, 0x56, 0xb1, 0xb5, 0x55, 0xb1, 0xb5, 0x57,
    0xb1, 0xb2, 0x59, 0xb1, 0xaf, 0x5c, 0xb2, 0xae, 0x5f, 0xb3, 0xad, 0x62,
    0xb2, 0xa9, 0x62, 0xae, 0xa3, 0x62, 0xaa, 0x9d, 0x62, 0xa6, 0x95, 0x63,
    0x9f, 0x8c, 0x61, 0x99, 0x83, 0x5f, 0x95, 0x7e, 0x5d, 0x91, 0x79, 0x57,
    0xb3, 0xb8, 0x5a, 0xb3, 0xb8, 0x5a, 0xb3, 0xb8, 0x5a, 0xb2, 0xb7, 0x5a,
    0xb2, 0xb7, 0x5a, 0xb2, 0xb7, 0x5a, 0xb2, 0xb7, 0x5a, 0xb2, 0xb7, 0x5a,
    0xb2, 0xb7, 0x5a, 0xb2, 0xb7, 0x5a, 0xb1, 0xb6, 0x59, 0xb1, 0xb6, 0x59,
    0xb1, 0xb6, 0x59, 0xb2, 0xb6, 0x59, 0xb2, 0xb6, 0x59, 0xb2, 0xb6, 0x59,
    0xb2, 0xb6, 0x59, 0xb2, 0xb6, 0x59, 0xb2, 0xb6, 0x59, 0xb1, 0xb6, 0x5a,
    0xb1, 0xb6, 0x5b, 0xb1, 0xb6, 0x5b, 0xb1, 0xb6, 0x5b, 0xb1, 0xb6, 0x5b,
    0xb1, 0xb6, 0x5b, 0xb1, 0xb6, 0x5b, 0xae, 0xb6, 0x59, 0xad, 0xb7, 0x59,
    0xad, 0xb7, 0x5a, 0xab, 0xb5, 0x63, 0xa1, 0xb0, 0x6e, 0x91, 0xa5, 0x77,
    0x8e, 0xa5, 0x7f, 0x8c, 0xa5, 0x7d, 0x7f, 0x98, 0x6d, 0x81, 0x9b, 0x6e,
    0x81, 0x9b, 0x6d, 0x84, 0x9d, 0x72, 0x72, 0x8b, 0x62, 0x68, 0x7f, 0x59,
    0x64, 0x7c, 0x58, 0x63, 0x7b, 0x5d, 0x51, 0x65, 0x45, 0x3f, 0x52, 0x21,
    0x7a, 0x8d, 0x56, 0x66, 0x7c, 0x50, 0x59, 0x75, 0x4c, 0x66, 0x85, 0x56,
    0x6c, 0x90, 0x56, 0x63, 0x89, 0x4a, 0x79, 0x9f, 0x5e, 0x62, 0x88, 0x47,
    0x6f, 0x95, 0x52, 0x62, 0x88, 0x45, 0x74, 0x99, 0x59, 0x63, 0x88, 0x4a,
    0x56, 0x7a, 0x41, 0x4d, 0x6f, 0x41, 0x4b, 0x6e, 0x44, 0x4f, 0x72, 0x40,
    0x61, 0x83, 0x54, 0x7a, 0x96, 0x6d, 0x6a, 0x79, 0x55, 0x44, 0x42, 0x20,
    0x4c, 0x3c, 0x18, 0x5d, 0x45, 0x20, 0x74, 0x59, 0x34, 0x7e, 0x62, 0x3d,
    0x83, 0x66, 0x40, 0x88, 0x6e, 0x47, 0x9f, 0x88, 0x5f, 0x9b, 0x87, 0x5d,
    0xa2, 0x92, 0x62, 0xb4, 0xa4, 0x75, 0x94, 0x82, 0x56, 0x70, 0x5b, 0x33,
    0x7e, 0x67, 0x41, 0x89, 0x70, 0x4a, 0x9e, 0x87, 0x5f, 0xbe, 0xa9, 0x7f,
    0xd1, 0xb9, 0x97, 0xd5, 0xbe, 0xa2, 0xd2, 0xc2, 0xa6, 0xb6, 0xb2, 0x8f,
    0x94, 0x9b, 0x71, 0x83, 0x93, 0x64, 0x73, 0x85, 0x55, 0x84, 0x97, 0x66,
    0x80, 0x92, 0x64, 0x79, 0x8a, 0x5d, 0x69, 0x78, 0x47, 0x7f, 0x91, 0x4f,
    0xa0, 0xb9, 0x5e, 0x9c, 0xbd, 0x6a, 0x99, 0xbd, 0x79, 0x94, 0xb5, 0x7a,
    0x96, 0xb4, 0x74, 0x95, 0xb2, 0x68, 0x97, 0xb4, 0x69, 0xa4, 0xc0, 0x73,
    0x93, 0xad, 0x65, 0x9e, 0xb3, 0x77, 0x9b, 0xad, 0x72, 0x8f, 0x9e, 0x66,
    0x93, 0xa1, 0x6f, 0x7d, 0x8f, 0x5a, 0x79, 0x8a, 0x5b, 0x75, 0x85, 0x5b,
    0x66, 0x77, 0x46, 0x64, 0x78, 0x35, 0x80, 0x95, 0x43, 0x9c, 0xad, 0x55,
    0xa0, 0xae, 0x57, 0xa1, 0xb0, 0x59, 0xa1, 0xb0, 0x59, 0xa1, 0xb1, 0x59,
    0xa0, 0xb1, 0x56, 0xa0, 0xb1, 0x54, 0xa1, 0xb1, 0x52, 0xa1, 0xb2, 0x52,
    0xa1, 0xb1, 0x52, 0xa1, 0xb1, 0x52, 0xa1, 0xb1, 0x53, 0xa1, 0xb0, 0x53,
    0xa1, 0xb0, 0x53, 0xa1, 0xb0, 0x54, 0xa1, 0xb0, 0x54, 0xa1, 0xb0, 0x54,
    0xa1, 0xb0, 0x55, 0xa1, 0xb0, 0x55, 0xa2, 0xb0, 0x55, 0xa2, 0xb1, 0x54,
    0xa2, 0xb1, 0x54, 0xa2, 0xb1, 0x54, 0xa2, 0xb1, 0x54, 0xa2, 0xb1, 0x54,
    0xa2, 0xb1, 0x54, 0xa2, 0xb1, 0x56, 0xa3, 0xb1, 0x59, 0xa3, 0xb1, 0x59,
    0xa3, 0xb1, 0x59, 0xa4, 0xb2, 0x5a, 0xa4, 0xb2, 0x5a, 0xa4, 0xb2, 0x5a,
    0xa4, 0xb1, 0x5a, 0xa4, 0xb1, 0x5a, 0xa4, 0xb1, 0x5a, 0xa4, 0xb2, 0x5a,
    0xa4, 0xb2, 0x5a, 0xa4, 0xb2, 0x5a, 0xa4, 0xb1, 0x5a, 0xa4, 0xb2, 0x5b,
    0xa4, 0xb2, 0x5b, 0xa4, 0xb2, 0x5b, 0xa4, 0xb2, 0x5b, 0xa4, 0xb2, 0x5b,
    0xa4, 0xb2, 0x5b, 0xa4, 0xb2, 0x5b, 0xa4, 0xb2, 0x5b, 0xa4, 0xb2, 0x5b,
    0xa4, 0xb1, 0x5a, 0xa3, 0xb0, 0x59, 0xa3, 0xb0, 0x59, 0xa3, 0xb0, 0x59,
    0xa4, 0xb0, 0x5a, 0xa4, 0xb0, 0x5a, 0xa4, 0xb0, 0x5a, 0xa4, 0xb1, 0x5a,
    0xa4, 0xb1, 0x5a, 0xa4, 0xb1, 0x5a, 0xa6, 0xb0, 0x58, 0xa7, 0xb0, 0x56,
    0xa7, 0xb0, 0x55, 0xa7, 0xb0, 0x55, 0xa8, 0xb1, 0x55, 0xa8, 0xb1, 0x55,
    0xa8, 0xb1, 0x54, 0xaa, 0xb1, 0x53, 0xaa, 0xb1, 0x53, 0xaa, 0xb1, 0x53,
    0xaa, 0xb1, 0x53, 0xaa, 0xb1, 0x53, 0xaa, 0xb1, 0x53, 0xab, 0xb1, 0x54,
    0xac, 0xb1, 0x54, 0xac, 0xb1, 0x54, 0xac, 0xb1, 0x54, 0xac, 0xb1, 0x54,
    0xac, 0xb1, 0x54, 0xac, 0xb1, 0x54, 0xad, 0xb2, 0x54, 0xad, 0xb2, 0x54,
    0xad, 0xb2, 0x54, 0xad, 0xb2, 0x54, 0xad, 0xb2, 0x54, 0xad, 0xb2, 0x54,
    0xad, 0xb2, 0x53, 0xad, 0xb3, 0x53, 0xad, 0xb3, 0x53, 0xae, 0xb4, 0x54,
    0xaf, 0xb5, 0x55, 0xb0, 0xb6, 0x56, 0xb0, 0xb6, 0x56, 0xb2, 0xb6, 0x57,
    0xb2, 0xb6, 0x57, 0xb2, 0xb6, 0x57, 0xb2, 0xb6, 0x57, 0xb2, 0xb6, 0x57,
    0xb2, 0xb6, 0x57, 0xb2, 0xb7, 0x55, 0xb2, 0xb7, 0x54, 0xb2, 0xb6, 0x57,
    0xb2, 0xb3, 0x59, 0xb1, 0xb0, 0x5c, 0xb2, 0xae, 0x5f, 0xb3, 0xac, 0x62,
    0xb1, 0xaa, 0x62, 0xaf, 0xa4, 0x61, 0xab, 0x9d, 0x60, 0xa5, 0x96, 0x61,
    0xa0, 0x8d, 0x60, 0x9a, 0x84, 0x5d, 0x95, 0x7e, 0x5a, 0x90, 0x79, 0x56,
    0xb2, 0xb7, 0x5b, 0xb2, 0xb7, 0x5b, 0xb2, 0xb7, 0x5b, 0xb3, 0xb8, 0x5c,
    0xb3, 0xb8, 0x5c, 0xb3, 0xb8, 0x5c, 0xb3, 0xb8, 0x5c, 0xb2, 0xb7, 0x5b,
    0xb2, 0xb7, 0x5b, 0xb2, 0xb7, 0x5b, 0xb2, 0xb7, 0x5b, 0xb2, 0xb7, 0x5b,
    0xb2, 0xb7, 0x5b, 0xb2, 0xb7, 0x5b, 0xb2, 0xb7, 0x5b, 0xb2, 0xb7, 0x5b,
    0xb1, 0xb6, 0x5a, 0xb1, 0xb6, 0x5a, 0xb1, 0xb6, 0x5a, 0xb1, 0xb6, 0x5b,
    0xb0, 0xb6, 0x5c, 0xb0, 0xb6, 0x5c, 0xb0, 0xb6, 0x5c, 0xb0, 0xb6, 0x5c,
    0xb0, 0xb6, 0x5c, 0xb0, 0xb6, 0x5c, 0xae, 0xb7, 0x5a, 0xad, 0xb8, 0x5a,
    0xad, 0xb7, 0x5e, 0xab, 0xb6, 0x69, 0x9f, 0xae, 0x73, 0x8f, 0xa2, 0x79,
    0x88, 0x9f, 0x7c, 0x78, 0x91, 0x68, 0x8a, 0xa3, 0x79, 0x89, 0xa2, 0x77,
    0x79, 0x92, 0x67, 0x7d, 0x96, 0x6c, 0x77, 0x8f, 0x66, 0x72, 0x87, 0x5e,
    0x73, 0x8b, 0x64, 0x6c, 0x85, 0x6b, 0x4d, 0x60, 0x41, 0x4d, 0x5f, 0x16,
    0x8c, 0xa0, 0x52, 0x70, 0x87, 0x5c, 0x54, 0x6f, 0x4a, 0x52, 0x71, 0x46,
    0x51, 0x76, 0x41, 0x5e, 0x86, 0x4a, 0x71, 0x94, 0x59, 0x5d, 0x7d, 0x43,
    0x7d, 0xa1, 0x5c, 0x68, 0x8d, 0x48, 0x61, 0x83, 0x4a, 0x5f, 0x7f, 0x49,
    0x53, 0x71, 0x3a, 0x55, 0x71, 0x44, 0x51, 0x6d, 0x49, 0x5a, 0x7c, 0x51,
    0x69, 0x8c, 0x62, 0x6a, 0x88, 0x5f, 0x6f, 0x80, 0x5a, 0x42, 0x41, 0x1d,
    0x47, 0x36, 0x14, 0x56, 0x3e, 0x19, 0x66, 0x50, 0x26, 0x73, 0x5c, 0x33,
    0x74, 0x5e, 0x35, 0x81, 0x6c, 0x45, 0x94, 0x80, 0x5a, 0x9b, 0x88, 0x61,
    0x9d, 0x8c, 0x5e, 0xa1, 0x8e, 0x63, 0x8b, 0x76, 0x50, 0x94, 0x7c, 0x5a,
    0xae, 0x94, 0x72, 0xbb, 0x9e, 0x7a, 0xb9, 0xa0, 0x79, 0xcd, 0xba, 0x95,
    0xda, 0xc8, 0xad, 0xdb, 0xca, 0xb8, 0xd8, 0xce, 0xbb, 0xb0, 0xb2, 0x95,
    0x8f, 0x99, 0x74, 0xa2, 0xb1, 0x88, 0x89, 0x9b, 0x6b, 0x8e, 0xa3, 0x6f,
    0x83, 0x96, 0x67, 0x6a, 0x7b, 0x4b, 0x63, 0x72, 0x35, 0x8b, 0x9b, 0x4b,
    0x9c, 0xb5, 0x5b, 0x94, 0xb8, 0x6c, 0x9c, 0xc3, 0x83, 0x9d, 0xbf, 0x7c,
    0x9c, 0xba, 0x72, 0x95, 0xb8, 0x6d, 0x9c, 0xbd, 0x77, 0x93, 0xb6, 0x63,
    0x94, 0xb5, 0x69, 0x9f, 0xb8, 0x82, 0x96, 0xaa, 0x6f, 0x89, 0x95, 0x5c,
    0x99, 0xa2, 0x79, 0x85, 0x97, 0x64, 0x7a, 0x8c, 0x5f, 0x70, 0x80, 0x57,
    0x66, 0x76, 0x43, 0x7b, 0x8d, 0x44, 0x96, 0xaa, 0x4c, 0xa0, 0xb1, 0x53,
    0xa2, 0xb0, 0x58, 0xa2, 0xb0, 0x58, 0xa2, 0xb0, 0x58, 0xa2, 0xb0, 0x58,
    0xa1, 0xaf, 0x57, 0xa0, 0xae, 0x54, 0xa2, 0xb0, 0x4f, 0xa2, 0xb0, 0x4e,
    0xa2, 0xb0, 0x4f, 0xa3, 0xb1, 0x50, 0xa3, 0xb1, 0x52, 0xa3, 0xb1, 0x52,
    0xa2, 0xb1, 0x53, 0xa2, 0xb1, 0x56, 0xa2, 0xb1, 0x56, 0xa2, 0xb0, 0x57,
    0xa1, 0xaf, 0x57, 0xa2, 0xb0, 0x58, 0xa3, 0xb1, 0x59, 0xa2, 0xb1, 0x55,
    0xa2, 0xb1, 0x54, 0xa2, 0xb1, 0x54, 0xa3, 0xb2, 0x55, 0xa3, 0xb2, 0x55,
    0xa3, 0xb2, 0x55, 0xa3, 0xb2, 0x57, 0xa4, 0xb2, 0x5a, 0xa4, 0xb2, 0x5a,
    0xa4, 0xb2, 0x5a, 0xa4, 0xb2, 0x5a, 0xa4, 0xb2, 0x5a, 0xa4, 0xb2, 0x5a,
    0xa5, 0xb2, 0x5a, 0xa5, 0xb2, 0x5a, 0xa5, 0xb2, 0x5a, 0xa6, 0xb3, 0x5b,
    0xa6, 0xb3, 0x5b, 0xa6, 0xb3, 0x5b, 0xa6, 0xb2, 0x5b, 0xa5, 0xb1, 0x5b,
    0xa5, 0xb1, 0x5b, 0xa5, 0xb1, 0x5b, 0xa5, 0xb1, 0x5b, 0xa5, 0xb1, 0x5b,
    0xa5, 0xb1, 0x5b, 0xa5, 0xb2, 0x5a, 0xa5, 0xb2, 0x5a, 0xa5, 0xb2, 0x5a,
    0xa5, 0xb2, 0x5a, 0xa4, 0xb1, 0x59, 0xa4, 0xb1, 0x59, 0xa4, 0xb1, 0x59,
    0xa4, 0xb1, 0x59, 0xa4, 0xb1, 0x59, 0xa4, 0xb1, 0x59, 0xa5, 0xb2, 0x5a,
    0xa5, 0xb2, 0x5a, 0xa5, 0xb2, 0x5a, 0xa7, 0xb1, 0x5b, 0xa8, 0xb0, 0x5b,
    0xa8, 0xb0, 0x59, 0xa8, 0xb0, 0x59, 0xa8, 0xb1, 0x58, 0xa8, 0xb1, 0x57,
    0xa8, 0xb1, 0x56, 0xab, 0xb2, 0x55, 0xab, 0xb2, 0x55, 0xab, 0xb2, 0x55,
    0xab, 0xb2, 0x55, 0xab, 0xb2, 0x55, 0xab, 0xb2, 0x55, 0xab, 0xb2, 0x55,
    0xab, 0xb2, 0x55, 0xab, 0xb2, 0x55, 0xab, 0xb2, 0x55, 0xab, 0xb2, 0x55,
    0xab, 0xb2, 0x55, 0xab, 0xb2, 0x55, 0xad, 0xb2, 0x54, 0xad, 0xb2, 0x54,
    0xad, 0xb2, 0x54, 0xad, 0xb2, 0x54, 0xad, 0xb2, 0x54, 0xad, 0xb2, 0x54,
    0xad, 0xb2, 0x53, 0xad, 0xb3, 0x53, 0xad, 0xb3, 0x53, 0xae, 0xb4, 0x54,
    0xaf, 0xb5, 0x55, 0xb0, 0xb6, 0x56, 0xb0, 0xb6, 0x56, 0xb2, 0xb6, 0x57,
    0xb2, 0xb6, 0x57, 0xb2, 0xb6, 0x57, 0xb2, 0xb6, 0x57, 0xb2, 0xb6, 0x57,
    0xb2, 0xb6, 0x57, 0xb2, 0xb7, 0x55, 0xb2, 0xb7, 0x53, 0xb3, 0xb5, 0x55,
    0xb3, 0xb3, 0x5a, 0xb3, 0xb1, 0x5e, 0xb2, 0xae, 0x60, 0xb2, 0xab, 0x62,
    0xb3, 0xa9, 0x62, 0xb0, 0xa5, 0x61, 0xac, 0x9e, 0x5f, 0xa7, 0x96, 0x5f,
    0xa1, 0x8d, 0x5e, 0x9b, 0x86, 0x5c, 0x94, 0x7d, 0x57, 0x90, 0x7a, 0x53,
    0xb2, 0xb7, 0x5b, 0xb2, 0xb7, 0x5b, 0xb2, 0xb7, 0x5b, 0xb3, 0xb8, 0x5c,
    0xb3, 0xb8, 0x5c, 0xb3, 0xb8, 0x5c, 0xb3, 0xb8, 0x5c, 0xb2, 0xb7, 0x5b,
    0xb2, 0xb7, 0x5b, 0xb2, 0xb7, 0x5b, 0xb2, 0xb7, 0x5b, 0xb2, 0xb7, 0x5b,
    0xb2, 0xb7, 0x5b, 0xb2, 0xb7, 0x5b, 0xb2, 0xb7, 0x5b, 0xb2, 0xb7, 0x5b,
    0xb1, 0xb6, 0x5a, 0xb1, 0xb6, 0x5a, 0xb1, 0xb6, 0x5a, 0xb1, 0xb6, 0x5b,
    0xb0, 0xb6, 0x5c, 0xb0, 0xb6, 0x5c, 0xb0, 0xb6, 0x5c, 0xb0, 0xb6, 0x5c,
    0xb0, 0xb6, 0x5c, 0xaf, 0xb6, 0x5b, 0xad, 0xb7, 0x59, 0xac, 0xb7, 0x59,
    0xac, 0xb6, 0x5e, 0xa7, 0xb2, 0x66, 0x9d, 0xab, 0x72, 0x8e, 0xa2, 0x7a,
    0x87, 0x9e, 0x7b, 0x8a, 0xa3, 0x79, 0x81, 0x9a, 0x70, 0x81, 0x9a, 0x70,
    0x8e, 0xa7, 0x7d, 0x7b, 0x94, 0x6a, 0x79, 0x91, 0x67, 0x7a, 0x8d, 0x65,
    0x6e, 0x85, 0x5e, 0x68, 0x81, 0x67, 0x4c, 0x60, 0x3e, 0x5a, 0x6c, 0x1f,
    0x94, 0xa9, 0x57, 0x79, 0x91, 0x65, 0x70, 0x8b, 0x67, 0x68, 0x88, 0x5b,
    0x60, 0x85, 0x4f, 0x57, 0x7f, 0x43, 0x51, 0x75, 0x38, 0x62, 0x82, 0x47,
    0x7c, 0x9d, 0x5c, 0x6f, 0x94, 0x53, 0x45, 0x66, 0x31, 0x56, 0x76, 0x42,
    0x6b, 0x88, 0x53, 0x6c, 0x87, 0x5a, 0x66, 0x82, 0x5d, 0x69, 0x8a, 0x61,
    0x6c, 0x8e, 0x64, 0x63, 0x81, 0x58, 0x6e, 0x80, 0x59, 0x3e, 0x3d, 0x19,
    0x44, 0x33, 0x10, 0x57, 0x40, 0x1a, 0x66, 0x4f, 0x25, 0x6b, 0x55, 0x2b,
    0x71, 0x5a, 0x32, 0x81, 0x6b, 0x44, 0x85, 0x6e, 0x49, 0x90, 0x7b, 0x55,
    0x8d, 0x79, 0x4e, 0x7e, 0x6a, 0x42, 0x91, 0x7a, 0x57, 0xb5, 0x9e, 0x7d,
    0xc6, 0xad, 0x8d, 0xcf, 0xb5, 0x91, 0xbc, 0xa5, 0x80, 0xcd, 0xbb, 0x98,
    0xdd, 0xcb, 0xb1, 0xe2, 0xd1, 0xc0, 0xd7, 0xcf, 0xbb, 0xa8, 0xab, 0x8c,
    0x82, 0x8d, 0x66, 0x87, 0x96, 0x6d, 0x80, 0x91, 0x61, 0x75, 0x88, 0x56,
    0x6c, 0x80, 0x51, 0x5b, 0x6b, 0x3b, 0x61, 0x6e, 0x2f, 0x92, 0xa1, 0x50,
    0x96, 0xaf, 0x58, 0x8e, 0xb4, 0x6c, 0x9d, 0xc5, 0x86, 0x9c, 0xbf, 0x7c,
    0x9b, 0xba, 0x70, 0x92, 0xb6, 0x6b, 0x9e, 0xc0, 0x79, 0x96, 0xba, 0x64,
    0xa1, 0xc3, 0x72, 0x9e, 0xb9, 0x7f, 0x97, 0xad, 0x6e, 0x9a, 0xa7, 0x6a,
    0x92, 0x9b, 0x71, 0x8f, 0xa0, 0x6d, 0x80, 0x91, 0x5e, 0x66, 0x77, 0x43,
    0x6d, 0x7c, 0x3f, 0x8e, 0xa0, 0x4e, 0x9f, 0xb2, 0x50, 0xa1, 0xb3, 0x50,
    0xa1, 0xb2, 0x55, 0xa1, 0xb2, 0x55, 0xa0, 0xb1, 0x54, 0xa0, 0xb1, 0x54,
    0xa0, 0xb0, 0x53, 0xa0, 0xb1, 0x53, 0xa1, 0xb1, 0x50, 0xa1, 0xb1, 0x4f,
    0xa1, 0xb1, 0x4f, 0xa2, 0xb1, 0x51, 0xa2, 0xb1, 0x52, 0xa2, 0xb1, 0x52,
    0xa2, 0xb1, 0x53, 0xa2, 0xb1, 0x54, 0xa2, 0xb1, 0x56, 0xa2, 0xb1, 0x56,
    0xa1, 0xb0, 0x55, 0xa2, 0xb0, 0x57, 0xa3, 0xb1, 0x57, 0xa2, 0xb1, 0x55,
    0xa2, 0xb1, 0x54, 0xa2, 0xb1, 0x54, 0xa3, 0xb2, 0x55, 0xa3, 0xb2, 0x55,
    0xa3, 0xb2, 0x55, 0xa3, 0xb2, 0x57, 0xa4, 0xb2, 0x5a, 0xa4, 0xb2, 0x5a,
    0xa4, 0xb2, 0x5a, 0xa4, 0xb2, 0x5a, 0xa4, 0xb2, 0x5a, 0xa4, 0xb2, 0x5a,
    0xa5, 0xb2, 0x5a, 0xa5, 0xb2, 0x5a, 0xa5, 0xb2, 0x5a, 0xa6, 0xb3, 0x5b,
    0xa6, 0xb3, 0x5b, 0xa6, 0xb3, 0x5b, 0xa6, 0xb2, 0x5b, 0xa5, 0xb1, 0x5b,
    0xa5, 0xb1, 0x5b, 0xa5, 0xb1, 0x5b, 0xa5, 0xb1, 0x5b, 0xa5, 0xb1, 0x5b,
    0xa5, 0xb1, 0x5b, 0xa5, 0xb2, 0x5a, 0xa5, 0xb2, 0x5a, 0xa5, 0xb2, 0x5a,
    0xa5, 0xb2, 0x5a, 0xa4, 0xb1, 0x59, 0xa4, 0xb1, 0x59, 0xa4, 0xb1, 0x59,
    0xa4, 0xb1, 0x59, 0xa4, 0xb1, 0x59, 0xa4, 0xb1, 0x59, 0xa5, 0xb2, 0x5a,
    0xa5, 0xb2, 0x5a, 0xa5, 0xb2, 0x5a, 0xa7, 0xb1, 0x5b, 0xa8, 0xb0, 0x5b,
    0xa8, 0xb0, 0x5a, 0xa8, 0xb0, 0x59, 0xa8, 0xb1, 0x58, 0xa8, 0xb1, 0x57,
    0xa8, 0xb1, 0x56, 0xab, 0xb2, 0x55, 0xab, 0xb2, 0x55, 0xab, 0xb2, 0x55,
    0xab, 0xb2, 0x55, 0xab, 0xb2, 0x55, 0xab, 0xb2, 0x55, 0xab, 0xb2, 0x55,
    0xab, 0xb2, 0x55, 0xab, 0xb2, 0x55, 0xab, 0xb2, 0x55, 0xab, 0xb2, 0x55,
    0xab, 0xb2, 0x55, 0xab, 0xb2, 0x55, 0xad, 0xb2, 0x54, 0xad, 0xb2, 0x54,
    0xad, 0xb2, 0x54, 0xad, 0xb2, 0x54, 0xad, 0xb2, 0x54, 0xad, 0xb2, 0x54,
    0xad, 0xb2, 0x53, 0xad, 0xb3, 0x53, 0xad, 0xb3, 0x53, 0xae, 0xb4, 0x54,
    0xaf, 0xb5, 0x55, 0xb0, 0xb6, 0x56, 0xb0, 0xb6, 0x56, 0xb2, 0xb6, 0x57,
    0xb2, 0xb6, 0x57, 0xb2, 0xb6, 0x57, 0xb2, 0xb6, 0x57, 0xb2, 0xb6, 0x57,
    0xb2, 0xb6, 0x57, 0xb2, 0xb7, 0x55, 0xb2, 0xb7, 0x53, 0xb3, 0xb5, 0x55,
    0xb3, 0xb3, 0x5a, 0xb3, 0xb1, 0x5e, 0xb2, 0xae, 0x60, 0xb2, 0xab, 0x61,
    0xb3, 0xaa, 0x61, 0xb0, 0xa5, 0x60, 0xac, 0x9f, 0x60, 0xa8, 0x98, 0x60,
    0xa3, 0x8f, 0x5f, 0x9d, 0x88, 0x5c, 0x94, 0x7e, 0x57, 0x90, 0x7a, 0x52,
    0xb2, 0xb7, 0x5b, 0xb2, 0xb7, 0x5b, 0xb2, 0xb7, 0x5b, 0xb3, 0xb8, 0x5c,
    0xb3, 0xb8, 0x5c, 0xb3, 0xb8, 0x5c, 0xb3, 0xb8, 0x5c, 0xb2, 0xb7, 0x5b,
    0xb2, 0xb7, 0x5b, 0xb2, 0xb7, 0x5b, 0xb2, 0xb7, 0x5b, 0xb2, 0xb7, 0x5b,
    0xb2, 0xb7, 0x5b, 0xb2, 0xb7, 0x5b, 0xb2, 0xb7, 0x5b, 0xb2, 0xb7, 0x5b,
    0xb1, 0xb6, 0x5a, 0xb1, 0xb6, 0x5a, 0xb1, 0xb6, 0x5a, 0xb1, 0xb6, 0x5b,
    0xb0, 0xb6, 0x5c, 0xb0, 0xb6, 0x5c, 0xb0, 0xb6, 0x5c, 0xb0, 0xb6, 0x5c,
    0xb0, 0xb6, 0x5c, 0xaf, 0xb6, 0x5b, 0xac, 0xb6, 0x58, 0xab, 0xb6, 0x58,
    0xab, 0xb5, 0x5d, 0xa8, 0xb2, 0x67, 0x9a, 0xa8, 0x6f, 0x87, 0x9a, 0x72,
    0x83, 0x9a, 0x77, 0x8e, 0xa7, 0x7d, 0x7c, 0x95, 0x6b, 0x7c, 0x95, 0x6b,
    0x86, 0x9f, 0x75, 0x84, 0x9d, 0x73, 0x7d, 0x96, 0x6c, 0x78, 0x8b, 0x64,
    0x6e, 0x84, 0x5e, 0x6c, 0x84, 0x6a, 0x4e, 0x61, 0x3e, 0x69, 0x7a, 0x2b,
    0x99, 0xad, 0x5a, 0x78, 0x8f, 0x63, 0x74, 0x90, 0x69, 0x6c, 0x8c, 0x5e,
    0x6c, 0x92, 0x5a, 0x6d, 0x95, 0x57, 0x54, 0x78, 0x3a, 0x5f, 0x80, 0x43,
    0x72, 0x92, 0x55, 0x61, 0x83, 0x4b, 0x55, 0x75, 0x47, 0x64, 0x83, 0x53,
    0x71, 0x8f, 0x59, 0x6c, 0x88, 0x59, 0x69, 0x85, 0x5e, 0x67, 0x89, 0x5e,
    0x69, 0x8c, 0x61, 0x67, 0x86, 0x5d, 0x66, 0x79, 0x52, 0x38, 0x3a, 0x14,
    0x43, 0x35, 0x0e, 0x59, 0x42, 0x19, 0x64, 0x4c, 0x21, 0x69, 0x51, 0x27,
    0x76, 0x5e, 0x35, 0x80, 0x67, 0x41, 0x88, 0x6e, 0x49, 0x8d, 0x74, 0x4f,
    0x7b, 0x64, 0x3b, 0x87, 0x71, 0x4b, 0xb2, 0x9c, 0x7c, 0xcd, 0xb7, 0x98,
    0xd0, 0xbb, 0x9c, 0xcf, 0xba, 0x98, 0xc0, 0xac, 0x8a, 0xd0, 0xbc, 0x9d,
    0xe4, 0xd1, 0xb9, 0xe9, 0xd8, 0xc5, 0xdd, 0xd5, 0xbd, 0xa9, 0xae, 0x8a,
    0x86, 0x94, 0x67, 0x74, 0x83, 0x58, 0x7e, 0x8f, 0x60, 0x79, 0x8c, 0x5a,
    0x6d, 0x7f, 0x51, 0x6d, 0x7c, 0x4b, 0x6c, 0x79, 0x38, 0x9a, 0xa9, 0x58,
    0x91, 0xa9, 0x59, 0x8a, 0xb0, 0x6e, 0x95, 0xc0, 0x85, 0x93, 0xb8, 0x78,
    0x94, 0xb4, 0x6c, 0x8f, 0xb2, 0x68, 0x97, 0xb9, 0x71, 0x8e, 0xb3, 0x59,
    0x9d, 0xc1, 0x6b, 0x9a, 0xb8, 0x77, 0x92, 0xab, 0x64, 0x99, 0xa9, 0x65,
    0x90, 0x9a, 0x6d, 0x8b, 0x9b, 0x68, 0x82, 0x92, 0x59, 0x6c, 0x7c, 0x3a,
    0x82, 0x93, 0x45, 0x9c, 0xac, 0x52, 0xa2, 0xb3, 0x50, 0xa0, 0xb3, 0x4f,
    0x9f, 0xb3, 0x52, 0x9f, 0xb3, 0x52, 0x9e, 0xb2, 0x51, 0x9f, 0xb3, 0x51,
    0xa0, 0xb3, 0x52, 0xa0, 0xb3, 0x52, 0xa0, 0xb1, 0x52, 0xa0, 0xb1, 0x52,
    0xa0, 0xb1, 0x52, 0xa1, 0xb2, 0x54, 0xa1, 0xb2, 0x54, 0xa1, 0xb2, 0x54,
    0xa2, 0xb1, 0x54, 0xa2, 0xb1, 0x54, 0xa2, 0xb1, 0x54, 0xa2, 0xb1, 0x54,
    0xa1, 0xb0, 0x53, 0xa2, 0xb1, 0x54, 0xa3, 0xb2, 0x55, 0xa2, 0xb1, 0x54,
    0xa2, 0xb1, 0x54, 0xa2, 0xb1, 0x54, 0xa3, 0xb2, 0x55, 0xa3, 0xb2, 0x55,
    0xa3, 0xb2, 0x55, 0xa3, 0xb2, 0x57, 0xa4, 0xb2, 0x5a, 0xa4, 0xb2, 0x5a,
    0xa4, 0xb2, 0x5a, 0xa4, 0xb2, 0x5a, 0xa4, 0xb2, 0x5a, 0xa4, 0xb2, 0x5a,
    0xa5, 0xb2, 0x5a, 0xa5, 0xb2, 0x5a, 0xa5, 0xb2, 0x5a, 0xa6, 0xb3, 0x5b,
    0xa6, 0xb3, 0x5b, 0xa6, 0xb3, 0x5b, 0xa6, 0xb2, 0x5b, 0xa5, 0xb1, 0x5b,
    0xa5, 0xb1, 0x5b, 0xa5, 0xb1, 0x5b, 0xa5, 0xb1, 0x5b, 0xa5, 0xb1, 0x5b,
    0xa5, 0xb1, 0x5b, 0xa5, 0xb2, 0x5a, 0xa5, 0xb2, 0x5a, 0xa5, 0xb2, 0x5a,
    0xa5, 0xb2, 0x5a, 0xa4, 0xb1, 0x59, 0xa4, 0xb1, 0x59, 0xa4, 0xb1, 0x59,
    0xa4, 0xb1, 0x59, 0xa4, 0xb1, 0x59, 0xa4, 0xb1, 0x59, 0xa5, 0xb2, 0x5a,
    0xa5, 0xb2, 0x5a, 0xa5, 0xb2, 0x5a, 0xa7, 0xb1, 0x5b, 0xa8, 0xb0, 0x5b,
    0xa8, 0xb0, 0x5a, 0xa8, 0xb0, 0x59, 0xa8, 0xb1, 0x58, 0xa8, 0xb1, 0x57,
    0xa8, 0xb1, 0x56, 0xab, 0xb2, 0x55, 0xab, 0xb2, 0x55, 0xab, 0xb2, 0x55,
    0xab, 0xb2, 0x55, 0xab, 0xb2, 0x55, 0xab, 0xb2, 0x55, 0xab, 0xb2, 0x55,
    0xab, 0xb2, 0x55, 0xab, 0xb2, 0x55, 0xab, 0xb2, 0x55, 0xab, 0xb2, 0x55,
    0xab, 0xb2, 0x55, 0xab, 0xb2, 0x55, 0xad, 0xb2, 0x54, 0xad, 0xb2, 0x54,
    0xad, 0xb2, 0x54, 0xad, 0xb2, 0x54, 0xad, 0xb2, 0x54, 0xad, 0xb2, 0x54,
    0xad, 0xb2, 0x53, 0xad, 0xb3, 0x53, 0xad, 0xb3, 0x53, 0xae, 0xb4, 0x54,
    0xaf, 0xb5, 0x55, 0xb0, 0xb6, 0x56, 0xb0, 0xb6, 0x56, 0xb2, 0xb6, 0x57,
    0xb2, 0xb6, 0x57, 0xb2, 0xb6, 0x57, 0xb2, 0xb6, 0x57, 0xb2, 0xb6, 0x57,
    0xb2, 0xb6, 0x57, 0xb2, 0xb6, 0x56, 0xb2, 0xb7, 0x55, 0xb3, 0xb5, 0x56,
    0xb3, 0xb3, 0x5a, 0xb3, 0xb1, 0x5d, 0xb2, 0xae, 0x5e, 0xb2, 0xac, 0x5f,
    0xb2, 0xaa, 0x5f, 0xb0, 0xa7, 0x5f, 0xad, 0xa1, 0x60, 0xaa, 0x9a, 0x61,
    0xa4, 0x92, 0x60, 0x9f, 0x8a, 0x5d, 0x95, 0x81, 0x56, 0x8d, 0x7a, 0x50,
    0xb2, 0xb7, 0x5b, 0xb2, 0xb7, 0x5b, 0xb2, 0xb7, 0x5b, 0xb3, 0xb8, 0x5c,
    0xb3, 0xb8, 0x5c, 0xb3, 0xb8, 0x5c, 0xb3, 0xb8, 0x5c, 0xb2, 0xb7, 0x5b,
    0xb2, 0xb7, 0x5b, 0xb2, 0xb7, 0x5b, 0xb2, 0xb7, 0x5b, 0xb2, 0xb7, 0x5b,
    0xb2, 0xb7, 0x5b, 0xb2, 0xb7, 0x5b, 0xb2, 0xb7, 0x5b, 0xb2, 0xb7, 0x5b,
    0xb1, 0xb6, 0x5a, 0xb1, 0xb6, 0x5a, 0xb1, 0xb6, 0x5a, 0xb1, 0xb6, 0x5b,
    0xb0, 0xb6, 0x5c, 0xb0, 0xb6, 0x5c, 0xb0, 0xb6, 0x5c, 0xb0, 0xb6, 0x5c,
    0xb0, 0xb6, 0x5c, 0xaf, 0xb6, 0x5b, 0xab, 0xb5, 0x57, 0xaa, 0xb5, 0x57,
    0xaa, 0xb4, 0x5c, 0xaa, 0xb4, 0x69, 0x9b, 0xa8, 0x6f, 0x89, 0x9d, 0x74,
    0x89, 0xa0, 0x7d, 0x7f, 0x98, 0x6f, 0x8d, 0xa6, 0x7c, 0x89, 0xa2, 0x78,
    0x79, 0x92, 0x68, 0x7c, 0x95, 0x6b, 0x7d, 0x95, 0x6c, 0x7a, 0x8c, 0x67,
    0x79, 0x8f, 0x6a, 0x70, 0x87, 0x6d, 0x50, 0x62, 0x3d, 0x73, 0x84, 0x32,
    0x9b, 0xae, 0x5a, 0x75, 0x8b, 0x5d, 0x6e, 0x89, 0x60, 0x6b, 0x8c, 0x5b,
    0x69, 0x8f, 0x56, 0x70, 0x98, 0x58, 0x6c, 0x90, 0x51, 0x67, 0x89, 0x4b,
    0x50, 0x70, 0x37, 0x4e, 0x6f, 0x3f, 0x6c, 0x8b, 0x62, 0x68, 0x87, 0x58,
    0x70, 0x8e, 0x58, 0x6d, 0x89, 0x58, 0x69, 0x84, 0x5b, 0x64, 0x86, 0x5a,
    0x5b, 0x7e, 0x53, 0x72, 0x91, 0x69, 0x6b, 0x7e, 0x58, 0x3b, 0x3e, 0x17,
    0x41, 0x36, 0x0a, 0x57, 0x42, 0x15, 0x66, 0x4e, 0x22, 0x71, 0x5a, 0x2f,
    0x7b, 0x62, 0x3a, 0x83, 0x68, 0x42, 0x94, 0x79, 0x53, 0x9a, 0x7f, 0x5a,
    0x80, 0x67, 0x41, 0x9e, 0x87, 0x64, 0xc4, 0xae, 0x90, 0xd4, 0xbf, 0xa4,
    0xd6, 0xc3, 0xa6, 0xcd, 0xbd, 0x9b, 0xc9, 0xb7, 0x98, 0xe6, 0xcf, 0xb5,
    0xee, 0xd9, 0xc1, 0xe9, 0xda, 0xc2, 0xd6, 0xd0, 0xb3, 0x97, 0x9f, 0x76,
    0x99, 0xa9, 0x78, 0x96, 0xa4, 0x78, 0x92, 0xa2, 0x73, 0x90, 0xa2, 0x72,
    0x6c, 0x7e, 0x50, 0x68, 0x76, 0x46, 0x6d, 0x79, 0x35, 0x9e, 0xac, 0x5a,
    0x90, 0xa8, 0x5d, 0x80, 0xa7, 0x69, 0x95, 0xc3, 0x8c, 0x96, 0xc0, 0x81,
    0x97, 0xba, 0x73, 0x96, 0xba, 0x71, 0x99, 0xbc, 0x72, 0x8e, 0xb4, 0x56,
    0x98, 0xbe, 0x61, 0x91, 0xb3, 0x69, 0x96, 0xb4, 0x63, 0x9d, 0xb3, 0x66,
    0x84, 0x92, 0x60, 0x86, 0x94, 0x66, 0x86, 0x95, 0x5b, 0x7d, 0x8d, 0x42,
    0x96, 0xa7, 0x50, 0x9f, 0xaf, 0x53, 0xa1, 0xb0, 0x54, 0x9e, 0xb1, 0x54,
    0x9e, 0xb3, 0x56, 0x9e, 0xb3, 0x56, 0x9d, 0xb2, 0x55, 0x9d, 0xb1, 0x55,
    0x9c, 0xb1, 0x54, 0x9c, 0xb0, 0x54, 0x9f, 0xb1, 0x56, 0x9f, 0xb1, 0x57,
    0x9f, 0xb1, 0x57, 0xa0, 0xb2, 0x56, 0xa0, 0xb2, 0x56, 0xa0, 0xb2, 0x55,
    0xa1, 0xb1, 0x55, 0xa2, 0xb1, 0x54, 0xa2, 0xb1, 0x54, 0xa2, 0xb1, 0x53,
    0xa1, 0xb0, 0x52, 0xa2, 0xb1, 0x52, 0xa3, 0xb2, 0x53, 0xa2, 0xb1, 0x54,
    0xa2, 0xb1, 0x54, 0xa2, 0xb1, 0x54, 0xa3, 0xb2, 0x55, 0xa3, 0xb2, 0x55,
    0xa3, 0xb2, 0x55, 0xa3, 0xb2, 0x57, 0xa4, 0xb2, 0x5a, 0xa4, 0xb2, 0x5a,
    0xa4, 0xb2, 0x5a, 0xa4, 0xb2, 0x5a, 0xa4, 0xb2, 0x5a, 0xa4, 0xb2, 0x5a,
    0xa5, 0xb2, 0x5a, 0xa5, 0xb2, 0x5a, 0xa5, 0xb2, 0x5a, 0xa6, 0xb3, 0x5b,
    0xa6, 0xb3, 0x5b, 0xa6, 0xb3, 0x5b, 0xa6, 0xb2, 0x5b, 0xa5, 0xb1, 0x5b,
    0xa5, 0xb1, 0x5b, 0xa5, 0xb1, 0x5b, 0xa5, 0xb1, 0x5b, 0xa5, 0xb1, 0x5b,
    0xa5, 0xb1, 0x5b, 0xa5, 0xb2, 0x5a, 0xa5, 0xb2, 0x5a, 0xa5, 0xb2, 0x5a,
    0xa5, 0xb2, 0x5a, 0xa4, 0xb1, 0x59, 0xa4, 0xb1, 0x59, 0xa4, 0xb1, 0x59,
    0xa4, 0xb1, 0x59, 0xa4, 0xb1, 0x59, 0xa4, 0xb1, 0x59, 0xa5, 0xb2, 0x5a,
    0xa5, 0xb2, 0x5a, 0xa5, 0xb2, 0x5a, 0xa7, 0xb1, 0x5b, 0xa8, 0xb0, 0x5b,
    0xa8, 0xb0, 0x5a, 0xa8, 0xb0, 0x59, 0xa8, 0xb1, 0x58, 0xa8, 0xb1, 0x57,
    0xa8, 0xb1, 0x56, 0xab, 0xb2, 0x55, 0xab, 0xb2, 0x55, 0xab, 0xb2, 0x55,
    0xab, 0xb2, 0x55, 0xab, 0xb2, 0x55, 0xab, 0xb2, 0x55, 0xab, 0xb2, 0x55,
    0xab, 0xb2, 0x55, 0xab, 0xb2, 0x55, 0xab, 0xb2, 0x55, 0xab, 0xb2, 0x55,
    0xab, 0xb2, 0x55, 0xab, 0xb2, 0x55, 0xad, 0xb2, 0x54, 0xad, 0xb2, 0x54,
    0xad, 0xb2, 0x54, 0xad, 0xb2, 0x54, 0xad, 0xb2, 0x54, 0xad, 0xb2, 0x54,
    0xad, 0xb2, 0x53, 0xad, 0xb3, 0x53, 0xad, 0xb3, 0x53, 0xae, 0xb4, 0x54,
    0xaf, 0xb5, 0x55, 0xb0, 0xb6, 0x56, 0xb0, 0xb6, 0x56, 0xb2, 0xb6, 0x57,
    0xb2, 0xb6, 0x57, 0xb2, 0xb6, 0x57, 0xb2, 0xb6, 0x57, 0xb2, 0xb6, 0x57,
    0xb2, 0xb6, 0x57, 0xb2, 0xb6, 0x56, 0xb2, 0xb7, 0x55, 0xb3, 0xb5, 0x56,
    0xb3, 0xb3, 0x59, 0xb3, 0xb1, 0x5b, 0xb2, 0xaf, 0x5d, 0xb2, 0xac, 0x5d,
    0xb2, 0xab, 0x5e, 0xb0, 0xa8, 0x5e, 0xad, 0xa3, 0x5f, 0xab, 0x9d, 0x61,
    0xa6, 0x95, 0x60, 0x9f, 0x8c, 0x5d, 0x96, 0x83, 0x56, 0x8c, 0x7a, 0x4e,
    0xb2, 0xb7, 0x5b, 0xb2, 0xb7, 0x5b, 0xb2, 0xb7, 0x5b, 0xb3, 0xb8, 0x5c,
    0xb3, 0xb8, 0x5c, 0xb3, 0xb8, 0x5c, 0xb3, 0xb8, 0x5c, 0xb2, 0xb7, 0x5b,
    0xb2, 0xb7, 0x5b, 0xb2, 0xb7, 0x5b, 0xb2, 0xb7, 0x5b, 0xb2, 0xb7, 0x5b,
    0xb2, 0xb7, 0x5b, 0xb2, 0xb7, 0x5b, 0xb2, 0xb7, 0x5b, 0xb2, 0xb7, 0x5b,
    0xb1, 0xb6, 0x5a, 0xb1, 0xb6, 0x5a, 0xb1, 0xb6, 0x5a, 0xb1, 0xb6, 0x5b,
    0xb0, 0xb6, 0x5c, 0xb0, 0xb6, 0x5c, 0xb0, 0xb6, 0x5c, 0xb0, 0xb6, 0x5c,
    0xb0, 0xb6, 0x5c, 0xaf, 0xb6, 0x5b, 0xab, 0xb5, 0x57, 0xaa, 0xb5, 0x57,
    0xaa, 0xb4, 0x5c, 0xa9, 0xb4, 0x68, 0x9d, 0xaa, 0x71, 0x89, 0x9d, 0x74,
    0x85, 0x9d, 0x7a, 0x86, 0x9f, 0x75, 0x81, 0x9a, 0x70, 0x81, 0x9a, 0x70,
    0x8b, 0xa4, 0x7a, 0x81, 0x9a, 0x70, 0x74, 0x8d, 0x63, 0x78, 0x8a, 0x66,
    0x75, 0x89, 0x66, 0x69, 0x81, 0x64, 0x55, 0x67, 0x3e, 0x81, 0x90, 0x3b,
    0x9a, 0xad, 0x56, 0x6e, 0x84, 0x55, 0x69, 0x84, 0x5c, 0x6a, 0x8b, 0x5b,
    0x63, 0x89, 0x50, 0x6d, 0x94, 0x55, 0x70, 0x94, 0x54, 0x77, 0x99, 0x5b,
    0x4f, 0x6f, 0x37, 0x4d, 0x6e, 0x41, 0x61, 0x7f, 0x59, 0x60, 0x7e, 0x52,
    0x6a, 0x87, 0x51, 0x6a, 0x86, 0x52, 0x67, 0x83, 0x58, 0x5b, 0x7b, 0x50,
    0x55, 0x78, 0x4e, 0x78, 0x97, 0x71, 0x77, 0x8c, 0x65, 0x40, 0x45, 0x1c,
    0x3d, 0x35, 0x06, 0x52, 0x41, 0x10, 0x69, 0x52, 0x25, 0x77, 0x60, 0x34,
    0x7f, 0x67, 0x3d, 0x8d, 0x73, 0x4a, 0x93, 0x77, 0x50, 0x9b, 0x7e, 0x59,
    0x89, 0x6e, 0x4a, 0xa2, 0x8a, 0x69, 0xc8, 0xb1, 0x94, 0xcd, 0xb8, 0x9d,
    0xcb, 0xb9, 0x9c, 0xca, 0xbb, 0x9a, 0xca, 0xb8, 0x99, 0xe7, 0xd0, 0xb6,
    0xdc, 0xc7, 0xae, 0xd5, 0xc5, 0xab, 0xc0, 0xbc, 0x9a, 0x85, 0x8e, 0x62,
    0x8b, 0x9d, 0x69, 0x93, 0xa0, 0x73, 0x81, 0x8f, 0x61, 0x7d, 0x8d, 0x5e,
    0x5c, 0x6c, 0x41, 0x55, 0x63, 0x31, 0x6f, 0x7b, 0x34, 0xa4, 0xb2, 0x5d,
    0x8f, 0xa8, 0x5e, 0x7b, 0xa4, 0x67, 0x88, 0xbb, 0x84, 0x8b, 0xb8, 0x7a,
    0x91, 0xb6, 0x70, 0x90, 0xb5, 0x6e, 0x8c, 0xaf, 0x65, 0x91, 0xb8, 0x57,
    0x96, 0xbf, 0x5c, 0x93, 0xb8, 0x66, 0x96, 0xb8, 0x5f, 0x9e, 0xb7, 0x64,
    0x74, 0x86, 0x51, 0x7f, 0x8c, 0x62, 0x95, 0xa3, 0x6b, 0x91, 0xa1, 0x57,
    0x9f, 0xb0, 0x59, 0xa0, 0xae, 0x58, 0xa3, 0xb1, 0x5e, 0x9e, 0xaf, 0x5e,
    0x9b, 0xaf, 0x5d, 0x9b, 0xb0, 0x5d, 0x96, 0xaa, 0x58, 0x95, 0xaa, 0x58,
    0x96, 0xab, 0x58, 0x94, 0xa8, 0x56, 0x9a, 0xad, 0x59, 0x9c, 0xae, 0x59,
    0x9d, 0xaf, 0x5a, 0x9e, 0xb1, 0x59, 0x9f, 0xb2, 0x59, 0x9e, 0xb2, 0x58,
    0x9f, 0xb1, 0x56, 0xa2, 0xb1, 0x55, 0xa2, 0xb1, 0x55, 0xa1, 0xb0, 0x52,
    0xa1, 0xb1, 0x50, 0xa2, 0xb2, 0x50, 0xa3, 0xb3, 0x51, 0xa2, 0xb1, 0x53,
    0xa2, 0xb1, 0x54, 0xa2, 0xb1, 0x54, 0xa3, 0xb2, 0x55, 0xa3, 0xb2, 0x55,
    0xa3, 0xb2, 0x55, 0xa3, 0xb2, 0x57, 0xa4, 0xb2, 0x5a, 0xa4, 0xb2, 0x5a,
    0xa4, 0xb2, 0x5a, 0xa4, 0xb2, 0x5a, 0xa4, 0xb2, 0x5a, 0xa4, 0xb2, 0x5a,
    0xa5, 0xb2, 0x5a, 0xa5, 0xb2, 0x5a, 0xa5, 0xb2, 0x5a, 0xa6, 0xb3, 0x5b,
    0xa6, 0xb3, 0x5b, 0xa6, 0xb3, 0x5b, 0xa6, 0xb2, 0x5b, 0xa5, 0xb1, 0x5b,
    0xa5, 0xb1, 0x5b, 0xa5, 0xb1, 0x5b, 0xa5, 0xb1, 0x5b, 0xa5, 0xb1, 0x5b,
    0xa5, 0xb1, 0x5b, 0xa5, 0xb2, 0x5a, 0xa5, 0xb2, 0x5a, 0xa5, 0xb2, 0x5a,
    0xa5, 0xb2, 0x5a, 0xa4, 0xb1, 0x59, 0xa4, 0xb1, 0x59, 0xa4, 0xb1, 0x59,
    0xa4, 0xb1, 0x59, 0xa4, 0xb1, 0x59, 0xa4, 0xb1, 0x59, 0xa5, 0xb2, 0x5a,
    0xa5, 0xb2, 0x5a, 0xa5, 0xb2, 0x5a, 0xa7, 0xb1, 0x5b, 0xa8, 0xb0, 0x5b,
    0xa8, 0xb0, 0x5a, 0xa8, 0xb0, 0x59, 0xa8, 0xb1, 0x58, 0xa8, 0xb1, 0x57,
    0xa8, 0xb1, 0x56, 0xab, 0xb2, 0x55, 0xab, 0xb2, 0x55, 0xab, 0xb2, 0x55,
    0xab, 0xb2, 0x55, 0xab, 0xb2, 0x55, 0xab, 0xb2, 0x55, 0xab, 0xb2, 0x55,
    0xab, 0xb2, 0x55, 0xab, 0xb2, 0x55, 0xab, 0xb2, 0x55, 0xab, 0xb2, 0x55,
    0xab, 0xb2, 0x55, 0xab, 0xb2, 0x55, 0xad, 0xb2, 0x54, 0xad, 0xb2, 0x54,
    0xad, 0xb2, 0x54, 0xad, 0xb2, 0x54, 0xad, 0xb2, 0x54, 0xad, 0xb2, 0x54,
    0xad, 0xb2, 0x53, 0xad, 0xb3, 0x53, 0xad, 0xb3, 0x53, 0xae, 0xb4, 0x54,
    0xaf, 0xb5, 0x55, 0xb0, 0xb6, 0x56, 0xb0, 0xb6, 0x56, 0xb2, 0xb6, 0x57,
    0xb2, 0xb6, 0x57, 0xb2, 0xb6, 0x57, 0xb2, 0xb6, 0x57, 0xb2, 0xb6, 0x57,
    0xb2, 0xb6, 0x57, 0xb2, 0xb6, 0x56, 0xb2, 0xb7, 0x55, 0xb3, 0xb5, 0x56,
    0xb4, 0xb4, 0x58, 0xb4, 0xb2, 0x5b, 0xb3, 0xb0, 0x5c, 0xb3, 0xad, 0x5c,
    0xb2, 0xac, 0x5d, 0xb0, 0xa9, 0x5d, 0xae, 0xa4, 0x5e, 0xab, 0x9f, 0x60,
    0xa6, 0x96, 0x5f, 0x9f, 0x8e, 0x5c, 0x95, 0x84, 0x54, 0x8c, 0x7a, 0x4b,
    0xb2, 0xb7, 0x5b, 0xb2, 0xb7, 0x5b, 0xb2, 0xb7, 0x5b, 0xb2, 0xb7, 0x5b,
    0xb2, 0xb7, 0x5b, 0xb2, 0xb7, 0x5b, 0xb2, 0xb7, 0x5b, 0xb2, 0xb7, 0x5b,
    0xb2, 0xb7, 0x5b, 0xb2, 0xb7, 0x5b, 0xb2, 0xb7, 0x5b, 0xb2, 0xb7, 0x5b,
    0xb2, 0xb7, 0x5b, 0xb2, 0xb7, 0x5b, 0xb2, 0xb7, 0x5b, 0xb2, 0xb7, 0x5b,
    0xb1, 0xb6, 0x5a, 0xb1, 0xb6, 0x5a, 0xb1, 0xb6, 0x5a, 0xb1, 0xb6, 0x5b,
    0xb0, 0xb6, 0x5c, 0xaf, 0xb5, 0x5b, 0xaf, 0xb5, 0x5b, 0xb0, 0xb6, 0x5c,
    0xb0, 0xb6, 0x5c, 0xae, 0xb5, 0x5a, 0xab, 0xb5, 0x57, 0xaa, 0xb5, 0x57,
    0xaa, 0xb4, 0x5c, 0xa8, 0xb3, 0x67, 0x98, 0xa5, 0x6c, 0x8b, 0x9f, 0x76,
    0x84, 0x9c, 0x78, 0x93, 0xac, 0x83, 0x7f, 0x98, 0x6e, 0x7b, 0x94, 0x6a,
    0x86, 0x9f, 0x75, 0x82, 0x9b, 0x71, 0x84, 0x9c, 0x72, 0x78, 0x88, 0x68,
    0x74, 0x87, 0x66, 0x72, 0x88, 0x6b, 0x5b, 0x6c, 0x41, 0x8f, 0x9e, 0x46,
    0x9c, 0xad, 0x55, 0x6e, 0x83, 0x55, 0x5a, 0x75, 0x4e, 0x66, 0x86, 0x58,
    0x63, 0x89, 0x51, 0x6d, 0x95, 0x57, 0x6b, 0x8f, 0x51, 0x75, 0x95, 0x5a,
    0x60, 0x80, 0x4a, 0x65, 0x86, 0x59, 0x54, 0x72, 0x4c, 0x6b, 0x89, 0x5d,
    0x5e, 0x7b, 0x45, 0x5d, 0x7a, 0x45, 0x51, 0x6e, 0x41, 0x47, 0x68, 0x3a,
    0x5d, 0x7e, 0x55, 0x73, 0x92, 0x6d, 0x80, 0x96, 0x71, 0x45, 0x4d, 0x21,
    0x39, 0x35, 0x02, 0x4c, 0x3f, 0x0b, 0x65, 0x53, 0x23, 0x6f, 0x5b, 0x2d,
    0x85, 0x6f, 0x43, 0x9f, 0x86, 0x5e, 0x93, 0x78, 0x50, 0x95, 0x79, 0x52,
    0x91, 0x75, 0x50, 0x9f, 0x86, 0x64, 0xc2, 0xa9, 0x8c, 0xc3, 0xad, 0x91,
    0xb5, 0xa2, 0x85, 0xbd, 0xad, 0x8c, 0xcc, 0xb8, 0x99, 0xd5, 0xbc, 0xa0,
    0xb7, 0xa0, 0x84, 0xb4, 0xa4, 0x85, 0xa6, 0xa3, 0x7c, 0x8c, 0x97, 0x68,
    0x76, 0x89, 0x55, 0x7d, 0x8b, 0x5e, 0x7b, 0x88, 0x5a, 0x67, 0x77, 0x49,
    0x62, 0x71, 0x47, 0x52, 0x5e, 0x2c, 0x7b, 0x86, 0x3c, 0xa7, 0xb5, 0x5e,
    0x8e, 0xa8, 0x5b, 0x7d, 0xaa, 0x6a, 0x7d, 0xb4, 0x7b, 0x8a, 0xba, 0x7c,
    0x8f, 0xb6, 0x72, 0x97, 0xbb, 0x77, 0x98, 0xbc, 0x72, 0x8a, 0xb3, 0x4f,
    0x8e, 0xb9, 0x51, 0x88, 0xb0, 0x57, 0x98, 0xbe, 0x5d, 0x9d, 0xbc, 0x61,
    0x8f, 0xa4, 0x6b, 0x8a, 0x9a, 0x6f, 0x95, 0xa5, 0x6d, 0x91, 0xa2, 0x5b,
    0xa0, 0xb1, 0x61, 0x9e, 0xad, 0x5f, 0x9f, 0xac, 0x66, 0x96, 0xa7, 0x63,
    0x87, 0x9c, 0x56, 0x8b, 0x9f, 0x5a, 0x86, 0x9a, 0x55, 0x82, 0x97, 0x52,
    0x8b, 0xa0, 0x5b, 0x83, 0x98, 0x51, 0x8b, 0x9d, 0x53, 0x8a, 0x9d, 0x51,
    0x92, 0xa4, 0x57, 0x99, 0xac, 0x5c, 0x9d, 0xb0, 0x5e, 0x9d, 0xb1, 0x5d,
    0xa0, 0xb1, 0x5b, 0xa2, 0xb0, 0x58, 0xa3, 0xb1, 0x57, 0xa1, 0xb0, 0x54,
    0xa1, 0xb0, 0x51, 0xa1, 0xb1, 0x4f, 0xa1, 0xb1, 0x50, 0xa3, 0xb2, 0x54,
    0xa3, 0xb2, 0x55, 0xa3, 0xb2, 0x55, 0xa4, 0xb3, 0x56, 0xa4, 0xb3, 0x56,
    0xa4, 0xb3, 0x56, 0xa4, 0xb3, 0x58, 0xa4, 0xb2, 0x5a, 0xa4, 0xb2, 0x5a,
    0xa4, 0xb2, 0x5a, 0xa4, 0xb2, 0x5a, 0xa4, 0xb2, 0x5a, 0xa4, 0xb2, 0x5a,
    0xa5, 0xb2, 0x5a, 0xa5, 0xb2, 0x5a, 0xa5, 0xb2, 0x5a, 0xa6, 0xb3, 0x5b,
    0xa6, 0xb3, 0x5b, 0xa6, 0xb3, 0x5b, 0xa6, 0xb3, 0x5b, 0xa6, 0xb2, 0x5c,
    0xa6, 0xb2, 0x5c, 0xa6, 0xb2, 0x5c, 0xa5, 0xb1, 0x5b, 0xa5, 0xb1, 0x5b,
    0xa5, 0xb1, 0x5b, 0xa5, 0xb2, 0x5a, 0xa5, 0xb2, 0x5a, 0xa5, 0xb2, 0x5a,
    0xa5, 0xb2, 0x5a, 0xa5, 0xb2, 0x5a, 0xa5, 0xb2, 0x5a, 0xa5, 0xb2, 0x5a,
    0xa5, 0xb2, 0x5a, 0xa5, 0xb2, 0x5a, 0xa5, 0xb2, 0x5a, 0xa5, 0xb2, 0x5a,
    0xa5, 0xb2, 0x5a, 0xa5, 0xb2, 0x5a, 0xa7, 0xb1, 0x5b, 0xa8, 0xb0, 0x5b,
    0xa8, 0xb0, 0x5a, 0xa8, 0xb0, 0x59, 0xa8, 0xb1, 0x58, 0xa8, 0xb1, 0x57,
    0xa8, 0xb1, 0x56, 0xaa, 0xb1, 0x54, 0xaa, 0xb1, 0x54, 0xaa, 0xb1, 0x54,
    0xab, 0xb2, 0x55, 0xab, 0xb2, 0x55, 0xab, 0xb2, 0x55, 0xab, 0xb2, 0x55,
    0xab, 0xb2, 0x55, 0xab, 0xb2, 0x55, 0xab, 0xb2, 0x55, 0xab, 0xb2, 0x55,
    0xab, 0xb2, 0x55, 0xab, 0xb2, 0x55, 0xad, 0xb2, 0x54, 0xad, 0xb2, 0x54,
    0xad, 0xb2, 0x54, 0xad, 0xb2, 0x54, 0xad, 0xb2, 0x54, 0xad, 0xb2, 0x54,
    0xad, 0xb2, 0x54, 0xad, 0xb3, 0x53, 0xad, 0xb3, 0x53, 0xad, 0xb3, 0x53,
    0xaf, 0xb5, 0x55, 0xb0, 0xb6, 0x56, 0xb0, 0xb6, 0x56, 0xb2, 0xb6, 0x57,
    0xb2, 0xb6, 0x57, 0xb2, 0xb6, 0x57, 0xb2, 0xb6, 0x57, 0xb2, 0xb6, 0x57,
    0xb2, 0xb6, 0x57, 0xb2, 0xb6, 0x57, 0xb3, 0xb7, 0x56, 0xb4, 0xb6, 0x57,
    0xb5, 0xb6, 0x59, 0xb5, 0xb4, 0x5b, 0xb5, 0xb1, 0x5b, 0xb4, 0xaf, 0x5b,
    0xb3, 0xae, 0x5c, 0xb0, 0xaa, 0x5c, 0xae, 0xa5, 0x5c, 0xab, 0xa0, 0x5f,
    0xa5, 0x98, 0x5d, 0x9f, 0x8f, 0x5a, 0x95, 0x84, 0x52, 0x8b, 0x7b, 0x4a,
    0xb2, 0xb7, 0x5b, 0xb2, 0xb7, 0x5b, 0xb2, 0xb7, 0x5b, 0xb2, 0xb7, 0x5b,
    0xb2, 0xb7, 0x5b, 0xb2, 0xb7, 0x5b, 0xb2, 0xb7, 0x5b, 0xb2, 0xb7, 0x5b,
    0xb2, 0xb7, 0x5b, 0xb2, 0xb7, 0x5b, 0xb2, 0xb7, 0x5b, 0xb2, 0xb7, 0x5b,
    0xb2, 0xb7, 0x5b, 0xb2, 0xb7, 0x5b, 0xb2, 0xb7, 0x5b, 0xb2, 0xb7, 0x5b,
    0xb1, 0xb6, 0x5a, 0xb1, 0xb6, 0x5a, 0xb1, 0xb6, 0x5a, 0xb1, 0xb6, 0x5b,
    0xb0, 0xb6, 0x5c, 0xaf, 0xb5, 0x5b, 0xaf, 0xb5, 0x5b, 0xb0, 0xb6, 0x5c,
    0xaf, 0xb5, 0x5b, 0xae, 0xb4, 0x5a, 0xab, 0xb5, 0x57, 0xaa, 0xb5, 0x57,
    0xaa, 0xb4, 0x5c, 0xa8, 0xb2, 0x67, 0x99, 0xa7, 0x6e, 0x88, 0x9b, 0x73,
    0x8c, 0xa4, 0x80, 0x86, 0x9f, 0x75, 0x83, 0x9c, 0x72, 0x91, 0xaa, 0x80,
    0x79, 0x92, 0x68, 0x7e, 0x97, 0x6d, 0x7b, 0x93, 0x6a, 0x80, 0x8f, 0x71,
    0x79, 0x8a, 0x6c, 0x72, 0x88, 0x69, 0x63, 0x73, 0x46, 0x94, 0xa4, 0x4a,
    0xa0, 0xb2, 0x58, 0x77, 0x8b, 0x5d, 0x57, 0x71, 0x4c, 0x54, 0x74, 0x49,
    0x55, 0x7a, 0x45, 0x5b, 0x82, 0x47, 0x6c, 0x8f, 0x54, 0x69, 0x89, 0x50,
    0x65, 0x85, 0x4d, 0x69, 0x8b, 0x5a, 0x4f, 0x6d, 0x45, 0x62, 0x81, 0x53,
    0x53, 0x70, 0x39, 0x51, 0x6d, 0x38, 0x58, 0x74, 0x46, 0x60, 0x7f, 0x51,
    0x73, 0x94, 0x6b, 0x6d, 0x8c, 0x68, 0x7d, 0x95, 0x6f, 0x4f, 0x5a, 0x2b,
    0x3c, 0x3a, 0x05, 0x48, 0x3f, 0x08, 0x5e, 0x51, 0x1e, 0x62, 0x53, 0x22,
    0x7c, 0x69, 0x3b, 0x9b, 0x85, 0x5a, 0x8f, 0x76, 0x4d, 0x8f, 0x73, 0x4c,
    0x9b, 0x81, 0x5a, 0x9e, 0x84, 0x61, 0xba, 0x9f, 0x81, 0xc8, 0xae, 0x92,
    0xb7, 0x9f, 0x81, 0xbf, 0xa9, 0x89, 0xd5, 0xbd, 0x9d, 0xd6, 0xbc, 0x9d,
    0xbf, 0xa8, 0x87, 0xbb, 0xac, 0x89, 0x9e, 0x9c, 0x73, 0x92, 0x9e, 0x6f,
    0x8f, 0xa4, 0x72, 0x8c, 0x9a, 0x6c, 0x9b, 0xa8, 0x79, 0x75, 0x83, 0x57,
    0x6d, 0x7b, 0x52, 0x56, 0x61, 0x2f, 0x8b, 0x96, 0x49, 0xa8, 0xb6, 0x59,
    0x90, 0xab, 0x58, 0x7f, 0xaf, 0x6b, 0x70, 0xab, 0x6f, 0x8c, 0xc0, 0x81,
    0x94, 0xbd, 0x7a, 0x8e, 0xb2, 0x70, 0x86, 0xab, 0x63, 0x90, 0xba, 0x56,
    0x97, 0xc4, 0x59, 0x87, 0xb2, 0x55, 0x91, 0xbb, 0x55, 0x93, 0xb7, 0x59,
    0x94, 0xae, 0x6f, 0x96, 0xab, 0x75, 0x92, 0xa7, 0x69, 0x87, 0x9c, 0x55,
    0x96, 0xa9, 0x5e, 0x98, 0xa9, 0x62, 0x8e, 0x9e, 0x5c, 0x87, 0x99, 0x5a,
    0x7e, 0x94, 0x54, 0x7d, 0x92, 0x53, 0x89, 0x9e, 0x5f, 0x79, 0x8f, 0x50,
    0x7b, 0x91, 0x52, 0x74, 0x8a, 0x4a, 0x7c, 0x90, 0x4f, 0x76, 0x89, 0x46,
    0x81, 0x95, 0x4f, 0x83, 0x98, 0x4e, 0x90, 0xa4, 0x59, 0x96, 0xab, 0x5d,
    0x9f, 0xaf, 0x5f, 0xa0, 0xad, 0x5a, 0xa2, 0xaf, 0x5a, 0xa2, 0xb0, 0x58,
    0xa2, 0xb1, 0x55, 0xa1, 0xb0, 0x52, 0xa1, 0xb0, 0x50, 0xa3, 0xb2, 0x54,
    0xa3, 0xb2, 0x55, 0xa3, 0xb2, 0x55, 0xa4, 0xb3, 0x56, 0xa4, 0xb3, 0x56,
    0xa4, 0xb3, 0x56, 0xa4, 0xb3, 0x58, 0xa4, 0xb2, 0x5a, 0xa4, 0xb2, 0x5a,
    0xa4, 0xb2, 0x5a, 0xa4, 0xb2, 0x5a, 0xa4, 0xb2, 0x5a, 0xa4, 0xb2, 0x5a,
    0xa5, 0xb2, 0x5a, 0xa5, 0xb2, 0x5a, 0xa5, 0xb2, 0x5a, 0xa6, 0xb3, 0x5b,
    0xa6, 0xb3, 0x5b, 0xa6, 0xb3, 0x5b, 0xa6, 0xb3, 0x5b, 0xa6, 0xb2, 0x5c,
    0xa6, 0xb2, 0x5c, 0xa6, 0xb2, 0x5c, 0xa5, 0xb1, 0x5b, 0xa5, 0xb1, 0x5b,
    0xa5, 0xb1, 0x5b, 0xa5, 0xb2, 0x5a, 0xa5, 0xb2, 0x5a, 0xa5, 0xb2, 0x5a,
    0xa5, 0xb2, 0x5a, 0xa5, 0xb2, 0x5a, 0xa5, 0xb2, 0x5a, 0xa5, 0xb2, 0x5a,
    0xa5, 0xb2, 0x5a, 0xa5, 0xb2, 0x5a, 0xa5, 0xb2, 0x5a, 0xa5, 0xb2, 0x5a,
    0xa5, 0xb2, 0x5a, 0xa5, 0xb2, 0x5a, 0xa7, 0xb1, 0x5b, 0xa8, 0xb0, 0x5b,
    0xa8, 0xb0, 0x5a, 0xa8, 0xb0, 0x59, 0xa8, 0xb1, 0x58, 0xa8, 0xb1, 0x57,
    0xa8, 0xb1, 0x56, 0xaa, 0xb1, 0x54, 0xaa, 0xb1, 0x54, 0xaa, 0xb1, 0x54,
    0xab, 0xb2, 0x55, 0xab, 0xb2, 0x55, 0xab, 0xb2, 0x55, 0xab, 0xb2, 0x55,
    0xab, 0xb2, 0x55, 0xab, 0xb2, 0x55, 0xab, 0xb2, 0x55, 0xab, 0xb2, 0x55,
    0xab, 0xb2, 0x55, 0xab, 0xb2, 0x55, 0xad, 0xb2, 0x54, 0xad, 0xb2, 0x54,
    0xad, 0xb2, 0x54, 0xad, 0xb2, 0x54, 0xad, 0xb2, 0x54, 0xad, 0xb2, 0x54,
    0xad, 0xb2, 0x54, 0xad, 0xb3, 0x53, 0xad, 0xb3, 0x53, 0xad, 0xb3, 0x53,
    0xaf, 0xb5, 0x55, 0xb0, 0xb6, 0x56, 0xb0, 0xb6, 0x56, 0xb2, 0xb6, 0x57,
    0xb2, 0xb6, 0x57, 0xb2, 0xb6, 0x57, 0xb2, 0xb6, 0x57, 0xb2, 0xb6, 0x57,
    0xb2, 0xb6, 0x57, 0xb2, 0xb6, 0x57, 0xb3, 0xb7, 0x56, 0xb4, 0xb6, 0x57,
    0xb5, 0xb6, 0x59, 0xb5, 0xb4, 0x59, 0xb5, 0xb2, 0x59, 0xb4, 0xb0, 0x59,
    0xb3, 0xae, 0x59, 0xb0, 0xab, 0x5a, 0xad, 0xa6, 0x5a, 0xaa, 0xa1, 0x5d,
    0xa5, 0x99, 0x5b, 0x9f, 0x91, 0x59, 0x96, 0x86, 0x52, 0x8b, 0x7c, 0x49,
    0xb2, 0xb7, 0x5b, 0xb2, 0xb7, 0x5b, 0xb2, 0xb7, 0x5b, 0xb2, 0xb7, 0x5b,
    0xb2, 0xb7, 0x5b, 0xb2, 0xb7, 0x5b, 0xb2, 0xb7, 0x5b, 0xb2, 0xb7, 0x5b,
    0xb2, 0xb7, 0x5b, 0xb2, 0xb7, 0x5b, 0xb2, 0xb7, 0x5b, 0xb2, 0xb7, 0x5b,
    0xb2, 0xb7, 0x5b, 0xb2, 0xb7, 0x5b, 0xb2, 0xb7, 0x5b, 0xb2, 0xb7, 0x5b,
    0xb1, 0xb6, 0x5a, 0xb1, 0xb6, 0x5a, 0xb1, 0xb6, 0x5a, 0xb1, 0xb6, 0x5b,
    0xb0, 0xb6, 0x5c, 0xaf, 0xb5, 0x5b, 0xaf, 0xb5, 0x5b, 0xaf, 0xb5, 0x5b,
    0xae, 0xb4, 0x5a, 0xad, 0xb4, 0x59, 0xab, 0xb4, 0x57, 0xaa, 0xb5, 0x57,
    0xaa, 0xb4, 0x5c, 0xa7, 0xb1, 0x66, 0x99, 0xa6, 0x6d, 0x82, 0x95, 0x6d,
    0x8e, 0xa5, 0x82, 0x81, 0x9a, 0x70, 0x83, 0x9c, 0x72, 0x83, 0x9c, 0x72,
    0x80, 0x99, 0x6f, 0x89, 0xa2, 0x78, 0x7b, 0x93, 0x6a, 0x7f, 0x8d, 0x6f,
    0x78, 0x88, 0x6a, 0x70, 0x85, 0x66, 0x67, 0x77, 0x48, 0x96, 0xa4, 0x48,
    0xa3, 0xb3, 0x58, 0x7a, 0x8e, 0x60, 0x6a, 0x84, 0x64, 0x54, 0x73, 0x4c,
    0x55, 0x7a, 0x48, 0x45, 0x6c, 0x34, 0x5e, 0x81, 0x49, 0x5e, 0x7d, 0x47,
    0x5e, 0x7e, 0x46, 0x70, 0x92, 0x5c, 0x5f, 0x7f, 0x52, 0x49, 0x68, 0x37,
    0x56, 0x74, 0x3a, 0x6b, 0x87, 0x52, 0x67, 0x83, 0x56, 0x6d, 0x8c, 0x5d,
    0x6f, 0x91, 0x67, 0x6d, 0x8d, 0x69, 0x7a, 0x93, 0x6c, 0x66, 0x72, 0x41,
    0x58, 0x58, 0x1c, 0x4b, 0x46, 0x0a, 0x55, 0x4d, 0x18, 0x57, 0x4b, 0x19,
    0x70, 0x61, 0x31, 0x91, 0x7e, 0x52, 0x8a, 0x73, 0x49, 0x81, 0x68, 0x3f,
    0x92, 0x79, 0x50, 0x9a, 0x80, 0x5a, 0xb5, 0x99, 0x79, 0xd1, 0xb3, 0x96,
    0xc6, 0xa8, 0x8a, 0xc8, 0xaa, 0x88, 0xd7, 0xb9, 0x97, 0xd3, 0xb9, 0x95,
    0xc1, 0xaa, 0x86, 0xbd, 0xae, 0x87, 0x93, 0x92, 0x67, 0x95, 0xa1, 0x73,
    0x9a, 0xaf, 0x7f, 0x89, 0x96, 0x68, 0x93, 0x9f, 0x6f, 0x6b, 0x78, 0x4c,
    0x57, 0x64, 0x3b, 0x57, 0x62, 0x2f, 0x99, 0xa4, 0x55, 0xa8, 0xb6, 0x54,
    0x95, 0xb1, 0x58, 0x81, 0xb4, 0x6a, 0x6d, 0xab, 0x6a, 0x84, 0xbc, 0x7a,
    0x8a, 0xb5, 0x73, 0x85, 0xa9, 0x6b, 0x88, 0xac, 0x67, 0x94, 0xbe, 0x5b,
    0x8e, 0xbc, 0x51, 0x87, 0xb4, 0x54, 0x99, 0xc4, 0x5d, 0x99, 0xbe, 0x5f,
    0x96, 0xb4, 0x6f, 0x9a, 0xb4, 0x6c, 0x8a, 0xa4, 0x59, 0x77, 0x8f, 0x44,
    0x8e, 0xa5, 0x5b, 0x83, 0x98, 0x51, 0x74, 0x88, 0x43, 0x81, 0x96, 0x55,
    0x94, 0xad, 0x6c, 0x7e, 0x96, 0x55, 0x7b, 0x93, 0x52, 0x6c, 0x84, 0x43,
    0x73, 0x8c, 0x4b, 0x73, 0x8a, 0x4b, 0x73, 0x87, 0x4d, 0x6d, 0x80, 0x46,
    0x73, 0x87, 0x49, 0x6d, 0x82, 0x3f, 0x7b, 0x90, 0x4b, 0x80, 0x95, 0x4d,
    0x91, 0xa2, 0x56, 0x9b, 0xa8, 0x59, 0xa0, 0xad, 0x5c, 0xa2, 0xaf, 0x5b,
    0xa2, 0xb0, 0x58, 0xa2, 0xb1, 0x55, 0xa2, 0xb1, 0x54, 0xa3, 0xb2, 0x55,
    0xa3, 0xb2, 0x55, 0xa3, 0xb2, 0x55, 0xa4, 0xb3, 0x56, 0xa4, 0xb3, 0x56,
    0xa4, 0xb3, 0x56, 0xa4, 0xb3, 0x58, 0xa4, 0xb2, 0x5a, 0xa4, 0xb2, 0x5a,
    0xa4, 0xb2, 0x5a, 0xa4, 0xb2, 0x5a, 0xa4, 0xb2, 0x5a, 0xa4, 0xb2, 0x5a,
    0xa5, 0xb2, 0x5a, 0xa5, 0xb2, 0x5a, 0xa5, 0xb2, 0x5a, 0xa6, 0xb3, 0x5b,
    0xa6, 0xb3, 0x5b, 0xa6, 0xb3, 0x5b, 0xa6, 0xb3, 0x5b, 0xa6, 0xb2, 0x5c,
    0xa6, 0xb2, 0x5c, 0xa6, 0xb2, 0x5c, 0xa5, 0xb1, 0x5b, 0xa5, 0xb1, 0x5b,
    0xa5, 0xb1, 0x5b, 0xa5, 0xb2, 0x5a, 0xa5, 0xb2, 0x5a, 0xa5, 0xb2, 0x5a,
    0xa5, 0xb2, 0x5a, 0xa5, 0xb2, 0x5a, 0xa5, 0xb2, 0x5a, 0xa5, 0xb2, 0x5a,
    0xa5, 0xb2, 0x5a, 0xa5, 0xb2, 0x5a, 0xa5, 0xb2, 0x5a, 0xa5, 0xb2, 0x5a,
    0xa5, 0xb2, 0x5a, 0xa5, 0xb2, 0x5a, 0xa7, 0xb1, 0x5b, 0xa8, 0xb0, 0x5b,
    0xa8, 0xb0, 0x5a, 0xa8, 0xb0, 0x59, 0xa8, 0xb1, 0x58, 0xa8, 0xb1, 0x57,
    0xa8, 0xb1, 0x56, 0xaa, 0xb1, 0x54, 0xaa, 0xb1, 0x54, 0xaa, 0xb1, 0x54,
    0xab, 0xb2, 0x55, 0xab, 0xb2, 0x55, 0xab, 0xb2, 0x55, 0xab, 0xb2, 0x55,
    0xab, 0xb2, 0x55, 0xab, 0xb2, 0x55, 0xab, 0xb2, 0x55, 0xab, 0xb2, 0x55,
    0xab, 0xb2, 0x55, 0xab, 0xb2, 0x55, 0xad, 0xb2, 0x54, 0xad, 0xb2, 0x54,
    0xad, 0xb2, 0x54, 0xad, 0xb2, 0x54, 0xad, 0xb2, 0x54, 0xad, 0xb2, 0x54,
    0xad, 0xb2, 0x54, 0xad, 0xb3, 0x53, 0xad, 0xb3, 0x53, 0xad, 0xb3, 0x53,
    0xaf, 0xb5, 0x55, 0xb0, 0xb6, 0x56, 0xb0, 0xb6, 0x56, 0xb2, 0xb6, 0x57,
    0xb2, 0xb6, 0x57, 0xb2, 0xb6, 0x57, 0xb2, 0xb6, 0x57, 0xb2, 0xb6, 0x57,
    0xb2, 0xb6, 0x57, 0xb2, 0xb6, 0x57, 0xb3, 0xb7, 0x57, 0xb4, 0xb6, 0x58,
    0xb5, 0xb6, 0x58, 0xb5, 0xb4, 0x58, 0xb5, 0xb2, 0x57, 0xb4, 0xb0, 0x57,
    0xb1, 0xaf, 0x57, 0xaf, 0xac, 0x58, 0xac, 0xa7, 0x59, 0xa9, 0xa1, 0x5b,
    0xa4, 0x99, 0x5a, 0x9f, 0x92, 0x58, 0x96, 0x88, 0x51, 0x8c, 0x7e, 0x4a,
    0xb2, 0xb7, 0x5b, 0xb2, 0xb7, 0x5b, 0xb2, 0xb7, 0x5b, 0xb2, 0xb7, 0x5b,
    0xb2, 0xb7, 0x5b, 0xb2, 0xb7, 0x5b, 0xb2, 0xb7, 0x5b, 0xb2, 0xb7, 0x5b,
    0xb2, 0xb7, 0x5b, 0xb2, 0xb7, 0x5b, 0xb2, 0xb7, 0x5b, 0xb2, 0xb7, 0x5b,
    0xb2, 0xb7, 0x5b, 0xb2, 0xb7, 0x5b, 0xb2, 0xb7, 0x5b, 0xb2, 0xb7, 0x5b,
    0xb1, 0xb6, 0x5a, 0xb1, 0xb6, 0x5a, 0xb1, 0xb6, 0x5a, 0xb1, 0xb6, 0x5b,
    0xb0, 0xb6, 0x5c, 0xaf, 0xb5, 0x5b, 0xaf, 0xb5, 0x5b, 0xae, 0xb4, 0x5a,
    0xae, 0xb4, 0x5a, 0xac, 0xb3, 0x58, 0xaa, 0xb4, 0x56, 0xaa, 0xb5, 0x57,
    0xaa, 0xb4, 0x5c, 0xa7, 0xb2, 0x66, 0x95, 0xa3, 0x6a, 0x86, 0x9a, 0x71,
    0x80, 0x98, 0x75, 0x93, 0xac, 0x82, 0x8d, 0xa6, 0x7c, 0x79, 0x92, 0x68,
    0x82, 0x9b, 0x70, 0x80, 0x99, 0x6f, 0x87, 0x9f, 0x75, 0x7d, 0x8b, 0x6d,
    0x7a, 0x8a, 0x6d, 0x7b, 0x8e, 0x70, 0x6e, 0x7d, 0x4d, 0x98, 0xa6, 0x49,
    0xa4, 0xb4, 0x59, 0x78, 0x8a, 0x5d, 0x70, 0x8a, 0x6b, 0x66, 0x85, 0x60,
    0x6b, 0x8f, 0x61, 0x60, 0x86, 0x52, 0x59, 0x7c, 0x48, 0x45, 0x65, 0x31,
    0x64, 0x85, 0x4b, 0x6f, 0x92, 0x58, 0x62, 0x82, 0x50, 0x48, 0x68, 0x33,
    0x67, 0x85, 0x4b, 0x68, 0x85, 0x50, 0x6b, 0x88, 0x5a, 0x6e, 0x8d, 0x5d,
    0x68, 0x8a, 0x5f, 0x67, 0x87, 0x63, 0x78, 0x91, 0x6b, 0x86, 0x94, 0x63,
    0x88, 0x8a, 0x4a, 0x6a, 0x68, 0x29, 0x5a, 0x56, 0x1e, 0x50, 0x4a, 0x14,
    0x60, 0x55, 0x22, 0x7b, 0x6b, 0x3c, 0x7d, 0x69, 0x3d, 0x6c, 0x55, 0x2b,
    0x70, 0x58, 0x2d, 0x8d, 0x73, 0x4b, 0xa7, 0x8a, 0x68, 0xc8, 0xa8, 0x89,
    0xca, 0xa7, 0x89, 0xcc, 0xa9, 0x87, 0xd3, 0xb3, 0x8e, 0xca, 0xae, 0x88,
    0xb4, 0x9d, 0x74, 0xb3, 0xa5, 0x7a, 0x99, 0x97, 0x6b, 0x81, 0x8e, 0x61,
    0x7b, 0x90, 0x62, 0x77, 0x85, 0x57, 0x6e, 0x79, 0x4a, 0x5c, 0x69, 0x3e,
    0x49, 0x55, 0x2d, 0x64, 0x6e, 0x3b, 0xa2, 0xac, 0x5b, 0xa9, 0xb7, 0x51,
    0x9b, 0xb8, 0x58, 0x7e, 0xb2, 0x61, 0x75, 0xb6, 0x70, 0x7b, 0xb5, 0x71,
    0x89, 0xb5, 0x75, 0x91, 0xb6, 0x7a, 0x92, 0xb6, 0x73, 0x85, 0xaf, 0x4e,
    0x8c, 0xba, 0x4f, 0x83, 0xb1, 0x4f, 0x8c, 0xb9, 0x4f, 0x8b, 0xb4, 0x52,
    0x92, 0xb3, 0x66, 0x9e, 0xbf, 0x62, 0x95, 0xb5, 0x5b, 0x80, 0x9d, 0x4a,
    0x93, 0xad, 0x5e, 0x90, 0xa9, 0x5c, 0x81, 0x98, 0x4c, 0x74, 0x8c, 0x44,
    0x76, 0x8f, 0x4a, 0x69, 0x82, 0x3e, 0x73, 0x8c, 0x49, 0x79, 0x92, 0x4e,
    0x65, 0x7e, 0x3a, 0x70, 0x88, 0x47, 0x6c, 0x80, 0x4a, 0x67, 0x7b, 0x46,
    0x6b, 0x80, 0x47, 0x68, 0x7d, 0x40, 0x72, 0x87, 0x47, 0x6a, 0x80, 0x3d,
    0x7d, 0x8e, 0x48, 0x89, 0x96, 0x4b, 0x92, 0x9e, 0x51, 0x9d, 0xaa, 0x58,
    0x9e, 0xac, 0x56, 0xa0, 0xae, 0x56, 0xa2, 0xb1, 0x56, 0xa3, 0xb2, 0x55,
    0xa3, 0xb2, 0x55, 0xa3, 0xb2, 0x55, 0xa4, 0xb3, 0x56, 0xa4, 0xb3, 0x56,
    0xa4, 0xb3, 0x56, 0xa4, 0xb3, 0x58, 0xa4, 0xb2, 0x5a, 0xa4, 0xb2, 0x5a,
    0xa4, 0xb2, 0x5a, 0xa4, 0xb2, 0x5a, 0xa4, 0xb2, 0x5a, 0xa4, 0xb2, 0x5a,
    0xa5, 0xb2, 0x5a, 0xa5, 0xb2, 0x5a, 0xa5, 0xb2, 0x5a, 0xa6, 0xb3, 0x5b,
    0xa6, 0xb3, 0x5b, 0xa6, 0xb3, 0x5b, 0xa6, 0xb3, 0x5b, 0xa6, 0xb2, 0x5c,
    0xa6, 0xb2, 0x5c, 0xa6, 0xb2, 0x5c, 0xa5, 0xb1, 0x5b, 0xa5, 0xb1, 0x5b,
    0xa5, 0xb1, 0x5b, 0xa5, 0xb2, 0x5a, 0xa5, 0xb2, 0x5a, 0xa5, 0xb2, 0x5a,
    0xa5, 0xb2, 0x5a, 0xa5, 0xb2, 0x5a, 0xa5, 0xb2, 0x5a, 0xa5, 0xb2, 0x5a,
    0xa5, 0xb2, 0x5a, 0xa5, 0xb2, 0x5a, 0xa5, 0xb2, 0x5a, 0xa5, 0xb2, 0x5a,
    0xa5, 0xb2, 0x5a, 0xa5, 0xb2, 0x5a, 0xa7, 0xb1, 0x5b, 0xa8, 0xb0, 0x5b,
    0xa8, 0xb0, 0x5a, 0xa8, 0xb0, 0x59, 0xa8, 0xb1, 0x58, 0xa8, 0xb1, 0x57,
    0xa8, 0xb1, 0x56, 0xaa, 0xb1, 0x54, 0xaa, 0xb1, 0x54, 0xaa, 0xb1, 0x54,
    0xab, 0xb2, 0x55, 0xab, 0xb2, 0x55, 0xab, 0xb2, 0x55, 0xab, 0xb2, 0x55,
    0xab, 0xb2, 0x55, 0xab, 0xb2, 0x55, 0xab, 0xb2, 0x55, 0xab, 0xb2, 0x55,
    0xab, 0xb2, 0x55, 0xab, 0xb2, 0x55, 0xad, 0xb2, 0x54, 0xad, 0xb2, 0x54,
    0xad, 0xb2, 0x54, 0xad, 0xb2, 0x54, 0xad, 0xb2, 0x54, 0xad, 0xb2, 0x54,
    0xad, 0xb2, 0x54, 0xad, 0xb3, 0x53, 0xad, 0xb3, 0x53, 0xad, 0xb3, 0x53,
    0xaf, 0xb5, 0x55, 0xb0, 0xb6, 0x56, 0xb0, 0xb6, 0x56, 0xb2, 0xb6, 0x57,
    0xb2, 0xb6, 0x57, 0xb2, 0xb6, 0x57, 0xb2, 0xb6, 0x57, 0xb2, 0xb6, 0x57,
    0xb2, 0xb6, 0x57, 0xb2, 0xb6, 0x57, 0xb3, 0xb7, 0x58, 0xb4, 0xb6, 0x58,
    0xb5, 0xb6, 0x58, 0xb5, 0xb4, 0x58, 0xb5, 0xb2, 0x57, 0xb4, 0xb0, 0x55,
    0xb1, 0xaf, 0x57, 0xaf, 0xac, 0x58, 0xac, 0xa7, 0x58, 0xa9, 0xa2, 0x5a,
    0xa4, 0x9a, 0x5a, 0x9f, 0x93, 0x59, 0x97, 0x8a, 0x53, 0x8f, 0x82, 0x4b,
    0xb2, 0xb7, 0x5c, 0xb2, 0xb7, 0x5c, 0xb2, 0xb7, 0x5c, 0xb2, 0xb7, 0x5c,
    0xb2, 0xb7, 0x5c, 0xb2, 0xb7, 0x5c, 0xb2, 0xb7, 0x5c, 0xb2, 0xb7, 0x5c,
    0xb2, 0xb7, 0x5c, 0xb2, 0xb7, 0x5c, 0xb2, 0xb7, 0x5c, 0xb2, 0xb7, 0x5c,
    0xb2, 0xb7, 0x5c, 0xb2, 0xb7, 0x5c, 0xb2, 0xb7, 0x5c, 0xb2, 0xb7, 0x5c,
    0xb1, 0xb6, 0x5b, 0xb1, 0xb6, 0x5b, 0xb1, 0xb6, 0x5b, 0xb0, 0xb7, 0x5b,
    0xae, 0xb7, 0x5c, 0xad, 0xb6, 0x5b, 0xad, 0xb6, 0x5b, 0xac, 0xb6, 0x5a,
    0xab, 0xb4, 0x59, 0xaa, 0xb4, 0x58, 0xa9, 0xb5, 0x56, 0xa9, 0xb5, 0x56,
    0xa9, 0xb5, 0x5a, 0xa6, 0xb1, 0x64, 0x9a, 0xaa, 0x70, 0x83, 0x97, 0x72,
    0x86, 0x9d, 0x7e, 0x8d, 0xa6, 0x7d, 0x84, 0x9d, 0x72, 0x88, 0xa1, 0x76,
    0x87, 0xa0, 0x74, 0x7b, 0x95, 0x67, 0x81, 0x9a, 0x6d, 0x81, 0x93, 0x6b,
    0x7f, 0x8f, 0x6f, 0x7d, 0x8e, 0x72, 0x72, 0x81, 0x4e, 0x9a, 0xaa, 0x4f,
    0xa5, 0xb4, 0x5e, 0x7b, 0x8b, 0x5b, 0x6d, 0x87, 0x64, 0x61, 0x7f, 0x57,
    0x69, 0x8b, 0x5c, 0x67, 0x8d, 0x57, 0x6d, 0x92, 0x5a, 0x62, 0x86, 0x4d,
    0x5b, 0x7d, 0x44, 0x63, 0x84, 0x4d, 0x54, 0x73, 0x3f, 0x63, 0x82, 0x4b,
    0x64, 0x82, 0x4a, 0x6d, 0x8b, 0x58, 0x6a, 0x86, 0x5a, 0x69, 0x87, 0x59,
    0x64, 0x85, 0x58, 0x68, 0x88, 0x61, 0x7a, 0x94, 0x6d, 0x92, 0xa2, 0x6f,
    0xa1, 0xa8, 0x60, 0x8b, 0x8e, 0x45, 0x6c, 0x6e, 0x2f, 0x50, 0x4f, 0x13,
    0x4e, 0x48, 0x11, 0x62, 0x56, 0x24, 0x77, 0x66, 0x3a, 0x6e, 0x5b, 0x30,
    0x62, 0x4b, 0x1d, 0x80, 0x66, 0x3a, 0x9b, 0x7e, 0x58, 0xb4, 0x94, 0x72,
    0xb7, 0x96, 0x72, 0xc0, 0x9e, 0x77, 0xc2, 0xa1, 0x7a, 0xbf, 0xa0, 0x7b,
    0xb9, 0xa3, 0x7c, 0xaa, 0xa1, 0x78, 0x94, 0x97, 0x6c, 0x82, 0x8f, 0x62,
    0x78, 0x8a, 0x5b, 0x8b, 0x9b, 0x6a, 0x6f, 0x7f, 0x50, 0x6b, 0x7c, 0x51,
    0x4e, 0x5c, 0x35, 0x6a, 0x73, 0x43, 0x9e, 0xa3, 0x5e, 0xa9, 0xb0, 0x58,
    0x9f, 0xb4, 0x54, 0x7c, 0xa8, 0x50, 0x7c, 0xb7, 0x68, 0x73, 0xad, 0x66,
    0x8d, 0xbc, 0x7c, 0x98, 0xbc, 0x83, 0x93, 0xb8, 0x74, 0x8f, 0xb9, 0x61,
    0x97, 0xc3, 0x63, 0x88, 0xb6, 0x4f, 0x8d, 0xbd, 0x4a, 0x8e, 0xb9, 0x53,
    0x8a, 0xaf, 0x57, 0x96, 0xbc, 0x49, 0x93, 0xb6, 0x4f, 0x8d, 0xac, 0x55,
    0x9b, 0xba, 0x56, 0x91, 0xaf, 0x4e, 0x8b, 0xa5, 0x52, 0x7f, 0x9a, 0x45,
    0x82, 0x9c, 0x4c, 0x7d, 0x95, 0x50, 0x60, 0x78, 0x36, 0x74, 0x8d, 0x46,
    0x68, 0x81, 0x36, 0x63, 0x7c, 0x33, 0x6f, 0x84, 0x46, 0x65, 0x7a, 0x3d,
    0x6d, 0x82, 0x45, 0x68, 0x7d, 0x40, 0x72, 0x87, 0x4b, 0x67, 0x7b, 0x40,
    0x72, 0x84, 0x44, 0x74, 0x83, 0x3e, 0x7d, 0x8d, 0x45, 0x8f, 0x9f, 0x55,
    0x92, 0xa3, 0x55, 0x99, 0xaa, 0x5a, 0x9d, 0xaf, 0x5b, 0xa1, 0xb2, 0x57,
    0xa0, 0xb2, 0x56, 0xa2, 0xb3, 0x56, 0xa3, 0xb3, 0x56, 0xa4, 0xb3, 0x56,
    0xa4, 0xb3, 0x56, 0xa4, 0xb3, 0x56, 0xa4, 0xb3, 0x56, 0xa4, 0xb3, 0x57,
    0xa4, 0xb3, 0x57, 0xa4, 0xb3, 0x57, 0xa4, 0xb2, 0x58, 0xa5, 0xb2, 0x58,
    0xa5, 0xb2, 0x58, 0xa5, 0xb2, 0x58, 0xa5, 0xb2, 0x58, 0xa6, 0xb3, 0x59,
    0xa6, 0xb3, 0x59, 0xa6, 0xb3, 0x59, 0xa6, 0xb3, 0x5a, 0xa6, 0xb2, 0x5b,
    0xa6, 0xb2, 0x5b, 0xa6, 0xb2, 0x5b, 0xa5, 0xb1, 0x5b, 0xa5, 0xb1, 0x5b,
    0xa5, 0xb1, 0x5b, 0xa5, 0xb2, 0x5a, 0xa5, 0xb2, 0x5a, 0xa5, 0xb2, 0x5a,
    0xa5, 0xb2, 0x5a, 0xa5, 0xb2, 0x5a, 0xa5, 0xb2, 0x5a, 0xa5, 0xb2, 0x5a,
    0xa5, 0xb2, 0x5a, 0xa5, 0xb2, 0x5a, 0xa5, 0xb2, 0x5a, 0xa5, 0xb2, 0x5a,
    0xa5, 0xb2, 0x5a, 0xa5, 0xb2, 0x5a, 0xa6, 0xb1, 0x5b, 0xa6, 0xb1, 0x5b,
    0xa6, 0xb1, 0x5a, 0xa7, 0xb1, 0x59, 0xa8, 0xb1, 0x59, 0xa8, 0xb1, 0x59,
    0xa8, 0xb1, 0x58, 0xaa, 0xb0, 0x57, 0xaa, 0xb0, 0x57, 0xaa, 0xb1, 0x56,
    0xab, 0xb2, 0x56, 0xab, 0xb2, 0x55, 0xab, 0xb2, 0x55, 0xab, 0xb2, 0x55,
    0xab, 0xb2, 0x55, 0xab, 0xb2, 0x55, 0xab, 0xb2, 0x55, 0xab, 0xb2, 0x55,
    0xab, 0xb2, 0x55, 0xab, 0xb2, 0x55, 0xad, 0xb2, 0x55, 0xad, 0xb2, 0x55,
    0xad, 0xb2, 0x55, 0xad, 0xb2, 0x55, 0xad, 0xb2, 0x55, 0xad, 0xb2, 0x55,
    0xad, 0xb2, 0x54, 0xae, 0xb3, 0x54, 0xae, 0xb3, 0x54, 0xae, 0xb3, 0x54,
    0xaf, 0xb5, 0x55, 0xb0, 0xb6, 0x56, 0xb0, 0xb6, 0x56, 0xb2, 0xb6, 0x57,
    0xb2, 0xb6, 0x57, 0xb2, 0xb6, 0x57, 0xb2, 0xb6, 0x57, 0xb2, 0xb6, 0x57,
    0xb2, 0xb6, 0x57, 0xb2, 0xb6, 0x57, 0xb4, 0xb5, 0x58, 0xb5, 0xb5, 0x58,
    0xb5, 0xb5, 0x58, 0xb5, 0xb4, 0x58, 0xb5, 0xb2, 0x57, 0xb3, 0xb0, 0x55,
    0xb1, 0xaf, 0x57, 0xaf, 0xad, 0x58, 0xac, 0xa8, 0x58, 0xa9, 0xa3, 0x5a,
    0xa4, 0x9b, 0x59, 0xa0, 0x95, 0x58, 0x98, 0x8d, 0x53, 0x91, 0x84, 0x4d,
    0xb1, 0xb7, 0x5d, 0xb1, 0xb7, 0x5d, 0xb1, 0xb7, 0x5d, 0xb1, 0xb7, 0x5d,
    0xb1, 0xb7, 0x5d, 0xb1, 0xb7, 0x5d, 0xb1, 0xb7, 0x5d, 0xb1, 0xb7, 0x5d,
    0xb1, 0xb7, 0x5d, 0xb1, 0xb7, 0x5d, 0xb1, 0xb7, 0x5d, 0xb1, 0xb7, 0x5d,
    0xb1, 0xb7, 0x5d, 0xb1, 0xb7, 0x5d, 0xb1, 0xb7, 0x5d, 0xb1, 0xb7, 0x5d,
    0xb0, 0xb6, 0x5c, 0xb0, 0xb6, 0x5c, 0xb0, 0xb6, 0x5c, 0xae, 0xb7, 0x5c,
    0xac, 0xb8, 0x5c, 0xaa, 0xb7, 0x5b, 0xaa, 0xb7, 0x5b, 0xaa, 0xb7, 0x5b,
    0xa8, 0xb5, 0x59, 0xa8, 0xb5, 0x58, 0xa8, 0xb6, 0x56, 0xa8, 0xb6, 0x54,
    0xa8, 0xb6, 0x58, 0xa6, 0xb4, 0x64, 0x98, 0xa9, 0x6f, 0x80, 0x95, 0x72,
    0x8a, 0xa1, 0x85, 0x92, 0xaa, 0x82, 0x85, 0x9f, 0x73, 0x88, 0xa2, 0x75,
    0x85, 0x9f, 0x71, 0x8c, 0xa6, 0x76, 0x85, 0xa0, 0x6f, 0x80, 0x97, 0x64,
    0x7d, 0x8f, 0x6b, 0x7b, 0x89, 0x70, 0x74, 0x84, 0x50, 0x96, 0xa8, 0x53,
    0xa8, 0xb6, 0x65, 0x79, 0x88, 0x50, 0x64, 0x7e, 0x54, 0x63, 0x82, 0x56,
    0x6a, 0x8b, 0x5a, 0x69, 0x8c, 0x55, 0x6c, 0x92, 0x56, 0x72, 0x99, 0x5a,
    0x5d, 0x80, 0x48, 0x40, 0x5f, 0x2d, 0x51, 0x6f, 0x3a, 0x72, 0x91, 0x58,
    0x67, 0x85, 0x50, 0x67, 0x84, 0x56, 0x64, 0x80, 0x56, 0x65, 0x81, 0x55,
    0x5b, 0x7a, 0x4b, 0x6b, 0x8b, 0x5e, 0x85, 0xa1, 0x77, 0x8d, 0xa2, 0x6c,
    0xa5, 0xb2, 0x61, 0xa0, 0xa9, 0x53, 0x89, 0x92, 0x48, 0x68, 0x6d, 0x29,
    0x55, 0x55, 0x17, 0x55, 0x4f, 0x19, 0x6a, 0x5f, 0x2f, 0x6f, 0x60, 0x33,
    0x6b, 0x54, 0x24, 0x7a, 0x60, 0x32, 0x94, 0x78, 0x50, 0xa2, 0x85, 0x5f,
    0xa5, 0x87, 0x60, 0xb1, 0x93, 0x69, 0xb0, 0x8f, 0x66, 0xb7, 0x95, 0x73,
    0xc4, 0xb0, 0x8e, 0xa3, 0x9f, 0x79, 0x8b, 0x94, 0x6a, 0x9e, 0xae, 0x7f,
    0x88, 0x99, 0x66, 0x93, 0xa5, 0x71, 0x73, 0x87, 0x58, 0x60, 0x74, 0x4b,
    0x4d, 0x5c, 0x35, 0x61, 0x67, 0x3c, 0x8c, 0x89, 0x53, 0xa8, 0xa3, 0x5f,
    0xaa, 0xb2, 0x58, 0x85, 0xa3, 0x48, 0x7f, 0xb3, 0x5b, 0x7f, 0xb9, 0x6b,
    0x88, 0xbc, 0x79, 0x97, 0xbe, 0x86, 0x91, 0xb9, 0x73, 0x87, 0xb1, 0x64,
    0x8b, 0xb5, 0x62, 0x86, 0xb4, 0x4a, 0x8d, 0xbd, 0x43, 0x88, 0xb5, 0x49,
    0x8e, 0xb8, 0x53, 0x9d, 0xc8, 0x41, 0x94, 0xba, 0x47, 0x8a, 0xab, 0x4e,
    0x94, 0xb8, 0x3b, 0x91, 0xb2, 0x3c, 0x86, 0xa3, 0x48, 0x8d, 0xaa, 0x46,
    0x74, 0x8e, 0x32, 0x83, 0x9a, 0x54, 0x66, 0x7c, 0x3d, 0x64, 0x7b, 0x35,
    0x70, 0x88, 0x3c, 0x72, 0x89, 0x3f, 0x6f, 0x85, 0x3f, 0x62, 0x78, 0x33,
    0x6c, 0x81, 0x3f, 0x64, 0x79, 0x3b, 0x6e, 0x82, 0x49, 0x67, 0x79, 0x45,
    0x70, 0x83, 0x49, 0x69, 0x7d, 0x3d, 0x73, 0x88, 0x46, 0x7a, 0x8e, 0x4a,
    0x7a, 0x8f, 0x49, 0x8b, 0xa0, 0x59, 0x91, 0xa7, 0x5c, 0x97, 0xac, 0x56,
    0x9c, 0xb1, 0x58, 0xa1, 0xb5, 0x5b, 0xa2, 0xb3, 0x59, 0xa3, 0xb4, 0x58,
    0xa3, 0xb2, 0x55, 0xa3, 0xb3, 0x55, 0xa2, 0xb5, 0x52, 0xa3, 0xb4, 0x53,
    0xa4, 0xb3, 0x54, 0xa4, 0xb3, 0x55, 0xa6, 0xb2, 0x56, 0xa7, 0xb2, 0x56,
    0xa5, 0xb2, 0x56, 0xa4, 0xb3, 0x56, 0xa4, 0xb3, 0x56, 0xa5, 0xb4, 0x57,
    0xa5, 0xb4, 0x57, 0xa5, 0xb4, 0x57, 0xa5, 0xb3, 0x58, 0xa5, 0xb2, 0x5a,
    0xa5, 0xb2, 0x5a, 0xa5, 0xb2, 0x5a, 0xa5, 0xb2, 0x5a, 0xa5, 0xb2, 0x5a,
    0xa5, 0xb2, 0x5a, 0xa5, 0xb2, 0x5a, 0xa5, 0xb2, 0x5a, 0xa5, 0xb2, 0x5a,
    0xa5, 0xb2, 0x5a, 0xa5, 0xb2, 0x5a, 0xa5, 0xb2, 0x5a, 0xa5, 0xb2, 0x5a,
    0xa5, 0xb1, 0x5b, 0xa5, 0xb1, 0x5b, 0xa5, 0xb1, 0x5b, 0xa5, 0xb1, 0x5b,
    0xa5, 0xb1, 0x5b, 0xa5, 0xb1, 0x5b, 0xa4, 0xb2, 0x5a, 0xa4, 0xb2, 0x5a,
    0xa4, 0xb2, 0x5a, 0xa6, 0xb2, 0x5a, 0xa7, 0xb1, 0x5a, 0xa8, 0xb0, 0x5a,
    0xa8, 0xb0, 0x5a, 0xaa, 0xb0, 0x5a, 0xaa, 0xb0, 0x59, 0xaa, 0xb0, 0x58,
    0xab, 0xb1, 0x57, 0xab, 0xb2, 0x55, 0xab, 0xb2, 0x55, 0xab, 0xb2, 0x55,
    0xab, 0xb2, 0x55, 0xab, 0xb2, 0x55, 0xab, 0xb2, 0x55, 0xab, 0xb2, 0x55,
    0xab, 0xb2, 0x55, 0xab, 0xb2, 0x55, 0xad, 0xb2, 0x56, 0xad, 0xb2, 0x56,
    0xad, 0xb2, 0x56, 0xad, 0xb2, 0x56, 0xad, 0xb2, 0x56, 0xad, 0xb2, 0x56,
    0xae, 0xb2, 0x56, 0xaf, 0xb3, 0x55, 0xaf, 0xb3, 0x55, 0xaf, 0xb3, 0x55,
    0xb0, 0xb4, 0x56, 0xb1, 0xb5, 0x57, 0xb1, 0xb5, 0x57, 0xb2, 0xb6, 0x57,
    0xb2, 0xb6, 0x57, 0xb2, 0xb6, 0x57, 0xb2, 0xb6, 0x57, 0xb2, 0xb6, 0x57,
    0xb2, 0xb6, 0x57, 0xb3, 0xb5, 0x57, 0xb5, 0xb4, 0x58, 0xb5, 0xb4, 0x58,
    0xb5, 0xb4, 0x58, 0xb6, 0xb5, 0x59, 0xb4, 0xb3, 0x57, 0xb2, 0xb1, 0x55,
    0xb1, 0xb0, 0x58, 0xae, 0xae, 0x59, 0xac, 0xa9, 0x58, 0xaa, 0xa5, 0x59,
    0xa5, 0x9d, 0x58, 0xa1, 0x98, 0x57, 0x99, 0x8f, 0x53, 0x91, 0x84, 0x4e,
    0xb1, 0xb7, 0x5d, 0xb1, 0xb7, 0x5d, 0xb1, 0xb7, 0x5d, 0xb1, 0xb7, 0x5d,
    0xb1, 0xb7, 0x5d, 0xb1, 0xb7, 0x5d, 0xb1, 0xb7, 0x5d, 0xb1, 0xb7, 0x5d,
    0xb1, 0xb7, 0x5d, 0xb1, 0xb7, 0x5d, 0xb1, 0xb7, 0x5d, 0xb1, 0xb7, 0x5d,
    0xb1, 0xb7, 0x5d, 0xb1, 0xb7, 0x5d, 0xb1, 0xb7, 0x5d, 0xb1, 0xb7, 0x5d,
    0xb0, 0xb6, 0x5c, 0xb0, 0xb6, 0x5c, 0xb0, 0xb6, 0x5c, 0xae, 0xb7, 0x5c,
    0xac, 0xb8, 0x5c, 0xaa, 0xb7, 0x5b, 0xaa, 0xb7, 0x5b, 0xaa, 0xb7, 0x5b,
    0xa8, 0xb5, 0x59, 0xa8, 0xb5, 0x59, 0xa8, 0xb6, 0x57, 0xa8, 0xb6, 0x55,
    0xa8, 0xb6, 0x58, 0xa7, 0xb5, 0x63, 0x97, 0xa9, 0x6d, 0x85, 0x9b, 0x77,
    0x84, 0x9b, 0x7f, 0x84, 0x9d, 0x74, 0x92, 0xab, 0x7f, 0x7e, 0x98, 0x6b,
    0x79, 0x93, 0x64, 0x8b, 0xa5, 0x75, 0x87, 0xa1, 0x70, 0x8b, 0xa2, 0x71,
    0x84, 0x95, 0x75, 0x88, 0x95, 0x7e, 0x7e, 0x8d, 0x5b, 0x92, 0xa4, 0x51,
    0xa8, 0xb7, 0x65, 0x7b, 0x8b, 0x4e, 0x58, 0x72, 0x49, 0x5e, 0x7c, 0x52,
    0x65, 0x84, 0x55, 0x63, 0x85, 0x50, 0x66, 0x8b, 0x50, 0x6f, 0x94, 0x57,
    0x70, 0x92, 0x5b, 0x4c, 0x6a, 0x3a, 0x5b, 0x79, 0x43, 0x64, 0x83, 0x4c,
    0x63, 0x81, 0x4c, 0x5b, 0x78, 0x4a, 0x58, 0x73, 0x49, 0x54, 0x6f, 0x41,
    0x54, 0x73, 0x42, 0x6c, 0x8d, 0x5e, 0x84, 0xa1, 0x75, 0x90, 0xa5, 0x6d,
    0xa7, 0xb5, 0x62, 0xab, 0xb6, 0x5c, 0xa3, 0xac, 0x5d, 0x90, 0x96, 0x4c,
    0x73, 0x75, 0x32, 0x5d, 0x5a, 0x1d, 0x5c, 0x54, 0x1d, 0x66, 0x5a, 0x28,
    0x6b, 0x56, 0x25, 0x74, 0x5c, 0x2f, 0x85, 0x6b, 0x43, 0x8d, 0x72, 0x4c,
    0x9a, 0x7d, 0x57, 0xa7, 0x8a, 0x61, 0xa6, 0x85, 0x5e, 0xb3, 0x93, 0x71,
    0xcf, 0xbc, 0x9a, 0xa9, 0xa6, 0x80, 0x84, 0x8f, 0x64, 0x97, 0xa6, 0x78,
    0x7f, 0x8f, 0x5c, 0x78, 0x89, 0x56, 0x63, 0x75, 0x47, 0x42, 0x52, 0x2b,
    0x40, 0x4b, 0x26, 0x65, 0x67, 0x3d, 0x7e, 0x76, 0x45, 0x92, 0x87, 0x4a,
    0xa9, 0xa8, 0x5c, 0x94, 0xa8, 0x57, 0x7d, 0xa9, 0x57, 0x84, 0xbc, 0x6e,
    0x82, 0xb8, 0x70, 0x8e, 0xbc, 0x7c, 0x8e, 0xba, 0x74, 0x87, 0xb2, 0x6a,
    0x92, 0xbd, 0x6c, 0x86, 0xb4, 0x4c, 0x84, 0xb4, 0x3a, 0x7c, 0xab, 0x39,
    0x82, 0xae, 0x41, 0x8d, 0xb9, 0x2d, 0x88, 0xb0, 0x37, 0x8c, 0xae, 0x4c,
    0x9c, 0xc2, 0x3e, 0x99, 0xbc, 0x41, 0x8b, 0xa8, 0x48, 0x99, 0xb7, 0x4e,
    0x84, 0x9f, 0x3e, 0x6b, 0x83, 0x37, 0x6e, 0x84, 0x40, 0x7c, 0x93, 0x4e,
    0x61, 0x78, 0x36, 0x68, 0x7d, 0x42, 0x59, 0x6d, 0x30, 0x57, 0x6c, 0x2e,
    0x58, 0x6c, 0x2f, 0x59, 0x6d, 0x32, 0x5f, 0x72, 0x3b, 0x61, 0x74, 0x3f,
    0x69, 0x7d, 0x43, 0x69, 0x7e, 0x3e, 0x73, 0x88, 0x47, 0x6b, 0x80, 0x3d,
    0x6e, 0x83, 0x3e, 0x7c, 0x92, 0x4b, 0x7e, 0x94, 0x4b, 0x87, 0x9d, 0x4d,
    0x96, 0xab, 0x59, 0x9e, 0xb1, 0x5d, 0x9f, 0xb2, 0x5b, 0xa3, 0xb4, 0x5b,
    0xa4, 0xb4, 0x59, 0xa5, 0xb5, 0x57, 0xa3, 0xb5, 0x52, 0xa4, 0xb4, 0x53,
    0xa4, 0xb3, 0x54, 0xa6, 0xb3, 0x54, 0xa7, 0xb2, 0x55, 0xa7, 0xb2, 0x56,
    0xa5, 0xb2, 0x56, 0xa4, 0xb3, 0x56, 0xa4, 0xb3, 0x56, 0xa5, 0xb4, 0x57,
    0xa5, 0xb4, 0x57, 0xa5, 0xb4, 0x57, 0xa5, 0xb3, 0x58, 0xa5, 0xb2, 0x5a,
    0xa5, 0xb2, 0x5a, 0xa5, 0xb2, 0x5a, 0xa5, 0xb2, 0x5a, 0xa5, 0xb2, 0x5a,
    0xa5, 0xb2, 0x5a, 0xa5, 0xb2, 0x5a, 0xa5, 0xb2, 0x5a, 0xa5, 0xb2, 0x5a,
    0xa5, 0xb2, 0x5a, 0xa5, 0xb2, 0x5a, 0xa5, 0xb2, 0x5a, 0xa5, 0xb2, 0x5a,
    0xa5, 0xb1, 0x5b, 0xa5, 0xb1, 0x5b, 0xa5, 0xb1, 0x5b, 0xa5, 0xb1, 0x5b,
    0xa5, 0xb1, 0x5b, 0xa5, 0xb1, 0x5b, 0xa4, 0xb2, 0x5a, 0xa4, 0xb2, 0x5a,
    0xa4, 0xb2, 0x5a, 0xa6, 0xb2, 0x5a, 0xa7, 0xb1, 0x5a, 0xa8, 0xb0, 0x5a,
    0xa8, 0xb0, 0x5a, 0xaa, 0xb0, 0x5a, 0xaa, 0xb0, 0x59, 0xaa, 0xb0, 0x58,
    0xab, 0xb1, 0x57, 0xab, 0xb2, 0x55, 0xab, 0xb2, 0x55, 0xab, 0xb2, 0x55,
    0xab, 0xb2, 0x55, 0xab, 0xb2, 0x55, 0xab, 0xb2, 0x55, 0xab, 0xb2, 0x55,
    0xab, 0xb2, 0x55, 0xab, 0xb2, 0x55, 0xad, 0xb2, 0x56, 0xad, 0xb2, 0x56,
    0xad, 0xb2, 0x56, 0xad, 0xb2, 0x56, 0xad, 0xb2, 0x56, 0xad, 0xb2, 0x56,
    0xae, 0xb2, 0x56, 0xaf, 0xb3, 0x55, 0xaf, 0xb3, 0x55, 0xaf, 0xb3, 0x55,
    0xb0, 0xb4, 0x56, 0xb1, 0xb5, 0x57, 0xb1, 0xb5, 0x57, 0xb2, 0xb6, 0x57,
    0xb2, 0xb6, 0x57, 0xb2, 0xb6, 0x57, 0xb2, 0xb6, 0x57, 0xb2, 0xb6, 0x57,
    0xb2, 0xb6, 0x57, 0xb3, 0xb5, 0x57, 0xb5, 0xb4, 0x58, 0xb5, 0xb4, 0x58,
    0xb5, 0xb4, 0x58, 0xb6, 0xb5, 0x59, 0xb5, 0xb4, 0x58, 0xb3, 0xb2, 0x56,
    0xb1, 0xb1, 0x58, 0xae, 0xae, 0x58, 0xac, 0xa9, 0x58, 0xaa, 0xa5, 0x59,
    0xa5, 0x9d, 0x57, 0xa1, 0x98, 0x56, 0x99, 0x8f, 0x52, 0x91, 0x84, 0x4c,
    0xb1, 0xb7, 0x5d, 0xb1, 0xb7, 0x5d, 0xb1, 0xb7, 0x5d, 0xb1, 0xb7, 0x5d,
    0xb1, 0xb7, 0x5d, 0xb1, 0xb7, 0x5d, 0xb1, 0xb7, 0x5d, 0xb1, 0xb7, 0x5d,
    0xb1, 0xb7, 0x5d, 0xb1, 0xb7, 0x5d, 0xb1, 0xb7, 0x5d, 0xb1, 0xb7, 0x5d,
    0xb1, 0xb7, 0x5d, 0xb1, 0xb7, 0x5d, 0xb1, 0xb7, 0x5d, 0xb1, 0xb7, 0x5d,
    0xb0, 0xb6, 0x5c, 0xb0, 0xb6, 0x5c, 0xb0, 0xb6, 0x5c, 0xae, 0xb7, 0x5c,
    0xac, 0xb8, 0x5c, 0xaa, 0xb7, 0x5b, 0xaa, 0xb7, 0x5b, 0xaa, 0xb7, 0x5b,
    0xa8, 0xb5, 0x59, 0xa8, 0xb5, 0x59, 0xa8, 0xb6, 0x57, 0xa8, 0xb6, 0x55,
    0xa8, 0xb6, 0x58, 0xa6, 0xb4, 0x62, 0x9b, 0xad, 0x70, 0x83, 0x99, 0x74,
    0x85, 0x9c, 0x7f, 0x7e, 0x97, 0x6f, 0x8f, 0xa9, 0x7d, 0x80, 0x9a, 0x6d,
    0x8a, 0xa4, 0x75, 0x83, 0x9d, 0x6d, 0x7b, 0x95, 0x65, 0x83, 0x9a, 0x6c,
    0x83, 0x95, 0x77, 0x89, 0x98, 0x81, 0x7b, 0x8b, 0x5b, 0x91, 0xa3, 0x53,
    0xa6, 0xb7, 0x61, 0x87, 0x98, 0x56, 0x54, 0x6d, 0x46, 0x4f, 0x6b, 0x45,
    0x5e, 0x7d, 0x51, 0x64, 0x86, 0x54, 0x60, 0x84, 0x4d, 0x6d, 0x92, 0x58,
    0x69, 0x8a, 0x54, 0x69, 0x87, 0x54, 0x69, 0x87, 0x51, 0x53, 0x71, 0x3b,
    0x65, 0x83, 0x4e, 0x51, 0x6e, 0x3f, 0x50, 0x6b, 0x40, 0x57, 0x71, 0x42,
    0x63, 0x81, 0x4f, 0x70, 0x91, 0x62, 0x73, 0x90, 0x64, 0x93, 0xa8, 0x70,
    0xa7, 0xb6, 0x62, 0xaa, 0xb6, 0x5b, 0xa9, 0xb4, 0x60, 0xa5, 0xac, 0x5d,
    0x90, 0x94, 0x4a, 0x75, 0x75, 0x32, 0x60, 0x5d, 0x1e, 0x60, 0x58, 0x1e,
    0x63, 0x51, 0x1d, 0x6a, 0x55, 0x27, 0x73, 0x5c, 0x33, 0x80, 0x66, 0x42,
    0x91, 0x77, 0x51, 0xa0, 0x84, 0x5d, 0xa4, 0x85, 0x5f, 0xb1, 0x92, 0x70,
    0xc9, 0xb8, 0x95, 0xa7, 0xa6, 0x80, 0x7e, 0x89, 0x5f, 0x75, 0x84, 0x56,
    0x7c, 0x8b, 0x59, 0x69, 0x79, 0x48, 0x67, 0x76, 0x4a, 0x4f, 0x5b, 0x35,
    0x48, 0x4c, 0x29, 0x73, 0x6e, 0x47, 0x86, 0x79, 0x4b, 0x86, 0x74, 0x3f,
    0x9b, 0x91, 0x52, 0x9b, 0xa5, 0x61, 0x82, 0xa3, 0x59, 0x7d, 0xb0, 0x64,
    0x7b, 0xb4, 0x68, 0x85, 0xbc, 0x73, 0x91, 0xc2, 0x7c, 0x91, 0xbd, 0x7b,
    0x85, 0xb1, 0x63, 0x8a, 0xb9, 0x53, 0x85, 0xb6, 0x3e, 0x8c, 0xbb, 0x46,
    0x81, 0xaf, 0x3a, 0x8c, 0xb9, 0x2d, 0x88, 0xb2, 0x33, 0x84, 0xa8, 0x3e,
    0x90, 0xb7, 0x30, 0x95, 0xba, 0x3b, 0x8b, 0xaa, 0x44, 0x99, 0xb8, 0x49,
    0x95, 0xb2, 0x49, 0x76, 0x90, 0x3a, 0x6b, 0x83, 0x36, 0x7a, 0x91, 0x49,
    0x58, 0x6d, 0x34, 0x5b, 0x6e, 0x42, 0x53, 0x65, 0x31, 0x59, 0x6c, 0x35,
    0x4e, 0x61, 0x2a, 0x56, 0x68, 0x31, 0x53, 0x66, 0x2f, 0x5e, 0x71, 0x3a,
    0x5c, 0x70, 0x35, 0x65, 0x79, 0x3a, 0x6d, 0x82, 0x41, 0x69, 0x7e, 0x3c,
    0x74, 0x89, 0x45, 0x76, 0x8b, 0x46, 0x71, 0x87, 0x41, 0x7a, 0x90, 0x47,
    0x87, 0x9d, 0x51, 0x8f, 0xa3, 0x55, 0x98, 0xab, 0x59, 0xa0, 0xb2, 0x5c,
    0xa2, 0xb4, 0x5b, 0xa5, 0xb5, 0x59, 0xa4, 0xb3, 0x54, 0xa5, 0xb3, 0x54,
    0xa5, 0xb3, 0x54, 0xa7, 0xb2, 0x54, 0xa8, 0xb1, 0x54, 0xa8, 0xb1, 0x54,
    0xa5, 0xb2, 0x56, 0xa4, 0xb3, 0x56, 0xa4, 0xb3, 0x56, 0xa5, 0xb4, 0x57,
    0xa5, 0xb4, 0x57, 0xa5, 0xb4, 0x57, 0xa5, 0xb3, 0x58, 0xa5, 0xb2, 0x5a,
    0xa5, 0xb2, 0x5a, 0xa5, 0xb2, 0x5a, 0xa5, 0xb2, 0x5a, 0xa5, 0xb2, 0x5a,
    0xa5, 0xb2, 0x5a, 0xa5, 0xb2, 0x5a, 0xa5, 0xb2, 0x5a, 0xa5, 0xb2, 0x5a,
    0xa5, 0xb2, 0x5a, 0xa5, 0xb2, 0x5a, 0xa5, 0xb2, 0x5a, 0xa5, 0xb2, 0x5a,
    0xa5, 0xb1, 0x5b, 0xa5, 0xb1, 0x5b, 0xa5, 0xb1, 0x5b, 0xa5, 0xb1, 0x5b,
    0xa5, 0xb1, 0x5b, 0xa5, 0xb1, 0x5b, 0xa4, 0xb2, 0x5a, 0xa4, 0xb2, 0x5a,
    0xa4, 0xb2, 0x5a, 0xa6, 0xb2, 0x5a, 0xa7, 0xb1, 0x5a, 0xa8, 0xb0, 0x5a,
    0xa8, 0xb0, 0x5a, 0xaa, 0xb0, 0x5a, 0xaa, 0xb0, 0x59, 0xaa, 0xb0, 0x58,
    0xab, 0xb1, 0x57, 0xab, 0xb2, 0x55, 0xab, 0xb2, 0x55, 0xab, 0xb2, 0x55,
    0xab, 0xb2, 0x55, 0xab, 0xb2, 0x55, 0xab, 0xb2, 0x55, 0xab, 0xb2, 0x55,
    0xab, 0xb2, 0x55, 0xab, 0xb2, 0x55, 0xad, 0xb2, 0x56, 0xad, 0xb2, 0x56,
    0xad, 0xb2, 0x56, 0xad, 0xb2, 0x56, 0xad, 0xb2, 0x56, 0xad, 0xb2, 0x56,
    0xae, 0xb2, 0x56, 0xaf, 0xb3, 0x55, 0xaf, 0xb3, 0x55, 0xaf, 0xb3, 0x55,
    0xb0, 0xb4, 0x56, 0xb1, 0xb5, 0x57, 0xb1, 0xb5, 0x57, 0xb2, 0xb6, 0x57,
    0xb2, 0xb6, 0x57, 0xb2, 0xb6, 0x57, 0xb2, 0xb6, 0x57, 0xb2, 0xb6, 0x57,
    0xb2, 0xb6, 0x57, 0xb3, 0xb5, 0x57, 0xb5, 0xb4, 0x58, 0xb5, 0xb4, 0x58,
    0xb5, 0xb4, 0x58, 0xb5, 0xb4, 0x58, 0xb5, 0xb4, 0x58, 0xb4, 0xb3, 0x57,
    0xb1, 0xb1, 0x58, 0xae, 0xae, 0x58, 0xac, 0xa9, 0x58, 0xaa, 0xa5, 0x59,
    0xa5, 0x9d, 0x57, 0xa1, 0x98, 0x55, 0x99, 0x8f, 0x51, 0x91, 0x85, 0x4b,
    0xb1, 0xb7, 0x5d, 0xb1, 0xb7, 0x5d, 0xb1, 0xb7, 0x5d, 0xb1, 0xb7, 0x5d,
    0xb1, 0xb7, 0x5d, 0xb1, 0xb7, 0x5d, 0xb1, 0xb7, 0x5d, 0xb1, 0xb7, 0x5d,
    0xb1, 0xb7, 0x5d, 0xb1, 0xb7, 0x5d, 0xb1, 0xb7, 0x5d, 0xb1, 0xb7, 0x5d,
    0xb1, 0xb7, 0x5d, 0xb1, 0xb7, 0x5d, 0xb1, 0xb7, 0x5d, 0xb1, 0xb7, 0x5d,
    0xb0, 0xb6, 0x5c, 0xb0, 0xb6, 0x5c, 0xb0, 0xb6, 0x5c, 0xae, 0xb7, 0x5c,
    0xac, 0xb8, 0x5c, 0xaa, 0xb7, 0x5b, 0xaa, 0xb7, 0x5b, 0xaa, 0xb7, 0x5b,
    0xa8, 0xb5, 0x59, 0xa8, 0xb5, 0x59, 0xa8, 0xb6, 0x57, 0xa8, 0xb6, 0x55,
    0xa8, 0xb6, 0x58, 0xa8, 0xb6, 0x63, 0x9a, 0xab, 0x6d, 0x81, 0x97, 0x6f,
    0x7e, 0x96, 0x76, 0x8f, 0xa8, 0x7f, 0x7d, 0x96, 0x6b, 0x7c, 0x96, 0x68,
    0x94, 0xae, 0x7f, 0x87, 0xa1, 0x71, 0x94, 0xae, 0x7e, 0x88, 0xa0, 0x75,
    0x83, 0x97, 0x7a, 0x86, 0x96, 0x80, 0x80, 0x90, 0x65, 0x89, 0x9b, 0x52,
    0xa5, 0xb7, 0x60, 0x8c, 0x9e, 0x56, 0x5a, 0x72, 0x4f, 0x4a, 0x64, 0x42,
    0x46, 0x62, 0x3a, 0x52, 0x72, 0x44, 0x51, 0x73, 0x41, 0x6d, 0x90, 0x5b,
    0x5c, 0x7d, 0x48, 0x6c, 0x8a, 0x56, 0x76, 0x94, 0x60, 0x57, 0x75, 0x40,
    0x59, 0x77, 0x45, 0x54, 0x71, 0x43, 0x66, 0x81, 0x53, 0x70, 0x88, 0x58,
    0x71, 0x8e, 0x5a, 0x71, 0x91, 0x62, 0x70, 0x8d, 0x61, 0x95, 0xab, 0x73,
    0xa6, 0xb6, 0x64, 0xa6, 0xb3, 0x56, 0xa7, 0xb4, 0x5b, 0xa9, 0xb3, 0x5e,
    0xa7, 0xad, 0x5d, 0x91, 0x95, 0x4a, 0x73, 0x74, 0x2d, 0x62, 0x5f, 0x1d,
    0x5b, 0x4f, 0x17, 0x57, 0x47, 0x16, 0x5b, 0x48, 0x1e, 0x78, 0x62, 0x3c,
    0x88, 0x70, 0x4b, 0x98, 0x7e, 0x58, 0xa3, 0x86, 0x60, 0xac, 0x8f, 0x6c,
    0xb4, 0xa5, 0x82, 0x93, 0x93, 0x6d, 0x8f, 0x9a, 0x6f, 0x80, 0x8e, 0x60,
    0x96, 0xa4, 0x73, 0x82, 0x90, 0x62, 0x6f, 0x7a, 0x50, 0x58, 0x5e, 0x3a,
    0x54, 0x51, 0x2f, 0x85, 0x79, 0x54, 0x98, 0x84, 0x5a, 0x94, 0x7d, 0x4f,
    0x98, 0x85, 0x55, 0x9b, 0x98, 0x62, 0x8a, 0x9f, 0x60, 0x7b, 0xa5, 0x5c,
    0x7a, 0xb4, 0x63, 0x81, 0xc0, 0x6e, 0x89, 0xbf, 0x7b, 0x95, 0xc4, 0x85,
    0x85, 0xb4, 0x69, 0x92, 0xc2, 0x62, 0x88, 0xb9, 0x46, 0x91, 0xc2, 0x4a,
    0x86, 0xb5, 0x3a, 0x94, 0xc1, 0x37, 0x98, 0xc3, 0x40, 0x82, 0xa9, 0x36,
    0x86, 0xaf, 0x23, 0x8f, 0xb5, 0x32, 0x86, 0xa7, 0x38, 0x94, 0xb5, 0x3a,
    0x94, 0xb3, 0x3b, 0x82, 0x9f, 0x35, 0x82, 0x9d, 0x3d, 0x68, 0x81, 0x2d,
    0x56, 0x6b, 0x30, 0x56, 0x67, 0x3f, 0x4d, 0x5e, 0x2e, 0x4e, 0x60, 0x2e,
    0x47, 0x59, 0x26, 0x49, 0x5b, 0x27, 0x4d, 0x60, 0x29, 0x54, 0x67, 0x2d,
    0x56, 0x6b, 0x2d, 0x57, 0x6c, 0x2d, 0x5f, 0x75, 0x34, 0x61, 0x77, 0x36,
    0x6f, 0x85, 0x42, 0x6d, 0x83, 0x3e, 0x72, 0x88, 0x43, 0x74, 0x8a, 0x48,
    0x75, 0x8a, 0x46, 0x79, 0x8e, 0x46, 0x88, 0x9d, 0x50, 0x95, 0xa8, 0x58,
    0x9b, 0xaf, 0x5b, 0xa2, 0xb3, 0x5b, 0xa4, 0xb3, 0x58, 0xa5, 0xb2, 0x57,
    0xa5, 0xb2, 0x57, 0xa7, 0xb2, 0x56, 0xa8, 0xb1, 0x56, 0xa8, 0xb1, 0x55,
    0xa5, 0xb2, 0x56, 0xa4, 0xb3, 0x56, 0xa4, 0xb3, 0x56, 0xa5, 0xb4, 0x57,
    0xa5, 0xb4, 0x57, 0xa5, 0xb4, 0x57, 0xa5, 0xb3, 0x58, 0xa5, 0xb2, 0x5a,
    0xa5, 0xb2, 0x5a, 0xa5, 0xb2, 0x5a, 0xa5, 0xb2, 0x5a, 0xa5, 0xb2, 0x5a,
    0xa5, 0xb2, 0x5a, 0xa5, 0xb2, 0x5a, 0xa5, 0xb2, 0x5a, 0xa5, 0xb2, 0x5a,
    0xa5, 0xb2, 0x5a, 0xa5, 0xb2, 0x5a, 0xa5, 0xb2, 0x5a, 0xa5, 0xb2, 0x5a,
    0xa5, 0xb1, 0x5b, 0xa5, 0xb1, 0x5b, 0xa5, 0xb1, 0x5b, 0xa5, 0xb1, 0x5b,
    0xa5, 0xb1, 0x5b, 0xa5, 0xb1, 0x5b, 0xa4, 0xb2, 0x5a, 0xa4, 0xb2, 0x5a,
    0xa4, 0xb2, 0x5a, 0xa6, 0xb2, 0x5a, 0xa7, 0xb1, 0x5a, 0xa8, 0xb0, 0x5a,
    0xa8, 0xb0, 0x5a, 0xaa, 0xb0, 0x5a, 0xaa, 0xb0, 0x59, 0xaa, 0xb0, 0x58,
    0xab, 0xb1, 0x57, 0xab, 0xb2, 0x55, 0xab, 0xb2, 0x55, 0xab, 0xb2, 0x55,
    0xab, 0xb2, 0x55, 0xab, 0xb2, 0x55, 0xab, 0xb2, 0x55, 0xab, 0xb2, 0x55,
    0xab, 0xb2, 0x55, 0xab, 0xb2, 0x55, 0xad, 0xb2, 0x56, 0xad, 0xb2, 0x56,
    0xad, 0xb2, 0x56, 0xad, 0xb2, 0x56, 0xad, 0xb2, 0x56, 0xad, 0xb2, 0x56,
    0xae, 0xb2, 0x56, 0xaf, 0xb3, 0x55, 0xaf, 0xb3, 0x55, 0xaf, 0xb3, 0x55,
    0xb0, 0xb4, 0x56, 0xb1, 0xb5, 0x57, 0xb1, 0xb5, 0x57, 0xb2, 0xb6, 0x57,
    0xb2, 0xb6, 0x57, 0xb2, 0xb6, 0x57, 0xb2, 0xb6, 0x57, 0xb2, 0xb6, 0x57,
    0xb2, 0xb6, 0x57, 0xb3, 0xb5, 0x57, 0xb5, 0xb4, 0x58, 0xb5, 0xb4, 0x58,
    0xb5, 0xb4, 0x58, 0xb5, 0xb4, 0x58, 0xb6, 0xb5, 0x59, 0xb6, 0xb5, 0x59,
    0xb2, 0xb2, 0x57, 0xae, 0xae, 0x56, 0xac, 0xa9, 0x57, 0xaa, 0xa5, 0x58,
    0xa5, 0x9e, 0x56, 0xa1, 0x98, 0x55, 0x99, 0x8f, 0x51, 0x91, 0x85, 0x49,
    0xb1, 0xb7, 0x5d, 0xb1, 0xb7, 0x5d, 0xb1, 0xb7, 0x5d, 0xb1, 0xb7, 0x5d,
    0xb1, 0xb7, 0x5d, 0xb1, 0xb7, 0x5d, 0xb1, 0xb7, 0x5d, 0xb1, 0xb7, 0x5d,
    0xb1, 0xb7, 0x5d, 0xb1, 0xb7, 0x5d, 0xb1, 0xb7, 0x5d, 0xb1, 0xb7, 0x5d,
    0xb1, 0xb7, 0x5d, 0xb1, 0xb7, 0x5d, 0xb1, 0xb7, 0x5d, 0xb1, 0xb7, 0x5d,
    0xb1, 0xb7, 0x5d, 0xb1, 0xb7, 0x5d, 0xb0, 0xb6, 0x5c, 0xae, 0xb7, 0x5c,
    0xab, 0xb8, 0x5c, 0xab, 0xb8, 0x5c, 0xab, 0xb8, 0x5c, 0xab, 0xb8, 0x5c,
    0xaa, 0xb7, 0x5b, 0xaa, 0xb7, 0x5b, 0xa9, 0xb7, 0x59, 0xa9, 0xb7, 0x57,
    0xa9, 0xb7, 0x58, 0xa7, 0xb5, 0x62, 0x96, 0xa8, 0x68, 0x7f, 0x96, 0x6a,
    0x7a, 0x93, 0x70, 0x82, 0x9b, 0x72, 0x82, 0x9c, 0x70, 0x8f, 0xa9, 0x7b,
    0x7d, 0x97, 0x68, 0x75, 0x8f, 0x5f, 0x8b, 0xa5, 0x75, 0x85, 0x9e, 0x73,
    0x88, 0x9d, 0x7f, 0x89, 0x9a, 0x83, 0x84, 0x95, 0x6e, 0x82, 0x93, 0x51,
    0xa6, 0xb9, 0x62, 0x8c, 0x9f, 0x52, 0x65, 0x7c, 0x58, 0x61, 0x7a, 0x5b,
    0x5f, 0x7a, 0x54, 0x5c, 0x7a, 0x50, 0x4f, 0x6f, 0x3f, 0x52, 0x73, 0x41,
    0x4c, 0x6c, 0x37, 0x6d, 0x8b, 0x56, 0x6f, 0x8d, 0x59, 0x60, 0x7d, 0x4b,
    0x3f, 0x5d, 0x2c, 0x67, 0x84, 0x55, 0x6b, 0x87, 0x57, 0x6f, 0x86, 0x55,
    0x71, 0x8d, 0x59, 0x6f, 0x8e, 0x5f, 0x77, 0x93, 0x68, 0x90, 0xa8, 0x71,
    0xa4, 0xb5, 0x65, 0xa6, 0xb5, 0x56, 0xa7, 0xb5, 0x57, 0xa7, 0xb3, 0x59,
    0xab, 0xb5, 0x5f, 0xa4, 0xac, 0x59, 0x8e, 0x95, 0x45, 0x78, 0x7b, 0x31,
    0x61, 0x5b, 0x1d, 0x46, 0x3c, 0x08, 0x44, 0x35, 0x0b, 0x6c, 0x59, 0x31,
    0x7f, 0x69, 0x42, 0x8d, 0x75, 0x4e, 0xa2, 0x88, 0x62, 0xac, 0x92, 0x6f,
    0xa5, 0x98, 0x74, 0x87, 0x89, 0x62, 0x9f, 0xab, 0x80, 0x89, 0x98, 0x69,
    0x87, 0x94, 0x63, 0x79, 0x86, 0x5a, 0x54, 0x5c, 0x36, 0x49, 0x49, 0x26,
    0x58, 0x4f, 0x2d, 0x9b, 0x89, 0x66, 0xae, 0x95, 0x6e, 0xa1, 0x85, 0x5e,
    0xa0, 0x86, 0x61, 0x9a, 0x8d, 0x62, 0x95, 0x9c, 0x65, 0x83, 0xa2, 0x5e,
    0x7e, 0xb1, 0x61, 0x83, 0xc2, 0x6e, 0x88, 0xc1, 0x7c, 0x9a, 0xcd, 0x8d,
    0x8c, 0xbf, 0x72, 0x86, 0xb8, 0x5e, 0x83, 0xb4, 0x4a, 0x89, 0xba, 0x44,
    0x82, 0xb2, 0x35, 0x8b, 0xb9, 0x32, 0x87, 0xb3, 0x2c, 0x83, 0xac, 0x31,
    0x98, 0xc3, 0x33, 0x90, 0xb8, 0x33, 0x84, 0xa7, 0x32, 0x95, 0xba, 0x31,
    0x97, 0xba, 0x30, 0x87, 0xa7, 0x2a, 0x90, 0xae, 0x3a, 0x85, 0xa1, 0x3b,
    0x62, 0x7a, 0x30, 0x49, 0x5e, 0x2a, 0x47, 0x5a, 0x23, 0x46, 0x59, 0x23,
    0x43, 0x55, 0x21, 0x42, 0x54, 0x20, 0x47, 0x5a, 0x23, 0x44, 0x58, 0x1b,
    0x4f, 0x65, 0x26, 0x4a, 0x61, 0x23, 0x57, 0x6e, 0x2f, 0x57, 0x6f, 0x2e,
    0x61, 0x78, 0x36, 0x64, 0x7c, 0x38, 0x72, 0x8a, 0x46, 0x70, 0x88, 0x49,
    0x6a, 0x81, 0x42, 0x70, 0x86, 0x43, 0x7d, 0x92, 0x4b, 0x88, 0x9d, 0x51,
    0x90, 0xa4, 0x55, 0x9a, 0xac, 0x5a, 0xa1, 0xaf, 0x5a, 0xa4, 0xb3, 0x5d,
    0xa6, 0xb3, 0x5c, 0xa6, 0xb2, 0x5a, 0xa6, 0xb0, 0x57, 0xa6, 0xb0, 0x56,
    0xa5, 0xb2, 0x56, 0xa4, 0xb3, 0x56, 0xa5, 0xb4, 0x57, 0xa5, 0xb4, 0x57,
    0xa4, 0xb3, 0x56, 0xa4, 0xb3, 0x56, 0xa4, 0xb3, 0x57, 0xa5, 0xb2, 0x5a,
    0xa5, 0xb2, 0x5a, 0xa5, 0xb2, 0x5a, 0xa4, 0xb1, 0x59, 0xa4, 0xb1, 0x59,
    0xa4, 0xb1, 0x59, 0xa4, 0xb1, 0x59, 0xa4, 0xb1, 0x59, 0xa4, 0xb1, 0x59,
    0xa4, 0xb1, 0x59, 0xa5, 0xb2, 0x5a, 0xa5, 0xb2, 0x5a, 0xa5, 0xb2, 0x5a,
    0xa6, 0xb2, 0x5c, 0xa6, 0xb2, 0x5c, 0xa6, 0xb2, 0x5c, 0xa6, 0xb2, 0x5c,
    0xa6, 0xb2, 0x5c, 0xa6, 0xb2, 0x5c, 0xa5, 0xb3, 0x5b, 0xa5, 0xb3, 0x5b,
    0xa5, 0xb3, 0x5b, 0xa6, 0xb2, 0x5b, 0xa7, 0xb1, 0x5a, 0xa8, 0xb0, 0x5a,
    0xa8, 0xb0, 0x5a, 0xaa, 0xb0, 0x5a, 0xaa, 0xb0, 0x59, 0xaa, 0xb0, 0x58,
    0xaa, 0xb0, 0x56, 0xaa, 0xb1, 0x54, 0xaa, 0xb1, 0x54, 0xaa, 0xb1, 0x54,
    0xab, 0xb2, 0x55, 0xab, 0xb2, 0x55, 0xac, 0xb3, 0x56, 0xac, 0xb3, 0x56,
    0xac, 0xb3, 0x56, 0xac, 0xb3, 0x56, 0xad, 0xb2, 0x56, 0xad, 0xb2, 0x56,
    0xad, 0xb2, 0x56, 0xad, 0xb2, 0x56, 0xad, 0xb2, 0x56, 0xad, 0xb2, 0x56,
    0xad, 0xb2, 0x55, 0xae, 0xb2, 0x54, 0xae, 0xb2, 0x54, 0xae, 0xb2, 0x54,
    0xaf, 0xb3, 0x55, 0xb0, 0xb4, 0x56, 0xb0, 0xb4, 0x56, 0xb1, 0xb5, 0x57,
    0xb2, 0xb6, 0x57, 0xb2, 0xb6, 0x57, 0xb2, 0xb6, 0x57, 0xb2, 0xb6, 0x57,
    0xb2, 0xb6, 0x57, 0xb3, 0xb5, 0x57, 0xb5, 0xb4, 0x58, 0xb5, 0xb4, 0x58,
    0xb5, 0xb4, 0x58, 0xb6, 0xb5, 0x59, 0xb5, 0xb4, 0x58, 0xb5, 0xb4, 0x58,
    0xb2, 0xb2, 0x56, 0xaf, 0xaf, 0x56, 0xad, 0xaa, 0x57, 0xab, 0xa6, 0x58,
    0xa7, 0x9f, 0x56, 0xa2, 0x99, 0x55, 0x9a, 0x91, 0x51, 0x94, 0x89, 0x4c,
    0xb1, 0xb7, 0x5d, 0xb1, 0xb7, 0x5d, 0xb1, 0xb7, 0x5d, 0xb1, 0xb7, 0x5d,
    0xb1, 0xb7, 0x5d, 0xb1, 0xb7, 0x5d, 0xb1, 0xb7, 0x5d, 0xb1, 0xb7, 0x5d,
    0xb1, 0xb7, 0x5d, 0xb1, 0xb7, 0x5d, 0xb1, 0xb7, 0x5d, 0xb1, 0xb7, 0x5d,
    0xb1, 0xb7, 0x5d, 0xb1, 0xb7, 0x5d, 0xb1, 0xb7, 0x5d, 0xb1, 0xb7, 0x5d,
    0xb2, 0xb8, 0x5e, 0xb1, 0xb7, 0x5d, 0xb0, 0xb6, 0x5c, 0xae, 0xb7, 0x5c,
    0xab, 0xb8, 0x5c, 0xab, 0xb8, 0x5c, 0xab, 0xb8, 0x5c, 0xab, 0xb8, 0x5c,
    0xab, 0xb8, 0x5c, 0xab, 0xb8, 0x5c, 0xaa, 0xb7, 0x5b, 0xaa, 0xb8, 0x58,
    0xa9, 0xb7, 0x58, 0xa8, 0xb6, 0x62, 0x9a, 0xad, 0x6b, 0x7a, 0x91, 0x64,
    0x85, 0x9e, 0x79, 0x78, 0x91, 0x68, 0x7e, 0x98, 0x6c, 0x96, 0xb0, 0x83,
    0x7e, 0x98, 0x69, 0x8c, 0xa6, 0x77, 0x7f, 0x99, 0x69, 0x79, 0x92, 0x67,
    0x82, 0x98, 0x78, 0x86, 0x98, 0x7e, 0x82, 0x93, 0x70, 0x7b, 0x8c, 0x52,
    0xa2, 0xb4, 0x60, 0x8e, 0xa4, 0x52, 0x63, 0x79, 0x56, 0x61, 0x7a, 0x5b,
    0x62, 0x7c, 0x57, 0x6a, 0x86, 0x5c, 0x63, 0x82, 0x52, 0x51, 0x71, 0x40,
    0x49, 0x68, 0x33, 0x66, 0x84, 0x4e, 0x6b, 0x89, 0x56, 0x5a, 0x77, 0x47,
    0x5d, 0x7a, 0x4b, 0x6a, 0x87, 0x57, 0x67, 0x83, 0x52, 0x70, 0x86, 0x56,
    0x72, 0x8b, 0x5b, 0x65, 0x83, 0x57, 0x73, 0x8f, 0x67, 0x84, 0x9c, 0x69,
    0xa4, 0xb6, 0x6b, 0xa8, 0xb8, 0x5b, 0xa9, 0xb7, 0x58, 0xa8, 0xb5, 0x59,
    0xa9, 0xb4, 0x5a, 0xa6, 0xb1, 0x59, 0xa3, 0xad, 0x58, 0x96, 0x9e, 0x4d,
    0x7a, 0x7a, 0x36, 0x4b, 0x46, 0x0e, 0x36, 0x2c, 0x03, 0x5b, 0x4c, 0x20,
    0x72, 0x5f, 0x35, 0x80, 0x69, 0x40, 0x9b, 0x83, 0x5b, 0xa5, 0x8e, 0x69,
    0x9f, 0x95, 0x70, 0x88, 0x8d, 0x65, 0x8c, 0x99, 0x6e, 0x7a, 0x89, 0x5b,
    0x6c, 0x79, 0x48, 0x64, 0x73, 0x48, 0x4b, 0x52, 0x2e, 0x49, 0x46, 0x24,
    0x57, 0x4a, 0x29, 0x9e, 0x87, 0x65, 0xb9, 0x9d, 0x79, 0xa9, 0x8b, 0x67,
    0x9c, 0x80, 0x60, 0x91, 0x7c, 0x57, 0x97, 0x91, 0x62, 0x85, 0x94, 0x59,
    0x7f, 0xa6, 0x5e, 0x7c, 0xb5, 0x65, 0x78, 0xb3, 0x6c, 0x8a, 0xc2, 0x7c,
    0x8d, 0xc2, 0x73, 0x8e, 0xc1, 0x6c, 0x85, 0xb6, 0x56, 0x85, 0xb6, 0x46,
    0x82, 0xb2, 0x37, 0x7b, 0xa9, 0x27, 0x86, 0xb3, 0x2a, 0x78, 0xa2, 0x23,
    0x85, 0xb1, 0x1f, 0x8a, 0xb2, 0x2d, 0x7c, 0xa2, 0x28, 0x8f, 0xb5, 0x21,
    0x95, 0xb9, 0x23, 0x8c, 0xae, 0x25, 0x95, 0xb6, 0x35, 0x95, 0xb4, 0x3d,
    0x78, 0x93, 0x34, 0x58, 0x6f, 0x28, 0x46, 0x5c, 0x18, 0x48, 0x5c, 0x1d,
    0x48, 0x5c, 0x22, 0x4c, 0x5f, 0x28, 0x46, 0x5a, 0x20, 0x43, 0x57, 0x1a,
    0x43, 0x59, 0x1a, 0x44, 0x5c, 0x1e, 0x50, 0x68, 0x29, 0x4d, 0x66, 0x25,
    0x59, 0x72, 0x31, 0x5e, 0x77, 0x34, 0x62, 0x7b, 0x38, 0x65, 0x7d, 0x3f,
    0x66, 0x7e, 0x3f, 0x74, 0x8b, 0x4a, 0x75, 0x8c, 0x49, 0x7a, 0x8f, 0x48,
    0x7e, 0x93, 0x4a, 0x87, 0x9b, 0x4e, 0x94, 0xa6, 0x56, 0x9e, 0xaf, 0x5e,
    0xa2, 0xb2, 0x5f, 0xa4, 0xb2, 0x5d, 0xa6, 0xb3, 0x5c, 0xa5, 0xb2, 0x5a,
    0xa4, 0xb3, 0x57, 0xa4, 0xb3, 0x56, 0xa4, 0xb3, 0x56, 0xa4, 0xb3, 0x56,
    0xa4, 0xb3, 0x56, 0xa4, 0xb3, 0x56, 0xa4, 0xb3, 0x57, 0xa5, 0xb2, 0x5a,
    0xa5, 0xb2, 0x5a, 0xa5, 0xb2, 0x5a, 0xa4, 0xb1, 0x59, 0xa4, 0xb1, 0x59,
    0xa4, 0xb1, 0x59, 0xa4, 0xb1, 0x59, 0xa4, 0xb1, 0x59, 0xa4, 0xb1, 0x59,
    0xa4, 0xb1, 0x59, 0xa5, 0xb2, 0x5a, 0xa5, 0xb2, 0x5a, 0xa5, 0xb2, 0x5a,
    0xa6, 0xb2, 0x5c, 0xa6, 0xb2, 0x5c, 0xa6, 0xb2, 0x5c, 0xa6, 0xb2, 0x5c,
    0xa6, 0xb2, 0x5c, 0xa6, 0xb2, 0x5c, 0xa5, 0xb3, 0x5b, 0xa5, 0xb3, 0x5b,
    0xa5, 0xb3, 0x5b, 0xa6, 0xb2, 0x5b, 0xa7, 0xb1, 0x5a, 0xa8, 0xb0, 0x5a,
    0xa8, 0xb0, 0x5a, 0xaa, 0xb0, 0x5a, 0xaa, 0xb0, 0x59, 0xaa, 0xb0, 0x58,
    0xaa, 0xb0, 0x56, 0xaa, 0xb1, 0x54, 0xaa, 0xb1, 0x54, 0xaa, 0xb1, 0x54,
    0xab, 0xb2, 0x55, 0xab, 0xb2, 0x55, 0xac, 0xb3, 0x56, 0xac, 0xb3, 0x56,
    0xac, 0xb3, 0x56, 0xac, 0xb3, 0x56, 0xad, 0xb2, 0x56, 0xad, 0xb2, 0x56,
    0xad, 0xb2, 0x56, 0xad, 0xb2, 0x56, 0xad, 0xb2, 0x56, 0xad, 0xb2, 0x56,
    0xad, 0xb2, 0x55, 0xae, 0xb2, 0x54, 0xae, 0xb2, 0x54, 0xae, 0xb2, 0x54,
    0xaf, 0xb3, 0x55, 0xaf, 0xb3, 0x55, 0xaf, 0xb3, 0x55, 0xb1, 0xb5, 0x57,
    0xb2, 0xb6, 0x57, 0xb2, 0xb6, 0x57, 0xb2, 0xb6, 0x57, 0xb2, 0xb6, 0x57,
    0xb2, 0xb6, 0x57, 0xb3, 0xb5, 0x57, 0xb5, 0xb4, 0x58, 0xb5, 0xb4, 0x58,
    0xb5, 0xb4, 0x58, 0xb6, 0xb5, 0x59, 0xb5, 0xb4, 0x58, 0xb4, 0xb3, 0x57,
    0xb2, 0xb2, 0x56, 0xaf, 0xaf, 0x55, 0xad, 0xab, 0x56, 0xac, 0xa7, 0x58,
    0xa8, 0xa0, 0x57, 0xa3, 0x9b, 0x55, 0x9c, 0x93, 0x51, 0x98, 0x8d, 0x4e,
    0xb1, 0xb7, 0x5d, 0xb1, 0xb7, 0x5d, 0xb1, 0xb7, 0x5d, 0xb1, 0xb7, 0x5d,
    0xb1, 0xb7, 0x5d, 0xb1, 0xb7, 0x5d, 0xb1, 0xb7, 0x5d, 0xb1, 0xb7, 0x5d,
    0xb1, 0xb7, 0x5d, 0xb1, 0xb7, 0x5d, 0xb1, 0xb7, 0x5d, 0xb1, 0xb7, 0x5d,
    0xb1, 0xb7, 0x5d, 0xb1, 0xb7, 0x5d, 0xb1, 0xb7, 0x5d, 0xb1, 0xb7, 0x5d,
    0xb2, 0xb8, 0x5e, 0xb1, 0xb7, 0x5d, 0xb0, 0xb6, 0x5c, 0xae, 0xb7, 0x5c,
    0xab, 0xb8, 0x5c, 0xab, 0xb8, 0x5c, 0xab, 0xb8, 0x5c, 0xab, 0xb8, 0x5c,
    0xab, 0xb8, 0x5c, 0xab, 0xb8, 0x5c, 0xaa, 0xb7, 0x5b, 0xaa, 0xb8, 0x59,
    0xa9, 0xb7, 0x57, 0xa7, 0xb6, 0x5f, 0xa1, 0xb4, 0x71, 0x88, 0xa0, 0x71,
    0x75, 0x8f, 0x68, 0x7b, 0x94, 0x6b, 0x84, 0x9d, 0x71, 0x7a, 0x94, 0x67,
    0x7f, 0x99, 0x6a, 0x90, 0xaa, 0x7a, 0x85, 0x9f, 0x70, 0x8d, 0xa7, 0x7a,
    0x84, 0x9c, 0x77, 0x8a, 0x9e, 0x81, 0x81, 0x92, 0x74, 0x84, 0x96, 0x65,
    0x9e, 0xb3, 0x62, 0x90, 0xa6, 0x53, 0x57, 0x6d, 0x49, 0x5c, 0x73, 0x54,
    0x61, 0x7b, 0x54, 0x6c, 0x87, 0x5c, 0x67, 0x85, 0x54, 0x6a, 0x8a, 0x56,
    0x68, 0x87, 0x50, 0x58, 0x77, 0x3f, 0x4e, 0x6c, 0x3a, 0x50, 0x6d, 0x3f,
    0x6d, 0x8a, 0x5d, 0x58, 0x75, 0x45, 0x6d, 0x89, 0x58, 0x71, 0x85, 0x58,
    0x6d, 0x84, 0x57, 0x61, 0x7d, 0x55, 0x7b, 0x97, 0x74, 0x7e, 0x95, 0x68,
    0x9d, 0xb0, 0x69, 0xa9, 0xb9, 0x5f, 0xa8, 0xb7, 0x58, 0xa7, 0xb6, 0x57,
    0xa7, 0xb5, 0x59, 0xa8, 0xb6, 0x5b, 0xaa, 0xb8, 0x5f, 0xa5, 0xb2, 0x5b,
    0x99, 0x9e, 0x52, 0x6d, 0x6d, 0x2b, 0x40, 0x3b, 0x06, 0x50, 0x44, 0x14,
    0x69, 0x59, 0x2b, 0x80, 0x6c, 0x3f, 0x99, 0x82, 0x57, 0xa3, 0x8f, 0x69,
    0x9e, 0x96, 0x70, 0x86, 0x8b, 0x63, 0x6c, 0x79, 0x4e, 0x7f, 0x8d, 0x5f,
    0x78, 0x86, 0x55, 0x68, 0x77, 0x50, 0x60, 0x68, 0x45, 0x50, 0x4b, 0x2a,
    0x5a, 0x4a, 0x29, 0x94, 0x7a, 0x59, 0xb6, 0x97, 0x76, 0xb1, 0x94, 0x72,
    0xab, 0x91, 0x70, 0x9e, 0x83, 0x60, 0x98, 0x83, 0x5a, 0x9f, 0x9b, 0x6b,
    0x79, 0x90, 0x53, 0x72, 0x9d, 0x59, 0x71, 0xab, 0x64, 0x7e, 0xbb, 0x6d,
    0x81, 0xba, 0x66, 0x91, 0xc5, 0x76, 0x8b, 0xbc, 0x68, 0x78, 0xa7, 0x40,
    0x87, 0xb6, 0x41, 0x79, 0xa7, 0x2a, 0x8c, 0xbb, 0x31, 0x84, 0xb0, 0x2d,
    0x85, 0xb3, 0x20, 0x94, 0xbd, 0x38, 0x83, 0xaa, 0x2d, 0x87, 0xae, 0x16,
    0x94, 0xb9, 0x20, 0x8a, 0xab, 0x23, 0x8d, 0xae, 0x2b, 0x99, 0xb9, 0x39,
    0x86, 0xa5, 0x30, 0x84, 0xa0, 0x3a, 0x67, 0x80, 0x25, 0x43, 0x5a, 0x0c,
    0x3f, 0x55, 0x11, 0x40, 0x53, 0x18, 0x48, 0x5c, 0x22, 0x4c, 0x60, 0x23,
    0x4e, 0x65, 0x28, 0x4b, 0x63, 0x27, 0x4c, 0x64, 0x26, 0x4a, 0x62, 0x23,
    0x51, 0x6a, 0x29, 0x52, 0x6b, 0x29, 0x57, 0x71, 0x2e, 0x62, 0x7d, 0x3b,
    0x60, 0x7b, 0x38, 0x6e, 0x88, 0x45, 0x6c, 0x85, 0x44, 0x72, 0x89, 0x47,
    0x79, 0x8e, 0x4c, 0x7a, 0x8f, 0x4a, 0x82, 0x98, 0x4e, 0x8b, 0xa0, 0x55,
    0x94, 0xa7, 0x59, 0x9c, 0xae, 0x5d, 0xa2, 0xb3, 0x60, 0xa3, 0xb3, 0x5e,
    0xa5, 0xb4, 0x59, 0xa5, 0xb4, 0x57, 0xa4, 0xb3, 0x56, 0xa4, 0xb3, 0x56,
    0xa4, 0xb3, 0x56, 0xa4, 0xb3, 0x56, 0xa4, 0xb3, 0x57, 0xa5, 0xb2, 0x5a,
    0xa5, 0xb2, 0x5a, 0xa5, 0xb2, 0x5a, 0xa4, 0xb1, 0x59, 0xa4, 0xb1, 0x59,
    0xa4, 0xb1, 0x59, 0xa5, 0xb2, 0x5a, 0xa5, 0xb2, 0x5a, 0xa5, 0xb2, 0x5a,
    0xa5, 0xb2, 0x5a, 0xa5, 0xb2, 0x5a, 0xa5, 0xb2, 0x5a, 0xa5, 0xb2, 0x5a,
    0xa6, 0xb2, 0x5c, 0xa6, 0xb2, 0x5c, 0xa6, 0xb2, 0x5c, 0xa6, 0xb2, 0x5c,
    0xa6, 0xb2, 0x5c, 0xa6, 0xb2, 0x5c, 0xa5, 0xb3, 0x5b, 0xa5, 0xb3, 0x5b,
    0xa5, 0xb3, 0x5b, 0xa6, 0xb2, 0x5b, 0xa7, 0xb1, 0x5a, 0xa8, 0xb0, 0x5a,
    0xa8, 0xb0, 0x5a, 0xaa, 0xb0, 0x5a, 0xaa, 0xb0, 0x59, 0xaa, 0xb0, 0x58,
    0xaa, 0xb0, 0x56, 0xaa, 0xb1, 0x54, 0xaa, 0xb1, 0x54, 0xaa, 0xb1, 0x54,
    0xab, 0xb2, 0x55, 0xab, 0xb2, 0x55, 0xac, 0xb3, 0x56, 0xac, 0xb3, 0x56,
    0xac, 0xb3, 0x56, 0xac, 0xb3, 0x56, 0xad, 0xb2, 0x56, 0xad, 0xb2, 0x56,
    0xad, 0xb2, 0x56, 0xad, 0xb2, 0x56, 0xad, 0xb2, 0x56, 0xad, 0xb2, 0x56,
    0xad, 0xb2, 0x55, 0xae, 0xb2, 0x54, 0xae, 0xb2, 0x54, 0xae, 0xb2, 0x54,
    0xaf, 0xb3, 0x55, 0xaf, 0xb3, 0x55, 0xaf, 0xb3, 0x55, 0xb1, 0xb5, 0x56,
    0xb1, 0xb5, 0x56, 0xb1, 0xb5, 0x56, 0xb1, 0xb5, 0x56, 0xb1, 0xb5, 0x56,
    0xb1, 0xb5, 0x56, 0xb2, 0xb5, 0x57, 0xb5, 0xb4, 0x58, 0xb5, 0xb4, 0x58,
    0xb5, 0xb4, 0x58, 0xb6, 0xb5, 0x59, 0xb5, 0xb4, 0x58, 0xb4, 0xb3, 0x57,
    0xb2, 0xb2, 0x56, 0xaf, 0xaf, 0x55, 0xad, 0xab, 0x55, 0xac, 0xa8, 0x57,
    0xa9, 0xa2, 0x56, 0xa6, 0x9d, 0x56, 0x9f, 0x96, 0x51, 0x9b, 0x90, 0x4f,
    0xb1, 0xb7, 0x5d, 0xb1, 0xb7, 0x5d, 0xb1, 0xb7, 0x5d, 0xb1, 0xb7, 0x5d,
    0xb1, 0xb7, 0x5d, 0xb1, 0xb7, 0x5d, 0xb1, 0xb7, 0x5d, 0xb1, 0xb7, 0x5d,
    0xb1, 0xb7, 0x5d, 0xb1, 0xb7, 0x5d, 0xb1, 0xb7, 0x5d, 0xb1, 0xb7, 0x5d,
    0xb1, 0xb7, 0x5d, 0xb1, 0xb7, 0x5d, 0xb1, 0xb7, 0x5d, 0xb1, 0xb7, 0x5d,
    0xb2, 0xb8, 0x5e, 0xb1, 0xb7, 0x5d, 0xb0, 0xb6, 0x5c, 0xae, 0xb7, 0x5c,
    0xab, 0xb8, 0x5c, 0xab, 0xb8, 0x5c, 0xab, 0xb8, 0x5c, 0xab, 0xb8, 0x5c,
    0xab, 0xb8, 0x5c, 0xab, 0xb8, 0x5c, 0xaa, 0xb7, 0x5b, 0xaa, 0xb8, 0x59,
    0xa9, 0xb7, 0x57, 0xa8, 0xb7, 0x5f, 0x9e, 0xb1, 0x6c, 0x83, 0x9b, 0x69,
    0x77, 0x91, 0x69, 0x79, 0x92, 0x69, 0x85, 0x9e, 0x73, 0x7e, 0x98, 0x6b,
    0x8c, 0xa6, 0x77, 0x7e, 0x98, 0x68, 0x77, 0x91, 0x61, 0x83, 0x9e, 0x6f,
    0x80, 0x99, 0x70, 0x89, 0x9e, 0x7e, 0x8a, 0x9b, 0x81, 0x8c, 0x9d, 0x73,
    0x9a, 0xaf, 0x64, 0x96, 0xad, 0x58, 0x57, 0x6d, 0x46, 0x53, 0x69, 0x48,
    0x5c, 0x76, 0x4e, 0x67, 0x82, 0x55, 0x67, 0x84, 0x52, 0x67, 0x86, 0x51,
    0x6d, 0x8d, 0x53, 0x65, 0x83, 0x4b, 0x3b, 0x59, 0x27, 0x53, 0x70, 0x44,
    0x61, 0x7e, 0x50, 0x5b, 0x78, 0x48, 0x67, 0x82, 0x51, 0x69, 0x7c, 0x52,
    0x5f, 0x76, 0x4c, 0x5d, 0x79, 0x54, 0x7a, 0x96, 0x77, 0x8b, 0xa3, 0x7b,
    0x99, 0xac, 0x6b, 0xa7, 0xb7, 0x60, 0xa8, 0xb7, 0x58, 0xa7, 0xb6, 0x59,
    0xa7, 0xb6, 0x59, 0xa7, 0xb7, 0x5b, 0xa5, 0xb5, 0x59, 0xa5, 0xb4, 0x5a,
    0xa5, 0xae, 0x5d, 0x90, 0x95, 0x4b, 0x5d, 0x5b, 0x1c, 0x4f, 0x47, 0x11,
    0x5b, 0x4d, 0x1b, 0x72, 0x5f, 0x30, 0x85, 0x6f, 0x42, 0x9e, 0x8b, 0x64,
    0x99, 0x93, 0x6c, 0x91, 0x97, 0x6f, 0x84, 0x93, 0x67, 0x89, 0x98, 0x69,
    0x8d, 0x9a, 0x6a, 0x63, 0x74, 0x4c, 0x5b, 0x65, 0x42, 0x44, 0x41, 0x1e,
    0x61, 0x50, 0x2f, 0x95, 0x7b, 0x5a, 0xad, 0x8e, 0x6f, 0xb2, 0x96, 0x74,
    0xb9, 0xa2, 0x7d, 0xaf, 0x92, 0x6d, 0xaf, 0x90, 0x6c, 0xb8, 0xa6, 0x7e,
    0x8e, 0x95, 0x63, 0x70, 0x8f, 0x55, 0x70, 0xa7, 0x5e, 0x78, 0xb8, 0x60,
    0x7e, 0xbb, 0x61, 0x7e, 0xb3, 0x66, 0x89, 0xb8, 0x6f, 0x7c, 0xab, 0x4d,
    0x90, 0xbf, 0x4f, 0x81, 0xae, 0x38, 0x82, 0xb2, 0x28, 0x81, 0xae, 0x29,
    0x82, 0xb0, 0x1d, 0x8d, 0xb6, 0x33, 0x86, 0xae, 0x2f, 0x8b, 0xb3, 0x1c,
    0x98, 0xbc, 0x2a, 0x8c, 0xac, 0x2c, 0x8b, 0xab, 0x2f, 0x98, 0xb9, 0x36,
    0x8b, 0xac, 0x28, 0x87, 0xa6, 0x2a, 0x8c, 0xa7, 0x38, 0x6a, 0x84, 0x24,
    0x4d, 0x64, 0x16, 0x46, 0x5a, 0x1b, 0x42, 0x56, 0x1b, 0x3f, 0x53, 0x17,
    0x4f, 0x66, 0x29, 0x49, 0x63, 0x26, 0x52, 0x6c, 0x2e, 0x4c, 0x66, 0x26,
    0x4f, 0x69, 0x28, 0x50, 0x6a, 0x28, 0x4e, 0x6a, 0x26, 0x57, 0x75, 0x2f,
    0x52, 0x70, 0x29, 0x65, 0x81, 0x3c, 0x6b, 0x85, 0x44, 0x70, 0x89, 0x49,
    0x7a, 0x90, 0x52, 0x76, 0x8d, 0x4d, 0x79, 0x90, 0x4c, 0x7c, 0x92, 0x4c,
    0x86, 0x9c, 0x53, 0x92, 0xa7, 0x5a, 0x9c, 0xb0, 0x60, 0xa0, 0xb3, 0x61,
    0xa4, 0xb4, 0x5a, 0xa5, 0xb4, 0x57, 0xa6, 0xb5, 0x58, 0xa5, 0xb4, 0x57,
    0xa4, 0xb3, 0x56, 0xa4, 0xb3, 0x56, 0xa4, 0xb3, 0x57, 0xa5, 0xb2, 0x5a,
    0xa5, 0xb2, 0x5a, 0xa5, 0xb2, 0x5a, 0xa4, 0xb1, 0x59, 0xa4, 0xb1, 0x59,
    0xa4, 0xb1, 0x59, 0xa5, 0xb2, 0x5a, 0xa5, 0xb2, 0x5a, 0xa5, 0xb2, 0x5a,
    0xa5, 0xb2, 0x5a, 0xa5, 0xb2, 0x5a, 0xa5, 0xb2, 0x5a, 0xa5, 0xb2, 0x5a,
    0xa6, 0xb2, 0x5c, 0xa6, 0xb2, 0x5c, 0xa6, 0xb2, 0x5c, 0xa6, 0xb2, 0x5c,
    0xa6, 0xb2, 0x5c, 0xa6, 0xb2, 0x5c, 0xa5, 0xb3, 0x5b, 0xa5, 0xb3, 0x5b,
    0xa5, 0xb3, 0x5b, 0xa6, 0xb2, 0x5b, 0xa7, 0xb1, 0x5a, 0xa8, 0xb0, 0x5a,
    0xa8, 0xb0, 0x5a, 0xaa, 0xb0, 0x5a, 0xaa, 0xb0, 0x59, 0xaa, 0xb0, 0x58,
    0xaa, 0xb0, 0x56, 0xaa, 0xb1, 0x54, 0xaa, 0xb1, 0x54, 0xaa, 0xb1, 0x54,
    0xab, 0xb2, 0x55, 0xab, 0xb2, 0x55, 0xac, 0xb3, 0x56, 0xac, 0xb3, 0x56,
    0xac, 0xb3, 0x56, 0xac, 0xb3, 0x56, 0xad, 0xb2, 0x56, 0xad, 0xb2, 0x56,
    0xad, 0xb2, 0x56, 0xad, 0xb2, 0x56, 0xad, 0xb2, 0x56, 0xad, 0xb2, 0x56,
    0xad, 0xb2, 0x55, 0xae, 0xb2, 0x54, 0xae, 0xb2, 0x54, 0xae, 0xb2, 0x54,
    0xaf, 0xb3, 0x55, 0xaf, 0xb3, 0x55, 0xaf, 0xb3, 0x55, 0xb0, 0xb4, 0x55,
    0xb0, 0xb4, 0x55, 0xb0, 0xb4, 0x55, 0xb0, 0xb4, 0x55, 0xb0, 0xb4, 0x55,
    0xb0, 0xb4, 0x55, 0xb2, 0xb4, 0x56, 0xb5, 0xb4, 0x58, 0xb5, 0xb4, 0x58,
    0xb5, 0xb4, 0x58, 0xb6, 0xb5, 0x59, 0xb5, 0xb4, 0x58, 0xb4, 0xb3, 0x57,
    0xb2, 0xb2, 0x55, 0xaf, 0xaf, 0x54, 0xad, 0xab, 0x55, 0xac, 0xa8, 0x56,
    0xa9, 0xa2, 0x57, 0xa7, 0x9f, 0x57, 0xa1, 0x98, 0x53, 0x9e, 0x93, 0x50,
    0xb1, 0xb7, 0x5e, 0xb1, 0xb7, 0x5e, 0xb1, 0xb7, 0x5e, 0xb1, 0xb7, 0x5e,
    0xb1, 0xb7, 0x5e, 0xb1, 0xb7, 0x5e, 0xb1, 0xb7, 0x5e, 0xb1, 0xb7, 0x5e,
    0xb1, 0xb7, 0x5e, 0xb1, 0xb7, 0x5e, 0xb1, 0xb7, 0x5e, 0xb1, 0xb7, 0x5e,
    0xb1, 0xb7, 0x5e, 0xb0, 0xb7, 0x5d, 0xb0, 0xb7, 0x5d, 0xb0, 0xb7, 0x5d,
    0xb1, 0xb8, 0x5e, 0xb0, 0xb7, 0x5d, 0xaf, 0xb6, 0x5c, 0xae, 0xb7, 0x5c,
    0xab, 0xb8, 0x5c, 0xab, 0xb8, 0x5c, 0xab, 0xb8, 0x5c, 0xab, 0xb8, 0x5c,
    0xab, 0xb8, 0x5c, 0xab, 0xb8, 0x5c, 0xaa, 0xb7, 0x5b, 0xaa, 0xb8, 0x5a,
    0xa9, 0xb7, 0x57, 0xa5, 0xb3, 0x5b, 0xa2, 0xb5, 0x6e, 0x7f, 0x97, 0x64,
    0x73, 0x8d, 0x64, 0x79, 0x92, 0x69, 0x72, 0x8b, 0x60, 0x83, 0x9c, 0x6f,
    0x91, 0xab, 0x7d, 0x7b, 0x95, 0x65, 0x8c, 0xa6, 0x76, 0x89, 0xa4, 0x73,
    0x78, 0x93, 0x65, 0x88, 0x9e, 0x7c, 0x83, 0x95, 0x7b, 0x84, 0x95, 0x6f,
    0x8e, 0xa2, 0x5b, 0x98, 0xaf, 0x5b, 0x60, 0x76, 0x4d, 0x48, 0x5d, 0x3a,
    0x54, 0x6d, 0x45, 0x5e, 0x7a, 0x4c, 0x60, 0x7f, 0x4b, 0x63, 0x82, 0x4c,
    0x6a, 0x89, 0x4f, 0x6c, 0x8a, 0x52, 0x5d, 0x7b, 0x49, 0x5b, 0x77, 0x4a,
    0x55, 0x72, 0x44, 0x69, 0x87, 0x57, 0x58, 0x73, 0x43, 0x5a, 0x6e, 0x46,
    0x54, 0x6b, 0x44, 0x67, 0x82, 0x5f, 0x74, 0x8f, 0x73, 0x8e, 0xa6, 0x81,
    0x9c, 0xb0, 0x72, 0xa4, 0xb5, 0x60, 0xa8, 0xb7, 0x5a, 0xa7, 0xb6, 0x59,
    0xa5, 0xb6, 0x59, 0xa5, 0xb7, 0x5b, 0xa4, 0xb6, 0x5a, 0xa6, 0xb7, 0x5b,
    0xa8, 0xb4, 0x5e, 0xa4, 0xab, 0x5d, 0x86, 0x87, 0x43, 0x71, 0x6c, 0x30,
    0x60, 0x54, 0x1d, 0x6d, 0x5d, 0x28, 0x7d, 0x69, 0x3a, 0x93, 0x82, 0x5a,
    0x8e, 0x8a, 0x63, 0x97, 0x9f, 0x76, 0x91, 0xa0, 0x74, 0x76, 0x85, 0x56,
    0x7c, 0x88, 0x59, 0x4e, 0x60, 0x3a, 0x44, 0x50, 0x2d, 0x41, 0x3e, 0x1c,
    0x6b, 0x59, 0x39, 0x9f, 0x84, 0x64, 0xa8, 0x89, 0x6a, 0xa9, 0x8f, 0x6d,
    0xb7, 0xa3, 0x79, 0xba, 0x9b, 0x75, 0xaf, 0x8a, 0x68, 0xb7, 0x9c, 0x79,
    0xb0, 0xac, 0x82, 0x7a, 0x8e, 0x5d, 0x66, 0x9a, 0x50, 0x6f, 0xb1, 0x54,
    0x85, 0xc3, 0x67, 0x7f, 0xb4, 0x69, 0x98, 0xc8, 0x84, 0x87, 0xb6, 0x5f,
    0x89, 0xb8, 0x4f, 0x80, 0xac, 0x3c, 0x80, 0xaf, 0x29, 0x81, 0xaf, 0x2b,
    0x7c, 0xa9, 0x19, 0x80, 0xab, 0x2a, 0x7c, 0xa4, 0x25, 0x7d, 0xa5, 0x14,
    0x88, 0xaa, 0x23, 0x81, 0xa0, 0x2b, 0x78, 0x96, 0x22, 0x86, 0xa6, 0x25,
    0x8f, 0xb1, 0x26, 0x81, 0xa3, 0x18, 0x96, 0xb4, 0x35, 0x8d, 0xaa, 0x3a,
    0x7b, 0x94, 0x3b, 0x63, 0x79, 0x33, 0x51, 0x65, 0x28, 0x50, 0x64, 0x28,
    0x47, 0x5e, 0x21, 0x43, 0x5d, 0x21, 0x4b, 0x65, 0x27, 0x44, 0x5e, 0x20,
    0x53, 0x6d, 0x2e, 0x55, 0x70, 0x2e, 0x4d, 0x69, 0x25, 0x4f, 0x6e, 0x24,
    0x4c, 0x6c, 0x21, 0x5e, 0x7b, 0x34, 0x64, 0x7f, 0x3d, 0x67, 0x80, 0x41,
    0x72, 0x8a, 0x4e, 0x6e, 0x87, 0x4b, 0x73, 0x8d, 0x4e, 0x77, 0x90, 0x4e,
    0x7c, 0x94, 0x50, 0x85, 0x9d, 0x54, 0x8f, 0xa6, 0x59, 0x98, 0xae, 0x5f,
    0x9f, 0xb0, 0x57, 0xa2, 0xb1, 0x55, 0xa4, 0xb3, 0x57, 0xa5, 0xb4, 0x58,
    0xa4, 0xb3, 0x56, 0xa4, 0xb3, 0x56, 0xa4, 0xb3, 0x57, 0xa5, 0xb2, 0x5a,
    0xa5, 0xb2, 0x5a, 0xa5, 0xb2, 0x5a, 0xa4, 0xb1, 0x59, 0xa4, 0xb1, 0x59,
    0xa4, 0xb1, 0x59, 0xa5, 0xb2, 0x5a, 0xa6, 0xb3, 0x5b, 0xa6, 0xb3, 0x5b,
    0xa6, 0xb3, 0x5b, 0xa5, 0xb2, 0x5a, 0xa5, 0xb2, 0x5a, 0xa5, 0xb2, 0x5a,
    0xa6, 0xb2, 0x5c, 0xa6, 0xb2, 0x5c, 0xa6, 0xb2, 0x5c, 0xa6, 0xb2, 0x5c,
    0xa6, 0xb2, 0x5b, 0xa6, 0xb2, 0x5b, 0xa5, 0xb3, 0x5b, 0xa5, 0xb3, 0x5b,
    0xa5, 0xb3, 0x5b, 0xa6, 0xb2, 0x5b, 0xa7, 0xb1, 0x5a, 0xa8, 0xb0, 0x5a,
    0xa8, 0xb0, 0x5a, 0xaa, 0xb0, 0x5a, 0xaa, 0xb0, 0x59, 0xaa, 0xb0, 0x58,
    0xaa, 0xb0, 0x56, 0xaa, 0xb1, 0x54, 0xaa, 0xb1, 0x54, 0xaa, 0xb1, 0x54,
    0xab, 0xb2, 0x55, 0xab, 0xb2, 0x55, 0xac, 0xb3, 0x56, 0xac, 0xb3, 0x56,
    0xac, 0xb3, 0x56, 0xac, 0xb3, 0x56, 0xad, 0xb2, 0x56, 0xad, 0xb2, 0x56,
    0xad, 0xb2, 0x56, 0xad, 0xb2, 0x56, 0xad, 0xb2, 0x56, 0xad, 0xb2, 0x56,
    0xad, 0xb2, 0x55, 0xae, 0xb2, 0x54, 0xae, 0xb2, 0x54, 0xae, 0xb2, 0x54,
    0xaf, 0xb3, 0x55, 0xaf, 0xb3, 0x55, 0xaf, 0xb3, 0x55, 0xaf, 0xb3, 0x54,
    0xaf, 0xb3, 0x54, 0xaf, 0xb3, 0x54, 0xaf, 0xb3, 0x54, 0xaf, 0xb3, 0x54,
    0xaf, 0xb3, 0x54, 0xb1, 0xb3, 0x55, 0xb5, 0xb4, 0x58, 0xb5, 0xb4, 0x58,
    0xb5, 0xb4, 0x58, 0xb6, 0xb5, 0x59, 0xb5, 0xb4, 0x58, 0xb4, 0xb3, 0x57,
    0xb2, 0xb2, 0x55, 0xaf, 0xb0, 0x53, 0xad, 0xab, 0x54, 0xac, 0xa8, 0x57,
    0xaa, 0xa3, 0x57, 0xa9, 0xa1, 0x58, 0xa4, 0x9b, 0x54, 0xa0, 0x96, 0x50,
    0xb0, 0xb7, 0x60, 0xb0, 0xb7, 0x60, 0xb0, 0xb7, 0x60, 0xb0, 0xb7, 0x60,
    0xb0, 0xb7, 0x60, 0xb0, 0xb7, 0x60, 0xb0, 0xb7, 0x60, 0xb0, 0xb7, 0x60,
    0xb0, 0xb7, 0x60, 0xb0, 0xb7, 0x60, 0xb0, 0xb7, 0x60, 0xb0, 0xb7, 0x60,
    0xb0, 0xb7, 0x60, 0xae, 0xb8, 0x5f, 0xae, 0xb8, 0x5f, 0xae, 0xb8, 0x5f,
    0xaf, 0xb9, 0x60, 0xae, 0xb8, 0x5f, 0xad, 0xb7, 0x5e, 0xac, 0xb7, 0x5e,
    0xab, 0xb8, 0x5e, 0xab, 0xb8, 0x5e, 0xab, 0xb8, 0x5e, 0xab, 0xb8, 0x5e,
    0xab, 0xb8, 0x5e, 0xab, 0xb8, 0x5e, 0xab, 0xb7, 0x5c, 0xac, 0xb6, 0x5d,
    0xab, 0xb6, 0x5b, 0xa8, 0xb6, 0x5e, 0xa3, 0xb6, 0x6a, 0x8a, 0xa2, 0x6d,
    0x72, 0x8b, 0x66, 0x7a, 0x92, 0x6e, 0x76, 0x8e, 0x68, 0x7b, 0x94, 0x6b,
    0x7a, 0x94, 0x67, 0x7c, 0x96, 0x67, 0x8a, 0xa4, 0x74, 0x85, 0x9e, 0x6c,
    0x8b, 0xa2, 0x75, 0x94, 0xa8, 0x82, 0x8f, 0xa1, 0x7f, 0x89, 0x9b, 0x70,
    0x90, 0xa6, 0x63, 0x98, 0xae, 0x64, 0x6c, 0x7f, 0x51, 0x4e, 0x61, 0x3a,
    0x3f, 0x56, 0x31, 0x49, 0x64, 0x3b, 0x56, 0x75, 0x48, 0x5a, 0x7e, 0x49,
    0x65, 0x86, 0x4d, 0x67, 0x84, 0x4c, 0x64, 0x82, 0x4d, 0x71, 0x8d, 0x5c,
    0x55, 0x71, 0x45, 0x5b, 0x77, 0x4d, 0x4b, 0x65, 0x3f, 0x57, 0x70, 0x4c,
    0x68, 0x81, 0x5b, 0x6e, 0x89, 0x66, 0x73, 0x8d, 0x6f, 0x7f, 0x97, 0x72,
    0x97, 0xaf, 0x72, 0xa3, 0xb6, 0x64, 0xa9, 0xb6, 0x5b, 0xa8, 0xb5, 0x5a,
    0xa6, 0xb5, 0x59, 0xa6, 0xb6, 0x5a, 0xa6, 0xb6, 0x5b, 0xa6, 0xb6, 0x5a,
    0xa7, 0xb5, 0x5b, 0xa9, 0xb4, 0x5e, 0xa5, 0xac, 0x5c, 0x9e, 0xa0, 0x55,
    0x81, 0x7f, 0x37, 0x69, 0x64, 0x1f, 0x6e, 0x65, 0x28, 0x7e, 0x74, 0x45,
    0x87, 0x87, 0x5f, 0x7b, 0x88, 0x5e, 0x76, 0x89, 0x57, 0x61, 0x72, 0x3e,
    0x65, 0x70, 0x43, 0x5d, 0x6d, 0x47, 0x45, 0x4e, 0x2c, 0x48, 0x42, 0x22,
    0x70, 0x5b, 0x3c, 0xae, 0x92, 0x74, 0xb1, 0x93, 0x74, 0xa5, 0x8b, 0x67,
    0x9c, 0x86, 0x5c, 0xaa, 0x8c, 0x65, 0xa6, 0x82, 0x60, 0x9f, 0x86, 0x63,
    0x9c, 0x99, 0x71, 0x6a, 0x7c, 0x4e, 0x5c, 0x87, 0x40, 0x6b, 0xa1, 0x51,
    0x6d, 0xa1, 0x56, 0x79, 0xae, 0x5e, 0x8d, 0xc2, 0x6a, 0x81, 0xb7, 0x58,
    0x88, 0xbb, 0x5c, 0x85, 0xb2, 0x4e, 0x7a, 0xa7, 0x36, 0x76, 0xa1, 0x31,
    0x6c, 0x96, 0x21, 0x75, 0x9e, 0x26, 0x82, 0xac, 0x29, 0x71, 0x97, 0x15,
    0x79, 0x9a, 0x21, 0x8c, 0xac, 0x38, 0x70, 0x91, 0x19, 0x7f, 0xa2, 0x1e,
    0x8c, 0xb0, 0x24, 0x80, 0xa5, 0x14, 0x88, 0xaf, 0x17, 0x88, 0xad, 0x1f,
    0x7e, 0x9f, 0x26, 0x85, 0xa0, 0x3c, 0x6a, 0x82, 0x2d, 0x5e, 0x75, 0x29,
    0x57, 0x6f, 0x29, 0x53, 0x6d, 0x2d, 0x4d, 0x67, 0x2a, 0x43, 0x5c, 0x23,
    0x4a, 0x64, 0x2a, 0x49, 0x62, 0x27, 0x4e, 0x69, 0x28, 0x56, 0x76, 0x29,
    0x4b, 0x6c, 0x1e, 0x55, 0x74, 0x29, 0x57, 0x75, 0x2e, 0x59, 0x76, 0x32,
    0x6c, 0x88, 0x47, 0x68, 0x84, 0x47, 0x6e, 0x89, 0x4e, 0x74, 0x8f, 0x53,
    0x74, 0x8e, 0x52, 0x79, 0x93, 0x54, 0x80, 0x99, 0x57, 0x89, 0xa2, 0x5e,
    0x95, 0xa9, 0x59, 0x9c, 0xad, 0x59, 0xa1, 0xb0, 0x5c, 0xa6, 0xb4, 0x5d,
    0xa6, 0xb3, 0x59, 0xa6, 0xb1, 0x56, 0xa5, 0xb2, 0x59, 0xa3, 0xb2, 0x5c,
    0xa3, 0xb3, 0x5c, 0xa5, 0xb5, 0x5d, 0xa4, 0xb3, 0x5b, 0xa2, 0xb1, 0x5c,
    0xa1, 0xb1, 0x5c, 0x9e, 0xb0, 0x5c, 0xa0, 0xb2, 0x5e, 0xa3, 0xb5, 0x5e,
    0xa2, 0xb3, 0x5b, 0xa5, 0xb4, 0x5d, 0xa5, 0xb1, 0x5e, 0xa3, 0xaf, 0x5d,
    0xa5, 0xb2, 0x5e, 0xa4, 0xb1, 0x5b, 0xa6, 0xb3, 0x5a, 0xa6, 0xb2, 0x57,
    0xa7, 0xb4, 0x55, 0xa8, 0xb3, 0x54, 0xa5, 0xb3, 0x58, 0xa3, 0xb3, 0x5b,
    0xa3, 0xb2, 0x5a, 0xa5, 0xb2, 0x5b, 0xa6, 0xb2, 0x5c, 0xa7, 0xb1, 0x5d,
    0xa8, 0xb1, 0x5d, 0xa8, 0xb1, 0x5b, 0xa9, 0xb0, 0x5a, 0xa9, 0xb0, 0x59,
    0xaa, 0xb1, 0x58, 0xab, 0xb1, 0x57, 0xab, 0xb1, 0x56, 0xab, 0xb1, 0x55,
    0xac, 0xb1, 0x55, 0xac, 0xb1, 0x55, 0xac, 0xb2, 0x55, 0xac, 0xb2, 0x55,
    0xac, 0xb2, 0x55, 0xac, 0xb2, 0x55, 0xac, 0xb1, 0x55, 0xac, 0xb1, 0x55,
    0xac, 0xb1, 0x55, 0xad, 0xb2, 0x56, 0xad, 0xb2, 0x56, 0xad, 0xb2, 0x56,
    0xad, 0xb2, 0x55, 0xae, 0xb2, 0x54, 0xae, 0xb2, 0x54, 0xae, 0xb2, 0x54,
    0xae, 0xb2, 0x54, 0xae, 0xb2, 0x54, 0xaf, 0xb3, 0x55, 0xae, 0xb2, 0x54,
    0xae, 0xb2, 0x54, 0xae, 0xb2, 0x54, 0xb0, 0xb2, 0x55, 0xb0, 0xb2, 0x55,
    0xb0, 0xb2, 0x55, 0xb3, 0xb2, 0x56, 0xb5, 0xb4, 0x58, 0xb5, 0xb4, 0x58,
    0xb5, 0xb4, 0x58, 0xb4, 0xb3, 0x57, 0xb4, 0xb3, 0x57, 0xb3, 0xb2, 0x56,
    0xb2, 0xb1, 0x56, 0xb2, 0xb0, 0x57, 0xb1, 0xad, 0x57, 0xae, 0xaa, 0x57,
    0xac, 0xa7, 0x57, 0xaa, 0xa4, 0x57, 0xa6, 0x9e, 0x54, 0xa2, 0x9a, 0x51,
    0xaf, 0xb7, 0x62, 0xaf, 0xb7, 0x62, 0xaf, 0xb7, 0x62, 0xaf, 0xb7, 0x62,
    0xaf, 0xb7, 0x62, 0xaf, 0xb7, 0x62, 0xaf, 0xb7, 0x62, 0xaf, 0xb7, 0x62,
    0xaf, 0xb7, 0x62, 0xaf, 0xb7, 0x62, 0xaf, 0xb7, 0x62, 0xaf, 0xb7, 0x62,
    0xaf, 0xb7, 0x62, 0xad, 0xb8, 0x61, 0xac, 0xb9, 0x61, 0xac, 0xb9, 0x61,
    0xad, 0xba, 0x62, 0xac, 0xb9, 0x61, 0xab, 0xb8, 0x60, 0xab, 0xb8, 0x60,
    0xab, 0xb8, 0x60, 0xab, 0xb8, 0x60, 0xab, 0xb8, 0x60, 0xab, 0xb8, 0x60,
    0xab, 0xb8, 0x60, 0xab, 0xb8, 0x5f, 0xad, 0xb6, 0x5d, 0xad, 0xb5, 0x5f,
    0xac, 0xb5, 0x5f, 0xa9, 0xb6, 0x5d, 0xa5, 0xb8, 0x68, 0x95, 0xad, 0x76,
    0x7e, 0x97, 0x72, 0x74, 0x8d, 0x6b, 0x74, 0x8c, 0x68, 0x86, 0x9f, 0x77,
    0x7c, 0x96, 0x6b, 0x89, 0xa3, 0x75, 0x80, 0x9a, 0x6a, 0x7b, 0x91, 0x60,
    0x86, 0x99, 0x6b, 0x86, 0x98, 0x71, 0x8d, 0x9f, 0x78, 0x8b, 0x9e, 0x6f,
    0x8e, 0xa3, 0x66, 0x99, 0xae, 0x6c, 0x6e, 0x7e, 0x4f, 0x5b, 0x6b, 0x45,
    0x4f, 0x63, 0x42, 0x48, 0x62, 0x3f, 0x45, 0x66, 0x3b, 0x40, 0x66, 0x32,
    0x61, 0x82, 0x4b, 0x58, 0x75, 0x3d, 0x5a, 0x77, 0x40, 0x72, 0x8f, 0x5b,
    0x59, 0x75, 0x48, 0x40, 0x5a, 0x35, 0x57, 0x71, 0x51, 0x60, 0x7b, 0x59,
    0x67, 0x82, 0x5c, 0x69, 0x84, 0x5f, 0x72, 0x8b, 0x6c, 0x7f, 0x97, 0x72,
    0x93, 0xae, 0x72, 0xa2, 0xb6, 0x66, 0xa9, 0xb6, 0x5c, 0xa8, 0xb5, 0x5b,
    0xa7, 0xb4, 0x5a, 0xa7, 0xb4, 0x5a, 0xa7, 0xb4, 0x5a, 0xa7, 0xb4, 0x5a,
    0xa6, 0xb5, 0x5a, 0xa7, 0xb4, 0x5b, 0xa8, 0xb4, 0x5c, 0xa8, 0xb0, 0x5b,
    0x9a, 0x9e, 0x4d, 0x72, 0x74, 0x24, 0x58, 0x56, 0x0f, 0x6d, 0x68, 0x35,
    0x89, 0x8e, 0x64, 0x6a, 0x7a, 0x4e, 0x70, 0x85, 0x4f, 0x88, 0x98, 0x63,
    0x78, 0x82, 0x56, 0x6b, 0x79, 0x54, 0x45, 0x4c, 0x2a, 0x49, 0x3f, 0x20,
    0x75, 0x5f, 0x41, 0xaf, 0x92, 0x74, 0xc0, 0xa1, 0x82, 0xba, 0x9f, 0x7a,
    0xa0, 0x87, 0x5f, 0xa2, 0x85, 0x5f, 0xa2, 0x85, 0x60, 0x87, 0x76, 0x50,
    0x79, 0x7b, 0x52, 0x5e, 0x71, 0x42, 0x50, 0x75, 0x31, 0x67, 0x91, 0x4f,
    0x5f, 0x8a, 0x4c, 0x77, 0xa8, 0x57, 0x7c, 0xb3, 0x4e, 0x7f, 0xb9, 0x54,
    0x7c, 0xb2, 0x5a, 0x85, 0xb2, 0x59, 0x78, 0xa4, 0x42, 0x76, 0xa0, 0x3a,
    0x81, 0xab, 0x42, 0x7d, 0xa7, 0x31, 0x8a, 0xb6, 0x2b, 0x77, 0x9d, 0x1e,
    0x79, 0x9a, 0x27, 0x93, 0xb5, 0x3d, 0x7f, 0xa2, 0x24, 0x82, 0xa6, 0x20,
    0x84, 0xa9, 0x1e, 0x74, 0x9a, 0x0f, 0x84, 0xb0, 0x14, 0x8b, 0xb5, 0x1d,
    0x79, 0x9f, 0x15, 0x87, 0xa9, 0x30, 0x83, 0x9f, 0x35, 0x6c, 0x87, 0x27,
    0x5c, 0x77, 0x23, 0x53, 0x6e, 0x26, 0x5d, 0x76, 0x36, 0x55, 0x6e, 0x34,
    0x53, 0x6c, 0x32, 0x4a, 0x63, 0x28, 0x4d, 0x68, 0x26, 0x4e, 0x6d, 0x21,
    0x47, 0x68, 0x1a, 0x56, 0x76, 0x29, 0x53, 0x72, 0x27, 0x58, 0x77, 0x2e,
    0x65, 0x84, 0x3d, 0x61, 0x7f, 0x3a, 0x69, 0x84, 0x45, 0x74, 0x8e, 0x4f,
    0x70, 0x8a, 0x4b, 0x77, 0x92, 0x52, 0x7c, 0x96, 0x55, 0x7d, 0x97, 0x53,
    0x8a, 0xa0, 0x51, 0x95, 0xa7, 0x54, 0x9e, 0xb0, 0x5a, 0x9e, 0xad, 0x54,
    0xa4, 0xb1, 0x55, 0xa8, 0xb4, 0x55, 0xa5, 0xb4, 0x56, 0xa2, 0xb5, 0x5b,
    0xa1, 0xb4, 0x5a, 0xa3, 0xb6, 0x5d, 0xa3, 0xb5, 0x5f, 0xa2, 0xb4, 0x62,
    0x9f, 0xb1, 0x62, 0xa1, 0xb6, 0x6c, 0xa0, 0xb6, 0x6c, 0xa0, 0xb5, 0x66,
    0x9f, 0xb2, 0x62, 0x9d, 0xad, 0x60, 0xa5, 0xb2, 0x68, 0xa2, 0xae, 0x65,
    0xa5, 0xb2, 0x65, 0xa7, 0xb4, 0x64, 0xa7, 0xb4, 0x5f, 0xa9, 0xb4, 0x59,
    0xa9, 0xb4, 0x55, 0xa9, 0xb4, 0x53, 0xa5, 0xb3, 0x58, 0xa3, 0xb3, 0x5c,
    0xa5, 0xb4, 0x5d, 0xa5, 0xb3, 0x5d, 0xa6, 0xb2, 0x5d, 0xa7, 0xb1, 0x5d,
    0xa8, 0xb1, 0x5d, 0xa7, 0xb1, 0x5b, 0xa7, 0xb1, 0x5b, 0xa8, 0xb0, 0x5a,
    0xaa, 0xb1, 0x59, 0xac, 0xb0, 0x59, 0xac, 0xb1, 0x57, 0xac, 0xb1, 0x56,
    0xac, 0xb1, 0x55, 0xac, 0xb1, 0x55, 0xac, 0xb1, 0x55, 0xac, 0xb1, 0x55,
    0xac, 0xb1, 0x55, 0xac, 0xb1, 0x55, 0xac, 0xb1, 0x55, 0xac, 0xb1, 0x55,
    0xac, 0xb1, 0x55, 0xad, 0xb2, 0x56, 0xad, 0xb2, 0x56, 0xad, 0xb2, 0x56,
    0xad, 0xb2, 0x55, 0xae, 0xb2, 0x54, 0xae, 0xb2, 0x54, 0xae, 0xb2, 0x54,
    0xad, 0xb1, 0x53, 0xae, 0xb2, 0x54, 0xaf, 0xb3, 0x55, 0xad, 0xb2, 0x54,
    0xad, 0xb2, 0x54, 0xad, 0xb2, 0x54, 0xb0, 0xb2, 0x55, 0xb1, 0xb2, 0x55,
    0xb2, 0xb1, 0x55, 0xb3, 0xb2, 0x56, 0xb5, 0xb4, 0x58, 0xb5, 0xb4, 0x58,
    0xb5, 0xb4, 0x58, 0xb3, 0xb2, 0x56, 0xb4, 0xb3, 0x57, 0xb3, 0xb2, 0x56,
    0xb4, 0xb1, 0x58, 0xb3, 0xaf, 0x59, 0xb3, 0xae, 0x5a, 0xb0, 0xab, 0x59,
    0xae, 0xa9, 0x57, 0xab, 0xa6, 0x56, 0xa7, 0xa1, 0x53, 0xa4, 0x9d, 0x51,
    0xaf, 0xb7, 0x62, 0xaf, 0xb7, 0x62, 0xaf, 0xb7, 0x62, 0xaf, 0xb7, 0x62,
    0xaf, 0xb7, 0x62, 0xaf, 0xb7, 0x62, 0xaf, 0xb7, 0x62, 0xaf, 0xb7, 0x62,
    0xaf, 0xb7, 0x62, 0xaf, 0xb7, 0x62, 0xaf, 0xb7, 0x62, 0xaf, 0xb7, 0x62,
    0xaf, 0xb7, 0x62, 0xad, 0xb8, 0x61, 0xac, 0xb9, 0x61, 0xac, 0xb9, 0x61,
    0xad, 0xba, 0x62, 0xac, 0xb9, 0x61, 0xab, 0xb8, 0x60, 0xab, 0xb8, 0x60,
    0xab, 0xb8, 0x60, 0xab, 0xb8, 0x60, 0xab, 0xb8, 0x60, 0xab, 0xb8, 0x60,
    0xab, 0xb8, 0x60, 0xab, 0xb8, 0x5f, 0xac, 0xb7, 0x5c, 0xad, 0xb5, 0x5e,
    0xac, 0xb5, 0x5f, 0xa9, 0xb6, 0x5c, 0xa3, 0xb6, 0x64, 0x92, 0xa9, 0x6f,
    0x74, 0x8c, 0x65, 0x76, 0x8e, 0x6c, 0x73, 0x8b, 0x67, 0x79, 0x92, 0x6b,
    0x7a, 0x94, 0x69, 0x92, 0xac, 0x7e, 0x84, 0x9e, 0x6e, 0x88, 0x9f, 0x6d,
    0x97, 0xab, 0x7c, 0x80, 0x92, 0x6a, 0x91, 0xa3, 0x7e, 0x8e, 0xa2, 0x76,
    0x8c, 0xa1, 0x6a, 0x8f, 0xa3, 0x6a, 0x73, 0x81, 0x58, 0x5a, 0x69, 0x47,
    0x5d, 0x70, 0x52, 0x5b, 0x73, 0x54, 0x59, 0x78, 0x4e, 0x49, 0x6e, 0x3b,
    0x4f, 0x70, 0x3a, 0x40, 0x5d, 0x26, 0x63, 0x80, 0x48, 0x6a, 0x86, 0x52,
    0x5d, 0x79, 0x4c, 0x43, 0x5d, 0x38, 0x5d, 0x77, 0x57, 0x60, 0x7c, 0x5a,
    0x6c, 0x88, 0x61, 0x6c, 0x87, 0x62, 0x6d, 0x86, 0x67, 0x7c, 0x95, 0x70,
    0x8f, 0xaa, 0x70, 0xa3, 0xb7, 0x68, 0xa9, 0xb6, 0x5c, 0xa8, 0xb5, 0x5b,
    0xa7, 0xb4, 0x5a, 0xa7, 0xb4, 0x5a, 0xa7, 0xb4, 0x5a, 0xa7, 0xb4, 0x5a,
    0xa6, 0xb5, 0x5a, 0xa7, 0xb4, 0x5b, 0xa8, 0xb4, 0x5c, 0xa8, 0xb1, 0x5c,
    0xaa, 0xaf, 0x5d, 0x96, 0x9a, 0x49, 0x6c, 0x6d, 0x25, 0x65, 0x63, 0x2e,
    0x83, 0x89, 0x5f, 0x90, 0xa0, 0x74, 0x7c, 0x90, 0x5a, 0x93, 0xa3, 0x6e,
    0x6c, 0x77, 0x4b, 0x56, 0x63, 0x3e, 0x3e, 0x43, 0x22, 0x43, 0x39, 0x1a,
    0x78, 0x61, 0x43, 0xa7, 0x89, 0x6b, 0xca, 0xad, 0x8d, 0xcd, 0xb1, 0x8c,
    0xb1, 0x94, 0x6d, 0x93, 0x79, 0x51, 0x90, 0x7e, 0x55, 0x84, 0x7e, 0x54,
    0x65, 0x6c, 0x40, 0x4f, 0x60, 0x31, 0x37, 0x53, 0x17, 0x4c, 0x6d, 0x33,
    0x63, 0x87, 0x4d, 0x77, 0xa2, 0x55, 0x7b, 0xaf, 0x4e, 0x7f, 0xb7, 0x56,
    0x71, 0xa6, 0x51, 0x79, 0xa5, 0x54, 0x7d, 0xaa, 0x49, 0x7c, 0xaa, 0x3d,
    0x83, 0xaf, 0x3d, 0x73, 0xa0, 0x22, 0x7a, 0xa9, 0x18, 0x6e, 0x95, 0x13,
    0x82, 0xa5, 0x2e, 0x87, 0xa9, 0x2f, 0x76, 0x99, 0x19, 0x81, 0xa6, 0x20,
    0x88, 0xac, 0x22, 0x79, 0x9f, 0x17, 0x75, 0x9d, 0x14, 0x82, 0xaa, 0x1f,
    0x7f, 0xa4, 0x1f, 0x82, 0xa5, 0x25, 0x87, 0xa7, 0x2e, 0x81, 0xa0, 0x2a,
    0x7c, 0x99, 0x33, 0x5f, 0x79, 0x24, 0x59, 0x72, 0x25, 0x53, 0x6c, 0x26,
    0x60, 0x78, 0x35, 0x57, 0x6f, 0x2a, 0x55, 0x6e, 0x26, 0x55, 0x71, 0x26,
    0x4d, 0x69, 0x1d, 0x57, 0x74, 0x26, 0x56, 0x73, 0x25, 0x51, 0x6e, 0x20,
    0x61, 0x7d, 0x2f, 0x5a, 0x77, 0x26, 0x66, 0x81, 0x2e, 0x6f, 0x89, 0x36,
    0x6a, 0x85, 0x31, 0x75, 0x90, 0x3b, 0x81, 0x9c, 0x47, 0x80, 0x9a, 0x42,
    0x84, 0x9d, 0x3d, 0x91, 0xa9, 0x46, 0x98, 0xae, 0x49, 0xa2, 0xb7, 0x4f,
    0xa0, 0xb3, 0x46, 0xa3, 0xb6, 0x48, 0xa6, 0xbb, 0x4d, 0x9f, 0xb7, 0x4f,
    0xa1, 0xb9, 0x55, 0xa1, 0xb7, 0x5b, 0xa7, 0xbc, 0x68, 0xaf, 0xc3, 0x78,
    0xb6, 0xc8, 0x84, 0xc1, 0xd5, 0x9b, 0xcc, 0xdf, 0xa7, 0xcb, 0xde, 0xa2,
    0xbd, 0xce, 0x90, 0xab, 0xbb, 0x7e, 0xb4, 0xc2, 0x88, 0xb7, 0xc4, 0x89,
    0xae, 0xba, 0x7a, 0xa8, 0xb4, 0x71, 0xa6, 0xb2, 0x69, 0xa4, 0xb0, 0x61,
    0xa8, 0xb2, 0x5f, 0xa7, 0xb2, 0x5c, 0xa5, 0xb3, 0x5f, 0xa6, 0xb4, 0x61,
    0xa5, 0xb3, 0x5f, 0xa5, 0xb2, 0x5b, 0xa7, 0xb2, 0x5b, 0xa8, 0xb2, 0x59,
    0xa9, 0xb2, 0x59, 0xa7, 0xb1, 0x5b, 0xa7, 0xb1, 0x5b, 0xa8, 0xb0, 0x5a,
    0xaa, 0xb1, 0x59, 0xac, 0xb0, 0x59, 0xac, 0xb1, 0x57, 0xac, 0xb1, 0x56,
    0xac, 0xb1, 0x55, 0xac, 0xb1, 0x55, 0xac, 0xb1, 0x55, 0xac, 0xb1, 0x55,
    0xac, 0xb1, 0x55, 0xac, 0xb1, 0x55, 0xac, 0xb1, 0x55, 0xac, 0xb1, 0x55,
    0xac, 0xb1, 0x55, 0xac, 0xb1, 0x55, 0xac, 0xb1, 0x55, 0xac, 0xb1, 0x55,
    0xac, 0xb1, 0x54, 0xad, 0xb1, 0x53, 0xad, 0xb1, 0x53, 0xad, 0xb1, 0x53,
    0xad, 0xb1, 0x53, 0xae, 0xb2, 0x54, 0xaf, 0xb3, 0x55, 0xad, 0xb2, 0x54,
    0xad, 0xb2, 0x54, 0xad, 0xb2, 0x54, 0xb0, 0xb2, 0x55, 0xb1, 0xb2, 0x55,
    0xb2, 0xb1, 0x55, 0xb3, 0xb2, 0x56, 0xb4, 0xb3, 0x57, 0xb4, 0xb3, 0x57,
    0xb4, 0xb3, 0x57, 0xb3, 0xb2, 0x56, 0xb4, 0xb3, 0x57, 0xb3, 0xb2, 0x56,
    0xb4, 0xb1, 0x57, 0xb3, 0xaf, 0x59, 0xb3, 0xae, 0x5a, 0xb0, 0xab, 0x58,
    0xaf, 0xaa, 0x59, 0xad, 0xa8, 0x57, 0xa9, 0xa4, 0x54, 0xa7, 0xa0, 0x52,
    0xaf, 0xb7, 0x62, 0xaf, 0xb7, 0x62, 0xaf, 0xb7, 0x62, 0xaf, 0xb7, 0x62,
    0xaf, 0xb7, 0x62, 0xaf, 0xb7, 0x62, 0xaf, 0xb7, 0x62, 0xaf, 0xb7, 0x62,
    0xaf, 0xb7, 0x62, 0xaf, 0xb7, 0x62, 0xaf, 0xb7, 0x62, 0xaf, 0xb7, 0x62,
    0xaf, 0xb7, 0x62, 0xad, 0xb8, 0x61, 0xac, 0xb9, 0x61, 0xac, 0xb9, 0x61,
    0xad, 0xba, 0x62, 0xac, 0xb9, 0x61, 0xab, 0xb8, 0x60, 0xab, 0xb8, 0x60,
    0xab, 0xb8, 0x60, 0xab, 0xb8, 0x60, 0xab, 0xb8, 0x60, 0xab, 0xb8, 0x60,
    0xab, 0xb8, 0x60, 0xab, 0xb8, 0x5f, 0xac, 0xb7, 0x5c, 0xac, 0xb6, 0x5e,
    0xac, 0xb5, 0x60, 0xaa, 0xb7, 0x5e, 0xa5, 0xb7, 0x63, 0x97, 0xac, 0x6e,
    0x7a, 0x91, 0x67, 0x67, 0x7f, 0x5d, 0x79, 0x91, 0x6e, 0x7a, 0x93, 0x6b,
    0x79, 0x92, 0x68, 0x82, 0x9c, 0x6e, 0x73, 0x8d, 0x5d, 0x82, 0x9a, 0x66,
    0x8d, 0xa4, 0x73, 0x7b, 0x90, 0x67, 0x94, 0xa8, 0x83, 0x8f, 0xa4, 0x7b,
    0x8f, 0xa5, 0x76, 0x92, 0xa6, 0x77, 0x74, 0x82, 0x5f, 0x4f, 0x5e, 0x41,
    0x5a, 0x6c, 0x52, 0x59, 0x6f, 0x53, 0x62, 0x7e, 0x57, 0x5c, 0x7e, 0x4c,
    0x5e, 0x7d, 0x48, 0x4a, 0x67, 0x31, 0x57, 0x74, 0x3d, 0x61, 0x7e, 0x49,
    0x54, 0x6f, 0x41, 0x62, 0x7c, 0x55, 0x55, 0x6f, 0x4e, 0x6e, 0x8a, 0x68,
    0x6b, 0x87, 0x60, 0x6a, 0x85, 0x5f, 0x63, 0x7c, 0x5d, 0x76, 0x8e, 0x6a,
    0x85, 0xa0, 0x69, 0xa1, 0xb4, 0x68, 0xa9, 0xb6, 0x5e, 0xa8, 0xb5, 0x5d,
    0xa7, 0xb4, 0x5c, 0xa7, 0xb4, 0x5c, 0xa7, 0xb4, 0x5c, 0xa7, 0xb4, 0x5c,
    0xa7, 0xb4, 0x5a, 0xa7, 0xb4, 0x5b, 0xa8, 0xb4, 0x5c, 0xa9, 0xb2, 0x5c,
    0xa9, 0xb1, 0x5e, 0xa9, 0xb0, 0x5e, 0x90, 0x93, 0x4a, 0x75, 0x75, 0x40,
    0x80, 0x87, 0x5d, 0x9a, 0xaa, 0x7e, 0x76, 0x8a, 0x54, 0x72, 0x82, 0x4d,
    0x59, 0x65, 0x38, 0x42, 0x4d, 0x28, 0x41, 0x45, 0x23, 0x48, 0x3d, 0x1e,
    0x7e, 0x66, 0x48, 0x9f, 0x81, 0x62, 0xc0, 0xa4, 0x82, 0xc1, 0xa2, 0x7e,
    0xa3, 0x81, 0x5b, 0x8d, 0x77, 0x4e, 0x8a, 0x84, 0x57, 0x89, 0x90, 0x61,
    0x6c, 0x7a, 0x4a, 0x51, 0x61, 0x30, 0x40, 0x55, 0x1f, 0x37, 0x4e, 0x1b,
    0x56, 0x72, 0x3d, 0x6c, 0x91, 0x4a, 0x74, 0xa1, 0x49, 0x7c, 0xb0, 0x54,
    0x72, 0xa5, 0x51, 0x77, 0xa5, 0x52, 0x83, 0xb3, 0x4c, 0x7c, 0xad, 0x36,
    0x7f, 0xb0, 0x33, 0x70, 0x9f, 0x1c, 0x78, 0xa8, 0x1a, 0x76, 0x9f, 0x1b,
    0x6d, 0x91, 0x17, 0x77, 0x9b, 0x1e, 0x76, 0x9a, 0x19, 0x6a, 0x90, 0x0b,
    0x71, 0x97, 0x0d, 0x6d, 0x93, 0x0c, 0x63, 0x8b, 0x0e, 0x7f, 0xa6, 0x27,
    0x85, 0xab, 0x2a, 0x7b, 0x9f, 0x1c, 0x88, 0xab, 0x26, 0x7c, 0x9e, 0x19,
    0x89, 0xa7, 0x31, 0x86, 0xa0, 0x3c, 0x73, 0x8d, 0x2f, 0x60, 0x79, 0x21,
    0x5e, 0x76, 0x23, 0x55, 0x6d, 0x1a, 0x64, 0x7b, 0x29, 0x62, 0x7b, 0x2a,
    0x55, 0x6e, 0x1d, 0x59, 0x73, 0x1f, 0x56, 0x70, 0x19, 0x63, 0x7e, 0x24,
    0x6c, 0x87, 0x2a, 0x69, 0x84, 0x21, 0x74, 0x8f, 0x24, 0x7b, 0x97, 0x2a,
    0x83, 0x9f, 0x30, 0x87, 0xa3, 0x32, 0x8d, 0xaa, 0x38, 0x95, 0xb1, 0x3e,
    0x99, 0xb6, 0x3f, 0x94, 0xb2, 0x3a, 0x9d, 0xbb, 0x40, 0x95, 0xb1, 0x33,
    0xa1, 0xbc, 0x3c, 0x97, 0xb1, 0x2f, 0xa2, 0xbe, 0x3d, 0x97, 0xb5, 0x3b,
    0x9a, 0xb6, 0x46, 0xa8, 0xc2, 0x61, 0xa5, 0xbc, 0x6c, 0xb1, 0xc6, 0x85,
    0xbf, 0xd1, 0x9a, 0xca, 0xdc, 0xb2, 0xd0, 0xe2, 0xbb, 0xd6, 0xe8, 0xbc,
    0xd3, 0xe5, 0xb5, 0xc8, 0xd9, 0xa9, 0xc3, 0xd2, 0xa5, 0xcb, 0xda, 0xad,
    0xce, 0xdc, 0xaa, 0xcc, 0xd9, 0xa4, 0xc2, 0xce, 0x94, 0xb5, 0xc0, 0x81,
    0xa7, 0xb2, 0x6f, 0xa3, 0xae, 0x67, 0xa5, 0xb0, 0x67, 0xa4, 0xb1, 0x64,
    0xa6, 0xb2, 0x62, 0xa8, 0xb3, 0x5e, 0xa9, 0xb2, 0x5a, 0xa9, 0xb2, 0x56,
    0xa9, 0xb2, 0x56, 0xa7, 0xb1, 0x5a, 0xa7, 0xb1, 0x5b, 0xa8, 0xb0, 0x5a,
    0xaa, 0xb1, 0x59, 0xac, 0xb0, 0x59, 0xac, 0xb1, 0x57, 0xac, 0xb1, 0x56,
    0xac, 0xb1, 0x55, 0xac, 0xb1, 0x55, 0xac, 0xb1, 0x55, 0xac, 0xb1, 0x55,
    0xac, 0xb1, 0x55, 0xac, 0xb1, 0x55, 0xac, 0xb1, 0x55, 0xac, 0xb1, 0x55,
    0xac, 0xb1, 0x55, 0xab, 0xb0, 0x54, 0xab, 0xb0, 0x54, 0xab, 0xb0, 0x54,
    0xab, 0xb0, 0x53, 0xac, 0xb0, 0x52, 0xac, 0xb0, 0x52, 0xac, 0xb0, 0x52,
    0xad, 0xb1, 0x53, 0xae, 0xb2, 0x54, 0xaf, 0xb3, 0x55, 0xad, 0xb2, 0x54,
    0xad, 0xb2, 0x54, 0xad, 0xb2, 0x54, 0xb0, 0xb2, 0x55, 0xb1, 0xb2, 0x55,
    0xb2, 0xb1, 0x55, 0xb2, 0xb1, 0x55, 0xb3, 0xb2, 0x56, 0xb3, 0xb2, 0x56,
    0xb3, 0xb2, 0x56, 0xb3, 0xb2, 0x56, 0xb4, 0xb3, 0x57, 0xb3, 0xb2, 0x56,
    0xb4, 0xb1, 0x57, 0xb3, 0xaf, 0x58, 0xb3, 0xae, 0x58, 0xb1, 0xac, 0x59,
    0xb1, 0xac, 0x5a, 0xaf, 0xaa, 0x58, 0xac, 0xa6, 0x55, 0xaa, 0xa3, 0x53,
    0xaf, 0xb7, 0x62, 0xaf, 0xb7, 0x62, 0xaf, 0xb7, 0x62, 0xaf, 0xb7, 0x62,
    0xaf, 0xb7, 0x62, 0xaf, 0xb7, 0x62, 0xaf, 0xb7, 0x62, 0xaf, 0xb7, 0x62,
    0xaf, 0xb7, 0x62, 0xaf, 0xb7, 0x62, 0xaf, 0xb7, 0x62, 0xaf, 0xb7, 0x62,
    0xaf, 0xb7, 0x62, 0xad, 0xb8, 0x61, 0xac, 0xb9, 0x61, 0xac, 0xb9, 0x61,
    0xad, 0xba, 0x62, 0xac, 0xb9, 0x61, 0xab, 0xb8, 0x60, 0xab, 0xb8, 0x60,
    0xab, 0xb8, 0x60, 0xab, 0xb8, 0x60, 0xab, 0xb8, 0x60, 0xab, 0xb8, 0x60,
    0xab, 0xb8, 0x60, 0xab, 0xb8, 0x5f, 0xaa, 0xb7, 0x5c, 0xaa, 0xb7, 0x5e,
    0xac, 0xb6, 0x60, 0xaa, 0xb7, 0x5d, 0xa5, 0xb8, 0x61, 0x9a, 0xb0, 0x6c,
    0x8b, 0xa1, 0x73, 0x7c, 0x94, 0x72, 0x6e, 0x86, 0x62, 0x70, 0x89, 0x61,
    0x81, 0x9a, 0x70, 0x82, 0x9c, 0x6e, 0x7f, 0x99, 0x69, 0x8c, 0xa4, 0x70,
    0x7b, 0x91, 0x5f, 0x7d, 0x93, 0x68, 0x86, 0x9a, 0x74, 0x80, 0x95, 0x6f,
    0x88, 0x9d, 0x74, 0x8b, 0x9f, 0x74, 0x76, 0x83, 0x64, 0x47, 0x56, 0x3b,
    0x52, 0x64, 0x4c, 0x54, 0x69, 0x4e, 0x5c, 0x76, 0x51, 0x5a, 0x79, 0x48,
    0x66, 0x84, 0x50, 0x62, 0x7e, 0x4a, 0x59, 0x76, 0x40, 0x41, 0x5e, 0x2a,
    0x4d, 0x68, 0x3a, 0x62, 0x7c, 0x55, 0x60, 0x7a, 0x58, 0x67, 0x83, 0x62,
    0x65, 0x81, 0x5a, 0x60, 0x7b, 0x55, 0x5b, 0x75, 0x54, 0x7f, 0x98, 0x74,
    0x7c, 0x96, 0x63, 0x9b, 0xae, 0x64, 0xa9, 0xb6, 0x5f, 0xa8, 0xb5, 0x5d,
    0xa7, 0xb4, 0x5c, 0xa7, 0xb4, 0x5c, 0xa7, 0xb4, 0x5c, 0xa7, 0xb4, 0x5c,
    0xa7, 0xb4, 0x5a, 0xa7, 0xb4, 0x5b, 0xa7, 0xb4, 0x5c, 0xa9, 0xb4, 0x5d,
    0xa9, 0xb2, 0x5e, 0xaa, 0xb3, 0x61, 0xa2, 0xa9, 0x5f, 0x8f, 0x93, 0x5c,
    0x74, 0x7e, 0x53, 0x7e, 0x8d, 0x62, 0x70, 0x83, 0x4e, 0x5f, 0x6f, 0x3a,
    0x67, 0x73, 0x46, 0x4f, 0x58, 0x33, 0x43, 0x45, 0x22, 0x57, 0x4b, 0x2b,
    0x8e, 0x76, 0x57, 0x99, 0x7b, 0x5b, 0xaa, 0x8e, 0x6a, 0xb1, 0x92, 0x6e,
    0x99, 0x76, 0x51, 0x87, 0x76, 0x4b, 0x82, 0x88, 0x56, 0x78, 0x8a, 0x55,
    0x73, 0x86, 0x51, 0x67, 0x74, 0x42, 0x54, 0x61, 0x31, 0x3c, 0x4c, 0x1e,
    0x35, 0x4b, 0x19, 0x55, 0x73, 0x33, 0x6c, 0x93, 0x47, 0x72, 0x9e, 0x4d,
    0x5b, 0x8a, 0x38, 0x76, 0xa7, 0x4b, 0x7a, 0xac, 0x3b, 0x6f, 0xa2, 0x23,
    0x7c, 0xae, 0x30, 0x75, 0xa5, 0x28, 0x66, 0x95, 0x12, 0x70, 0x99, 0x18,
    0x70, 0x94, 0x18, 0x78, 0x9c, 0x1e, 0x86, 0xab, 0x29, 0x75, 0x9b, 0x16,
    0x84, 0xa9, 0x22, 0x80, 0xa6, 0x21, 0x68, 0x90, 0x14, 0x76, 0x9e, 0x21,
    0x78, 0x9e, 0x1f, 0x69, 0x8e, 0x10, 0x80, 0xa4, 0x1e, 0x7c, 0xa0, 0x18,
    0x7e, 0x9d, 0x20, 0x89, 0xa4, 0x34, 0x80, 0x9a, 0x2f, 0x82, 0x9a, 0x35,
    0x7a, 0x93, 0x31, 0x76, 0x8f, 0x2f, 0x7c, 0x94, 0x36, 0x79, 0x91, 0x35,
    0x7c, 0x94, 0x38, 0x7c, 0x95, 0x34, 0x7c, 0x96, 0x2f, 0x84, 0x9f, 0x32,
    0x89, 0xa4, 0x34, 0x86, 0xa2, 0x2a, 0x90, 0xad, 0x2b, 0x8e, 0xaa, 0x27,
    0x94, 0xb1, 0x2c, 0x97, 0xb4, 0x2d, 0x9a, 0xb7, 0x2d, 0x84, 0xa2, 0x16,
    0x93, 0xb3, 0x28, 0x8d, 0xaf, 0x23, 0x94, 0xb6, 0x28, 0x96, 0xb7, 0x27,
    0x98, 0xb9, 0x26, 0x99, 0xba, 0x26, 0x93, 0xb5, 0x23, 0x9e, 0xc0, 0x38,
    0x96, 0xb6, 0x3d, 0xa5, 0xc1, 0x5e, 0xbc, 0xd5, 0x88, 0xc9, 0xde, 0xa4,
    0xc5, 0xda, 0xab, 0xd3, 0xe5, 0xc3, 0xd2, 0xe6, 0xc4, 0xd3, 0xe7, 0xc0,
    0xd5, 0xe8, 0xbd, 0xd6, 0xe9, 0xbc, 0xcd, 0xdf, 0xb5, 0xc8, 0xd9, 0xb1,
    0xc5, 0xd4, 0xac, 0xcd, 0xdb, 0xb1, 0xd4, 0xe2, 0xb3, 0xd6, 0xe2, 0xaf,
    0xca, 0xd6, 0x9f, 0xb3, 0xbe, 0x84, 0xa9, 0xb4, 0x74, 0xa4, 0xb0, 0x6a,
    0xa3, 0xae, 0x63, 0xa7, 0xb1, 0x5f, 0xa9, 0xb2, 0x5a, 0xa9, 0xb2, 0x55,
    0xa9, 0xb2, 0x55, 0xa7, 0xb1, 0x5a, 0xa7, 0xb1, 0x5b, 0xa8, 0xb0, 0x5a,
    0xaa, 0xb1, 0x59, 0xac, 0xb0, 0x59, 0xac, 0xb1, 0x57, 0xac, 0xb1, 0x56,
    0xac, 0xb1, 0x55, 0xac, 0xb1, 0x55, 0xac, 0xb1, 0x55, 0xac, 0xb1, 0x55,
    0xac, 0xb1, 0x55, 0xac, 0xb1, 0x55, 0xac, 0xb1, 0x55, 0xac, 0xb1, 0x55,
    0xac, 0xb1, 0x55, 0xab, 0xb0, 0x54, 0xab, 0xb0, 0x54, 0xab, 0xb0, 0x54,
    0xab, 0xb0, 0x53, 0xac, 0xb0, 0x52, 0xac, 0xb0, 0x52, 0xac, 0xb0, 0x52,
    0xad, 0xb1, 0x53, 0xae, 0xb2, 0x54, 0xaf, 0xb3, 0x55, 0xad, 0xb2, 0x54,
    0xad, 0xb2, 0x54, 0xad, 0xb2, 0x54, 0xb0, 0xb2, 0x55, 0xb1, 0xb2, 0x55,
    0xb2, 0xb1, 0x55, 0xb2, 0xb1, 0x55, 0xb2, 0xb1, 0x55, 0xb2, 0xb1, 0x55,
    0xb2, 0xb1, 0x55, 0xb3, 0xb2, 0x56, 0xb4, 0xb3, 0x57, 0xb3, 0xb2, 0x56,
    0xb4, 0xb1, 0x57, 0xb3, 0xaf, 0x57, 0xb3, 0xaf, 0x58, 0xb2, 0xad, 0x58,
    0xb2, 0xad, 0x5a, 0xaf, 0xaa, 0x58, 0xad, 0xa7, 0x55, 0xac, 0xa5, 0x54,
    0xaf, 0xb7, 0x62, 0xaf, 0xb7, 0x62, 0xaf, 0xb7, 0x62, 0xaf, 0xb7, 0x62,
    0xaf, 0xb7, 0x62, 0xaf, 0xb7, 0x62, 0xaf, 0xb7, 0x62, 0xaf, 0xb7, 0x62,
    0xaf, 0xb7, 0x62, 0xaf, 0xb7, 0x62, 0xaf, 0xb7, 0x62, 0xaf, 0xb7, 0x62,
    0xaf, 0xb7, 0x62, 0xad, 0xb8, 0x61, 0xac, 0xb9, 0x61, 0xac, 0xb9, 0x61,
    0xad, 0xba, 0x62, 0xac, 0xb9, 0x61, 0xab, 0xb8, 0x60, 0xab, 0xb8, 0x60,
    0xab, 0xb8, 0x60, 0xaa, 0xb7, 0x5f, 0xaa, 0xb7, 0x5f, 0xaa, 0xb7, 0x5f,
    0xaa, 0xb7, 0x5f, 0xaa, 0xb7, 0x5e, 0xa9, 0xb8, 0x5b, 0xa9, 0xb7, 0x5e,
    0xab, 0xb6, 0x60, 0xa8, 0xb6, 0x5c, 0xa5, 0xb7, 0x5e, 0x9c, 0xb1, 0x68,
    0x8b, 0xa1, 0x6e, 0x79, 0x91, 0x6d, 0x77, 0x90, 0x6c, 0x6a, 0x83, 0x5b,
    0x73, 0x8c, 0x62, 0x76, 0x90, 0x62, 0x80, 0x9a, 0x6a, 0x95, 0xae, 0x7a,
    0x80, 0x97, 0x64, 0x91, 0xa8, 0x7b, 0x91, 0xa7, 0x7f, 0x83, 0x98, 0x72,
    0x96, 0xac, 0x86, 0x93, 0xa6, 0x81, 0x85, 0x93, 0x75, 0x52, 0x61, 0x46,
    0x44, 0x55, 0x3f, 0x4b, 0x5f, 0x45, 0x53, 0x6c, 0x48, 0x54, 0x6f, 0x42,
    0x65, 0x81, 0x50, 0x62, 0x7e, 0x4d, 0x66, 0x82, 0x4f, 0x43, 0x5f, 0x2c,
    0x49, 0x65, 0x36, 0x62, 0x7d, 0x54, 0x69, 0x83, 0x60, 0x58, 0x74, 0x54,
    0x59, 0x75, 0x4e, 0x54, 0x6f, 0x48, 0x64, 0x7e, 0x5d, 0x82, 0x9a, 0x79,
    0x82, 0x9b, 0x6c, 0x9b, 0xad, 0x67, 0xa9, 0xb5, 0x5f, 0xa7, 0xb4, 0x5d,
    0xa7, 0xb3, 0x5d, 0xa7, 0xb3, 0x5d, 0xa7, 0xb3, 0x5d, 0xa7, 0xb3, 0x5c,
    0xa7, 0xb4, 0x5a, 0xa7, 0xb4, 0x5b, 0xa7, 0xb4, 0x5c, 0xa8, 0xb4, 0x5d,
    0xa8, 0xb3, 0x5f, 0xa7, 0xb3, 0x5f, 0xa7, 0xb2, 0x66, 0x94, 0x9e, 0x65,
    0x70, 0x7b, 0x4f, 0x6b, 0x7a, 0x4f, 0x8d, 0x9f, 0x6a, 0x80, 0x90, 0x5c,
    0x6a, 0x77, 0x49, 0x4f, 0x57, 0x32, 0x3a, 0x38, 0x16, 0x5f, 0x50, 0x2f,
    0x8c, 0x73, 0x53, 0x94, 0x77, 0x55, 0xa6, 0x8b, 0x66, 0xa7, 0x8a, 0x64,
    0xad, 0x8f, 0x69, 0x9b, 0x93, 0x65, 0x7a, 0x89, 0x54, 0x69, 0x83, 0x4a,
    0x61, 0x77, 0x40, 0x56, 0x63, 0x2f, 0x57, 0x5f, 0x33, 0x4c, 0x58, 0x2a,
    0x34, 0x45, 0x14, 0x24, 0x3b, 0x0b, 0x50, 0x6f, 0x32, 0x5e, 0x82, 0x3e,
    0x59, 0x83, 0x34, 0x71, 0xa1, 0x38, 0x78, 0xab, 0x31, 0x6f, 0xa1, 0x20,
    0x6d, 0x9c, 0x25, 0x74, 0xa1, 0x32, 0x69, 0x95, 0x24, 0x77, 0xa0, 0x26,
    0x7e, 0xa5, 0x27, 0x6d, 0x93, 0x15, 0x75, 0x9c, 0x1b, 0x6a, 0x91, 0x0f,
    0x76, 0x9d, 0x1a, 0x79, 0xa1, 0x1d, 0x68, 0x92, 0x13, 0x75, 0x9f, 0x1e,
    0x75, 0x9d, 0x1d, 0x6a, 0x90, 0x13, 0x7a, 0x9f, 0x1e, 0x7b, 0x9f, 0x1e,
    0x7a, 0x9a, 0x1f, 0x89, 0xa5, 0x2e, 0x7b, 0x96, 0x21, 0x81, 0x9c, 0x2a,
    0x7e, 0x99, 0x29, 0x86, 0xa0, 0x33, 0x82, 0x9c, 0x31, 0x84, 0x9e, 0x32,
    0x82, 0x9c, 0x2d, 0x84, 0x9f, 0x2a, 0x85, 0xa2, 0x26, 0x89, 0xa6, 0x24,
    0x80, 0x9f, 0x18, 0x89, 0xa8, 0x1a, 0x88, 0xa6, 0x12, 0x89, 0xa7, 0x11,
    0x8f, 0xae, 0x14, 0x89, 0xa8, 0x0c, 0x91, 0xb1, 0x12, 0x96, 0xb7, 0x15,
    0x93, 0xb7, 0x17, 0x93, 0xb9, 0x1a, 0x9a, 0xbf, 0x1f, 0x99, 0xbe, 0x1d,
    0x98, 0xbe, 0x1c, 0x9b, 0xc2, 0x1e, 0x93, 0xbb, 0x1a, 0x9a, 0xc1, 0x2e,
    0xa4, 0xc9, 0x48, 0xa4, 0xc4, 0x5f, 0xb5, 0xd1, 0x86, 0xc2, 0xdc, 0xa3,
    0xae, 0xc6, 0x98, 0xbc, 0xd1, 0xac, 0xca, 0xdf, 0xba, 0xca, 0xe1, 0xb5,
    0xca, 0xe3, 0xb1, 0xce, 0xe7, 0xb3, 0xd1, 0xe9, 0xb7, 0xd3, 0xe9, 0xbb,
    0xd5, 0xe7, 0xc0, 0xd0, 0xe0, 0xba, 0xd1, 0xe1, 0xb8, 0xd4, 0xe2, 0xb7,
    0xd5, 0xe3, 0xb6, 0xd2, 0xde, 0xaf, 0xc8, 0xd4, 0x9e, 0xbe, 0xca, 0x8d,
    0xb5, 0xc0, 0x7d, 0xa8, 0xb3, 0x69, 0xa7, 0xb2, 0x5f, 0xa8, 0xb2, 0x5a,
    0xa7, 0xb1, 0x57, 0xa7, 0xb1, 0x5b, 0xa8, 0xb1, 0x5b, 0xa9, 0xb1, 0x5b,
    0xaa, 0xb0, 0x59, 0xab, 0xaf, 0x58, 0xab, 0xb0, 0x56, 0xab, 0xb0, 0x55,
    0xab, 0xb0, 0x54, 0xab, 0xb0, 0x54, 0xab, 0xb0, 0x54, 0xab, 0xb0, 0x54,
    0xab, 0xb0, 0x54, 0xab, 0xb0, 0x54, 0xab, 0xb0, 0x54, 0xab, 0xb0, 0x54,
    0xab, 0xb0, 0x54, 0xab, 0xb0, 0x54, 0xab, 0xb0, 0x54, 0xab, 0xb0, 0x54,
    0xac, 0xb0, 0x54, 0xad, 0xb1, 0x53, 0xad, 0xb1, 0x53, 0xad, 0xb1, 0x53,
    0xac, 0xb0, 0x52, 0xad, 0xb1, 0x53, 0xae, 0xb2, 0x54, 0xac, 0xb1, 0x53,
    0xac, 0xb1, 0x53, 0xad, 0xb2, 0x54, 0xaf, 0xb1, 0x54, 0xb0, 0xb1, 0x54,
    0xb1, 0xb0, 0x54, 0xb2, 0xb1, 0x55, 0xb3, 0xb2, 0x56, 0xb3, 0xb2, 0x56,
    0xb3, 0xb2, 0x56, 0xb4, 0xb3, 0x57, 0xb4, 0xb3, 0x57, 0xb4, 0xb3, 0x57,
    0xb3, 0xb0, 0x56, 0xb3, 0xaf, 0x55, 0xb3, 0xaf, 0x57, 0xb2, 0xae, 0x57,
    0xb1, 0xac, 0x58, 0xaf, 0xaa, 0x57, 0xae, 0xa9, 0x56, 0xac, 0xa6, 0x53,
    0xaf, 0xb7, 0x62, 0xaf, 0xb7, 0x62, 0xaf, 0xb7, 0x62, 0xaf, 0xb7, 0x62,
    0xaf, 0xb7, 0x62, 0xaf, 0xb7, 0x62, 0xaf, 0xb7, 0x62, 0xaf, 0xb7, 0x62,
    0xaf, 0xb7, 0x62, 0xaf, 0xb7, 0x62, 0xaf, 0xb7, 0x62, 0xaf, 0xb7, 0x62,
    0xaf, 0xb7, 0x62, 0xad, 0xb8, 0x61, 0xac, 0xb9, 0x61, 0xac, 0xb9, 0x61,
    0xad, 0xba, 0x62, 0xac, 0xb9, 0x61, 0xab, 0xb8, 0x60, 0xab, 0xb8, 0x60,
    0xab, 0xb8, 0x60, 0xaa, 0xb7, 0x5f, 0xaa, 0xb7, 0x5f, 0xaa, 0xb7, 0x5f,
    0xaa, 0xb7, 0x5f, 0xaa, 0xb7, 0x5e, 0xa9, 0xb8, 0x5a, 0xa9, 0xb7, 0x5f,
    0xaa, 0xb6, 0x61, 0xa9, 0xb7, 0x5d, 0xa5, 0xb7, 0x5c, 0xa0, 0xb6, 0x66,
    0x8e, 0xa5, 0x6b, 0x70, 0x87, 0x63, 0x60, 0x78, 0x55, 0x71, 0x8a, 0x62,
    0x7f, 0x98, 0x6d, 0x6c, 0x86, 0x59, 0x76, 0x90, 0x60, 0x83, 0x9b, 0x68,
    0x7a, 0x92, 0x5e, 0x86, 0x9d, 0x6d, 0x89, 0xa0, 0x75, 0x7d, 0x94, 0x6a,
    0x8c, 0xa2, 0x7b, 0x87, 0x9c, 0x75, 0x8c, 0x9c, 0x78, 0x74, 0x83, 0x65,
    0x39, 0x4a, 0x30, 0x3d, 0x50, 0x36, 0x4b, 0x62, 0x3f, 0x53, 0x6c, 0x41,
    0x58, 0x73, 0x44, 0x5a, 0x76, 0x45, 0x67, 0x83, 0x50, 0x57, 0x73, 0x41,
    0x58, 0x74, 0x44, 0x56, 0x71, 0x47, 0x68, 0x82, 0x5e, 0x4b, 0x67, 0x47,
    0x50, 0x6c, 0x45, 0x63, 0x7f, 0x56, 0x71, 0x8a, 0x69, 0x73, 0x8b, 0x6b,
    0x7b, 0x93, 0x67, 0x9a, 0xac, 0x69, 0xa8, 0xb4, 0x60, 0xa7, 0xb3, 0x5e,
    0xa7, 0xb3, 0x5e, 0xa7, 0xb3, 0x5e, 0xa7, 0xb3, 0x5e, 0xa7, 0xb3, 0x5d,
    0xa8, 0xb4, 0x5b, 0xa7, 0xb4, 0x5b, 0xa7, 0xb4, 0x5c, 0xa6, 0xb3, 0x5d,
    0xa5, 0xb3, 0x5e, 0xa5, 0xb3, 0x5e, 0xa3, 0xb1, 0x64, 0x82, 0x8f, 0x55,
    0x88, 0x95, 0x68, 0x8b, 0x9a, 0x6f, 0x88, 0x99, 0x64, 0x7d, 0x8c, 0x58,
    0x52, 0x5f, 0x31, 0x47, 0x4e, 0x28, 0x3b, 0x36, 0x14, 0x5e, 0x4e, 0x2d,
    0x83, 0x69, 0x49, 0x9c, 0x7f, 0x5c, 0xaf, 0x95, 0x6e, 0xa3, 0x8b, 0x63,
    0xa9, 0x95, 0x6c, 0xa0, 0x9e, 0x6f, 0x7c, 0x8e, 0x58, 0x64, 0x80, 0x45,
    0x67, 0x7e, 0x44, 0x62, 0x70, 0x39, 0x4e, 0x57, 0x2a, 0x48, 0x54, 0x25,
    0x24, 0x34, 0x0a, 0x0f, 0x22, 0x01, 0x23, 0x3a, 0x13, 0x48, 0x64, 0x2f,
    0x63, 0x87, 0x3e, 0x64, 0x93, 0x27, 0x75, 0xa6, 0x2d, 0x79, 0xa8, 0x30,
    0x6f, 0x9a, 0x30, 0x72, 0x99, 0x37, 0x6d, 0x96, 0x2e, 0x6d, 0x96, 0x1e,
    0x70, 0x97, 0x1a, 0x68, 0x90, 0x12, 0x6f, 0x97, 0x19, 0x64, 0x8c, 0x0f,
    0x5d, 0x84, 0x0c, 0x67, 0x90, 0x11, 0x57, 0x81, 0x07, 0x60, 0x8a, 0x0c,
    0x6e, 0x96, 0x17, 0x5e, 0x85, 0x0d, 0x67, 0x8d, 0x13, 0x6d, 0x91, 0x19,
    0x5d, 0x7c, 0x0f, 0x73, 0x8f, 0x1b, 0x75, 0x92, 0x1b, 0x75, 0x92, 0x1d,
    0x7e, 0x9b, 0x23, 0x7b, 0x97, 0x21, 0x84, 0x9f, 0x2b, 0x81, 0x9d, 0x24,
    0x86, 0xa3, 0x26, 0x84, 0xa2, 0x1f, 0x85, 0xa4, 0x1a, 0x84, 0xa4, 0x14,
    0x84, 0xa5, 0x10, 0x8b, 0xac, 0x13, 0x8c, 0xab, 0x0e, 0x91, 0xb1, 0x12,
    0x94, 0xb4, 0x10, 0x97, 0xb9, 0x10, 0x9b, 0xbc, 0x10, 0x98, 0xba, 0x0e,
    0x9a, 0xbf, 0x16, 0x94, 0xba, 0x11, 0x9e, 0xc5, 0x1b, 0x96, 0xbe, 0x12,
    0x9b, 0xc5, 0x19, 0x97, 0xc1, 0x14, 0x9d, 0xc9, 0x22, 0x91, 0xbd, 0x27,
    0xa6, 0xce, 0x4d, 0xbf, 0xe3, 0x7d, 0xba, 0xd8, 0x8c, 0xba, 0xd7, 0x9c,
    0xb0, 0xcc, 0x98, 0x9d, 0xb6, 0x89, 0xba, 0xd3, 0xa4, 0xc0, 0xdb, 0xa4,
    0xc0, 0xdd, 0xa0, 0xc0, 0xdf, 0x9f, 0xc1, 0xe0, 0xa0, 0xc5, 0xe1, 0xa7,
    0xd1, 0xe8, 0xb9, 0xd2, 0xe7, 0xba, 0xd6, 0xe9, 0xbd, 0xd7, 0xe8, 0xbe,
    0xd0, 0xe0, 0xb8, 0xd2, 0xe1, 0xb8, 0xd6, 0xe4, 0xb6, 0xd0, 0xde, 0xaa,
    0xc8, 0xd5, 0x9c, 0xc0, 0xcc, 0x8b, 0xa8, 0xb5, 0x6c, 0xa3, 0xaf, 0x60,
    0xa7, 0xb3, 0x5f, 0xa8, 0xb3, 0x5d, 0xa9, 0xb2, 0x5c, 0xa9, 0xb1, 0x5b,
    0xaa, 0xb0, 0x58, 0xab, 0xaf, 0x58, 0xab, 0xb0, 0x56, 0xab, 0xb0, 0x55,
    0xab, 0xb0, 0x54, 0xab, 0xb0, 0x54, 0xab, 0xb0, 0x54, 0xab, 0xb0, 0x54,
    0xab, 0xb0, 0x54, 0xab, 0xb0, 0x54, 0xab, 0xb0, 0x54, 0xab, 0xb0, 0x54,
    0xab, 0xb0, 0x54, 0xab, 0xb0, 0x54, 0xab, 0xb0, 0x54, 0xab, 0xb0, 0x54,
    0xac, 0xb0, 0x54, 0xad, 0xb1, 0x53, 0xad, 0xb1, 0x53, 0xad, 0xb1, 0x53,
    0xac, 0xb0, 0x52, 0xad, 0xb1, 0x53, 0xae, 0xb2, 0x54, 0xac, 0xb1, 0x53,
    0xac, 0xb1, 0x53, 0xad, 0xb2, 0x54, 0xaf, 0xb1, 0x54, 0xb0, 0xb1, 0x54,
    0xb1, 0xb0, 0x54, 0xb1, 0xb0, 0x54, 0xb3, 0xb2, 0x56, 0xb4, 0xb3, 0x57,
    0xb4, 0xb3, 0x57, 0xb3, 0xb2, 0x56, 0xb3, 0xb2, 0x56, 0xb3, 0xb2, 0x56,
    0xb3, 0xb0, 0x55, 0xb3, 0xaf, 0x54, 0xb3, 0xaf, 0x56, 0xb2, 0xae, 0x57,
    0xb1, 0xad, 0x57, 0xb0, 0xab, 0x57, 0xaf, 0xaa, 0x56, 0xae, 0xa8, 0x53,
    0xaf, 0xb7, 0x62, 0xaf, 0xb7, 0x62, 0xaf, 0xb7, 0x62, 0xaf, 0xb7, 0x62,
    0xaf, 0xb7, 0x62, 0xaf, 0xb7, 0x62, 0xaf, 0xb7, 0x62, 0xaf, 0xb7, 0x62,
    0xaf, 0xb7, 0x62, 0xaf, 0xb7, 0x62, 0xaf, 0xb7, 0x62, 0xaf, 0xb7, 0x62,
    0xaf, 0xb7, 0x62, 0xad, 0xb8, 0x61, 0xac, 0xb9, 0x61, 0xac, 0xb9, 0x61,
    0xad, 0xba, 0x62, 0xac, 0xb9, 0x61, 0xab, 0xb8, 0x60, 0xab, 0xb8, 0x60,
    0xab, 0xb8, 0x60, 0xaa, 0xb7, 0x5f, 0xaa, 0xb7, 0x5f, 0xaa, 0xb7, 0x5f,
    0xaa, 0xb7, 0x5f, 0xaa, 0xb7, 0x5e, 0xa8, 0xb9, 0x5a, 0xa8, 0xb8, 0x5f,
    0xaa, 0xb6, 0x62, 0xaa, 0xb7, 0x5d, 0xa6, 0xb6, 0x59, 0xa4, 0xb8, 0x64,
    0x8f, 0xa5, 0x67, 0x83, 0x9a, 0x76, 0x77, 0x8f, 0x6b, 0x66, 0x7e, 0x57,
    0x6d, 0x86, 0x5c, 0x6e, 0x88, 0x5b, 0x86, 0xa0, 0x70, 0x7d, 0x96, 0x64,
    0x83, 0x9c, 0x68, 0x96, 0xae, 0x7c, 0x7a, 0x92, 0x62, 0x84, 0x9c, 0x6f,
    0x84, 0x9b, 0x70, 0x7d, 0x93, 0x67, 0x8c, 0x9e, 0x72, 0x8c, 0x9c, 0x78,
    0x61, 0x71, 0x55, 0x35, 0x47, 0x2c, 0x3c, 0x51, 0x30, 0x41, 0x57, 0x30,
    0x4a, 0x63, 0x37, 0x54, 0x70, 0x40, 0x5f, 0x7b, 0x49, 0x5a, 0x76, 0x43,
    0x6e, 0x8a, 0x59, 0x4e, 0x69, 0x3d, 0x47, 0x62, 0x3c, 0x4e, 0x6a, 0x4a,
    0x60, 0x7c, 0x55, 0x6c, 0x88, 0x5e, 0x6e, 0x88, 0x65, 0x70, 0x88, 0x6a,
    0x73, 0x8b, 0x63, 0x99, 0xab, 0x6a, 0xa8, 0xb4, 0x61, 0xa7, 0xb3, 0x5f,
    0xa7, 0xb3, 0x5f, 0xa7, 0xb3, 0x5f, 0xa7, 0xb3, 0x5f, 0xa7, 0xb3, 0x5e,
    0xa9, 0xb3, 0x5b, 0xa8, 0xb3, 0x5b, 0xa7, 0xb4, 0x5c, 0xa6, 0xb4, 0x5d,
    0xa5, 0xb5, 0x5f, 0xa4, 0xb5, 0x60, 0x9d, 0xaf, 0x62, 0x77, 0x88, 0x4d,
    0x86, 0x95, 0x68, 0x89, 0x98, 0x6d, 0x6c, 0x7c, 0x48, 0x62, 0x72, 0x3d,
    0x48, 0x54, 0x27, 0x45, 0x49, 0x23, 0x3f, 0x38, 0x16, 0x5a, 0x48, 0x26,
    0x83, 0x68, 0x47, 0xa8, 0x8a, 0x67, 0xb2, 0x98, 0x70, 0xaf, 0x9c, 0x73,
    0xa8, 0xa1, 0x75, 0x92, 0x98, 0x66, 0x8c, 0x9f, 0x67, 0x7d, 0x97, 0x5b,
    0x7a, 0x90, 0x54, 0x6f, 0x7e, 0x45, 0x49, 0x56, 0x27, 0x39, 0x47, 0x15,
    0x33, 0x45, 0x11, 0x1a, 0x2c, 0x07, 0x0b, 0x1b, 0x03, 0x24, 0x37, 0x15,
    0x4e, 0x6a, 0x2d, 0x58, 0x82, 0x1f, 0x6c, 0x97, 0x2b, 0x79, 0xa1, 0x3c,
    0x69, 0x8e, 0x35, 0x77, 0x9b, 0x41, 0x73, 0x99, 0x2f, 0x6d, 0x95, 0x1c,
    0x73, 0x9b, 0x1e, 0x68, 0x90, 0x14, 0x5d, 0x85, 0x0c, 0x63, 0x8b, 0x12,
    0x5f, 0x86, 0x11, 0x70, 0x98, 0x20, 0x74, 0x9e, 0x22, 0x6d, 0x97, 0x1b,
    0x73, 0x9c, 0x20, 0x6e, 0x95, 0x1c, 0x6c, 0x92, 0x1b, 0x75, 0x99, 0x24,
    0x61, 0x81, 0x16, 0x6c, 0x8a, 0x1b, 0x7c, 0x9a, 0x24, 0x7b, 0x9b, 0x21,
    0x81, 0xa0, 0x22, 0x79, 0x99, 0x1c, 0x77, 0x95, 0x1b, 0x79, 0x98, 0x1b,
    0x7f, 0x9e, 0x1a, 0x85, 0xa4, 0x1c, 0x83, 0xa4, 0x18, 0x89, 0xab, 0x18,
    0x88, 0xaa, 0x13, 0x89, 0xab, 0x12, 0x96, 0xb7, 0x18, 0x95, 0xb6, 0x14,
    0x9c, 0xbe, 0x18, 0x97, 0xb9, 0x0f, 0x9d, 0xc0, 0x11, 0x9c, 0xc0, 0x0e,
    0x97, 0xba, 0x0c, 0x9c, 0xc0, 0x11, 0x95, 0xbb, 0x0d, 0x9c, 0xc3, 0x14,
    0x9a, 0xc2, 0x13, 0x9b, 0xc5, 0x15, 0x9d, 0xc9, 0x22, 0x9c, 0xc9, 0x38,
    0x9f, 0xc9, 0x4c, 0xb8, 0xdd, 0x79, 0xb7, 0xd9, 0x8a, 0xb9, 0xd9, 0x97,
    0xbb, 0xda, 0x9d, 0xa0, 0xbb, 0x85, 0xa2, 0xbe, 0x86, 0xb1, 0xcf, 0x8f,
    0xbf, 0xe0, 0x99, 0xbc, 0xdf, 0x94, 0xb7, 0xdd, 0x90, 0xbb, 0xde, 0x97,
    0xc2, 0xdd, 0xa1, 0xc6, 0xe0, 0xa7, 0xca, 0xe2, 0xad, 0xcd, 0xe2, 0xb3,
    0xd3, 0xe6, 0xbd, 0xcd, 0xdd, 0xb8, 0xcc, 0xdc, 0xb5, 0xce, 0xde, 0xb3,
    0xcf, 0xdf, 0xaf, 0xd2, 0xe1, 0xaa, 0xc8, 0xd7, 0x99, 0xb2, 0xc0, 0x7d,
    0xa3, 0xb1, 0x68, 0xa6, 0xb1, 0x5d, 0xa8, 0xb1, 0x5b, 0xa7, 0xaf, 0x59,
    0xaa, 0xb0, 0x59, 0xab, 0xaf, 0x58, 0xab, 0xb0, 0x56, 0xab, 0xb0, 0x55,
    0xab, 0xb0, 0x54, 0xab, 0xb0, 0x54, 0xab, 0xb0, 0x54, 0xab, 0xb0, 0x54,
    0xab, 0xb0, 0x54, 0xab, 0xb0, 0x54, 0xab, 0xb0, 0x54, 0xab, 0xb0, 0x54,
    0xab, 0xb0, 0x54, 0xab, 0xb0, 0x54, 0xab, 0xb0, 0x54, 0xab, 0xb0, 0x54,
    0xab, 0xb0, 0x53, 0xac, 0xb0, 0x52, 0xac, 0xb0, 0x52, 0xac, 0xb0, 0x52,
    0xab, 0xaf, 0x51, 0xac, 0xb0, 0x52, 0xad, 0xb1, 0x53, 0xac, 0xb0, 0x52,
    0xac, 0xb1, 0x53, 0xad, 0xb2, 0x54, 0xaf, 0xb1, 0x54, 0xb0, 0xb1, 0x54,
    0xb1, 0xb0, 0x54, 0xb1, 0xb0, 0x54, 0xb2, 0xb1, 0x55, 0xb3, 0xb2, 0x56,
    0xb4, 0xb3, 0x57, 0xb3, 0xb2, 0x56, 0xb3, 0xb2, 0x56, 0xb3, 0xb2, 0x56,
    0xb3, 0xb0, 0x55, 0xb3, 0xaf, 0x54, 0xb3, 0xaf, 0x55, 0xb3, 0xaf, 0x56,
    0xb2, 0xae, 0x57, 0xb1, 0xad, 0x58, 0xb1, 0xab, 0x57, 0xb0, 0xaa, 0x54,
    0xaf, 0xb7, 0x62, 0xaf, 0xb7, 0x62, 0xaf, 0xb7, 0x62, 0xaf, 0xb7, 0x62,
    0xaf, 0xb7, 0x62, 0xaf, 0xb7, 0x62, 0xaf, 0xb7, 0x62, 0xaf, 0xb7, 0x62,
    0xaf, 0xb7, 0x62, 0xaf, 0xb7, 0x62, 0xaf, 0xb7, 0x62, 0xaf, 0xb7, 0x62,
    0xaf, 0xb7, 0x62, 0xad, 0xb8, 0x61, 0xac, 0xb9, 0x61, 0xac, 0xb9, 0x61,
    0xad, 0xba, 0x62, 0xac, 0xb9, 0x61, 0xab, 0xb8, 0x60, 0xab, 0xb8, 0x60,
    0xab, 0xb8, 0x60, 0xaa, 0xb7, 0x5f, 0xaa, 0xb7, 0x5f, 0xaa, 0xb7, 0x5f,
    0xaa, 0xb7, 0x5f, 0xaa, 0xb7, 0x5e, 0xa8, 0xb9, 0x5a, 0xa8, 0xb8, 0x5f,
    0xa9, 0xb7, 0x62, 0xa9, 0xb7, 0x5d, 0xa6, 0xb7, 0x57, 0xa4, 0xb8, 0x61,
    0x90, 0xa6, 0x65, 0x82, 0x9a, 0x75, 0x7b, 0x93, 0x70, 0x70, 0x89, 0x62,
    0x68, 0x81, 0x57, 0x67, 0x81, 0x53, 0x73, 0x8d, 0x5d, 0x76, 0x90, 0x5e,
    0x80, 0x9b, 0x68, 0x91, 0xac, 0x77, 0x82, 0x9d, 0x68, 0x8d, 0xa8, 0x75,
    0x91, 0xac, 0x7a, 0x82, 0x99, 0x68, 0x97, 0xaa, 0x75, 0x90, 0xa1, 0x75,
    0x90, 0xa0, 0x7f, 0x68, 0x79, 0x5c, 0x4a, 0x5c, 0x3d, 0x43, 0x57, 0x33,
    0x40, 0x58, 0x2e, 0x47, 0x63, 0x34, 0x42, 0x5e, 0x2d, 0x4f, 0x6b, 0x39,
    0x68, 0x84, 0x53, 0x5d, 0x79, 0x4c, 0x36, 0x51, 0x2a, 0x58, 0x74, 0x55,
    0x63, 0x7f, 0x58, 0x6a, 0x85, 0x5a, 0x70, 0x8a, 0x66, 0x71, 0x89, 0x6b,
    0x71, 0x89, 0x63, 0x97, 0xa8, 0x6a, 0xa7, 0xb3, 0x60, 0xa8, 0xb4, 0x60,
    0xa8, 0xb4, 0x60, 0xa7, 0xb3, 0x5f, 0xa7, 0xb3, 0x5f, 0xa7, 0xb3, 0x5e,
    0xa9, 0xb3, 0x5b, 0xa8, 0xb3, 0x5b, 0xa7, 0xb4, 0x5c, 0xa7, 0xb6, 0x5e,
    0xa7, 0xb8, 0x62, 0xa4, 0xb6, 0x60, 0x9a, 0xaf, 0x60, 0x79, 0x8c, 0x50,
    0x69, 0x78, 0x4b, 0x74, 0x82, 0x57, 0x69, 0x77, 0x44, 0x65, 0x75, 0x40,
    0x5f, 0x6d, 0x40, 0x44, 0x47, 0x21, 0x3b, 0x33, 0x0f, 0x57, 0x44, 0x22,
    0x87, 0x6b, 0x4a, 0xb4, 0x96, 0x72, 0xb8, 0x9e, 0x76, 0x9f, 0x92, 0x65,
    0x87, 0x8e, 0x5e, 0x7d, 0x8a, 0x56, 0x76, 0x89, 0x51, 0x6c, 0x81, 0x46,
    0x78, 0x8c, 0x4f, 0x78, 0x8a, 0x4e, 0x65, 0x77, 0x44, 0x4e, 0x62, 0x2a,
    0x49, 0x5d, 0x21, 0x29, 0x39, 0x10, 0x1e, 0x2c, 0x15, 0x12, 0x1f, 0x09,
    0x20, 0x34, 0x09, 0x42, 0x66, 0x17, 0x5c, 0x7f, 0x2c, 0x62, 0x84, 0x37,
    0x55, 0x75, 0x2a, 0x6e, 0x8f, 0x34, 0x69, 0x8d, 0x14, 0x62, 0x89, 0x08,
    0x65, 0x8d, 0x12, 0x69, 0x91, 0x17, 0x5e, 0x86, 0x11, 0x70, 0x97, 0x24,
    0x6a, 0x91, 0x20, 0x5c, 0x83, 0x14, 0x5d, 0x86, 0x17, 0x58, 0x82, 0x11,
    0x67, 0x8f, 0x1b, 0x60, 0x87, 0x11, 0x56, 0x7c, 0x09, 0x64, 0x8a, 0x11,
    0x58, 0x7a, 0x11, 0x5e, 0x7d, 0x17, 0x64, 0x84, 0x18, 0x74, 0x96, 0x1c,
    0x64, 0x86, 0x0a, 0x76, 0x99, 0x18, 0x78, 0x9a, 0x1b, 0x79, 0x9a, 0x1a,
    0x77, 0x98, 0x15, 0x7a, 0x9b, 0x16, 0x7b, 0x9e, 0x16, 0x7f, 0xa2, 0x16,
    0x83, 0xa6, 0x15, 0x8b, 0xae, 0x1a, 0x8e, 0xb0, 0x16, 0x92, 0xb4, 0x15,
    0x8c, 0xb0, 0x0d, 0x9d, 0xc1, 0x17, 0x93, 0xb8, 0x0a, 0x9a, 0xc0, 0x0e,
    0x96, 0xb8, 0x09, 0xa3, 0xc4, 0x16, 0x95, 0xb8, 0x0b, 0xa1, 0xc7, 0x18,
    0x98, 0xbf, 0x0f, 0xa1, 0xca, 0x1a, 0x99, 0xc5, 0x20, 0xa5, 0xd4, 0x49,
    0xa1, 0xcc, 0x55, 0xa1, 0xc9, 0x68, 0xae, 0xd4, 0x82, 0xba, 0xde, 0x92,
    0xbf, 0xe3, 0x98, 0xb5, 0xd3, 0x95, 0xbb, 0xd9, 0x9d, 0xb0, 0xd1, 0x8c,
    0xab, 0xcf, 0x82, 0xb8, 0xdf, 0x8e, 0xba, 0xe3, 0x90, 0xb6, 0xdd, 0x8d,
    0xba, 0xdb, 0x8e, 0xc1, 0xe0, 0x99, 0xc5, 0xe2, 0xa4, 0xc9, 0xe1, 0xac,
    0xd0, 0xe6, 0xb9, 0xc9, 0xdc, 0xb6, 0xc0, 0xd2, 0xaf, 0xc2, 0xd5, 0xb1,
    0xd0, 0xe3, 0xba, 0xce, 0xdf, 0xb3, 0xd1, 0xe2, 0xaf, 0xcc, 0xdc, 0xa5,
    0xb5, 0xc5, 0x86, 0xab, 0xb5, 0x63, 0xa6, 0xaf, 0x59, 0xa9, 0xb0, 0x5a,
    0xaa, 0xb0, 0x59, 0xab, 0xaf, 0x58, 0xab, 0xb0, 0x56, 0xab, 0xb0, 0x55,
    0xab, 0xb0, 0x54, 0xab, 0xb0, 0x54, 0xab, 0xb0, 0x54, 0xab, 0xb0, 0x54,
    0xab, 0xb0, 0x54, 0xab, 0xb0, 0x54, 0xab, 0xb0, 0x54, 0xab, 0xb0, 0x54,
    0xab, 0xb0, 0x54, 0xab, 0xb0, 0x54, 0xab, 0xb0, 0x54, 0xab, 0xb0, 0x54,
    0xab, 0xb0, 0x53, 0xab, 0xaf, 0x51, 0xab, 0xaf, 0x51, 0xab, 0xaf, 0x51,
    0xaa, 0xae, 0x50, 0xac, 0xb0, 0x52, 0xac, 0xb0, 0x52, 0xab, 0xb0, 0x52,
    0xac, 0xb1, 0x53, 0xad, 0xb2, 0x54, 0xaf, 0xb1, 0x54, 0xb0, 0xb1, 0x54,
    0xb1, 0xb0, 0x54, 0xb1, 0xb0, 0x54, 0xb1, 0xb0, 0x54, 0xb2, 0xb1, 0x55,
    0xb3, 0xb2, 0x56, 0xb2, 0xb1, 0x55, 0xb2, 0xb1, 0x55, 0xb2, 0xb1, 0x55,
    0xb3, 0xb0, 0x54, 0xb3, 0xb0, 0x53, 0xb3, 0xaf, 0x54, 0xb4, 0xb0, 0x56,
    0xb4, 0xb0, 0x58, 0xb3, 0xaf, 0x58, 0xb3, 0xae, 0x58, 0xb3, 0xae, 0x56,
    0xaf, 0xb7, 0x62, 0xaf, 0xb7, 0x62, 0xaf, 0xb7, 0x62, 0xaf, 0xb7, 0x62,
    0xaf, 0xb7, 0x62, 0xaf, 0xb7, 0x62, 0xaf, 0xb7, 0x62, 0xaf, 0xb7, 0x62,
    0xaf, 0xb7, 0x62, 0xaf, 0xb7, 0x62, 0xaf, 0xb7, 0x62, 0xaf, 0xb7, 0x62,
    0xaf, 0xb7, 0x62, 0xad, 0xb8, 0x61, 0xac, 0xb9, 0x61, 0xac, 0xb9, 0x61,
    0xad, 0xba, 0x62, 0xac, 0xb9, 0x61, 0xab, 0xb8, 0x60, 0xab, 0xb8, 0x60,
    0xab, 0xb8, 0x60, 0xaa, 0xb7, 0x5f, 0xaa, 0xb7, 0x5f, 0xaa, 0xb7, 0x5f,
    0xaa, 0xb7, 0x5f, 0xaa, 0xb7, 0x5e, 0xa7, 0xb9, 0x5a, 0xa8, 0xb8, 0x5e,
    0xa9, 0xb7, 0x61, 0xa8, 0xb6, 0x5b, 0xa6, 0xb7, 0x57, 0xa3, 0xb6, 0x5d,
    0x9c, 0xb1, 0x6d, 0x86, 0x9c, 0x76, 0x77, 0x8f, 0x6a, 0x67, 0x80, 0x58,
    0x69, 0x83, 0x58, 0x6d, 0x87, 0x5a, 0x79, 0x93, 0x63, 0x68, 0x82, 0x52,
    0x70, 0x8b, 0x59, 0x7a, 0x95, 0x60, 0x78, 0x93, 0x5c, 0x88, 0xa3, 0x6c,
    0x88, 0xa3, 0x6f, 0x7b, 0x93, 0x5e, 0x8f, 0xa3, 0x6a, 0x81, 0x93, 0x64,
    0x8e, 0x9f, 0x7a, 0x8a, 0x9b, 0x7b, 0x6a, 0x7b, 0x5b, 0x55, 0x66, 0x43,
    0x57, 0x6e, 0x45, 0x50, 0x6b, 0x3d, 0x37, 0x53, 0x21, 0x4c, 0x69, 0x36,
    0x60, 0x7c, 0x4b, 0x58, 0x73, 0x46, 0x4e, 0x6a, 0x42, 0x56, 0x71, 0x52,
    0x5a, 0x76, 0x4f, 0x69, 0x85, 0x5a, 0x69, 0x83, 0x60, 0x68, 0x80, 0x62,
    0x79, 0x90, 0x6d, 0x8d, 0x9e, 0x62, 0xa7, 0xb3, 0x61, 0xa8, 0xb4, 0x5f,
    0xa9, 0xb5, 0x60, 0xa7, 0xb3, 0x5f, 0xa7, 0xb3, 0x5f, 0xa7, 0xb3, 0x5e,
    0xa9, 0xb3, 0x5b, 0xa8, 0xb3, 0x5b, 0xa7, 0xb4, 0x5c, 0xa6, 0xb4, 0x5c,
    0xa7, 0xb8, 0x61, 0xa5, 0xb8, 0x62, 0x9a, 0xaf, 0x62, 0x78, 0x8d, 0x52,
    0x6c, 0x7c, 0x4f, 0x84, 0x92, 0x66, 0x8d, 0x9b, 0x67, 0x67, 0x77, 0x42,
    0x59, 0x68, 0x3a, 0x3d, 0x40, 0x19, 0x3b, 0x33, 0x0e, 0x58, 0x45, 0x23,
    0x81, 0x66, 0x45, 0xab, 0x8f, 0x6b, 0xbc, 0xa4, 0x7c, 0x9d, 0x95, 0x67,
    0x84, 0x93, 0x60, 0x7f, 0x90, 0x5a, 0x7d, 0x8e, 0x57, 0x70, 0x81, 0x47,
    0x68, 0x7a, 0x3e, 0x7a, 0x8c, 0x4f, 0x55, 0x6c, 0x35, 0x42, 0x59, 0x1d,
    0x43, 0x59, 0x1b, 0x2b, 0x3c, 0x14, 0x26, 0x32, 0x20, 0x19, 0x23, 0x12,
    0x0d, 0x1b, 0x01, 0x1a, 0x35, 0x06, 0x46, 0x63, 0x26, 0x4e, 0x6a, 0x2d,
    0x60, 0x7c, 0x38, 0x66, 0x86, 0x26, 0x6b, 0x8e, 0x0c, 0x5f, 0x86, 0x02,
    0x59, 0x80, 0x07, 0x6c, 0x93, 0x1b, 0x6a, 0x90, 0x1c, 0x65, 0x8b, 0x1c,
    0x5b, 0x80, 0x15, 0x4d, 0x72, 0x0a, 0x50, 0x76, 0x13, 0x48, 0x6f, 0x0c,
    0x51, 0x77, 0x0f, 0x64, 0x8a, 0x16, 0x63, 0x89, 0x10, 0x73, 0x99, 0x1b,
    0x67, 0x8a, 0x1c, 0x72, 0x92, 0x2f, 0x5d, 0x7f, 0x17, 0x65, 0x89, 0x14,
    0x63, 0x89, 0x0d, 0x70, 0x96, 0x16, 0x69, 0x8f, 0x11, 0x6d, 0x90, 0x15,
    0x71, 0x93, 0x16, 0x71, 0x94, 0x14, 0x78, 0x9c, 0x18, 0x71, 0x95, 0x11,
    0x7a, 0x9e, 0x14, 0x84, 0xa7, 0x18, 0x81, 0xa4, 0x0d, 0x8d, 0xb0, 0x14,
    0x8b, 0xaf, 0x12, 0x91, 0xb6, 0x10, 0x94, 0xb9, 0x0f, 0x96, 0xbb, 0x0c,
    0x9e, 0xc0, 0x11, 0x9a, 0xba, 0x0d, 0xa1, 0xc4, 0x15, 0x9a, 0xbf, 0x13,
    0x9c, 0xc3, 0x17, 0xa2, 0xca, 0x1f, 0xa5, 0xd0, 0x31, 0x9b, 0xca, 0x46,
    0xb3, 0xdf, 0x6d, 0xb7, 0xe0, 0x7f, 0xa1, 0xc8, 0x73, 0xa7, 0xce, 0x7c,
    0xa9, 0xcf, 0x7d, 0xa8, 0xc8, 0x86, 0xba, 0xd8, 0x9a, 0xbd, 0xde, 0x99,
    0x9a, 0xc0, 0x73, 0xa6, 0xcf, 0x7d, 0xb6, 0xe1, 0x8d, 0xb7, 0xe1, 0x8c,
    0xbc, 0xe0, 0x8b, 0xbe, 0xdf, 0x90, 0xbb, 0xd9, 0x94, 0xbd, 0xd9, 0xa0,
    0xcb, 0xe2, 0xb4, 0xcc, 0xdf, 0xb8, 0xcc, 0xe0, 0xbb, 0xc0, 0xd4, 0xaf,
    0xc3, 0xd8, 0xb1, 0xcf, 0xe4, 0xba, 0xcc, 0xe0, 0xb3, 0xd3, 0xe5, 0xb7,
    0xc8, 0xd8, 0xa3, 0xb5, 0xc1, 0x72, 0xa7, 0xb2, 0x5e, 0xa9, 0xb2, 0x5b,
    0xa9, 0xb0, 0x58, 0xab, 0xaf, 0x58, 0xab, 0xb0, 0x57, 0xab, 0xb0, 0x55,
    0xab, 0xb0, 0x53, 0xab, 0xb0, 0x54, 0xab, 0xb0, 0x54, 0xab, 0xb0, 0x54,
    0xab, 0xb0, 0x54, 0xab, 0xb0, 0x55, 0xab, 0xb0, 0x54, 0xab, 0xb0, 0x54,
    0xab, 0xb0, 0x54, 0xab, 0xb0, 0x54, 0xab, 0xb0, 0x54, 0xab, 0xb0, 0x54,
    0xab, 0xb0, 0x53, 0xab, 0xaf, 0x51, 0xab, 0xaf, 0x51, 0xab, 0xaf, 0x51,
    0xaa, 0xae, 0x50, 0xab, 0xaf, 0x51, 0xac, 0xb0, 0x52, 0xab, 0xb0, 0x52,
    0xac, 0xb1, 0x53, 0xad, 0xb2, 0x54, 0xaf, 0xb1, 0x54, 0xb0, 0xb1, 0x54,
    0xb1, 0xb0, 0x54, 0xb1, 0xb0, 0x54, 0xb1, 0xb0, 0x54, 0xb2, 0xb1, 0x55,
    0xb2, 0xb1, 0x55, 0xb1, 0xb0, 0x54, 0xb1, 0xb0, 0x54, 0xb1, 0xb0, 0x54,
    0xb2, 0xb0, 0x54, 0xb3, 0xb0, 0x53, 0xb3, 0xaf, 0x54, 0xb4, 0xb0, 0x56,
    0xb5, 0xb1, 0x59, 0xb4, 0xb0, 0x59, 0xb4, 0xaf, 0x58, 0xb5, 0xb0, 0x56,
    0xb0, 0xb5, 0x61, 0xb0, 0xb5, 0x61, 0xb0, 0xb5, 0x61, 0xb0, 0xb5, 0x61,
    0xb0, 0xb5, 0x61, 0xb0, 0xb5, 0x61, 0xae, 0xb6, 0x61, 0xac, 0xb7, 0x61,
    0xac, 0xb7, 0x61, 0xac, 0xb7, 0x61, 0xad, 0xb8, 0x62, 0xad, 0xb8, 0x62,
    0xad, 0xb8, 0x62, 0xab, 0xb7, 0x61, 0xab, 0xb7, 0x61, 0xab, 0xb7, 0x61,
    0xab, 0xb8, 0x61, 0xab, 0xb7, 0x61, 0xab, 0xb7, 0x61, 0xab, 0xb8, 0x60,
    0xab, 0xb8, 0x5d, 0xa9, 0xb8, 0x5c, 0xa9, 0xb8, 0x5d, 0xaa, 0xb7, 0x5f,
    0xac, 0xb5, 0x60, 0xae, 0xb4, 0x60, 0xab, 0xb5, 0x59, 0xaa, 0xb5, 0x58,
    0xaa, 0xb5, 0x5a, 0xaa, 0xb5, 0x59, 0xa8, 0xb5, 0x5a, 0xa5, 0xb6, 0x5d,
    0xa0, 0xb3, 0x69, 0x89, 0x9d, 0x6d, 0x78, 0x91, 0x63, 0x67, 0x81, 0x55,
    0x5d, 0x78, 0x4c, 0x61, 0x7a, 0x4e, 0x6b, 0x82, 0x55, 0x6a, 0x84, 0x56,
    0x82, 0x9e, 0x6d, 0x78, 0x94, 0x62, 0x7f, 0x9c, 0x66, 0x95, 0xb2, 0x7a,
    0x83, 0x9f, 0x67, 0x81, 0x9d, 0x63, 0x92, 0xaa, 0x73, 0x7d, 0x94, 0x63,
    0x92, 0xa7, 0x7b, 0x8c, 0xa0, 0x78, 0x93, 0xa7, 0x81, 0x71, 0x83, 0x5d,
    0x57, 0x6f, 0x44, 0x5c, 0x78, 0x47, 0x55, 0x71, 0x3d, 0x53, 0x70, 0x3a,
    0x4d, 0x6a, 0x35, 0x43, 0x5e, 0x2e, 0x5d, 0x78, 0x4c, 0x4f, 0x69, 0x46,
    0x58, 0x72, 0x4d, 0x60, 0x7b, 0x54, 0x63, 0x7d, 0x59, 0x59, 0x72, 0x50,
    0x7b, 0x95, 0x70, 0x87, 0x9c, 0x66, 0xa0, 0xb1, 0x65, 0xa7, 0xb7, 0x5c,
    0xa9, 0xb5, 0x58, 0xa9, 0xb3, 0x5c, 0xa9, 0xb2, 0x60, 0xa9, 0xb2, 0x5f,
    0xaa, 0xb4, 0x5c, 0xaa, 0xb4, 0x5f, 0xa9, 0xb4, 0x5f, 0xa8, 0xb5, 0x5a,
    0xaa, 0xb7, 0x5f, 0xaa, 0xb5, 0x68, 0x91, 0x9f, 0x60, 0x76, 0x87, 0x54,
    0x96, 0xa6, 0x78, 0x80, 0x8f, 0x62, 0x82, 0x92, 0x61, 0x54, 0x64, 0x33,
    0x45, 0x53, 0x24, 0x42, 0x44, 0x13, 0x44, 0x3d, 0x0f, 0x5b, 0x4c, 0x24,
    0x74, 0x61, 0x3e, 0x9b, 0x8b, 0x68, 0xaa, 0xa1, 0x7a, 0x98, 0x9a, 0x6e,
    0x8d, 0x9d, 0x68, 0x8d, 0x9c, 0x66, 0x8e, 0x9d, 0x65, 0x79, 0x88, 0x4f,
    0x54, 0x64, 0x2a, 0x58, 0x68, 0x2d, 0x53, 0x67, 0x2b, 0x34, 0x4a, 0x0e,
    0x35, 0x4a, 0x11, 0x24, 0x33, 0x0a, 0x28, 0x33, 0x17, 0x1d, 0x26, 0x10,
    0x10, 0x1a, 0x06, 0x0f, 0x1a, 0x09, 0x18, 0x29, 0x0c, 0x45, 0x5c, 0x2c,
    0x5d, 0x77, 0x31, 0x57, 0x74, 0x14, 0x60, 0x80, 0x0a, 0x60, 0x82, 0x0c,
    0x72, 0x95, 0x1d, 0x6e, 0x92, 0x15, 0x60, 0x83, 0x10, 0x5a, 0x7b, 0x15,
    0x5e, 0x7f, 0x20, 0x53, 0x74, 0x17, 0x49, 0x6a, 0x0a, 0x5e, 0x7f, 0x1b,
    0x5e, 0x7f, 0x1a, 0x63, 0x84, 0x1b, 0x59, 0x7a, 0x11, 0x5f, 0x80, 0x17,
    0x59, 0x7a, 0x14, 0x53, 0x75, 0x0f, 0x60, 0x84, 0x16, 0x65, 0x8c, 0x15,
    0x67, 0x8f, 0x15, 0x56, 0x7e, 0x0b, 0x62, 0x89, 0x17, 0x6a, 0x8e, 0x1c,
    0x62, 0x85, 0x17, 0x6d, 0x8f, 0x1d, 0x67, 0x88, 0x11, 0x70, 0x91, 0x15,
    0x75, 0x97, 0x16, 0x75, 0x98, 0x0e, 0x80, 0xa6, 0x13, 0x75, 0x9b, 0x0a,
    0x90, 0xb5, 0x1a, 0x84, 0xa8, 0x0d, 0x96, 0xba, 0x1c, 0x90, 0xb4, 0x0f,
    0x99, 0xbd, 0x0e, 0x98, 0xbf, 0x0b, 0x9c, 0xc2, 0x11, 0x9b, 0xc2, 0x18,
    0xa2, 0xca, 0x29, 0xa3, 0xcb, 0x34, 0xb0, 0xd7, 0x4e, 0xa8, 0xd0, 0x59,
    0xb5, 0xdf, 0x72, 0xb7, 0xe2, 0x7e, 0xae, 0xd8, 0x7d, 0xba, 0xe2, 0x8b,
    0xb9, 0xde, 0x89, 0xb3, 0xd4, 0x86, 0xa7, 0xc7, 0x7e, 0xb4, 0xd9, 0x91,
    0xb7, 0xe1, 0x97, 0xad, 0xd9, 0x8c, 0x9f, 0xcc, 0x79, 0xa6, 0xd2, 0x7c,
    0xbb, 0xe3, 0x8d, 0xc0, 0xe1, 0x94, 0xba, 0xda, 0x96, 0xbb, 0xdc, 0xa0,
    0xbe, 0xd7, 0xa4, 0xc8, 0xd4, 0xa8, 0xd3, 0xdf, 0xa4, 0xd4, 0xe7, 0xa7,
    0xc7, 0xdf, 0xa9, 0xc3, 0xe0, 0xaf, 0xc7, 0xe2, 0xb6, 0xc6, 0xdc, 0xbb,
    0xcf, 0xe0, 0xc1, 0xc4, 0xd5, 0x9a, 0xae, 0xbf, 0x75, 0xa5, 0xb4, 0x5f,
    0xa5, 0xb1, 0x57, 0xaa, 0xb0, 0x59, 0xab, 0xae, 0x5c, 0xae, 0xb0, 0x59,
    0xac, 0xb0, 0x52, 0xab, 0xb0, 0x51, 0xab, 0xb0, 0x53, 0xa9, 0xb0, 0x54,
    0xa8, 0xb0, 0x55, 0xa8, 0xb0, 0x57, 0xaa, 0xb0, 0x55, 0xab, 0xb0, 0x54,
    0xab, 0xb0, 0x54, 0xac, 0xb1, 0x55, 0xac, 0xb1, 0x55, 0xab, 0xb0, 0x54,
    0xaa, 0xaf, 0x53, 0xa9, 0xae, 0x52, 0xa9, 0xae, 0x52, 0xa9, 0xae, 0x52,
    0xa9, 0xae, 0x52, 0xa9, 0xae, 0x52, 0xaa, 0xae, 0x52, 0xaa, 0xaf, 0x53,
    0xab, 0xb0, 0x55, 0xac, 0xb1, 0x56, 0xac, 0xb1, 0x56, 0xad, 0xb0, 0x56,
    0xad, 0xb0, 0x56, 0xae, 0xaf, 0x55, 0xaf, 0xaf, 0x55, 0xb0, 0xaf, 0x55,
    0xb1, 0xb0, 0x56, 0xb1, 0xb0, 0x56, 0xb1, 0xb0, 0x56, 0xb1, 0xb0, 0x56,
    0xb3, 0xb0, 0x56, 0xb4, 0xb0, 0x56, 0xb4, 0xb0, 0x56, 0xb4, 0xb0, 0x57,
    0xb3, 0xaf, 0x57, 0xb4, 0xb0, 0x57, 0xb6, 0xb2, 0x59, 0xb7, 0xb3, 0x59,
    0xb0, 0xb5, 0x61, 0xb0, 0xb5, 0x61, 0xb0, 0xb5, 0x61, 0xb0, 0xb5, 0x61,
    0xb0, 0xb5, 0x61, 0xb0, 0xb5, 0x61, 0xae, 0xb6, 0x61, 0xab, 0xb7, 0x61,
    0xab, 0xb7, 0x61, 0xab, 0xb7, 0x61, 0xac, 0xb8, 0x62, 0xac, 0xb8, 0x62,
    0xac, 0xb8, 0x62, 0xab, 0xb7, 0x61, 0xab, 0xb7, 0x61, 0xab, 0xb7, 0x61,
    0xab, 0xb7, 0x61, 0xab, 0xb7, 0x61, 0xab, 0xb7, 0x61, 0xac, 0xb8, 0x5f,
    0xac, 0xb9, 0x5b, 0xa9, 0xb9, 0x5b, 0xa7, 0xb9, 0x5d, 0xa9, 0xb7, 0x5f,
    0xab, 0xb6, 0x61, 0xae, 0xb5, 0x61, 0xab, 0xb5, 0x5a, 0xaa, 0xb5, 0x58,
    0xaa, 0xb5, 0x58, 0xaa, 0xb4, 0x5a, 0xa8, 0xb5, 0x5b, 0xa7, 0xb6, 0x5c,
    0xa4, 0xb6, 0x66, 0x8d, 0xa2, 0x67, 0x7b, 0x93, 0x60, 0x7e, 0x98, 0x6d,
    0x6f, 0x8a, 0x62, 0x6a, 0x82, 0x5b, 0x67, 0x7d, 0x53, 0x5d, 0x76, 0x4a,
    0x6e, 0x8a, 0x5a, 0x6c, 0x88, 0x56, 0x78, 0x94, 0x60, 0x91, 0xae, 0x76,
    0x89, 0xa6, 0x6c, 0x81, 0x9f, 0x64, 0x94, 0xb0, 0x7a, 0x7e, 0x98, 0x64,
    0x8a, 0xa2, 0x71, 0x87, 0x9d, 0x6f, 0x83, 0x98, 0x6d, 0x87, 0x9a, 0x71,
    0x73, 0x8b, 0x5f, 0x5d, 0x79, 0x48, 0x50, 0x6c, 0x38, 0x60, 0x7d, 0x45,
    0x3d, 0x59, 0x23, 0x35, 0x51, 0x1f, 0x55, 0x70, 0x43, 0x60, 0x7a, 0x54,
    0x5a, 0x74, 0x4f, 0x5c, 0x76, 0x51, 0x55, 0x6f, 0x4a, 0x5d, 0x77, 0x52,
    0x78, 0x92, 0x6d, 0x87, 0x9e, 0x6e, 0x9d, 0xb1, 0x6a, 0xa6, 0xb7, 0x5d,
    0xaa, 0xb6, 0x56, 0xaa, 0xb3, 0x5a, 0xa9, 0xb2, 0x5f, 0xa9, 0xb3, 0x5d,
    0xa9, 0xb5, 0x5c, 0xa9, 0xb4, 0x5f, 0xa9, 0xb4, 0x5e, 0xa9, 0xb6, 0x58,
    0xa9, 0xb5, 0x5a, 0xaa, 0xb3, 0x69, 0x8d, 0x98, 0x60, 0x73, 0x83, 0x53,
    0x89, 0x99, 0x6a, 0x69, 0x79, 0x4a, 0x60, 0x70, 0x41, 0x57, 0x67, 0x38,
    0x40, 0x4e, 0x1e, 0x47, 0x4a, 0x13, 0x49, 0x45, 0x10, 0x5c, 0x53, 0x26,
    0x74, 0x67, 0x42, 0x8a, 0x82, 0x5d, 0x8c, 0x8b, 0x63, 0x88, 0x90, 0x61,
    0x7b, 0x8b, 0x54, 0x7b, 0x8c, 0x53, 0x8e, 0x9f, 0x65, 0x95, 0xa6, 0x6b,
    0x6f, 0x7f, 0x45, 0x76, 0x86, 0x4b, 0x71, 0x85, 0x47, 0x50, 0x64, 0x27,
    0x4f, 0x61, 0x2c, 0x32, 0x40, 0x16, 0x1a, 0x25, 0x06, 0x16, 0x1f, 0x06,
    0x18, 0x1f, 0x0d, 0x19, 0x1d, 0x14, 0x13, 0x1d, 0x08, 0x2a, 0x3e, 0x12,
    0x44, 0x5f, 0x1c, 0x4d, 0x6b, 0x13, 0x52, 0x70, 0x0a, 0x68, 0x86, 0x1b,
    0x6b, 0x8c, 0x17, 0x6c, 0x8e, 0x13, 0x66, 0x88, 0x16, 0x54, 0x73, 0x11,
    0x5b, 0x7a, 0x1e, 0x52, 0x73, 0x15, 0x54, 0x74, 0x13, 0x63, 0x82, 0x1c,
    0x58, 0x77, 0x12, 0x52, 0x71, 0x10, 0x52, 0x71, 0x11, 0x4b, 0x69, 0x0f,
    0x5c, 0x7c, 0x1b, 0x62, 0x85, 0x1a, 0x69, 0x8e, 0x1e, 0x5b, 0x81, 0x0f,
    0x58, 0x81, 0x0f, 0x56, 0x7f, 0x14, 0x64, 0x8c, 0x21, 0x53, 0x78, 0x12,
    0x64, 0x87, 0x1c, 0x60, 0x82, 0x15, 0x67, 0x88, 0x16, 0x6b, 0x8a, 0x14,
    0x76, 0x96, 0x17, 0x76, 0x99, 0x11, 0x7a, 0xa1, 0x0f, 0x7c, 0xa3, 0x10,
    0x82, 0xa9, 0x10, 0x84, 0xa9, 0x0e, 0x83, 0xa7, 0x0b, 0x8e, 0xb3, 0x13,
    0x91, 0xb8, 0x0b, 0x92, 0xbb, 0x08, 0x9a, 0xc4, 0x13, 0x9e, 0xc9, 0x20,
    0xa2, 0xcc, 0x2f, 0xad, 0xd6, 0x46, 0xa9, 0xd1, 0x4c, 0xb4, 0xdb, 0x61,
    0xa5, 0xd0, 0x5a, 0xb0, 0xde, 0x6f, 0xab, 0xda, 0x70, 0xb6, 0xe2, 0x7e,
    0xbe, 0xe6, 0x86, 0xc0, 0xe4, 0x86, 0xaf, 0xd3, 0x7a, 0xab, 0xd5, 0x7f,
    0xb4, 0xe3, 0x8e, 0xbb, 0xec, 0x95, 0xb5, 0xe6, 0x89, 0xa8, 0xd9, 0x78,
    0x9f, 0xce, 0x6d, 0xb6, 0xda, 0x80, 0xb7, 0xd8, 0x87, 0xbb, 0xe0, 0x93,
    0xb7, 0xd7, 0x90, 0xca, 0xdc, 0x9b, 0xcc, 0xde, 0xa0, 0xcd, 0xe6, 0xb0,
    0xcd, 0xeb, 0xc1, 0xc9, 0xea, 0xc0, 0xc2, 0xdf, 0xb4, 0xc8, 0xdd, 0xbb,
    0xcc, 0xdb, 0xc0, 0xd1, 0xe5, 0xb7, 0xc6, 0xda, 0x9e, 0xac, 0xbe, 0x76,
    0xa8, 0xb5, 0x63, 0xa7, 0xae, 0x5c, 0xa9, 0xae, 0x5e, 0xab, 0xae, 0x57,
    0xab, 0xaf, 0x51, 0xab, 0xaf, 0x52, 0xaa, 0xaf, 0x53, 0xa9, 0xaf, 0x55,
    0xa8, 0xaf, 0x55, 0xa7, 0xb0, 0x56, 0xaa, 0xb0, 0x54, 0xab, 0xb0, 0x54,
    0xab, 0xb0, 0x54, 0xab, 0xb0, 0x54, 0xab, 0xb0, 0x54, 0xaa, 0xaf, 0x53,
    0xaa, 0xaf, 0x53, 0xa9, 0xae, 0x52, 0xa9, 0xae, 0x52, 0xa9, 0xae, 0x52,
    0xa9, 0xae, 0x52, 0xa9, 0xae, 0x52, 0xa9, 0xae, 0x52, 0xaa, 0xaf, 0x54,
    0xaa, 0xaf, 0x55, 0xab, 0xb0, 0x56, 0xac, 0xb1, 0x57, 0xac, 0xb1, 0x57,
    0xac, 0xb1, 0x57, 0xad, 0xb0, 0x56, 0xaf, 0xaf, 0x55, 0xb0, 0xaf, 0x55,
    0xb1, 0xb0, 0x56, 0xb1, 0xb0, 0x56, 0xb1, 0xb0, 0x56, 0xb1, 0xb0, 0x56,
    0xb3, 0xb0, 0x57, 0xb4, 0xb0, 0x57, 0xb4, 0xb0, 0x57, 0xb4, 0xb0, 0x57,
    0xb3, 0xaf, 0x56, 0xb4, 0xb0, 0x57, 0xb6, 0xb2, 0x59, 0xb7, 0xb3, 0x5a,
    0xaf, 0xb5, 0x61, 0xaf, 0xb5, 0x61, 0xaf, 0xb5, 0x61, 0xaf, 0xb5, 0x61,
    0xaf, 0xb5, 0x61, 0xaf, 0xb5, 0x61, 0xae, 0xb6, 0x61, 0xab, 0xb7, 0x61,
    0xab, 0xb7, 0x61, 0xab, 0xb7, 0x61, 0xac, 0xb8, 0x62, 0xac, 0xb8, 0x62,
    0xac, 0xb8, 0x62, 0xab, 0xb7, 0x61, 0xab, 0xb7, 0x61, 0xab, 0xb7, 0x61,
    0xab, 0xb7, 0x61, 0xab, 0xb7, 0x61, 0xab, 0xb7, 0x61, 0xac, 0xb8, 0x5f,
    0xac, 0xb9, 0x5c, 0xa9, 0xb9, 0x5c, 0xa6, 0xb9, 0x5d, 0xa7, 0xb8, 0x5f,
    0xa9, 0xb7, 0x60, 0xab, 0xb6, 0x61, 0xa8, 0xb6, 0x5d, 0xa7, 0xb6, 0x5b,
    0xa8, 0xb5, 0x5b, 0xa8, 0xb5, 0x5c, 0xa8, 0xb5, 0x5b, 0xa7, 0xb6, 0x5b,
    0xa6, 0xb6, 0x63, 0x95, 0xa9, 0x66, 0x77, 0x8d, 0x57, 0x78, 0x91, 0x69,
    0x66, 0x7f, 0x5f, 0x62, 0x79, 0x57, 0x67, 0x7d, 0x55, 0x66, 0x7f, 0x52,
    0x75, 0x91, 0x61, 0x65, 0x81, 0x50, 0x6c, 0x88, 0x54, 0x7b, 0x98, 0x61,
    0x6d, 0x8a, 0x51, 0x75, 0x92, 0x58, 0x85, 0xa0, 0x6a, 0x77, 0x91, 0x5d,
    0x86, 0x9e, 0x6d, 0x86, 0x9d, 0x6e, 0x81, 0x95, 0x69, 0x93, 0xa6, 0x7a,
    0x90, 0xa8, 0x7b, 0x7d, 0x99, 0x69, 0x57, 0x74, 0x40, 0x61, 0x7e, 0x47,
    0x4e, 0x6b, 0x36, 0x4d, 0x69, 0x37, 0x4b, 0x66, 0x39, 0x5c, 0x76, 0x50,
    0x52, 0x6c, 0x47, 0x4e, 0x68, 0x43, 0x56, 0x70, 0x4b, 0x67, 0x81, 0x5c,
    0x73, 0x8d, 0x68, 0x7c, 0x93, 0x66, 0x9d, 0xaf, 0x6f, 0xa6, 0xb6, 0x60,
    0xa9, 0xb5, 0x58, 0xaa, 0xb3, 0x5b, 0xa9, 0xb2, 0x5e, 0xa9, 0xb3, 0x5b,
    0xa8, 0xb5, 0x5a, 0xa8, 0xb4, 0x5e, 0xa8, 0xb4, 0x5d, 0xa9, 0xb7, 0x57,
    0xa8, 0xb5, 0x58, 0xa8, 0xb2, 0x66, 0x94, 0x9f, 0x66, 0x6b, 0x7b, 0x4b,
    0x67, 0x77, 0x47, 0x76, 0x86, 0x56, 0x62, 0x72, 0x43, 0x68, 0x78, 0x48,
    0x44, 0x53, 0x22, 0x5b, 0x60, 0x27, 0x62, 0x62, 0x29, 0x58, 0x53, 0x23,
    0x65, 0x5f, 0x33, 0x8f, 0x8d, 0x62, 0x9a, 0x9d, 0x70, 0x90, 0x9b, 0x66,
    0x8f, 0xa0, 0x65, 0x71, 0x83, 0x48, 0x76, 0x88, 0x4c, 0x77, 0x89, 0x4d,
    0x5c, 0x6e, 0x31, 0x65, 0x77, 0x3b, 0x6b, 0x7e, 0x41, 0x53, 0x67, 0x2b,
    0x58, 0x6a, 0x36, 0x3d, 0x4b, 0x20, 0x24, 0x2f, 0x0e, 0x14, 0x1d, 0x04,
    0x18, 0x1f, 0x0c, 0x16, 0x1a, 0x0d, 0x11, 0x1d, 0x06, 0x1b, 0x2e, 0x07,
    0x2b, 0x47, 0x0c, 0x43, 0x62, 0x16, 0x57, 0x76, 0x1f, 0x65, 0x82, 0x1e,
    0x65, 0x83, 0x12, 0x6d, 0x8e, 0x1a, 0x67, 0x88, 0x1f, 0x5a, 0x78, 0x1b,
    0x4f, 0x70, 0x0f, 0x5c, 0x80, 0x15, 0x56, 0x79, 0x12, 0x53, 0x74, 0x0f,
    0x51, 0x72, 0x0e, 0x44, 0x65, 0x08, 0x47, 0x68, 0x0a, 0x4e, 0x6e, 0x11,
    0x57, 0x77, 0x16, 0x57, 0x79, 0x12, 0x53, 0x77, 0x0d, 0x57, 0x7d, 0x12,
    0x4c, 0x73, 0x0a, 0x5e, 0x87, 0x1c, 0x58, 0x7f, 0x17, 0x53, 0x78, 0x10,
    0x5a, 0x7e, 0x14, 0x5a, 0x7c, 0x11, 0x69, 0x8a, 0x1a, 0x69, 0x89, 0x15,
    0x77, 0x98, 0x19, 0x7b, 0x9e, 0x16, 0x79, 0xa1, 0x12, 0x7f, 0xa6, 0x12,
    0x85, 0xac, 0x14, 0x96, 0xba, 0x1f, 0x89, 0xad, 0x0f, 0x8c, 0xb0, 0x12,
    0x8d, 0xb4, 0x0e, 0x92, 0xbc, 0x11, 0x92, 0xbe, 0x13, 0x98, 0xc4, 0x1d,
    0x9e, 0xca, 0x2b, 0xa5, 0xd1, 0x3b, 0xa4, 0xcf, 0x40, 0xac, 0xd6, 0x4d,
    0xa5, 0xd4, 0x4d, 0xa6, 0xda, 0x57, 0xa6, 0xdb, 0x5d, 0xa3, 0xd7, 0x5e,
    0xad, 0xde, 0x68, 0xb4, 0xde, 0x6e, 0xa8, 0xd2, 0x66, 0xa0, 0xd0, 0x67,
    0xaa, 0xe0, 0x77, 0xa8, 0xdf, 0x74, 0xa9, 0xdf, 0x6f, 0xae, 0xe6, 0x71,
    0xa1, 0xd9, 0x62, 0x96, 0xc0, 0x50, 0xa9, 0xcd, 0x64, 0xb5, 0xdd, 0x76,
    0xb3, 0xdc, 0x79, 0xbd, 0xde, 0x82, 0xc4, 0xe6, 0x9b, 0xc4, 0xe9, 0xb0,
    0xc2, 0xe7, 0xba, 0xc3, 0xe6, 0xb7, 0xcd, 0xea, 0xb6, 0xcc, 0xe0, 0xb2,
    0xc9, 0xd7, 0xb2, 0xcc, 0xe0, 0xb8, 0xcc, 0xe1, 0xb1, 0xc0, 0xd2, 0x99,
    0xc1, 0xce, 0x8b, 0xaf, 0xb9, 0x6e, 0xa9, 0xb0, 0x60, 0xa9, 0xae, 0x59,
    0xad, 0xb1, 0x59, 0xae, 0xb1, 0x59, 0xab, 0xb0, 0x56, 0xa9, 0xaf, 0x55,
    0xa9, 0xaf, 0x54, 0xa9, 0xaf, 0x54, 0xaa, 0xaf, 0x53, 0xaa, 0xaf, 0x53,
    0xaa, 0xaf, 0x53, 0xab, 0xb0, 0x54, 0xab, 0xb0, 0x54, 0xaa, 0xaf, 0x53,
    0xa9, 0xae, 0x52, 0xa9, 0xae, 0x52, 0xa9, 0xae, 0x52, 0xa9, 0xae, 0x52,
    0xa9, 0xae, 0x52, 0xa9, 0xae, 0x52, 0xa9, 0xae, 0x52, 0xa9, 0xae, 0x54,
    0xaa, 0xaf, 0x55, 0xab, 0xb0, 0x56, 0xac, 0xb1, 0x57, 0xac, 0xb1, 0x57,
    0xac, 0xb1, 0x57, 0xad, 0xb0, 0x56, 0xaf, 0xaf, 0x55, 0xb0, 0xaf, 0x55,
    0xb1, 0xb0, 0x56, 0xb1, 0xb0, 0x56, 0xb1, 0xb0, 0x56, 0xb1, 0xb0, 0x56,
    0xb2, 0xb0, 0x57, 0xb3, 0xb0, 0x57, 0xb3, 0xb0, 0x57, 0xb3, 0xb0, 0x57,
    0xb2, 0xaf, 0x56, 0xb3, 0xb0, 0x57, 0xb6, 0xb2, 0x59, 0xb7, 0xb3, 0x5a,
    0xae, 0xb6, 0x61, 0xae, 0xb6, 0x61, 0xae, 0xb6, 0x61, 0xae, 0xb6, 0x61,
    0xae, 0xb6, 0x61, 0xae, 0xb6, 0x61, 0xad, 0xb7, 0x61, 0xab, 0xb7, 0x61,
    0xab, 0xb7, 0x61, 0xab, 0xb7, 0x61, 0xac, 0xb8, 0x62, 0xac, 0xb8, 0x62,
    0xac, 0xb8, 0x62, 0xab, 0xb7, 0x61, 0xab, 0xb7, 0x61, 0xab, 0xb7, 0x61,
    0xab, 0xb7, 0x61, 0xab, 0xb7, 0x61, 0xab, 0xb7, 0x61, 0xac, 0xb8, 0x60,
    0xad, 0xb8, 0x5d, 0xa9, 0xb8, 0x5d, 0xa6, 0xb9, 0x5d, 0xa5, 0xba, 0x5f,
    0xa7, 0xb9, 0x5f, 0xa8, 0xb8, 0x60, 0xa6, 0xb7, 0x5f, 0xa4, 0xb7, 0x5f,
    0xa5, 0xb6, 0x5e, 0xa6, 0xb6, 0x5d, 0xa7, 0xb6, 0x5c, 0xa8, 0xb5, 0x5b,
    0xa6, 0xb5, 0x5c, 0xa0, 0xb4, 0x64, 0x86, 0x9b, 0x61, 0x78, 0x8f, 0x6a,
    0x65, 0x7d, 0x63, 0x5e, 0x74, 0x58, 0x5c, 0x72, 0x4d, 0x56, 0x6e, 0x43,
    0x66, 0x80, 0x54, 0x64, 0x7f, 0x4f, 0x7b, 0x96, 0x64, 0x85, 0xa2, 0x6c,
    0x6f, 0x8c, 0x54, 0x8d, 0xaa, 0x71, 0x93, 0xae, 0x79, 0x7d, 0x96, 0x63,
    0x90, 0xa7, 0x75, 0x96, 0xac, 0x7b, 0x7e, 0x93, 0x65, 0x94, 0xa7, 0x79,
    0x8a, 0xa2, 0x74, 0x88, 0xa3, 0x73, 0x79, 0x94, 0x62, 0x76, 0x92, 0x5d,
    0x56, 0x72, 0x3e, 0x61, 0x7c, 0x4b, 0x4b, 0x66, 0x3a, 0x4e, 0x68, 0x42,
    0x4d, 0x67, 0x42, 0x52, 0x6c, 0x47, 0x69, 0x83, 0x5e, 0x6c, 0x86, 0x61,
    0x70, 0x8a, 0x65, 0x6d, 0x83, 0x5b, 0x90, 0xa3, 0x6a, 0xa3, 0xb4, 0x63,
    0xa9, 0xb5, 0x5b, 0xaa, 0xb3, 0x5c, 0xa9, 0xb3, 0x5c, 0xa7, 0xb4, 0x59,
    0xa8, 0xb5, 0x59, 0xa8, 0xb5, 0x5c, 0xa8, 0xb5, 0x5c, 0xa8, 0xb6, 0x55,
    0xa9, 0xb7, 0x58, 0xa6, 0xb2, 0x64, 0x89, 0x95, 0x5a, 0x75, 0x85, 0x53,
    0x78, 0x88, 0x57, 0x93, 0xa3, 0x72, 0x74, 0x84, 0x53, 0x58, 0x68, 0x37,
    0x3e, 0x4d, 0x1b, 0x77, 0x80, 0x43, 0x8d, 0x92, 0x54, 0x66, 0x68, 0x33,
    0x7f, 0x82, 0x4f, 0x8d, 0x93, 0x60, 0x7f, 0x89, 0x53, 0x8c, 0x9b, 0x60,
    0x8b, 0x9e, 0x5f, 0x80, 0x93, 0x54, 0x6b, 0x7d, 0x3e, 0x75, 0x87, 0x49,
    0x59, 0x6b, 0x2d, 0x49, 0x5b, 0x1e, 0x54, 0x67, 0x2b, 0x47, 0x5b, 0x22,
    0x53, 0x65, 0x32, 0x38, 0x45, 0x1c, 0x35, 0x41, 0x1f, 0x18, 0x21, 0x08,
    0x14, 0x1b, 0x07, 0x1a, 0x1f, 0x0e, 0x18, 0x23, 0x0a, 0x1d, 0x31, 0x0d,
    0x23, 0x3d, 0x0d, 0x2e, 0x4b, 0x11, 0x4b, 0x68, 0x26, 0x56, 0x71, 0x19,
    0x5a, 0x75, 0x0c, 0x61, 0x7c, 0x16, 0x64, 0x81, 0x25, 0x4f, 0x6d, 0x16,
    0x55, 0x77, 0x10, 0x64, 0x8a, 0x15, 0x55, 0x79, 0x11, 0x4c, 0x70, 0x0c,
    0x4f, 0x73, 0x0f, 0x49, 0x6c, 0x0e, 0x42, 0x64, 0x09, 0x50, 0x72, 0x13,
    0x45, 0x66, 0x0a, 0x51, 0x70, 0x11, 0x43, 0x65, 0x06, 0x4b, 0x6e, 0x0d,
    0x55, 0x7a, 0x15, 0x52, 0x78, 0x15, 0x50, 0x75, 0x17, 0x54, 0x79, 0x13,
    0x50, 0x74, 0x10, 0x61, 0x84, 0x1a, 0x5d, 0x7e, 0x14, 0x71, 0x93, 0x1b,
    0x74, 0x95, 0x15, 0x7b, 0xa0, 0x15, 0x84, 0xab, 0x1a, 0x8a, 0xb0, 0x1d,
    0x96, 0xbc, 0x26, 0x86, 0xaa, 0x12, 0x8e, 0xb1, 0x15, 0x89, 0xae, 0x10,
    0x87, 0xb0, 0x11, 0x85, 0xb0, 0x10, 0x8d, 0xbb, 0x18, 0x85, 0xb4, 0x11,
    0x9b, 0xcb, 0x29, 0x97, 0xc6, 0x28, 0x9b, 0xc9, 0x2d, 0x98, 0xc3, 0x28,
    0x99, 0xca, 0x2e, 0x93, 0xcb, 0x2f, 0x91, 0xcd, 0x34, 0x8b, 0xc9, 0x35,
    0x85, 0xc0, 0x30, 0x8f, 0xc3, 0x39, 0x96, 0xc8, 0x43, 0x8d, 0xc6, 0x41,
    0x8f, 0xcc, 0x48, 0x97, 0xd5, 0x4f, 0x96, 0xd4, 0x4a, 0x8b, 0xcc, 0x3f,
    0x87, 0xc9, 0x39, 0x82, 0xb2, 0x28, 0x81, 0xa7, 0x24, 0x96, 0xc2, 0x40,
    0xaf, 0xe2, 0x62, 0xb1, 0xe3, 0x66, 0xab, 0xde, 0x69, 0xb8, 0xea, 0x84,
    0xbe, 0xeb, 0x98, 0xc0, 0xe8, 0x9d, 0xc9, 0xe8, 0x9f, 0xcd, 0xe5, 0xa5,
    0xc5, 0xd9, 0xa5, 0xc3, 0xdb, 0xad, 0xc5, 0xdd, 0xb1, 0xcc, 0xdf, 0xb4,
    0xce, 0xde, 0xad, 0xca, 0xd7, 0x9a, 0xb1, 0xbe, 0x75, 0xa9, 0xb1, 0x63,
    0xaa, 0xb0, 0x5f, 0xaa, 0xae, 0x5c, 0xa9, 0xad, 0x57, 0xaa, 0xaf, 0x54,
    0xaa, 0xaf, 0x52, 0xaa, 0xaf, 0x52, 0xa9, 0xae, 0x52, 0xa9, 0xae, 0x52,
    0xa9, 0xae, 0x52, 0xaa, 0xaf, 0x53, 0xaa, 0xaf, 0x53, 0xa9, 0xae, 0x52,
    0xa8, 0xad, 0x51, 0xa9, 0xae, 0x52, 0xa9, 0xae, 0x52, 0xa9, 0xae, 0x52,
    0xa9, 0xae, 0x52, 0xa9, 0xae, 0x52, 0xa9, 0xae, 0x52, 0xa8, 0xad, 0x53,
    0xa9, 0xae, 0x54, 0xaa, 0xaf, 0x55, 0xab, 0xb0, 0x56, 0xac, 0xb1, 0x57,
    0xac, 0xb1, 0x57, 0xad, 0xb0, 0x56, 0xaf, 0xaf, 0x55, 0xaf, 0xaf, 0x55,
    0xb0, 0xb0, 0x56, 0xb0, 0xb0, 0x56, 0xb0, 0xb0, 0x56, 0xb0, 0xb0, 0x56,
    0xb1, 0xb0, 0x56, 0xb1, 0xb0, 0x56, 0xb1, 0xb0, 0x56, 0xb2, 0xb1, 0x57,
    0xb1, 0xb0, 0x56, 0xb2, 0xb1, 0x57, 0xb5, 0xb3, 0x59, 0xb7, 0xb3, 0x5a,
    0xae, 0xb6, 0x61, 0xae, 0xb6, 0x61, 0xae, 0xb6, 0x61, 0xae, 0xb6, 0x61,
    0xae, 0xb6, 0x61, 0xae, 0xb6, 0x61, 0xac, 0xb7, 0x61, 0xab, 0xb7, 0x61,
    0xab, 0xb7, 0x61, 0xab, 0xb7, 0x61, 0xac, 0xb8, 0x62, 0xac, 0xb8, 0x62,
    0xac, 0xb8, 0x62, 0xab, 0xb7, 0x61, 0xab, 0xb7, 0x61, 0xab, 0xb7, 0x61,
    0xab, 0xb7, 0x61, 0xab, 0xb7, 0x61, 0xab, 0xb7, 0x61, 0xac, 0xb7, 0x60,
    0xae, 0xb8, 0x5e, 0xa9, 0xb8, 0x5d, 0xa6, 0xb9, 0x5d, 0xa4, 0xba, 0x5f,
    0xa5, 0xb9, 0x5f, 0xa8, 0xb8, 0x5f, 0xa6, 0xb7, 0x60, 0xa4, 0xb7, 0x61,
    0xa3, 0xb7, 0x5f, 0xa4, 0xb7, 0x5d, 0xa6, 0xb7, 0x5c, 0xa8, 0xb5, 0x5b,
    0xa9, 0xb6, 0x59, 0xa3, 0xb6, 0x5b, 0x93, 0xa7, 0x66, 0x75, 0x8a, 0x64,
    0x73, 0x89, 0x72, 0x71, 0x86, 0x6d, 0x6d, 0x82, 0x5f, 0x60, 0x77, 0x4e,
    0x5e, 0x78, 0x4d, 0x54, 0x6e, 0x40, 0x60, 0x7a, 0x4a, 0x6c, 0x87, 0x52,
    0x62, 0x7d, 0x46, 0x74, 0x8f, 0x57, 0x81, 0x9c, 0x67, 0x74, 0x8d, 0x59,
    0x7e, 0x96, 0x62, 0x8c, 0xa3, 0x70, 0x76, 0x8c, 0x59, 0x88, 0x9c, 0x6b,
    0x80, 0x97, 0x68, 0x86, 0xa0, 0x70, 0x8f, 0xa9, 0x77, 0x8f, 0xaa, 0x75,
    0x7d, 0x98, 0x64, 0x71, 0x8c, 0x5b, 0x59, 0x73, 0x47, 0x3b, 0x53, 0x2d,
    0x51, 0x69, 0x44, 0x63, 0x7b, 0x56, 0x6a, 0x82, 0x5d, 0x6f, 0x87, 0x63,
    0x71, 0x89, 0x65, 0x70, 0x85, 0x61, 0x8f, 0xa1, 0x6f, 0xa4, 0xb4, 0x69,
    0xa6, 0xb3, 0x5c, 0xa9, 0xb3, 0x5d, 0xa8, 0xb3, 0x5c, 0xa7, 0xb5, 0x58,
    0xa7, 0xb6, 0x59, 0xa7, 0xb5, 0x5d, 0xa7, 0xb5, 0x5c, 0xa7, 0xb7, 0x56,
    0xa8, 0xb7, 0x58, 0xa6, 0xb2, 0x65, 0x78, 0x84, 0x49, 0x88, 0x97, 0x66,
    0x85, 0x96, 0x64, 0x7c, 0x8c, 0x5a, 0x65, 0x75, 0x44, 0x3f, 0x4f, 0x1e,
    0x40, 0x50, 0x1d, 0x87, 0x93, 0x54, 0xa2, 0xac, 0x6a, 0x96, 0xa0, 0x64,
    0x95, 0x9f, 0x66, 0x91, 0x9e, 0x64, 0x83, 0x93, 0x56, 0x7f, 0x92, 0x51,
    0x99, 0xae, 0x6a, 0x82, 0x97, 0x54, 0x74, 0x89, 0x47, 0x83, 0x98, 0x57,
    0x74, 0x88, 0x48, 0x64, 0x78, 0x39, 0x67, 0x7a, 0x40, 0x3c, 0x4f, 0x1b,
    0x40, 0x51, 0x21, 0x34, 0x42, 0x1a, 0x2d, 0x38, 0x17, 0x1d, 0x26, 0x0d,
    0x17, 0x1e, 0x09, 0x1f, 0x25, 0x0f, 0x1b, 0x27, 0x0d, 0x1a, 0x2d, 0x0d,
    0x22, 0x3a, 0x13, 0x28, 0x43, 0x17, 0x27, 0x40, 0x11, 0x4c, 0x63, 0x18,
    0x5b, 0x71, 0x13, 0x5b, 0x72, 0x18, 0x52, 0x6a, 0x19, 0x45, 0x60, 0x10,
    0x59, 0x7a, 0x11, 0x5c, 0x81, 0x08, 0x5b, 0x80, 0x18, 0x47, 0x6a, 0x09,
    0x47, 0x6b, 0x0b, 0x54, 0x78, 0x17, 0x4e, 0x71, 0x10, 0x48, 0x6c, 0x0c,
    0x46, 0x67, 0x0d, 0x3e, 0x5d, 0x09, 0x4c, 0x6b, 0x10, 0x45, 0x66, 0x0b,
    0x46, 0x68, 0x0b, 0x3d, 0x62, 0x07, 0x50, 0x75, 0x18, 0x4e, 0x73, 0x11,
    0x55, 0x7a, 0x17, 0x5d, 0x81, 0x1a, 0x5e, 0x80, 0x14, 0x6c, 0x8f, 0x18,
    0x71, 0x95, 0x16, 0x79, 0x9f, 0x14, 0x7b, 0xa3, 0x12, 0x90, 0xb6, 0x23,
    0x80, 0xa6, 0x14, 0x7d, 0xa1, 0x0d, 0x8c, 0xaf, 0x16, 0x8a, 0xaf, 0x13,
    0x8e, 0xb7, 0x1e, 0x7c, 0xa8, 0x11, 0x85, 0xb3, 0x18, 0x84, 0xb3, 0x14,
    0x8c, 0xbd, 0x1b, 0x87, 0xb9, 0x17, 0x8e, 0xbe, 0x1b, 0x8e, 0xba, 0x13,
    0x89, 0xbd, 0x13, 0x83, 0xc0, 0x12, 0x7b, 0xbe, 0x10, 0x79, 0xbd, 0x14,
    0x79, 0xbc, 0x17, 0x7d, 0xb6, 0x19, 0x88, 0xc0, 0x27, 0x80, 0xbe, 0x23,
    0x73, 0xb7, 0x1b, 0x76, 0xbb, 0x1e, 0x79, 0xbc, 0x1e, 0x75, 0xbc, 0x1c,
    0x6f, 0xb6, 0x18, 0x78, 0xac, 0x14, 0x6f, 0x96, 0x07, 0x75, 0xa3, 0x12,
    0x84, 0xbc, 0x2a, 0x8f, 0xc9, 0x3b, 0x98, 0xca, 0x47, 0x97, 0xc3, 0x51,
    0xa8, 0xce, 0x70, 0xb4, 0xd8, 0x81, 0xbd, 0xe1, 0x87, 0xc0, 0xe4, 0x8f,
    0xb4, 0xd7, 0x8a, 0xaf, 0xd0, 0x8d, 0xbd, 0xda, 0xa3, 0xcd, 0xe6, 0xba,
    0xce, 0xe2, 0xb9, 0xce, 0xe0, 0xb0, 0xc6, 0xd6, 0x9c, 0xb4, 0xc0, 0x7c,
    0xa9, 0xb2, 0x68, 0xa6, 0xad, 0x60, 0xa7, 0xad, 0x5a, 0xaa, 0xae, 0x56,
    0xab, 0xae, 0x52, 0xab, 0xae, 0x51, 0xa9, 0xae, 0x52, 0xa9, 0xae, 0x52,
    0xa9, 0xae, 0x52, 0xaa, 0xaf, 0x53, 0xa9, 0xae, 0x52, 0xa8, 0xad, 0x51,
    0xa8, 0xad, 0x51, 0xa9, 0xae, 0x52, 0xa9, 0xae, 0x52, 0xa9, 0xae, 0x52,
    0xa9, 0xae, 0x52, 0xa9, 0xae, 0x52, 0xa9, 0xae, 0x52, 0xa8, 0xad, 0x53,
    0xa9, 0xae, 0x54, 0xa9, 0xae, 0x54, 0xab, 0xb0, 0x56, 0xac, 0xb1, 0x57,
    0xac, 0xb1, 0x57, 0xac, 0xb0, 0x56, 0xae, 0xaf, 0x55, 0xaf, 0xaf, 0x55,
    0xb0, 0xb0, 0x56, 0xb0, 0xb0, 0x56, 0xb0, 0xb0, 0x56, 0xb0, 0xb0, 0x56,
    0xb0, 0xaf, 0x55, 0xb0, 0xaf, 0x55, 0xb0, 0xaf, 0x55, 0xb1, 0xb0, 0x56,
    0xb1, 0xb0, 0x56, 0xb2, 0xb1, 0x57, 0xb5, 0xb3, 0x59, 0xb7, 0xb3, 0x5a,
    0xac, 0xb6, 0x60, 0xac, 0xb6, 0x60, 0xac, 0xb6, 0x60, 0xad, 0xb7, 0x61,
    0xad, 0xb7, 0x61, 0xad, 0xb7, 0x61, 0xac, 0xb7, 0x61, 0xab, 0xb7, 0x61,
    0xab, 0xb7, 0x61, 0xab, 0xb7, 0x61, 0xab, 0xb7, 0x61, 0xab, 0xb7, 0x61,
    0xab, 0xb7, 0x61, 0xab, 0xb7, 0x61, 0xab, 0xb7, 0x61, 0xab, 0xb7, 0x61,
    0xab, 0xb7, 0x61, 0xab, 0xb7, 0x61, 0xab, 0xb7, 0x61, 0xac, 0xb6, 0x60,
    0xac, 0xb7, 0x5f, 0xa9, 0xb7, 0x5f, 0xa6, 0xba, 0x5f, 0xa4, 0xb8, 0x5c,
    0xa4, 0xb5, 0x5a, 0xa9, 0xb8, 0x5e, 0xa8, 0xb6, 0x5f, 0xa8, 0xb7, 0x60,
    0xa4, 0xb8, 0x5f, 0xa3, 0xb7, 0x5c, 0xa5, 0xb6, 0x5b, 0xa8, 0xb4, 0x5a,
    0xa9, 0xb5, 0x56, 0xa4, 0xb6, 0x53, 0x9a, 0xae, 0x64, 0x70, 0x85, 0x58,
    0x6d, 0x83, 0x68, 0x6f, 0x84, 0x6a, 0x6b, 0x80, 0x5f, 0x5d, 0x73, 0x4d,
    0x62, 0x7a, 0x50, 0x60, 0x78, 0x4b, 0x73, 0x8b, 0x5c, 0x75, 0x8e, 0x5b,
    0x65, 0x7d, 0x47, 0x7d, 0x97, 0x60, 0x7a, 0x94, 0x5d, 0x69, 0x82, 0x4c,
    0x88, 0xa1, 0x6a, 0x8e, 0xa5, 0x6f, 0x7c, 0x92, 0x5c, 0x91, 0xa6, 0x71,
    0x8f, 0xa5, 0x74, 0x7b, 0x92, 0x63, 0x94, 0xac, 0x79, 0x87, 0xa0, 0x69,
    0x83, 0x9c, 0x66, 0x84, 0x9c, 0x6b, 0x85, 0x9d, 0x6f, 0x5f, 0x75, 0x4d,
    0x54, 0x6a, 0x43, 0x6f, 0x86, 0x5f, 0x6a, 0x80, 0x59, 0x6d, 0x84, 0x5d,
    0x6b, 0x81, 0x5a, 0x71, 0x86, 0x63, 0x8d, 0x9f, 0x72, 0xa1, 0xb1, 0x6a,
    0xa5, 0xb3, 0x5f, 0xa8, 0xb3, 0x5f, 0xa7, 0xb4, 0x5e, 0xa8, 0xb6, 0x5c,
    0xa9, 0xb8, 0x5e, 0xa7, 0xb4, 0x5f, 0xa8, 0xb6, 0x5f, 0xa6, 0xb5, 0x56,
    0xa7, 0xb6, 0x59, 0xa1, 0xad, 0x61, 0x7c, 0x88, 0x4d, 0x76, 0x86, 0x53,
    0x74, 0x85, 0x51, 0x5f, 0x70, 0x3c, 0x64, 0x74, 0x41, 0x4d, 0x5e, 0x2a,
    0x46, 0x56, 0x20, 0x94, 0xa2, 0x61, 0x9a, 0xa6, 0x64, 0x89, 0x97, 0x58,
    0x8d, 0x9d, 0x60, 0x8f, 0xa0, 0x62, 0x7c, 0x8f, 0x4e, 0x64, 0x78, 0x33,
    0x6e, 0x84, 0x3d, 0x63, 0x79, 0x34, 0x5c, 0x71, 0x2e, 0x6c, 0x81, 0x40,
    0x67, 0x7c, 0x3c, 0x6c, 0x80, 0x43, 0x71, 0x84, 0x4b, 0x45, 0x57, 0x24,
    0x2b, 0x3d, 0x11, 0x2b, 0x39, 0x13, 0x26, 0x31, 0x10, 0x1f, 0x28, 0x0e,
    0x12, 0x1a, 0x05, 0x21, 0x29, 0x0e, 0x23, 0x2f, 0x13, 0x1b, 0x2d, 0x0e,
    0x23, 0x38, 0x17, 0x2d, 0x41, 0x20, 0x31, 0x43, 0x20, 0x59, 0x67, 0x2b,
    0x68, 0x76, 0x26, 0x54, 0x65, 0x16, 0x4b, 0x5d, 0x15, 0x55, 0x6d, 0x1f,
    0x53, 0x72, 0x0b, 0x5c, 0x7e, 0x06, 0x5c, 0x7f, 0x1a, 0x53, 0x75, 0x16,
    0x4d, 0x70, 0x12, 0x5b, 0x7d, 0x1e, 0x4c, 0x6e, 0x0e, 0x45, 0x67, 0x07,
    0x4a, 0x69, 0x0d, 0x3a, 0x56, 0x05, 0x4b, 0x68, 0x12, 0x3f, 0x5d, 0x0a,
    0x3c, 0x5d, 0x0a, 0x45, 0x67, 0x10, 0x43, 0x66, 0x0c, 0x42, 0x67, 0x09,
    0x52, 0x77, 0x15, 0x54, 0x79, 0x12, 0x64, 0x89, 0x19, 0x62, 0x86, 0x0e,
    0x73, 0x97, 0x14, 0x76, 0x9b, 0x0f, 0x81, 0xa9, 0x16, 0x7f, 0xa5, 0x13,
    0x74, 0x99, 0x0f, 0x86, 0xaa, 0x19, 0x7c, 0x9f, 0x09, 0x83, 0xa7, 0x0c,
    0x83, 0xac, 0x15, 0x7d, 0xa8, 0x15, 0x74, 0xa1, 0x0c, 0x78, 0xa7, 0x0e,
    0x77, 0xa7, 0x0a, 0x7e, 0xb1, 0x0f, 0x81, 0xb2, 0x0d, 0x88, 0xb4, 0x0b,
    0x8e, 0xc2, 0x12, 0x8b, 0xc9, 0x11, 0x7d, 0xc1, 0x09, 0x76, 0xbb, 0x07,
    0x77, 0xbb, 0x0d, 0x78, 0xb4, 0x0d, 0x7a, 0xb4, 0x0e, 0x74, 0xb5, 0x0c,
    0x71, 0xb8, 0x0c, 0x66, 0xaf, 0x05, 0x64, 0xab, 0x04, 0x62, 0xab, 0x07,
    0x65, 0xae, 0x0b, 0x72, 0xa7, 0x09, 0x7e, 0xa8, 0x10, 0x82, 0xb1, 0x1a,
    0x75, 0xac, 0x18, 0x82, 0xb7, 0x2b, 0x92, 0xb3, 0x4a, 0x9d, 0xae, 0x63,
    0x8f, 0x9f, 0x5f, 0x7f, 0x95, 0x4e, 0x98, 0xba, 0x5f, 0xa1, 0xd2, 0x69,
    0xae, 0xe3, 0x78, 0xbc, 0xe7, 0x86, 0xba, 0xde, 0x8e, 0xc5, 0xe4, 0xa9,
    0xce, 0xe8, 0xbb, 0xd1, 0xe8, 0xbe, 0xcf, 0xe4, 0xb6, 0xd0, 0xe1, 0xa5,
    0xbb, 0xc8, 0x82, 0xab, 0xb7, 0x6c, 0xa6, 0xaf, 0x5f, 0xa6, 0xac, 0x56,
    0xa9, 0xad, 0x52, 0xab, 0xad, 0x50, 0xa9, 0xad, 0x51, 0xa9, 0xae, 0x52,
    0xa9, 0xae, 0x52, 0xa8, 0xad, 0x51, 0xa8, 0xad, 0x51, 0xa8, 0xad, 0x51,
    0xa8, 0xad, 0x51, 0xa8, 0xad, 0x51, 0xa8, 0xad, 0x51, 0xa8, 0xad, 0x51,
    0xa8, 0xad, 0x51, 0xa8, 0xad, 0x51, 0xa8, 0xad, 0x51, 0xa9, 0xae, 0x53,
    0xa9, 0xae, 0x54, 0xa9, 0xae, 0x54, 0xaa, 0xaf, 0x55, 0xab, 0xb0, 0x56,
    0xac, 0xb1, 0x57, 0xac, 0xb0, 0x56, 0xac, 0xae, 0x53, 0xad, 0xaf, 0x54,
    0xae, 0xb0, 0x55, 0xae, 0xb0, 0x55, 0xae, 0xb0, 0x55, 0xae, 0xb0, 0x55,
    0xaf, 0xb0, 0x56, 0xb0, 0xb0, 0x56, 0xb0, 0xb0, 0x56, 0xb1, 0xb1, 0x57,
    0xb1, 0xb1, 0x57, 0xb1, 0xb1, 0x57, 0xb3, 0xb1, 0x58, 0xb6, 0xb2, 0x59,
    0xac, 0xb6, 0x60, 0xac, 0xb6, 0x60, 0xac, 0xb6, 0x60, 0xad, 0xb7, 0x61,
    0xad, 0xb7, 0x61, 0xad, 0xb7, 0x61, 0xac, 0xb7, 0x61, 0xab, 0xb7, 0x61,
    0xab, 0xb7, 0x61, 0xab, 0xb7, 0x61, 0xab, 0xb7, 0x61, 0xab, 0xb7, 0x61,
    0xab, 0xb7, 0x61, 0xab, 0xb7, 0x61, 0xab, 0xb7, 0x61, 0xab, 0xb7, 0x61,
    0xab, 0xb7, 0x61, 0xab, 0xb7, 0x61, 0xab, 0xb7, 0x61, 0xab, 0xb7, 0x61,
    0xab, 0xb6, 0x60, 0xa9, 0xb7, 0x5f, 0xa7, 0xb8, 0x5e, 0xa7, 0xb7, 0x5c,
    0xa9, 0xb5, 0x5b, 0xab, 0xb2, 0x59, 0xad, 0xb3, 0x59, 0xaa, 0xb3, 0x59,
    0xa6, 0xb7, 0x5a, 0xa3, 0xb8, 0x5b, 0xa4, 0xb6, 0x5a, 0xa8, 0xb4, 0x5b,
    0xaa, 0xb4, 0x56, 0xa6, 0xb5, 0x50, 0xa1, 0xb3, 0x61, 0x7a, 0x8f, 0x56,
    0x6d, 0x84, 0x5d, 0x6e, 0x86, 0x66, 0x60, 0x75, 0x56, 0x52, 0x68, 0x43,
    0x55, 0x6c, 0x43, 0x4d, 0x64, 0x39, 0x5b, 0x73, 0x44, 0x63, 0x7b, 0x49,
    0x63, 0x7b, 0x48, 0x78, 0x91, 0x5c, 0x76, 0x91, 0x5a, 0x6e, 0x88, 0x50,
    0x8b, 0xa4, 0x6c, 0x92, 0xaa, 0x71, 0x7a, 0x91, 0x58, 0x82, 0x98, 0x5e,
    0x8b, 0xa2, 0x6d, 0x6f, 0x87, 0x53, 0x7c, 0x95, 0x5e, 0x77, 0x90, 0x57,
    0x7c, 0x95, 0x5c, 0x93, 0xab, 0x76, 0x8e, 0xa6, 0x75, 0x8d, 0xa4, 0x77,
    0x74, 0x8b, 0x5e, 0x7c, 0x93, 0x66, 0x6b, 0x83, 0x55, 0x68, 0x7f, 0x51,
    0x5a, 0x71, 0x44, 0x6f, 0x85, 0x60, 0x8e, 0xa2, 0x77, 0x9f, 0xb1, 0x6d,
    0xa7, 0xb6, 0x65, 0xa7, 0xb2, 0x62, 0xa6, 0xb3, 0x61, 0xa5, 0xb4, 0x5d,
    0xa5, 0xb4, 0x5d, 0xa8, 0xb6, 0x64, 0xa5, 0xb3, 0x60, 0xa4, 0xb4, 0x58,
    0xa4, 0xb4, 0x5b, 0xa1, 0xae, 0x66, 0x7c, 0x89, 0x51, 0x56, 0x66, 0x32,
    0x70, 0x81, 0x4d, 0x76, 0x87, 0x53, 0x69, 0x7a, 0x46, 0x58, 0x69, 0x35,
    0x5f, 0x6f, 0x39, 0x9a, 0xa7, 0x66, 0x98, 0xa6, 0x63, 0x8a, 0x9b, 0x5a,
    0x78, 0x8c, 0x4d, 0x95, 0xaa, 0x69, 0x9a, 0xad, 0x6a, 0x73, 0x88, 0x41,
    0x8a, 0xa0, 0x59, 0x82, 0x99, 0x54, 0x55, 0x6b, 0x29, 0x5c, 0x71, 0x31,
    0x55, 0x6a, 0x2d, 0x67, 0x7b, 0x40, 0x5f, 0x72, 0x3d, 0x47, 0x59, 0x27,
    0x3a, 0x4b, 0x1e, 0x23, 0x31, 0x0b, 0x22, 0x2d, 0x0c, 0x21, 0x2a, 0x0f,
    0x16, 0x1e, 0x08, 0x21, 0x2b, 0x0f, 0x2c, 0x38, 0x1b, 0x22, 0x31, 0x13,
    0x23, 0x33, 0x15, 0x2f, 0x3a, 0x1f, 0x48, 0x50, 0x34, 0x76, 0x7a, 0x4c,
    0x9c, 0xa0, 0x60, 0x7c, 0x84, 0x3f, 0x58, 0x63, 0x21, 0x52, 0x63, 0x1b,
    0x54, 0x6c, 0x0e, 0x55, 0x72, 0x06, 0x56, 0x75, 0x15, 0x46, 0x65, 0x0a,
    0x53, 0x72, 0x15, 0x53, 0x71, 0x13, 0x58, 0x76, 0x18, 0x43, 0x63, 0x05,
    0x43, 0x60, 0x08, 0x4b, 0x65, 0x12, 0x43, 0x5e, 0x0c, 0x45, 0x62, 0x11,
    0x34, 0x53, 0x08, 0x41, 0x62, 0x0e, 0x3a, 0x5c, 0x04, 0x41, 0x66, 0x07,
    0x46, 0x6c, 0x0b, 0x54, 0x78, 0x12, 0x5f, 0x84, 0x15, 0x67, 0x8c, 0x12,
    0x78, 0x9e, 0x1a, 0x79, 0x9f, 0x12, 0x82, 0xaa, 0x16, 0x71, 0x96, 0x09,
    0x7b, 0x9f, 0x13, 0x77, 0x9a, 0x0d, 0x79, 0x9c, 0x06, 0x81, 0xa5, 0x09,
    0x84, 0xac, 0x15, 0x73, 0x9c, 0x0b, 0x6f, 0x9a, 0x0a, 0x71, 0x9e, 0x0b,
    0x70, 0x9e, 0x09, 0x6e, 0x9e, 0x05, 0x79, 0xa8, 0x0b, 0x8a, 0xb6, 0x14,
    0x81, 0xb6, 0x0b, 0x84, 0xc1, 0x0c, 0x7c, 0xbf, 0x07, 0x76, 0xb9, 0x06,
    0x71, 0xb2, 0x05, 0x76, 0xb1, 0x07, 0x7a, 0xb6, 0x0b, 0x74, 0xb6, 0x07,
    0x70, 0xb7, 0x05, 0x6e, 0xb8, 0x06, 0x69, 0xb0, 0x03, 0x5e, 0xa5, 0x02,
    0x5a, 0x9d, 0x02, 0x65, 0x99, 0x03, 0x77, 0xa4, 0x0b, 0x84, 0xb4, 0x1d,
    0x74, 0xa4, 0x19, 0x7e, 0xa5, 0x27, 0xac, 0xb8, 0x5a, 0xc3, 0xbd, 0x7c,
    0xb1, 0xab, 0x74, 0x8e, 0x93, 0x4f, 0x66, 0x82, 0x22, 0x7a, 0xae, 0x39,
    0x8a, 0xc8, 0x48, 0xa7, 0xdb, 0x5c, 0xb1, 0xdf, 0x70, 0xbd, 0xe5, 0x8e,
    0xca, 0xed, 0xab, 0xce, 0xed, 0xb7, 0xcc, 0xe9, 0xb8, 0xcd, 0xe7, 0xab,
    0xc8, 0xdd, 0x96, 0xbd, 0xd0, 0x86, 0xaf, 0xbd, 0x6f, 0xa4, 0xad, 0x5a,
    0xa7, 0xad, 0x55, 0xab, 0xae, 0x54, 0xa9, 0xad, 0x51, 0xa8, 0xad, 0x51,
    0xa8, 0xad, 0x51, 0xa8, 0xad, 0x51, 0xa8, 0xad, 0x51, 0xa8, 0xad, 0x51,
    0xa8, 0xad, 0x51, 0xa8, 0xad, 0x51, 0xa8, 0xad, 0x51, 0xa8, 0xad, 0x51,
    0xa8, 0xad, 0x51, 0xa8, 0xad, 0x51, 0xa8, 0xad, 0x51, 0xa9, 0xae, 0x53,
    0xa9, 0xae, 0x54, 0xa9, 0xae, 0x54, 0xaa, 0xaf, 0x55, 0xaa, 0xaf, 0x55,
    0xab, 0xb0, 0x56, 0xab, 0xb0, 0x55, 0xaa, 0xaf, 0x53, 0xab, 0xb0, 0x54,
    0xac, 0xb1, 0x55, 0xac, 0xb1, 0x55, 0xac, 0xb1, 0x55, 0xac, 0xb1, 0x55,
    0xaf, 0xb0, 0x56, 0xb0, 0xb0, 0x56, 0xb0, 0xb0, 0x56, 0xb1, 0xb1, 0x57,
    0xb1, 0xb1, 0x57, 0xb1, 0xb1, 0x57, 0xb2, 0xb1, 0x57, 0xb5, 0xb1, 0x58,
    0xab, 0xb6, 0x60, 0xab, 0xb6, 0x60, 0xab, 0xb6, 0x60, 0xac, 0xb7, 0x61,
    0xac, 0xb7, 0x61, 0xac, 0xb7, 0x61, 0xac, 0xb7, 0x61, 0xab, 0xb7, 0x61,
    0xab, 0xb7, 0x61, 0xab, 0xb7, 0x61, 0xab, 0xb7, 0x61, 0xab, 0xb7, 0x61,
    0xab, 0xb7, 0x61, 0xab, 0xb7, 0x61, 0xab, 0xb7, 0x61, 0xab, 0xb7, 0x61,
    0xab, 0xb7, 0x61, 0xab, 0xb7, 0x61, 0xab, 0xb7, 0x61, 0xab, 0xb7, 0x61,
    0xaa, 0xb6, 0x61, 0xa9, 0xb7, 0x60, 0xa8, 0xb7, 0x5e, 0xab, 0xb6, 0x5c,
    0xad, 0xb2, 0x58, 0xb2, 0xb2, 0x59, 0xbc, 0xba, 0x5c, 0xb3, 0xb5, 0x55,
    0xa9, 0xb5, 0x54, 0xa4, 0xb8, 0x58, 0xa3, 0xb6, 0x5a, 0xa7, 0xb4, 0x5c,
    0xa9, 0xb3, 0x57, 0xa8, 0xb6, 0x52, 0xa5, 0xb6, 0x5d, 0x8d, 0xa3, 0x5c,
    0x65, 0x7d, 0x48, 0x6b, 0x83, 0x5c, 0x6a, 0x80, 0x61, 0x67, 0x7d, 0x59,
    0x6c, 0x82, 0x5a, 0x5f, 0x75, 0x4b, 0x5f, 0x75, 0x48, 0x5a, 0x71, 0x42,
    0x56, 0x6d, 0x3b, 0x63, 0x7b, 0x47, 0x61, 0x7c, 0x45, 0x55, 0x6f, 0x37,
    0x69, 0x82, 0x49, 0x76, 0x8e, 0x54, 0x68, 0x7f, 0x44, 0x83, 0x98, 0x5c,
    0x8b, 0xa2, 0x69, 0x6d, 0x85, 0x4d, 0x88, 0xa1, 0x65, 0x8c, 0xa5, 0x68,
    0x7a, 0x92, 0x56, 0x90, 0xa9, 0x70, 0x84, 0x9b, 0x66, 0x78, 0x8f, 0x5d,
    0x8d, 0xa4, 0x72, 0x8f, 0xa7, 0x74, 0x89, 0xa1, 0x6e, 0x70, 0x88, 0x55,
    0x68, 0x80, 0x4e, 0x74, 0x8a, 0x61, 0x8b, 0x9f, 0x74, 0xa0, 0xb3, 0x70,
    0xa3, 0xb2, 0x63, 0xa7, 0xb2, 0x65, 0xa8, 0xb4, 0x67, 0xa5, 0xb3, 0x61,
    0xa6, 0xb5, 0x62, 0xa6, 0xb4, 0x65, 0xa4, 0xb2, 0x63, 0xa6, 0xb6, 0x5f,
    0xa4, 0xb4, 0x5f, 0x99, 0xa5, 0x61, 0x73, 0x80, 0x49, 0x6f, 0x7f, 0x4a,
    0x78, 0x89, 0x54, 0x85, 0x96, 0x61, 0x66, 0x77, 0x42, 0x7c, 0x8d, 0x58,
    0x85, 0x95, 0x5f, 0x81, 0x8d, 0x4d, 0x91, 0x9e, 0x5d, 0x8b, 0x9d, 0x5d,
    0x68, 0x7e, 0x3f, 0x70, 0x86, 0x44, 0x6c, 0x80, 0x3c, 0x5f, 0x73, 0x2c,
    0x7f, 0x95, 0x4f, 0x87, 0x9e, 0x5a, 0x6a, 0x80, 0x40, 0x7c, 0x92, 0x55,
    0x5a, 0x6f, 0x36, 0x4c, 0x61, 0x29, 0x48, 0x5b, 0x28, 0x47, 0x59, 0x2a,
    0x34, 0x44, 0x19, 0x26, 0x33, 0x0e, 0x1e, 0x29, 0x09, 0x23, 0x2c, 0x11,
    0x18, 0x21, 0x09, 0x1e, 0x29, 0x0c, 0x28, 0x35, 0x17, 0x2f, 0x3c, 0x1c,
    0x2b, 0x35, 0x16, 0x2f, 0x32, 0x15, 0x55, 0x54, 0x38, 0x88, 0x82, 0x5e,
    0xa8, 0xa3, 0x70, 0xb1, 0xb2, 0x75, 0x86, 0x8c, 0x4c, 0x5d, 0x68, 0x24,
    0x53, 0x65, 0x12, 0x53, 0x6b, 0x09, 0x49, 0x63, 0x09, 0x47, 0x62, 0x0b,
    0x4f, 0x69, 0x0f, 0x54, 0x6f, 0x12, 0x55, 0x70, 0x12, 0x4c, 0x68, 0x0a,
    0x50, 0x6b, 0x12, 0x53, 0x6c, 0x19, 0x41, 0x5b, 0x0b, 0x3f, 0x5a, 0x0c,
    0x41, 0x5e, 0x10, 0x42, 0x62, 0x0e, 0x3b, 0x5d, 0x08, 0x45, 0x6a, 0x0d,
    0x42, 0x68, 0x0c, 0x55, 0x7b, 0x19, 0x55, 0x7a, 0x10, 0x63, 0x89, 0x13,
    0x6c, 0x92, 0x0f, 0x6f, 0x96, 0x08, 0x7f, 0xa6, 0x13, 0x72, 0x97, 0x0c,
    0x6f, 0x93, 0x0a, 0x74, 0x96, 0x0b, 0x7c, 0x9e, 0x0a, 0x83, 0xa7, 0x0a,
    0x82, 0xa8, 0x0e, 0x77, 0x9e, 0x09, 0x70, 0x98, 0x09, 0x68, 0x91, 0x05,
    0x70, 0x9b, 0x0c, 0x64, 0x90, 0x02, 0x70, 0x9c, 0x08, 0x74, 0xa0, 0x0a,
    0x6a, 0x9d, 0x02, 0x6f, 0xaa, 0x02, 0x74, 0xb1, 0x03, 0x74, 0xb0, 0x06,
    0x71, 0xaa, 0x07, 0x72, 0xa9, 0x07, 0x77, 0xb2, 0x0a, 0x75, 0xb6, 0x08,
    0x6b, 0xb2, 0x01, 0x6b, 0xb2, 0x03, 0x6c, 0xb1, 0x05, 0x6d, 0xb0, 0x0a,
    0x6d, 0xa8, 0x0b, 0x6d, 0x9f, 0x08, 0x70, 0xa1, 0x06, 0x76, 0xa7, 0x11,
    0x77, 0x9f, 0x1c, 0x8b, 0xa1, 0x30, 0xa9, 0xa8, 0x3f, 0xb9, 0xab, 0x52,
    0x9f, 0x8e, 0x44, 0x8a, 0x82, 0x33, 0x64, 0x73, 0x12, 0x61, 0x8b, 0x18,
    0x6f, 0xa8, 0x24, 0x85, 0xbd, 0x30, 0x94, 0xc8, 0x43, 0xa6, 0xd7, 0x64,
    0xbd, 0xe9, 0x89, 0xc2, 0xeb, 0x9c, 0xc3, 0xe8, 0xa5, 0xc1, 0xe3, 0x9f,
    0xc4, 0xe3, 0x99, 0xc3, 0xdc, 0x91, 0xb7, 0xca, 0x7b, 0xa6, 0xb1, 0x61,
    0xa8, 0xb0, 0x5b, 0xa8, 0xac, 0x55, 0xa8, 0xad, 0x51, 0xa8, 0xad, 0x51,
    0xa8, 0xad, 0x51, 0xa8, 0xad, 0x51, 0xa8, 0xad, 0x51, 0xa8, 0xad, 0x51,
    0xa8, 0xad, 0x51, 0xa8, 0xad, 0x51, 0xa8, 0xad, 0x51, 0xa8, 0xad, 0x51,
    0xa8, 0xad, 0x51, 0xa8, 0xad, 0x51, 0xa8, 0xad, 0x51, 0xa9, 0xae, 0x53,
    0xa9, 0xae, 0x54, 0xa9, 0xae, 0x54, 0xa9, 0xae, 0x54, 0xaa, 0xaf, 0x55,
    0xab, 0xb0, 0x56, 0xab, 0xb0, 0x55, 0xaa, 0xaf, 0x53, 0xab, 0xb0, 0x54,
    0xac, 0xb1, 0x55, 0xac, 0xb1, 0x55, 0xac, 0xb1, 0x55, 0xac, 0xb1, 0x55,
    0xad, 0xb0, 0x55, 0xae, 0xb0, 0x55, 0xae, 0xb0, 0x55, 0xaf, 0xb1, 0x56,
    0xb0, 0xb1, 0x57, 0xb0, 0xb1, 0x57, 0xb1, 0xb1, 0x57, 0xb4, 0xb1, 0x58,
    0xaa, 0xb6, 0x60, 0xaa, 0xb6, 0x60, 0xaa, 0xb6, 0x60, 0xab, 0xb7, 0x61,
    0xab, 0xb7, 0x61, 0xab, 0xb7, 0x61, 0xab, 0xb7, 0x61, 0xab, 0xb7, 0x61,
    0xab, 0xb7, 0x61, 0xab, 0xb7, 0x61, 0xab, 0xb7, 0x61, 0xab, 0xb7, 0x61,
    0xab, 0xb7, 0x61, 0xab, 0xb7, 0x61, 0xab, 0xb7, 0x61, 0xab, 0xb7, 0x61,
    0xab, 0xb7, 0x61, 0xab, 0xb7, 0x61, 0xab, 0xb7, 0x61, 0xaa, 0xb7, 0x61,
    0xa9, 0xb7, 0x62, 0xa9, 0xb7, 0x61, 0xaa, 0xb7, 0x5f, 0xae, 0xb4, 0x5c,
    0xb6, 0xb4, 0x5b, 0xc9, 0xc1, 0x68, 0xd4, 0xc8, 0x67, 0xbe, 0xba, 0x55,
    0xac, 0xb4, 0x50, 0xa5, 0xb8, 0x54, 0xa3, 0xb7, 0x58, 0xa7, 0xb4, 0x5c,
    0xa9, 0xb3, 0x59, 0xaa, 0xb6, 0x54, 0xa5, 0xb6, 0x57, 0x9e, 0xb5, 0x61,
    0x74, 0x8e, 0x4b, 0x5b, 0x75, 0x46, 0x6a, 0x82, 0x63, 0x71, 0x86, 0x65,
    0x64, 0x79, 0x53, 0x57, 0x6c, 0x43, 0x61, 0x77, 0x4a, 0x60, 0x76, 0x47,
    0x5e, 0x74, 0x43, 0x72, 0x8a, 0x55, 0x6a, 0x85, 0x4e, 0x60, 0x7a, 0x42,
    0x76, 0x8f, 0x55, 0x78, 0x90, 0x54, 0x6a, 0x82, 0x44, 0x8a, 0xa0, 0x60,
    0x97, 0xae, 0x72, 0x80, 0x97, 0x5c, 0x79, 0x91, 0x52, 0x90, 0xa9, 0x68,
    0x75, 0x8d, 0x4d, 0x77, 0x8f, 0x53, 0x86, 0x9d, 0x64, 0x76, 0x8d, 0x56,
    0x8f, 0xa6, 0x6f, 0x8c, 0xa3, 0x6d, 0x82, 0x99, 0x62, 0x84, 0x9b, 0x64,
    0x86, 0x9d, 0x67, 0x8a, 0xa1, 0x76, 0x7b, 0x90, 0x64, 0x81, 0x94, 0x51,
    0x97, 0xa7, 0x59, 0x9e, 0xaa, 0x60, 0x9f, 0xab, 0x62, 0xa2, 0xb1, 0x63,
    0xa3, 0xb2, 0x63, 0xa4, 0xb2, 0x68, 0xa7, 0xb5, 0x6a, 0xa2, 0xb2, 0x5e,
    0xa4, 0xb3, 0x62, 0x96, 0xa3, 0x63, 0x73, 0x80, 0x4b, 0x85, 0x96, 0x60,
    0x80, 0x91, 0x5b, 0x87, 0x98, 0x62, 0x80, 0x91, 0x5b, 0x94, 0xa5, 0x6f,
    0x8f, 0x9f, 0x68, 0x79, 0x84, 0x47, 0x8a, 0x96, 0x58, 0x98, 0xaa, 0x6d,
    0x79, 0x8f, 0x51, 0x89, 0x9f, 0x5d, 0x82, 0x95, 0x52, 0x53, 0x65, 0x21,
    0x5f, 0x76, 0x31, 0x64, 0x7b, 0x39, 0x6b, 0x82, 0x44, 0x7a, 0x8f, 0x56,
    0x5c, 0x72, 0x3c, 0x43, 0x58, 0x25, 0x34, 0x46, 0x15, 0x43, 0x54, 0x27,
    0x33, 0x43, 0x19, 0x20, 0x2d, 0x0b, 0x1e, 0x29, 0x0a, 0x22, 0x2c, 0x10,
    0x1a, 0x24, 0x09, 0x19, 0x26, 0x08, 0x24, 0x32, 0x12, 0x31, 0x3c, 0x1b,
    0x34, 0x39, 0x18, 0x39, 0x35, 0x15, 0x64, 0x59, 0x3a, 0x92, 0x82, 0x68,
    0xab, 0x9e, 0x77, 0xc3, 0xbc, 0x84, 0xc2, 0xc1, 0x82, 0x9e, 0xa3, 0x64,
    0x73, 0x7f, 0x36, 0x53, 0x64, 0x0f, 0x42, 0x58, 0x04, 0x47, 0x5f, 0x09,
    0x4c, 0x64, 0x0b, 0x4f, 0x67, 0x0c, 0x4a, 0x63, 0x07, 0x49, 0x62, 0x05,
    0x4e, 0x67, 0x0d, 0x4f, 0x68, 0x14, 0x46, 0x5e, 0x0f, 0x40, 0x5a, 0x10,
    0x46, 0x62, 0x16, 0x39, 0x58, 0x06, 0x3e, 0x60, 0x08, 0x41, 0x67, 0x0a,
    0x41, 0x68, 0x0b, 0x53, 0x79, 0x16, 0x5b, 0x81, 0x15, 0x68, 0x8f, 0x17,
    0x69, 0x90, 0x10, 0x73, 0x9b, 0x10, 0x72, 0x9a, 0x08, 0x77, 0x9d, 0x10,
    0x6b, 0x8e, 0x07, 0x7f, 0xa0, 0x15, 0x83, 0xa5, 0x12, 0x91, 0xb5, 0x15,
    0x87, 0xad, 0x0e, 0x74, 0x98, 0x04, 0x73, 0x98, 0x09, 0x69, 0x8f, 0x08,
    0x68, 0x8f, 0x09, 0x69, 0x91, 0x07, 0x69, 0x92, 0x09, 0x6c, 0x96, 0x0e,
    0x64, 0x94, 0x03, 0x65, 0x9b, 0x00, 0x68, 0xa0, 0x00, 0x6d, 0xa3, 0x05,
    0x72, 0xa4, 0x0e, 0x79, 0xab, 0x13, 0x78, 0xaf, 0x0e, 0x73, 0xb1, 0x09,
    0x6b, 0xaf, 0x02, 0x66, 0xab, 0x01, 0x66, 0xa8, 0x03, 0x6a, 0xa8, 0x08,
    0x77, 0xac, 0x0c, 0x84, 0xb5, 0x13, 0x71, 0xa5, 0x06, 0x6e, 0xa1, 0x0c,
    0x7b, 0x9b, 0x1b, 0x84, 0x88, 0x21, 0x91, 0x88, 0x23, 0x91, 0x80, 0x2a,
    0x68, 0x50, 0x13, 0x91, 0x7b, 0x31, 0x83, 0x80, 0x23, 0x65, 0x7c, 0x0c,
    0x69, 0x95, 0x12, 0x6b, 0xa4, 0x13, 0x7d, 0xb7, 0x25, 0x89, 0xc2, 0x35,
    0x9a, 0xcf, 0x4f, 0xa7, 0xd9, 0x69, 0xb7, 0xe5, 0x86, 0xbc, 0xe5, 0x93,
    0xbc, 0xe1, 0x94, 0xbb, 0xda, 0x8d, 0xbd, 0xd5, 0x87, 0xb7, 0xc6, 0x78,
    0xa5, 0xae, 0x5f, 0xa3, 0xa9, 0x56, 0xa7, 0xac, 0x51, 0xa7, 0xac, 0x50,
    0xa7, 0xac, 0x50, 0xa8, 0xad, 0x51, 0xa8, 0xad, 0x51, 0xa8, 0xad, 0x51,
    0xa8, 0xad, 0x51, 0xa8, 0xad, 0x51, 0xa8, 0xad, 0x51, 0xa8, 0xad, 0x51,
    0xa8, 0xad, 0x51, 0xa8, 0xad, 0x51, 0xa8, 0xad, 0x51, 0xa9, 0xae, 0x53,
    0xa9, 0xae, 0x54, 0xa9, 0xae, 0x54, 0xa8, 0xad, 0x53, 0xa9, 0xae, 0x54,
    0xaa, 0xaf, 0x55, 0xaa, 0xaf, 0x54, 0xaa, 0xaf, 0x53, 0xab, 0xb0, 0x54,
    0xac, 0xb1, 0x55, 0xac, 0xb1, 0x55, 0xac, 0xb1, 0x55, 0xac, 0xb1, 0x55,
    0xac, 0xb0, 0x54, 0xac, 0xaf, 0x54, 0xac, 0xaf, 0x54, 0xad, 0xb0, 0x55,
    0xae, 0xb1, 0x56, 0xae, 0xb1, 0x56, 0xb0, 0xb1, 0x56, 0xb3, 0xb0, 0x57,
    0xaa, 0xb6, 0x60, 0xaa, 0xb6, 0x60, 0xaa, 0xb6, 0x60, 0xab, 0xb7, 0x61,
    0xab, 0xb7, 0x61, 0xab, 0xb7, 0x61, 0xab, 0xb7, 0x61, 0xab, 0xb7, 0x61,
    0xab, 0xb7, 0x61, 0xab, 0xb7, 0x61, 0xab, 0xb7, 0x61, 0xab, 0xb7, 0x61,
    0xab, 0xb7, 0x61, 0xab, 0xb7, 0x61, 0xab, 0xb7, 0x61, 0xab, 0xb7, 0x61,
    0xab, 0xb7, 0x61, 0xab, 0xb7, 0x61, 0xab, 0xb7, 0x61, 0xaa, 0xb7, 0x61,
    0xa8, 0xb8, 0x61, 0xa9, 0xb8, 0x5e, 0xab, 0xb6, 0x5f, 0xb2, 0xb4, 0x60,
    0xc8, 0xbe, 0x6b, 0xe4, 0xd1, 0x79, 0xdf, 0xcd, 0x6a, 0xc2, 0xbb, 0x53,
    0xad, 0xb4, 0x4f, 0xa6, 0xb8, 0x57, 0xa3, 0xb6, 0x5a, 0xa6, 0xb4, 0x5c,
    0xaa, 0xb3, 0x5b, 0xaa, 0xb3, 0x54, 0xa6, 0xb5, 0x54, 0xa1, 0xb7, 0x5b,
    0x8f, 0xa8, 0x5b, 0x5e, 0x78, 0x41, 0x61, 0x79, 0x55, 0x6d, 0x83, 0x61,
    0x61, 0x77, 0x52, 0x51, 0x67, 0x40, 0x4b, 0x61, 0x37, 0x45, 0x5c, 0x2f,
    0x48, 0x60, 0x2f, 0x58, 0x70, 0x3d, 0x5b, 0x75, 0x40, 0x54, 0x6e, 0x37,
    0x68, 0x81, 0x48, 0x6d, 0x85, 0x4a, 0x60, 0x77, 0x39, 0x6f, 0x85, 0x46,
    0x77, 0x8d, 0x50, 0x6a, 0x82, 0x44, 0x69, 0x81, 0x40, 0x88, 0xa0, 0x5c,
    0x79, 0x91, 0x4f, 0x7c, 0x93, 0x53, 0x99, 0xb0, 0x72, 0x8a, 0xa2, 0x66,
    0x74, 0x8c, 0x50, 0x86, 0x9e, 0x63, 0x78, 0x8e, 0x53, 0x85, 0x9a, 0x60,
    0x99, 0xaf, 0x75, 0x84, 0x9a, 0x6a, 0x74, 0x8a, 0x59, 0x86, 0x9b, 0x58,
    0x8b, 0x9c, 0x52, 0x88, 0x96, 0x4f, 0x83, 0x90, 0x4c, 0x90, 0xa1, 0x59,
    0x9a, 0xac, 0x62, 0x8b, 0x9c, 0x57, 0x97, 0xa9, 0x62, 0x98, 0xab, 0x5e,
    0x88, 0x9b, 0x50, 0x90, 0xa1, 0x63, 0x90, 0xa0, 0x69, 0x84, 0x96, 0x5f,
    0x93, 0xa4, 0x6d, 0x98, 0xa9, 0x72, 0x7e, 0x8f, 0x57, 0x90, 0xa2, 0x69,
    0x9b, 0xac, 0x72, 0x86, 0x92, 0x53, 0x79, 0x87, 0x47, 0x6c, 0x7f, 0x41,
    0x5b, 0x71, 0x31, 0x83, 0x99, 0x57, 0x8b, 0x9e, 0x5b, 0x6f, 0x83, 0x3f,
    0x78, 0x8f, 0x4e, 0x5c, 0x74, 0x35, 0x59, 0x70, 0x35, 0x68, 0x7e, 0x47,
    0x52, 0x68, 0x34, 0x4f, 0x64, 0x34, 0x29, 0x3a, 0x11, 0x32, 0x42, 0x18,
    0x2f, 0x3e, 0x17, 0x20, 0x2c, 0x0a, 0x1e, 0x29, 0x0c, 0x25, 0x2e, 0x13,
    0x26, 0x31, 0x15, 0x21, 0x2d, 0x0f, 0x1b, 0x26, 0x09, 0x28, 0x2f, 0x0f,
    0x32, 0x30, 0x10, 0x45, 0x3b, 0x1b, 0x6f, 0x5d, 0x3d, 0x9f, 0x89, 0x71,
    0xa7, 0x94, 0x74, 0xb5, 0xa7, 0x78, 0xd0, 0xc8, 0x90, 0xc9, 0xc7, 0x8d,
    0xac, 0xb0, 0x70, 0x8a, 0x94, 0x4a, 0x60, 0x73, 0x20, 0x4e, 0x62, 0x0d,
    0x4b, 0x5f, 0x0a, 0x4c, 0x60, 0x0b, 0x49, 0x5d, 0x08, 0x4f, 0x63, 0x0d,
    0x54, 0x69, 0x14, 0x5c, 0x72, 0x20, 0x54, 0x6b, 0x1d, 0x51, 0x6a, 0x1f,
    0x49, 0x64, 0x17, 0x3c, 0x5a, 0x08, 0x4a, 0x6c, 0x11, 0x43, 0x69, 0x0a,
    0x4a, 0x71, 0x0f, 0x4b, 0x71, 0x0c, 0x5d, 0x83, 0x14, 0x6f, 0x96, 0x1a,
    0x76, 0x9f, 0x18, 0x7f, 0xa7, 0x19, 0x7f, 0xa5, 0x16, 0x72, 0x95, 0x0a,
    0x7b, 0x9c, 0x14, 0x7c, 0x9b, 0x12, 0x7d, 0x9e, 0x0d, 0x8e, 0xb0, 0x0f,
    0x8c, 0xb1, 0x0e, 0x7c, 0xa0, 0x06, 0x78, 0x9a, 0x08, 0x6d, 0x90, 0x07,
    0x6d, 0x91, 0x0d, 0x6a, 0x8e, 0x0a, 0x6a, 0x8f, 0x0f, 0x65, 0x8d, 0x11,
    0x5c, 0x8a, 0x02, 0x66, 0x98, 0x03, 0x6e, 0xa1, 0x08, 0x71, 0xa0, 0x0c,
    0x78, 0xa5, 0x17, 0x72, 0xa0, 0x11, 0x6a, 0x9c, 0x07, 0x6d, 0xa5, 0x08,
    0x6f, 0xab, 0x0a, 0x6c, 0xa9, 0x0b, 0x69, 0xa2, 0x0a, 0x64, 0x9a, 0x05,
    0x78, 0xa7, 0x09, 0x7f, 0xaf, 0x0c, 0x7c, 0xb2, 0x0e, 0x77, 0xa9, 0x0f,
    0x71, 0x8c, 0x0b, 0x7f, 0x7b, 0x14, 0x99, 0x89, 0x3a, 0x53, 0x3c, 0x15,
    0x2d, 0x0d, 0x01, 0x74, 0x55, 0x24, 0x8c, 0x7d, 0x27, 0x65, 0x71, 0x08,
    0x6f, 0x90, 0x0c, 0x61, 0x96, 0x09, 0x68, 0xa2, 0x0c, 0x74, 0xaf, 0x15,
    0x7a, 0xb4, 0x1f, 0x87, 0xbf, 0x35, 0x9c, 0xd0, 0x55, 0xaa, 0xd9, 0x71,
    0xb2, 0xdb, 0x82, 0xb6, 0xda, 0x84, 0xbd, 0xdc, 0x87, 0xbe, 0xd7, 0x84,
    0xaf, 0xbf, 0x6f, 0xa3, 0xac, 0x5c, 0xa5, 0xab, 0x52, 0xa6, 0xab, 0x50,
    0xa6, 0xab, 0x50, 0xa7, 0xac, 0x51, 0xa8, 0xad, 0x51, 0xa8, 0xad, 0x51,
    0xa8, 0xad, 0x51, 0xa8, 0xad, 0x51, 0xa8, 0xad, 0x51, 0xa8, 0xad, 0x51,
    0xa8, 0xad, 0x51, 0xa8, 0xad, 0x51, 0xa8, 0xad, 0x51, 0xa9, 0xae, 0x53,
    0xa9, 0xae, 0x54, 0xa9, 0xae, 0x54, 0xa8, 0xad, 0x53, 0xa8, 0xad, 0x53,
    0xa9, 0xae, 0x54, 0xaa, 0xaf, 0x54, 0xaa, 0xaf, 0x53, 0xab, 0xb0, 0x54,
    0xac, 0xb1, 0x55, 0xac, 0xb1, 0x55, 0xac, 0xb1, 0x55, 0xac, 0xb1, 0x55,
    0xac, 0xb0, 0x54, 0xac, 0xaf, 0x54, 0xac, 0xaf, 0x54, 0xad, 0xb0, 0x55,
    0xad, 0xb0, 0x55, 0xad, 0xb0, 0x55, 0xae, 0xb0, 0x56, 0xb1, 0xaf, 0x57,
    0xa8, 0xb4, 0x5e, 0xa8, 0xb4, 0x5e, 0xa8, 0xb4, 0x5e, 0xa9, 0xb5, 0x5f,
    0xa9, 0xb5, 0x5f, 0xaa, 0xb6, 0x60, 0xab, 0xb7, 0x61, 0xab, 0xb7, 0x61,
    0xab, 0xb7, 0x61, 0xab, 0xb7, 0x61, 0xab, 0xb7, 0x61, 0xab, 0xb7, 0x61,
    0xab, 0xb7, 0x61, 0xaa, 0xb8, 0x61, 0xaa, 0xb8, 0x61, 0xaa, 0xb8, 0x61,
    0xaa, 0xb8, 0x61, 0xaa, 0xb8, 0x61, 0xaa, 0xb8, 0x61, 0xa9, 0xb7, 0x60,
    0xa9, 0xb8, 0x5e, 0xa8, 0xb9, 0x58, 0xab, 0xb6, 0x5f, 0xb8, 0xb4, 0x6d,
    0xd9, 0xc4, 0x7a, 0xec, 0xcd, 0x72, 0xd1, 0xbe, 0x57, 0xba, 0xb3, 0x4e,
    0xaa, 0xb2, 0x53, 0xa4, 0xb6, 0x5d, 0xa2, 0xb6, 0x5d, 0xa4, 0xb6, 0x59,
    0xa9, 0xb4, 0x59, 0xad, 0xb3, 0x58, 0xa9, 0xb3, 0x54, 0xa3, 0xb3, 0x55,
    0x9e, 0xb5, 0x5f, 0x72, 0x8b, 0x48, 0x5b, 0x76, 0x43, 0x66, 0x7f, 0x58,
    0x5d, 0x76, 0x55, 0x5b, 0x76, 0x54, 0x60, 0x7c, 0x57, 0x64, 0x7f, 0x56,
    0x52, 0x6b, 0x3c, 0x59, 0x70, 0x40, 0x57, 0x6e, 0x3e, 0x49, 0x60, 0x30,
    0x5b, 0x71, 0x3e, 0x62, 0x77, 0x41, 0x58, 0x6c, 0x34, 0x6d, 0x81, 0x47,
    0x7b, 0x90, 0x54, 0x6a, 0x7f, 0x41, 0x70, 0x85, 0x47, 0x8f, 0xa5, 0x64,
    0x8d, 0xa2, 0x61, 0x73, 0x88, 0x47, 0x80, 0x96, 0x54, 0x83, 0x9b, 0x59,
    0x6b, 0x82, 0x42, 0x86, 0x9c, 0x5c, 0x93, 0xa8, 0x6a, 0x7a, 0x8e, 0x52,
    0x85, 0x98, 0x5d, 0x82, 0x95, 0x5b, 0x75, 0x8a, 0x4f, 0x8f, 0xa4, 0x64,
    0x94, 0xa8, 0x66, 0x70, 0x82, 0x41, 0x8e, 0xa1, 0x60, 0x9a, 0xad, 0x6c,
    0x82, 0x96, 0x55, 0x7b, 0x8e, 0x4f, 0x95, 0xaa, 0x6a, 0x85, 0x9b, 0x59,
    0x73, 0x8b, 0x48, 0x90, 0xa7, 0x69, 0x96, 0xab, 0x70, 0x79, 0x8c, 0x52,
    0x90, 0xa4, 0x68, 0xa3, 0xb6, 0x79, 0x85, 0x9a, 0x5b, 0x70, 0x85, 0x44,
    0x72, 0x86, 0x44, 0x71, 0x82, 0x3d, 0x8b, 0x9d, 0x57, 0x8f, 0xa3, 0x5e,
    0x5c, 0x72, 0x2c, 0x60, 0x77, 0x31, 0x6f, 0x84, 0x41, 0x72, 0x88, 0x48,
    0x84, 0x98, 0x5e, 0x68, 0x7b, 0x44, 0x43, 0x57, 0x21, 0x4a, 0x5d, 0x2a,
    0x50, 0x63, 0x31, 0x45, 0x57, 0x29, 0x32, 0x3e, 0x18, 0x29, 0x33, 0x11,
    0x2c, 0x35, 0x13, 0x29, 0x32, 0x13, 0x1e, 0x27, 0x0a, 0x24, 0x2d, 0x12,
    0x28, 0x32, 0x17, 0x2e, 0x37, 0x19, 0x24, 0x28, 0x0b, 0x2d, 0x2c, 0x0f,
    0x4a, 0x40, 0x25, 0x68, 0x56, 0x3c, 0x78, 0x60, 0x47, 0x96, 0x7e, 0x63,
    0xad, 0x96, 0x77, 0xc0, 0xa9, 0x88, 0xcc, 0xb7, 0x92, 0xd5, 0xc7, 0x9a,
    0xcb, 0xc3, 0x8c, 0xae, 0xaf, 0x6a, 0x9b, 0xa6, 0x53, 0x7b, 0x88, 0x35,
    0x61, 0x6e, 0x1f, 0x55, 0x62, 0x17, 0x54, 0x60, 0x1a, 0x51, 0x5c, 0x18,
    0x57, 0x63, 0x1f, 0x58, 0x66, 0x1f, 0x58, 0x69, 0x21, 0x5d, 0x71, 0x26,
    0x52, 0x6a, 0x19, 0x4a, 0x66, 0x10, 0x50, 0x70, 0x14, 0x4b, 0x70, 0x0e,
    0x50, 0x76, 0x0f, 0x4e, 0x75, 0x09, 0x56, 0x7e, 0x0d, 0x6b, 0x94, 0x12,
    0x67, 0x90, 0x09, 0x6b, 0x93, 0x0d, 0x81, 0xa3, 0x1b, 0x77, 0x96, 0x10,
    0x83, 0x9d, 0x16, 0x98, 0xb1, 0x21, 0x7e, 0x99, 0x0a, 0x92, 0xb1, 0x0f,
    0x90, 0xb3, 0x0e, 0x8a, 0xad, 0x0c, 0x84, 0xa6, 0x0c, 0x7c, 0x9c, 0x0e,
    0x6e, 0x8d, 0x09, 0x69, 0x88, 0x09, 0x5d, 0x7d, 0x07, 0x56, 0x7c, 0x07,
    0x5c, 0x85, 0x05, 0x65, 0x91, 0x05, 0x71, 0x9e, 0x0c, 0x71, 0x9d, 0x0d,
    0x72, 0x9d, 0x12, 0x6f, 0x9a, 0x10, 0x64, 0x90, 0x05, 0x60, 0x8d, 0x02,
    0x6c, 0x99, 0x0c, 0x73, 0x9e, 0x15, 0x60, 0x89, 0x05, 0x67, 0x8f, 0x07,
    0x6f, 0x9a, 0x06, 0x7b, 0xaa, 0x0d, 0x7d, 0xb1, 0x0d, 0x7e, 0xab, 0x0c,
    0x80, 0x9b, 0x0d, 0x7f, 0x86, 0x0c, 0x9c, 0x8d, 0x2f, 0x57, 0x3b, 0x0d,
    0x3d, 0x1c, 0x00, 0x69, 0x4d, 0x16, 0x82, 0x79, 0x22, 0x76, 0x86, 0x12,
    0x94, 0xb6, 0x28, 0x81, 0xad, 0x1f, 0x6f, 0xa2, 0x0d, 0x6f, 0xa7, 0x0c,
    0x72, 0xab, 0x11, 0x79, 0xaf, 0x1c, 0x7b, 0xad, 0x22, 0x88, 0xb9, 0x38,
    0xa5, 0xd3, 0x5b, 0xac, 0xd5, 0x64, 0xaf, 0xda, 0x70, 0xaf, 0xda, 0x78,
    0xb4, 0xd3, 0x7c, 0xa5, 0xb4, 0x63, 0xa6, 0xac, 0x54, 0xa7, 0xac, 0x52,
    0xa7, 0xac, 0x52, 0xa7, 0xac, 0x52, 0xa7, 0xac, 0x52, 0xa7, 0xac, 0x52,
    0xa7, 0xac, 0x52, 0xa6, 0xac, 0x52, 0xa6, 0xac, 0x52, 0xa6, 0xac, 0x52,
    0xa6, 0xac, 0x52, 0xa6, 0xac, 0x52, 0xa6, 0xac, 0x52, 0xa7, 0xad, 0x53,
    0xa7, 0xad, 0x53, 0xa7, 0xad, 0x53, 0xa8, 0xae, 0x54, 0xa8, 0xae, 0x54,
    0xa8, 0xae, 0x54, 0xa9, 0xaf, 0x55, 0xaa, 0xb0, 0x56, 0xaa, 0xb0, 0x56,
    0xaa, 0xb0, 0x56, 0xa9, 0xaf, 0x55, 0xa9, 0xaf, 0x55, 0xa9, 0xaf, 0x55,
    0xaa, 0xaf, 0x55, 0xaa, 0xaf, 0x55, 0xaa, 0xaf, 0x55, 0xab, 0xb0, 0x56,
    0xac, 0xb1, 0x57, 0xac, 0xb1, 0x57, 0xad, 0xb0, 0x58, 0xae, 0xaf, 0x5a,
    0xa8, 0xb4, 0x5e, 0xa8, 0xb4, 0x5e, 0xa8, 0xb4, 0x5e, 0xa8, 0xb4, 0x5e,
    0xa8, 0xb4, 0x5e, 0xaa, 0xb6, 0x60, 0xaa, 0xb6, 0x60, 0xaa, 0xb6, 0x60,
    0xaa, 0xb6, 0x60, 0xaa, 0xb6, 0x60, 0xaa, 0xb6, 0x60, 0xaa, 0xb6, 0x60,
    0xaa, 0xb6, 0x60, 0xa9, 0xb7, 0x60, 0xa9, 0xb7, 0x60, 0xa9, 0xb7, 0x60,
    0xa9, 0xb7, 0x60, 0xa9, 0xb7, 0x60, 0xa9, 0xb7, 0x60, 0xa9, 0xb6, 0x60,
    0xa9, 0xb7, 0x5c, 0xa7, 0xb7, 0x59, 0xac, 0xb7, 0x68, 0xba, 0xb6, 0x7a,
    0xce, 0xba, 0x76, 0xd0, 0xb3, 0x57, 0xbe, 0xae, 0x46, 0xb1, 0xae, 0x4a,
    0xa8, 0xb1, 0x55, 0xa2, 0xb5, 0x5e, 0xa2, 0xb6, 0x5e, 0xa5, 0xb6, 0x58,
    0xa9, 0xb4, 0x57, 0xab, 0xb2, 0x5a, 0xab, 0xb5, 0x58, 0xa9, 0xb7, 0x59,
    0xa0, 0xb4, 0x5b, 0x8e, 0xa5, 0x5b, 0x64, 0x7d, 0x41, 0x53, 0x6c, 0x41,
    0x5a, 0x75, 0x52, 0x66, 0x82, 0x60, 0x56, 0x73, 0x50, 0x59, 0x76, 0x4e,
    0x46, 0x60, 0x33, 0x55, 0x6c, 0x3e, 0x55, 0x6b, 0x3e, 0x4f, 0x66, 0x37,
    0x68, 0x7e, 0x4d, 0x6a, 0x7f, 0x4c, 0x5c, 0x6e, 0x39, 0x6e, 0x81, 0x49,
    0x6f, 0x83, 0x49, 0x66, 0x7a, 0x3e, 0x60, 0x74, 0x37, 0x71, 0x85, 0x46,
    0x76, 0x8b, 0x4b, 0x61, 0x76, 0x35, 0x76, 0x8c, 0x49, 0x8a, 0xa2, 0x5c,
    0x78, 0x8f, 0x4b, 0x7f, 0x95, 0x52, 0x93, 0xa7, 0x66, 0x7c, 0x8f, 0x51,
    0x71, 0x82, 0x44, 0x95, 0xa7, 0x68, 0x8c, 0xa0, 0x60, 0x78, 0x8d, 0x4c,
    0x85, 0x99, 0x59, 0x80, 0x95, 0x54, 0x7c, 0x91, 0x50, 0x8f, 0xa4, 0x63,
    0x80, 0x94, 0x55, 0x6e, 0x82, 0x44, 0x8c, 0xa1, 0x62, 0x8d, 0xa5, 0x65,
    0x6d, 0x87, 0x46, 0x79, 0x92, 0x52, 0x8d, 0xa5, 0x66, 0x81, 0x95, 0x58,
    0x80, 0x94, 0x56, 0x7e, 0x93, 0x52, 0x75, 0x8a, 0x47, 0x90, 0xa5, 0x60,
    0x88, 0x9d, 0x57, 0x5a, 0x6d, 0x28, 0x77, 0x8b, 0x43, 0x89, 0x9e, 0x57,
    0x6c, 0x81, 0x3c, 0x72, 0x89, 0x44, 0x58, 0x6f, 0x2d, 0x5d, 0x74, 0x36,
    0x6e, 0x81, 0x4b, 0x56, 0x68, 0x34, 0x53, 0x65, 0x32, 0x31, 0x43, 0x13,
    0x44, 0x56, 0x27, 0x3a, 0x4b, 0x1e, 0x35, 0x3f, 0x1b, 0x24, 0x2b, 0x0a,
    0x2b, 0x32, 0x12, 0x2e, 0x36, 0x18, 0x20, 0x29, 0x0c, 0x20, 0x2a, 0x0e,
    0x27, 0x2e, 0x14, 0x2a, 0x2e, 0x14, 0x27, 0x27, 0x0c, 0x2b, 0x26, 0x0b,
    0x58, 0x4b, 0x31, 0x92, 0x7e, 0x65, 0x7e, 0x65, 0x4c, 0x88, 0x70, 0x51,
    0x98, 0x7f, 0x5f, 0xb1, 0x95, 0x78, 0xc9, 0xad, 0x90, 0xce, 0xb7, 0x91,
    0xd2, 0xc3, 0x93, 0xc2, 0xbb, 0x7f, 0xaf, 0xb3, 0x66, 0xa5, 0xac, 0x5d,
    0x90, 0x99, 0x4c, 0x73, 0x7c, 0x34, 0x65, 0x6f, 0x2a, 0x59, 0x64, 0x20,
    0x52, 0x5c, 0x19, 0x4f, 0x59, 0x15, 0x5b, 0x68, 0x21, 0x59, 0x6a, 0x1e,
    0x59, 0x6f, 0x1e, 0x54, 0x6d, 0x19, 0x47, 0x64, 0x0b, 0x48, 0x6b, 0x09,
    0x51, 0x76, 0x0d, 0x5a, 0x81, 0x10, 0x66, 0x8c, 0x12, 0x69, 0x92, 0x0e,
    0x65, 0x8d, 0x07, 0x79, 0x9f, 0x14, 0x72, 0x94, 0x0c, 0x71, 0x8e, 0x08,
    0x7b, 0x94, 0x0c, 0x9d, 0xb5, 0x1e, 0x8a, 0xa4, 0x0b, 0xa1, 0xbf, 0x19,
    0x98, 0xb8, 0x10, 0x8f, 0xaf, 0x0a, 0x8c, 0xab, 0x0e, 0x81, 0x9e, 0x0c,
    0x71, 0x8c, 0x05, 0x77, 0x91, 0x0f, 0x61, 0x7e, 0x07, 0x59, 0x7c, 0x09,
    0x5e, 0x83, 0x0a, 0x5b, 0x80, 0x03, 0x5c, 0x82, 0x02, 0x5b, 0x82, 0x03,
    0x61, 0x87, 0x06, 0x6a, 0x90, 0x0c, 0x64, 0x8a, 0x07, 0x62, 0x87, 0x05,
    0x68, 0x8b, 0x0b, 0x68, 0x89, 0x0b, 0x61, 0x80, 0x04, 0x6f, 0x8f, 0x0f,
    0x76, 0x9b, 0x11, 0x80, 0xab, 0x18, 0x7f, 0xaf, 0x12, 0x78, 0xa2, 0x0a,
    0x8b, 0xa6, 0x1a, 0x6f, 0x7c, 0x09, 0x9e, 0x96, 0x2c, 0x86, 0x71, 0x1d,
    0x67, 0x50, 0x0b, 0x79, 0x67, 0x1d, 0x66, 0x67, 0x11, 0x79, 0x91, 0x16,
    0x80, 0xa8, 0x12, 0x79, 0xa5, 0x16, 0x69, 0x9a, 0x0b, 0x68, 0x9e, 0x07,
    0x6b, 0xa3, 0x09, 0x72, 0xa7, 0x10, 0x6d, 0x9a, 0x0b, 0x71, 0x9d, 0x15,
    0x94, 0xbd, 0x3c, 0x99, 0xbd, 0x44, 0x9d, 0xc7, 0x55, 0xa6, 0xd4, 0x6a,
    0xac, 0xce, 0x72, 0xa3, 0xb5, 0x60, 0xa5, 0xac, 0x53, 0xa7, 0xac, 0x52,
    0xa7, 0xac, 0x52, 0xa7, 0xac, 0x52, 0xa7, 0xac, 0x52, 0xa7, 0xac, 0x52,
    0xa7, 0xac, 0x52, 0xa6, 0xac, 0x52, 0xa6, 0xac, 0x52, 0xa6, 0xac, 0x52,
    0xa6, 0xac, 0x52, 0xa6, 0xac, 0x52, 0xa6, 0xac, 0x52, 0xa7, 0xad, 0x53,
    0xa7, 0xad, 0x53, 0xa7, 0xad, 0x53, 0xa8, 0xae, 0x54, 0xa8, 0xae, 0x54,
    0xa8, 0xae, 0x54, 0xa9, 0xaf, 0x55, 0xaa, 0xb0, 0x56, 0xaa, 0xb0, 0x56,
    0xaa, 0xb0, 0x56, 0xa9, 0xaf, 0x55, 0xa9, 0xaf, 0x55, 0xa9, 0xaf, 0x55,
    0xaa, 0xaf, 0x55, 0xaa, 0xaf, 0x55, 0xaa, 0xaf, 0x55, 0xab, 0xb0, 0x56,
    0xac, 0xb1, 0x57, 0xac, 0xb1, 0x57, 0xac, 0xb0, 0x58, 0xad, 0xaf, 0x5b,
    0xa7, 0xb3, 0x5d, 0xa7, 0xb3, 0x5d, 0xa7, 0xb3, 0x5d, 0xa7, 0xb3, 0x5d,
    0xa8, 0xb4, 0x5e, 0xa9, 0xb5, 0x5f, 0xa9, 0xb5, 0x5f, 0xa9, 0xb5, 0x5f,
    0xa9, 0xb5, 0x5f, 0xa9, 0xb5, 0x5f, 0xa9, 0xb5, 0x5f, 0xa9, 0xb5, 0x5f,
    0xa9, 0xb5, 0x5f, 0xa8, 0xb6, 0x5f, 0xa8, 0xb6, 0x5f, 0xa8, 0xb6, 0x5f,
    0xa8, 0xb6, 0x5f, 0xa8, 0xb6, 0x5f, 0xa8, 0xb6, 0x5f, 0xaa, 0xb7, 0x60,
    0xa9, 0xb6, 0x5e, 0xa8, 0xb6, 0x64, 0xad, 0xb7, 0x78, 0xb0, 0xae, 0x7d,
    0x9d, 0x8f, 0x51, 0xa5, 0x91, 0x37, 0xb4, 0xab, 0x44, 0xb1, 0xb2, 0x4f,
    0xaa, 0xb4, 0x58, 0xa4, 0xb5, 0x5e, 0xa4, 0xb5, 0x5d, 0xa7, 0xb4, 0x59,
    0xa9, 0xb3, 0x59, 0xa8, 0xb2, 0x5c, 0xa8, 0xb4, 0x5a, 0xa7, 0xb6, 0x59,
    0xa3, 0xb5, 0x5c, 0x9f, 0xb4, 0x64, 0x7f, 0x94, 0x50, 0x5c, 0x72, 0x42,
    0x5d, 0x77, 0x4f, 0x5d, 0x78, 0x54, 0x59, 0x77, 0x53, 0x4e, 0x6b, 0x45,
    0x47, 0x61, 0x37, 0x49, 0x61, 0x35, 0x4b, 0x62, 0x36, 0x41, 0x57, 0x29,
    0x4f, 0x65, 0x35, 0x53, 0x68, 0x35, 0x4c, 0x5f, 0x2a, 0x59, 0x6c, 0x35,
    0x62, 0x75, 0x3d, 0x5b, 0x6f, 0x35, 0x57, 0x6b, 0x2f, 0x6a, 0x7e, 0x40,
    0x6f, 0x83, 0x44, 0x5e, 0x73, 0x33, 0x75, 0x8b, 0x48, 0x86, 0x9e, 0x57,
    0x88, 0x9f, 0x58, 0x6a, 0x80, 0x3c, 0x7f, 0x93, 0x51, 0x82, 0x95, 0x55,
    0x6f, 0x81, 0x42, 0x8c, 0x9f, 0x5e, 0x8f, 0xa4, 0x61, 0x6d, 0x82, 0x3f,
    0x7a, 0x8f, 0x4c, 0x96, 0xab, 0x68, 0x8a, 0x9f, 0x5c, 0x66, 0x7b, 0x38,
    0x81, 0x94, 0x54, 0x91, 0xa5, 0x65, 0x76, 0x8b, 0x4b, 0x70, 0x87, 0x47,
    0x89, 0xa1, 0x60, 0x85, 0x9e, 0x5d, 0x6b, 0x83, 0x42, 0x84, 0x99, 0x5a,
    0x98, 0xad, 0x6c, 0x80, 0x95, 0x53, 0x60, 0x75, 0x31, 0x86, 0x9b, 0x55,
    0x8b, 0xa1, 0x59, 0x6d, 0x80, 0x3a, 0x69, 0x7d, 0x38, 0x66, 0x7a, 0x36,
    0x72, 0x87, 0x44, 0x83, 0x99, 0x57, 0x64, 0x7a, 0x3a, 0x43, 0x59, 0x1e,
    0x54, 0x67, 0x33, 0x53, 0x65, 0x32, 0x4f, 0x61, 0x30, 0x33, 0x44, 0x16,
    0x31, 0x43, 0x15, 0x32, 0x42, 0x17, 0x30, 0x3b, 0x17, 0x25, 0x2c, 0x0b,
    0x2a, 0x31, 0x11, 0x2b, 0x33, 0x15, 0x23, 0x2b, 0x0f, 0x1f, 0x27, 0x0c,
    0x1e, 0x24, 0x0b, 0x26, 0x29, 0x12, 0x21, 0x20, 0x07, 0x2c, 0x26, 0x0c,
    0x52, 0x44, 0x2a, 0x6f, 0x5b, 0x3f, 0x75, 0x5d, 0x40, 0x7f, 0x67, 0x45,
    0x98, 0x7e, 0x5b, 0x97, 0x79, 0x5b, 0xc8, 0xaa, 0x8d, 0xd7, 0xbd, 0x9b,
    0xd0, 0xbc, 0x92, 0xc3, 0xb7, 0x84, 0xb2, 0xaf, 0x6d, 0xae, 0xaf, 0x68,
    0xad, 0xb1, 0x68, 0xa2, 0xab, 0x5f, 0x91, 0x9c, 0x4f, 0x79, 0x86, 0x37,
    0x61, 0x6d, 0x21, 0x57, 0x62, 0x19, 0x58, 0x65, 0x19, 0x58, 0x68, 0x1a,
    0x5b, 0x71, 0x1f, 0x60, 0x78, 0x25, 0x59, 0x73, 0x1d, 0x54, 0x74, 0x15,
    0x52, 0x75, 0x0e, 0x57, 0x7b, 0x0c, 0x63, 0x88, 0x0e, 0x6b, 0x91, 0x0e,
    0x6f, 0x97, 0x0c, 0x7b, 0xa2, 0x13, 0x7b, 0x9e, 0x10, 0x86, 0xa4, 0x14,
    0x9b, 0xb5, 0x1f, 0x8d, 0xa7, 0x0b, 0x96, 0xb3, 0x11, 0x9a, 0xba, 0x11,
    0x98, 0xb7, 0x0d, 0x9a, 0xb7, 0x11, 0x98, 0xb3, 0x14, 0x89, 0xa3, 0x0d,
    0x7f, 0x97, 0x0b, 0x74, 0x8b, 0x06, 0x71, 0x8b, 0x0c, 0x5f, 0x7e, 0x09,
    0x5a, 0x79, 0x08, 0x5d, 0x7c, 0x0c, 0x65, 0x84, 0x13, 0x68, 0x87, 0x14,
    0x61, 0x82, 0x0a, 0x5d, 0x7e, 0x03, 0x60, 0x81, 0x04, 0x61, 0x81, 0x04,
    0x64, 0x81, 0x06, 0x6b, 0x87, 0x0d, 0x74, 0x8f, 0x15, 0x7d, 0x98, 0x1b,
    0x76, 0x96, 0x13, 0x6e, 0x94, 0x09, 0x74, 0x9f, 0x0d, 0x7a, 0xa2, 0x12,
    0x86, 0xa2, 0x1d, 0x78, 0x89, 0x15, 0x86, 0x88, 0x1a, 0x8f, 0x88, 0x20,
    0x8b, 0x81, 0x25, 0x7b, 0x77, 0x1c, 0x5f, 0x6a, 0x08, 0x6f, 0x8f, 0x0c,
    0x77, 0xa4, 0x0c, 0x7a, 0xa9, 0x19, 0x85, 0xb9, 0x26, 0x6b, 0xa1, 0x0c,
    0x6a, 0x9f, 0x08, 0x6f, 0x9f, 0x0c, 0x67, 0x91, 0x06, 0x72, 0x97, 0x12,
    0x7b, 0x99, 0x1c, 0x80, 0x99, 0x23, 0x8f, 0xae, 0x3c, 0x9b, 0xc2, 0x57,
    0x9f, 0xbe, 0x5d, 0xa3, 0xb3, 0x59, 0xa6, 0xab, 0x53, 0xa7, 0xab, 0x53,
    0xa7, 0xab, 0x53, 0xa7, 0xab, 0x53, 0xa7, 0xab, 0x53, 0xa7, 0xab, 0x53,
    0xa7, 0xab, 0x53, 0xa6, 0xac, 0x53, 0xa6, 0xac, 0x53, 0xa6, 0xac, 0x53,
    0xa6, 0xac, 0x53, 0xa6, 0xac, 0x53, 0xa6, 0xac, 0x53, 0xa7, 0xad, 0x54,
    0xa7, 0xad, 0x54, 0xa7, 0xad, 0x54, 0xa8, 0xae, 0x55, 0xa8, 0xae, 0x55,
    0xa8, 0xae, 0x55, 0xa8, 0xae, 0x55, 0xa9, 0xaf, 0x56, 0xa9, 0xaf, 0x56,
    0xa9, 0xaf, 0x56, 0xa9, 0xaf, 0x56, 0xa9, 0xaf, 0x56, 0xa9, 0xaf, 0x56,
    0xaa, 0xae, 0x56, 0xaa, 0xae, 0x56, 0xaa, 0xae, 0x56, 0xab, 0xaf, 0x57,
    0xab, 0xaf, 0x57, 0xab, 0xaf, 0x57, 0xab, 0xaf, 0x58, 0xac, 0xae, 0x5a,
    0xa7, 0xb3, 0x5d, 0xa7, 0xb3, 0x5d, 0xa7, 0xb3, 0x5d, 0xa7, 0xb3, 0x5d,
    0xa7, 0xb3, 0x5d, 0xa8, 0xb4, 0x5e, 0xa9, 0xb5, 0x5f, 0xa9, 0xb5, 0x5f,
    0xa9, 0xb5, 0x5f, 0xa9, 0xb5, 0x5f, 0xa9, 0xb5, 0x5f, 0xa9, 0xb5, 0x5f,
    0xa9, 0xb5, 0x5f, 0xa8, 0xb6, 0x5f, 0xa8, 0xb6, 0x5f, 0xa8, 0xb6, 0x5f,
    0xa8, 0xb6, 0x5f, 0xa8, 0xb6, 0x5f, 0xa8, 0xb6, 0x5f, 0xaa, 0xb6, 0x5f,
    0xa9, 0xb4, 0x60, 0xaa, 0xb5, 0x71, 0xac, 0xb5, 0x85, 0x9a, 0x9c, 0x73,
    0x72, 0x6c, 0x30, 0x8f, 0x87, 0x2e, 0xad, 0xae, 0x48, 0xab, 0xb4, 0x50,
    0xa6, 0xb4, 0x58, 0xa4, 0xb4, 0x5c, 0xa5, 0xb5, 0x5d, 0xa9, 0xb3, 0x59,
    0xaa, 0xb3, 0x5a, 0xa7, 0xb3, 0x60, 0xa5, 0xb3, 0x5c, 0xa4, 0xb4, 0x58,
    0xa7, 0xb7, 0x5c, 0xa3, 0xb3, 0x5f, 0x9b, 0xab, 0x61, 0x6b, 0x7f, 0x47,
    0x5c, 0x75, 0x47, 0x54, 0x70, 0x46, 0x5c, 0x7a, 0x53, 0x52, 0x6e, 0x49,
    0x5c, 0x75, 0x4f, 0x59, 0x70, 0x47, 0x62, 0x79, 0x4e, 0x53, 0x69, 0x3d,
    0x59, 0x6e, 0x40, 0x61, 0x75, 0x44, 0x4e, 0x60, 0x2c, 0x62, 0x75, 0x3f,
    0x6d, 0x80, 0x48, 0x66, 0x79, 0x41, 0x5d, 0x71, 0x37, 0x6c, 0x80, 0x44,
    0x6c, 0x80, 0x43, 0x53, 0x67, 0x28, 0x5c, 0x72, 0x31, 0x67, 0x7f, 0x38,
    0x6b, 0x82, 0x3a, 0x5e, 0x74, 0x2d, 0x7e, 0x92, 0x4e, 0x8f, 0xa3, 0x61,
    0x78, 0x8a, 0x4a, 0x6b, 0x7d, 0x3c, 0x79, 0x8e, 0x49, 0x7a, 0x8f, 0x4a,
    0x75, 0x89, 0x44, 0x8a, 0x9f, 0x5a, 0x89, 0x9e, 0x59, 0x68, 0x7c, 0x38,
    0x7d, 0x90, 0x4e, 0x97, 0xab, 0x6a, 0x80, 0x95, 0x54, 0x61, 0x77, 0x35,
    0x89, 0xa1, 0x5f, 0x96, 0xaf, 0x6d, 0x70, 0x89, 0x46, 0x70, 0x85, 0x43,
    0x92, 0xa7, 0x63, 0x7f, 0x94, 0x51, 0x6a, 0x80, 0x3a, 0x6a, 0x80, 0x38,
    0x69, 0x7f, 0x37, 0x7c, 0x8e, 0x4b, 0x8c, 0x9e, 0x5e, 0x63, 0x76, 0x37,
    0x5a, 0x6e, 0x2f, 0x72, 0x88, 0x4a, 0x5b, 0x70, 0x33, 0x4d, 0x62, 0x2a,
    0x31, 0x43, 0x12, 0x4f, 0x60, 0x30, 0x42, 0x54, 0x25, 0x37, 0x48, 0x1b,
    0x20, 0x31, 0x07, 0x2a, 0x3a, 0x10, 0x2d, 0x38, 0x14, 0x25, 0x2c, 0x0d,
    0x24, 0x2b, 0x0b, 0x2e, 0x35, 0x17, 0x2a, 0x30, 0x14, 0x27, 0x2c, 0x12,
    0x1f, 0x23, 0x0c, 0x1e, 0x1e, 0x0a, 0x1c, 0x19, 0x06, 0x35, 0x2e, 0x14,
    0x4a, 0x3b, 0x1f, 0x50, 0x3e, 0x1f, 0x5e, 0x46, 0x25, 0x78, 0x60, 0x3a,
    0xa2, 0x88, 0x62, 0xaf, 0x90, 0x70, 0xc9, 0xa9, 0x8b, 0xe0, 0xc3, 0xa4,
    0xd9, 0xc0, 0x9d, 0xbf, 0xac, 0x83, 0xb4, 0xaa, 0x73, 0xb2, 0xad, 0x70,
    0xae, 0xae, 0x6a, 0xab, 0xb2, 0x65, 0xaa, 0xb5, 0x62, 0xa0, 0xb0, 0x57,
    0x91, 0xa0, 0x4b, 0x7d, 0x88, 0x3a, 0x62, 0x6f, 0x20, 0x50, 0x5e, 0x0f,
    0x4f, 0x62, 0x11, 0x5b, 0x71, 0x1f, 0x61, 0x78, 0x24, 0x5e, 0x7a, 0x1e,
    0x53, 0x71, 0x0d, 0x58, 0x78, 0x0c, 0x5d, 0x80, 0x09, 0x63, 0x88, 0x07,
    0x6c, 0x91, 0x0a, 0x71, 0x97, 0x09, 0x78, 0x9c, 0x0a, 0x89, 0xa9, 0x14,
    0x90, 0xad, 0x14, 0x91, 0xae, 0x10, 0x94, 0xb3, 0x10, 0x98, 0xba, 0x12,
    0x9b, 0xb8, 0x11, 0x95, 0xb0, 0x0c, 0x94, 0xae, 0x10, 0x8e, 0xa6, 0x10,
    0x83, 0x9a, 0x0b, 0x7d, 0x93, 0x0a, 0x70, 0x88, 0x05, 0x64, 0x80, 0x06,
    0x60, 0x7b, 0x0d, 0x5b, 0x75, 0x10, 0x5f, 0x78, 0x15, 0x6c, 0x86, 0x1b,
    0x74, 0x90, 0x1a, 0x6b, 0x88, 0x0e, 0x65, 0x82, 0x08, 0x5f, 0x7b, 0x02,
    0x62, 0x7c, 0x06, 0x69, 0x81, 0x0a, 0x69, 0x81, 0x07, 0x69, 0x81, 0x06,
    0x6b, 0x86, 0x05, 0x68, 0x89, 0x02, 0x6b, 0x91, 0x06, 0x6b, 0x8f, 0x08,
    0x75, 0x93, 0x14, 0x7f, 0x94, 0x20, 0x69, 0x75, 0x08, 0x71, 0x79, 0x0a,
    0x6e, 0x73, 0x0d, 0x6a, 0x73, 0x0e, 0x76, 0x8c, 0x19, 0x6e, 0x94, 0x0d,
    0x6b, 0x9c, 0x09, 0x7b, 0xae, 0x1d, 0x78, 0xac, 0x1b, 0x80, 0xb3, 0x20,
    0x82, 0xb2, 0x1f, 0x80, 0xaa, 0x1c, 0x6d, 0x92, 0x09, 0x6d, 0x8a, 0x08,
    0x6b, 0x7f, 0x08, 0x6e, 0x7d, 0x0c, 0x96, 0xac, 0x3b, 0x9c, 0xbb, 0x4e,
    0x90, 0xaa, 0x44, 0xa4, 0xb1, 0x52, 0xa7, 0xac, 0x54, 0xa7, 0xab, 0x54,
    0xa7, 0xab, 0x54, 0xa7, 0xab, 0x54, 0xa7, 0xab, 0x54, 0xa7, 0xab, 0x54,
    0xa7, 0xab, 0x54, 0xa6, 0xac, 0x54, 0xa6, 0xac, 0x54, 0xa6, 0xac, 0x54,
    0xa6, 0xac, 0x54, 0xa6, 0xac, 0x54, 0xa6, 0xac, 0x54, 0xa7, 0xad, 0x55,
    0xa7, 0xad, 0x55, 0xa7, 0xad, 0x55, 0xa8, 0xae, 0x56, 0xa8, 0xae, 0x56,
    0xa8, 0xae, 0x56, 0xa8, 0xae, 0x56, 0xa8, 0xae, 0x56, 0xa8, 0xae, 0x56,
    0xa8, 0xae, 0x56, 0xa9, 0xaf, 0x57, 0xa9, 0xaf, 0x57, 0xa9, 0xaf, 0x57,
    0xaa, 0xae, 0x57, 0xaa, 0xae, 0x57, 0xaa, 0xae, 0x57, 0xaa, 0xae, 0x57,
    0xaa, 0xae, 0x57, 0xaa, 0xae, 0x57, 0xaa, 0xae, 0x58, 0xab, 0xad, 0x59,
    0xa6, 0xb2, 0x5c, 0xa6, 0xb2, 0x5c, 0xa6, 0xb2, 0x5c, 0xa6, 0xb2, 0x5c,
    0xa7, 0xb3, 0x5d, 0xa8, 0xb4, 0x5e, 0xa8, 0xb4, 0x5e, 0xa8, 0xb4, 0x5e,
    0xa8, 0xb4, 0x5e, 0xa8, 0xb4, 0x5e, 0xa8, 0xb4, 0x5e, 0xa8, 0xb4, 0x5e,
    0xa8, 0xb4, 0x5e, 0xa7, 0xb5, 0x5e, 0xa7, 0xb5, 0x5e, 0xa7, 0xb5, 0x5e,
    0xa7, 0xb5, 0x5e, 0xa7, 0xb5, 0x5e, 0xa7, 0xb5, 0x5e, 0xa8, 0xb5, 0x5f,
    0xa9, 0xb4, 0x67, 0xac, 0xb5, 0x7f, 0xa7, 0xad, 0x8b, 0x7a, 0x7e, 0x5b,
    0x65, 0x67, 0x2b, 0x99, 0x9c, 0x45, 0xa9, 0xb2, 0x4f, 0xa7, 0xb4, 0x53,
    0xa6, 0xb6, 0x5a, 0xa6, 0xb6, 0x5d, 0xa7, 0xb4, 0x5c, 0xab, 0xb3, 0x5a,
    0xaa, 0xb3, 0x5c, 0xa6, 0xb5, 0x62, 0xa6, 0xb5, 0x5f, 0xa5, 0xb5, 0x5b,
    0xa6, 0xb5, 0x59, 0xa6, 0xb3, 0x5b, 0xaa, 0xb6, 0x64, 0x8c, 0x9d, 0x5c,
    0x64, 0x7a, 0x44, 0x56, 0x70, 0x40, 0x47, 0x63, 0x38, 0x51, 0x6d, 0x46,
    0x66, 0x7f, 0x5a, 0x58, 0x6e, 0x48, 0x5c, 0x73, 0x49, 0x48, 0x5e, 0x34,
    0x48, 0x5e, 0x31, 0x47, 0x5b, 0x2b, 0x3c, 0x4f, 0x1c, 0x49, 0x5b, 0x26,
    0x50, 0x63, 0x2c, 0x52, 0x65, 0x2f, 0x44, 0x57, 0x20, 0x53, 0x67, 0x2e,
    0x5a, 0x6d, 0x32, 0x54, 0x68, 0x2b, 0x53, 0x68, 0x29, 0x68, 0x80, 0x39,
    0x6a, 0x82, 0x39, 0x56, 0x6c, 0x24, 0x69, 0x7e, 0x39, 0x73, 0x86, 0x44,
    0x66, 0x78, 0x37, 0x59, 0x6b, 0x29, 0x7f, 0x93, 0x4e, 0x89, 0x9d, 0x58,
    0x70, 0x83, 0x3f, 0x62, 0x76, 0x31, 0x7a, 0x8e, 0x49, 0x84, 0x97, 0x53,
    0x78, 0x8b, 0x49, 0x7d, 0x8f, 0x4e, 0x7c, 0x90, 0x4e, 0x79, 0x8e, 0x4b,
    0x6f, 0x86, 0x42, 0x78, 0x90, 0x4d, 0x80, 0x97, 0x53, 0x7c, 0x91, 0x4c,
    0x6a, 0x7f, 0x3a, 0x6e, 0x83, 0x3e, 0x88, 0x9d, 0x58, 0x7a, 0x90, 0x49,
    0x51, 0x67, 0x21, 0x72, 0x84, 0x45, 0x7f, 0x91, 0x55, 0x59, 0x6c, 0x31,
    0x49, 0x5d, 0x23, 0x4f, 0x63, 0x2a, 0x57, 0x6c, 0x34, 0x52, 0x66, 0x31,
    0x33, 0x43, 0x14, 0x3a, 0x4a, 0x1c, 0x3b, 0x4b, 0x1e, 0x33, 0x42, 0x18,
    0x1f, 0x2e, 0x07, 0x28, 0x36, 0x0f, 0x2a, 0x35, 0x12, 0x2d, 0x35, 0x15,
    0x20, 0x27, 0x0a, 0x2a, 0x2f, 0x12, 0x29, 0x2d, 0x12, 0x2a, 0x2c, 0x13,
    0x21, 0x21, 0x0c, 0x15, 0x12, 0x03, 0x1f, 0x19, 0x06, 0x3e, 0x35, 0x1b,
    0x41, 0x33, 0x15, 0x5f, 0x4d, 0x2a, 0x69, 0x54, 0x2f, 0x6e, 0x57, 0x2f,
    0x97, 0x7c, 0x55, 0xa8, 0x8a, 0x67, 0xb8, 0x97, 0x79, 0xc3, 0xa2, 0x86,
    0xd6, 0xb9, 0x9d, 0xd6, 0xbe, 0x9f, 0xca, 0xb8, 0x8e, 0xbf, 0xb2, 0x80,
    0xb5, 0xaf, 0x71, 0xac, 0xaf, 0x65, 0xa9, 0xb4, 0x5e, 0xa6, 0xb6, 0x58,
    0xaa, 0xb9, 0x5d, 0xa3, 0xae, 0x5b, 0x9a, 0xa6, 0x54, 0x82, 0x8f, 0x3e,
    0x68, 0x77, 0x26, 0x56, 0x68, 0x17, 0x52, 0x64, 0x12, 0x55, 0x6c, 0x13,
    0x60, 0x79, 0x19, 0x5c, 0x77, 0x10, 0x54, 0x71, 0x04, 0x5e, 0x7f, 0x05,
    0x62, 0x84, 0x05, 0x66, 0x8a, 0x03, 0x74, 0x98, 0x0a, 0x7b, 0x9c, 0x0b,
    0x83, 0xa0, 0x0f, 0x88, 0xa7, 0x10, 0x89, 0xab, 0x0f, 0x89, 0xae, 0x0f,
    0x91, 0xae, 0x12, 0x8e, 0xa8, 0x0e, 0x8b, 0xa4, 0x0f, 0x87, 0x9f, 0x10,
    0x7b, 0x93, 0x09, 0x7a, 0x91, 0x0b, 0x70, 0x89, 0x06, 0x65, 0x80, 0x04,
    0x5f, 0x77, 0x0a, 0x51, 0x67, 0x0a, 0x3b, 0x50, 0x02, 0x45, 0x5c, 0x02,
    0x63, 0x7c, 0x0a, 0x73, 0x8d, 0x16, 0x84, 0x9e, 0x25, 0x83, 0x9c, 0x23,
    0x6e, 0x86, 0x0f, 0x63, 0x79, 0x04, 0x5f, 0x75, 0x01, 0x65, 0x7a, 0x02,
    0x69, 0x80, 0x02, 0x6c, 0x88, 0x03, 0x6d, 0x8e, 0x06, 0x6c, 0x8f, 0x0b,
    0x6f, 0x8e, 0x10, 0x65, 0x80, 0x0d, 0x71, 0x86, 0x0f, 0x73, 0x86, 0x11,
    0x6f, 0x81, 0x14, 0x68, 0x7d, 0x11, 0x68, 0x85, 0x11, 0x67, 0x90, 0x0d,
    0x70, 0xa1, 0x14, 0x73, 0xa6, 0x17, 0x81, 0xb1, 0x23, 0x89, 0xb6, 0x28,
    0x89, 0xb1, 0x25, 0x8f, 0xb3, 0x29, 0x80, 0x9e, 0x17, 0x77, 0x8d, 0x0d,
    0x77, 0x81, 0x10, 0x4a, 0x4f, 0x00, 0x8e, 0x9b, 0x36, 0x99, 0xaf, 0x41,
    0x8d, 0xa3, 0x3a, 0xa1, 0xad, 0x4a, 0xa7, 0xab, 0x53, 0xa7, 0xab, 0x54,
    0xa7, 0xab, 0x54, 0xa7, 0xab, 0x54, 0xa7, 0xab, 0x54, 0xa7, 0xab, 0x54,
    0xa7, 0xab, 0x54, 0xa6, 0xac, 0x54, 0xa6, 0xac, 0x54, 0xa6, 0xac, 0x54,
    0xa6, 0xac, 0x54, 0xa6, 0xac, 0x54, 0xa6, 0xac, 0x54, 0xa7, 0xad, 0x55,
    0xa7, 0xad, 0x55, 0xa7, 0xad, 0x55, 0xa8, 0xae, 0x56, 0xa8, 0xae, 0x56,
    0xa8, 0xae, 0x56, 0xa8, 0xae, 0x56, 0xa8, 0xae, 0x56, 0xa8, 0xae, 0x56,
    0xa8, 0xae, 0x56, 0xa9, 0xaf, 0x57, 0xa9, 0xaf, 0x57, 0xa9, 0xaf, 0x57,
    0xaa, 0xae, 0x57, 0xaa, 0xae, 0x57, 0xaa, 0xae, 0x57, 0xaa, 0xae, 0x57,
    0xaa, 0xae, 0x57, 0xaa, 0xae, 0x57, 0xaa, 0xae, 0x58, 0xab, 0xad, 0x59,
    0xa7, 0xb3, 0x5d, 0xa7, 0xb3, 0x5d, 0xa7, 0xb3, 0x5d, 0xa7, 0xb3, 0x5d,
    0xa7, 0xb3, 0x5d, 0xa7, 0xb3, 0x5d, 0xa7, 0xb3, 0x5d, 0xa7, 0xb3, 0x5d,
    0xa7, 0xb3, 0x5d, 0xa7, 0xb3, 0x5d, 0xa7, 0xb3, 0x5d, 0xa7, 0xb3, 0x5d,
    0xa7, 0xb3, 0x5d, 0xa6, 0xb4, 0x5d, 0xa6, 0xb4, 0x5d, 0xa6, 0xb4, 0x5d,
    0xa7, 0xb5, 0x5e, 0xa8, 0xb6, 0x5f, 0xa7, 0xb5, 0x5e, 0xa9, 0xb5, 0x62,
    0xad, 0xb5, 0x71, 0xaa, 0xb1, 0x86, 0x94, 0x99, 0x7c, 0x62, 0x68, 0x41,
    0x71, 0x78, 0x37, 0xa1, 0xa9, 0x51, 0xa8, 0xb4, 0x55, 0xa5, 0xb4, 0x56,
    0xa4, 0xb5, 0x5a, 0xa5, 0xb3, 0x5b, 0xa6, 0xb3, 0x5b, 0xaa, 0xb2, 0x59,
    0xa9, 0xb2, 0x5b, 0xa5, 0xb5, 0x61, 0xa5, 0xb5, 0x5f, 0xa6, 0xb5, 0x5b,
    0xa7, 0xb4, 0x58, 0xa8, 0xb3, 0x59, 0xa9, 0xb3, 0x5b, 0x9f, 0xb0, 0x64,
    0x77, 0x8e, 0x4c, 0x5c, 0x76, 0x3d, 0x4a, 0x66, 0x36, 0x59, 0x76, 0x4c,
    0x5e, 0x77, 0x51, 0x56, 0x6e, 0x48, 0x50, 0x67, 0x3f, 0x46, 0x5c, 0x32,
    0x49, 0x5e, 0x32, 0x57, 0x6b, 0x3c, 0x4d, 0x5f, 0x2e, 0x4d, 0x5f, 0x2c,
    0x5a, 0x6c, 0x38, 0x59, 0x6b, 0x37, 0x4a, 0x5c, 0x27, 0x5b, 0x6e, 0x37,
    0x65, 0x78, 0x3f, 0x5b, 0x6e, 0x34, 0x53, 0x68, 0x2a, 0x60, 0x78, 0x31,
    0x5e, 0x75, 0x2e, 0x4c, 0x62, 0x1c, 0x50, 0x64, 0x22, 0x65, 0x79, 0x38,
    0x64, 0x76, 0x36, 0x56, 0x66, 0x25, 0x73, 0x83, 0x40, 0x73, 0x84, 0x41,
    0x65, 0x76, 0x33, 0x58, 0x69, 0x26, 0x82, 0x93, 0x50, 0x88, 0x99, 0x56,
    0x7f, 0x90, 0x50, 0x61, 0x72, 0x33, 0x7f, 0x92, 0x52, 0x89, 0x9d, 0x5d,
    0x70, 0x85, 0x45, 0x5c, 0x72, 0x31, 0x83, 0x99, 0x55, 0x89, 0x9e, 0x59,
    0x63, 0x78, 0x33, 0x62, 0x77, 0x32, 0x80, 0x95, 0x52, 0x74, 0x89, 0x46,
    0x4d, 0x61, 0x20, 0x59, 0x6a, 0x2f, 0x5e, 0x70, 0x37, 0x5b, 0x6d, 0x36,
    0x48, 0x5b, 0x25, 0x36, 0x4a, 0x15, 0x4e, 0x62, 0x2e, 0x42, 0x55, 0x24,
    0x3a, 0x48, 0x1b, 0x2b, 0x38, 0x0c, 0x39, 0x45, 0x1c, 0x31, 0x3d, 0x16,
    0x24, 0x30, 0x0c, 0x28, 0x34, 0x0f, 0x2d, 0x38, 0x15, 0x2d, 0x37, 0x15,
    0x1d, 0x23, 0x05, 0x1d, 0x21, 0x05, 0x25, 0x27, 0x0d, 0x21, 0x22, 0x09,
    0x1b, 0x19, 0x05, 0x1b, 0x15, 0x04, 0x2a, 0x22, 0x0d, 0x42, 0x37, 0x1d,
    0x3a, 0x2b, 0x0d, 0x48, 0x35, 0x13, 0x6f, 0x5a, 0x35, 0x6b, 0x54, 0x2d,
    0x7a, 0x60, 0x3a, 0x91, 0x74, 0x50, 0xae, 0x8e, 0x6e, 0xab, 0x8b, 0x6e,
    0xc4, 0xa6, 0x8c, 0xd2, 0xb8, 0x9f, 0xc9, 0xb3, 0x93, 0xc7, 0xb5, 0x8d,
    0xc5, 0xba, 0x86, 0xb3, 0xb1, 0x6e, 0xa9, 0xb0, 0x5f, 0xa7, 0xb3, 0x58,
    0xaa, 0xb7, 0x5d, 0xa9, 0xb3, 0x5e, 0xa9, 0xb4, 0x61, 0xa7, 0xb3, 0x60,
    0xa1, 0xae, 0x5c, 0x90, 0x9d, 0x4c, 0x78, 0x86, 0x35, 0x62, 0x73, 0x1c,
    0x5a, 0x6e, 0x12, 0x53, 0x6b, 0x08, 0x58, 0x71, 0x08, 0x59, 0x75, 0x07,
    0x58, 0x77, 0x03, 0x60, 0x81, 0x05, 0x66, 0x88, 0x05, 0x69, 0x88, 0x04,
    0x74, 0x91, 0x0b, 0x77, 0x96, 0x0e, 0x74, 0x97, 0x0b, 0x72, 0x96, 0x09,
    0x75, 0x93, 0x07, 0x72, 0x8c, 0x04, 0x73, 0x8d, 0x08, 0x79, 0x92, 0x10,
    0x6d, 0x85, 0x09, 0x65, 0x7e, 0x04, 0x6a, 0x84, 0x08, 0x63, 0x80, 0x05,
    0x57, 0x72, 0x06, 0x4c, 0x64, 0x09, 0x3d, 0x55, 0x05, 0x4a, 0x63, 0x06,
    0x5e, 0x79, 0x0b, 0x61, 0x7c, 0x0a, 0x6f, 0x8b, 0x16, 0x7d, 0x97, 0x21,
    0x80, 0x99, 0x21, 0x83, 0x9a, 0x21, 0x77, 0x8e, 0x15, 0x66, 0x7c, 0x07,
    0x64, 0x7a, 0x00, 0x66, 0x80, 0x00, 0x69, 0x86, 0x03, 0x6a, 0x89, 0x07,
    0x6d, 0x8c, 0x0d, 0x67, 0x83, 0x0b, 0x61, 0x7b, 0x05, 0x61, 0x7b, 0x07,
    0x62, 0x7a, 0x0b, 0x5b, 0x74, 0x08, 0x5e, 0x7c, 0x0c, 0x6b, 0x91, 0x15,
    0x73, 0x9e, 0x1a, 0x78, 0xa6, 0x1b, 0x81, 0xaa, 0x20, 0x87, 0xad, 0x24,
    0x85, 0xa6, 0x20, 0x84, 0xa1, 0x1b, 0x83, 0x9d, 0x18, 0x81, 0x95, 0x15,
    0x92, 0x99, 0x26, 0x69, 0x69, 0x13, 0x90, 0x96, 0x2d, 0x8e, 0xa0, 0x33,
    0x8f, 0xa1, 0x39, 0xa1, 0xab, 0x49, 0xa7, 0xac, 0x54, 0xa8, 0xac, 0x57,
    0xa8, 0xac, 0x57, 0xa7, 0xab, 0x56, 0xa7, 0xab, 0x56, 0xa7, 0xab, 0x56,
    0xa7, 0xab, 0x56, 0xa6, 0xac, 0x56, 0xa6, 0xac, 0x56, 0xa6, 0xac, 0x56,
    0xa7, 0xad, 0x57, 0xa7, 0xad, 0x57, 0xa7, 0xad, 0x57, 0xa7, 0xad, 0x57,
    0xa7, 0xad, 0x57, 0xa7, 0xad, 0x57, 0xa8, 0xae, 0x58, 0xa8, 0xae, 0x58,
    0xa8, 0xae, 0x58, 0xa8, 0xae, 0x58, 0xa8, 0xae, 0x58, 0xa8, 0xae, 0x58,
    0xa8, 0xae, 0x58, 0xa9, 0xaf, 0x59, 0xa9, 0xaf, 0x59, 0xa9, 0xaf, 0x59,
    0xaa, 0xae, 0x59, 0xaa, 0xae, 0x59, 0xaa, 0xae, 0x59, 0xab, 0xaf, 0x5a,
    0xab, 0xaf, 0x5a, 0xab, 0xaf, 0x5a, 0xac, 0xaf, 0x5a, 0xad, 0xaf, 0x5b,
    0xa7, 0xb3, 0x5d, 0xa7, 0xb3, 0x5d, 0xa7, 0xb3, 0x5d, 0xa7, 0xb3, 0x5d,
    0xa7, 0xb3, 0x5d, 0xa7, 0xb3, 0x5d, 0xa7, 0xb3, 0x5d, 0xa7, 0xb3, 0x5d,
    0xa7, 0xb3, 0x5d, 0xa7, 0xb3, 0x5d, 0xa7, 0xb3, 0x5d, 0xa7, 0xb3, 0x5d,
    0xa7, 0xb3, 0x5d, 0xa6, 0xb4, 0x5d, 0xa6, 0xb4, 0x5d, 0xa6, 0xb4, 0x5d,
    0xa7, 0xb5, 0x5e, 0xa8, 0xb6, 0x5f, 0xa7, 0xb5, 0x5e, 0xa9, 0xb5, 0x66,
    0xad, 0xb5, 0x7c, 0xa5, 0xa9, 0x87, 0x78, 0x7b, 0x5e, 0x60, 0x66, 0x36,
    0x8f, 0x98, 0x4f, 0xa7, 0xb2, 0x5b, 0xa5, 0xb4, 0x59, 0xa4, 0xb5, 0x58,
    0xa4, 0xb5, 0x59, 0xa5, 0xb4, 0x59, 0xa6, 0xb3, 0x59, 0xa7, 0xb3, 0x59,
    0xa7, 0xb3, 0x5b, 0xa6, 0xb4, 0x5f, 0xa6, 0xb4, 0x5d, 0xa7, 0xb4, 0x5a,
    0xa7, 0xb4, 0x58, 0xa9, 0xb4, 0x56, 0xa9, 0xb4, 0x56, 0xa6, 0xb6, 0x5f,
    0x95, 0xab, 0x5c, 0x65, 0x7f, 0x3b, 0x56, 0x73, 0x3b, 0x54, 0x71, 0x43,
    0x50, 0x6a, 0x42, 0x5a, 0x73, 0x4d, 0x55, 0x6c, 0x45, 0x65, 0x7b, 0x51,
    0x54, 0x69, 0x3e, 0x5c, 0x70, 0x42, 0x54, 0x66, 0x36, 0x47, 0x59, 0x27,
    0x50, 0x62, 0x30, 0x49, 0x5b, 0x29, 0x3d, 0x4f, 0x1c, 0x4b, 0x5d, 0x28,
    0x4b, 0x5d, 0x27, 0x45, 0x59, 0x21, 0x3e, 0x53, 0x18, 0x4e, 0x66, 0x23,
    0x56, 0x6d, 0x29, 0x4f, 0x65, 0x22, 0x55, 0x6a, 0x2a, 0x69, 0x7b, 0x3d,
    0x62, 0x73, 0x36, 0x4d, 0x5d, 0x1f, 0x50, 0x60, 0x20, 0x60, 0x70, 0x30,
    0x66, 0x76, 0x36, 0x54, 0x64, 0x24, 0x74, 0x84, 0x44, 0x70, 0x80, 0x41,
    0x67, 0x76, 0x39, 0x56, 0x66, 0x2a, 0x72, 0x83, 0x46, 0x75, 0x88, 0x4b,
    0x64, 0x79, 0x3b, 0x51, 0x67, 0x28, 0x72, 0x88, 0x47, 0x76, 0x8b, 0x48,
    0x58, 0x6d, 0x29, 0x53, 0x68, 0x26, 0x66, 0x7b, 0x3b, 0x58, 0x6c, 0x2e,
    0x5b, 0x6f, 0x31, 0x3e, 0x4e, 0x16, 0x4b, 0x5b, 0x27, 0x58, 0x69, 0x36,
    0x47, 0x58, 0x27, 0x34, 0x47, 0x17, 0x3d, 0x51, 0x21, 0x37, 0x4a, 0x1c,
    0x34, 0x41, 0x17, 0x28, 0x34, 0x0b, 0x2c, 0x38, 0x11, 0x30, 0x3c, 0x17,
    0x28, 0x34, 0x10, 0x26, 0x32, 0x0f, 0x2f, 0x3a, 0x18, 0x2d, 0x36, 0x15,
    0x2a, 0x31, 0x11, 0x21, 0x24, 0x08, 0x22, 0x22, 0x09, 0x1a, 0x17, 0x01,
    0x1e, 0x18, 0x02, 0x28, 0x20, 0x0a, 0x30, 0x26, 0x0f, 0x3e, 0x31, 0x16,
    0x44, 0x35, 0x16, 0x58, 0x45, 0x23, 0x60, 0x4c, 0x28, 0x66, 0x52, 0x2d,
    0x63, 0x4c, 0x27, 0x9e, 0x83, 0x5f, 0xa6, 0x88, 0x65, 0xa6, 0x87, 0x68,
    0xaf, 0x92, 0x78, 0xb9, 0x9e, 0x87, 0xbe, 0xa7, 0x8c, 0xc3, 0xaf, 0x8f,
    0xc2, 0xb4, 0x89, 0xbf, 0xb8, 0x80, 0xad, 0xae, 0x68, 0xab, 0xb1, 0x63,
    0xaa, 0xb2, 0x5f, 0xaa, 0xb3, 0x60, 0xaa, 0xb5, 0x5f, 0xa9, 0xb3, 0x5d,
    0xa9, 0xb4, 0x5f, 0xa9, 0xb3, 0x5f, 0xa5, 0xb0, 0x5c, 0x9a, 0xa7, 0x50,
    0x83, 0x92, 0x38, 0x70, 0x81, 0x25, 0x60, 0x76, 0x15, 0x53, 0x6b, 0x09,
    0x54, 0x6e, 0x09, 0x57, 0x75, 0x09, 0x54, 0x73, 0x04, 0x5a, 0x76, 0x07,
    0x60, 0x7c, 0x0c, 0x60, 0x7d, 0x0d, 0x56, 0x78, 0x05, 0x55, 0x7a, 0x06,
    0x5a, 0x78, 0x05, 0x54, 0x71, 0x02, 0x54, 0x70, 0x03, 0x58, 0x73, 0x08,
    0x55, 0x70, 0x07, 0x54, 0x6f, 0x07, 0x59, 0x75, 0x0a, 0x54, 0x72, 0x04,
    0x4b, 0x68, 0x05, 0x4e, 0x69, 0x11, 0x4e, 0x68, 0x13, 0x4f, 0x6a, 0x0f,
    0x51, 0x6d, 0x0a, 0x50, 0x6d, 0x07, 0x57, 0x74, 0x0c, 0x62, 0x7e, 0x14,
    0x6a, 0x85, 0x19, 0x75, 0x8f, 0x20, 0x7f, 0x98, 0x27, 0x7c, 0x94, 0x20,
    0x73, 0x8a, 0x11, 0x69, 0x81, 0x09, 0x5d, 0x77, 0x02, 0x59, 0x74, 0x00,
    0x60, 0x7c, 0x05, 0x69, 0x84, 0x0b, 0x65, 0x80, 0x0c, 0x61, 0x7b, 0x0b,
    0x5f, 0x79, 0x0a, 0x60, 0x7a, 0x0a, 0x67, 0x82, 0x0f, 0x67, 0x85, 0x0f,
    0x64, 0x85, 0x09, 0x61, 0x86, 0x04, 0x67, 0x88, 0x06, 0x70, 0x8b, 0x0b,
    0x75, 0x8c, 0x0d, 0x7c, 0x92, 0x12, 0x81, 0x98, 0x15, 0x95, 0xaa, 0x29,
    0xb6, 0xc1, 0x47, 0xb3, 0xb3, 0x41, 0x93, 0x97, 0x29, 0x7f, 0x8c, 0x22,
    0x93, 0xa1, 0x3c, 0xa7, 0xae, 0x50, 0xa8, 0xac, 0x56, 0xa8, 0xac, 0x57,
    0xa8, 0xac, 0x57, 0xa7, 0xab, 0x56, 0xa7, 0xab, 0x56, 0xa7, 0xab, 0x56,
    0xa7, 0xab, 0x56, 0xa6, 0xac, 0x56, 0xa6, 0xac, 0x56, 0xa6, 0xac, 0x56,
    0xa7, 0xad, 0x57, 0xa7, 0xad, 0x57, 0xa7, 0xad, 0x57, 0xa7, 0xad, 0x57,
    0xa7, 0xad, 0x57, 0xa7, 0xad, 0x57, 0xa8, 0xae, 0x58, 0xa8, 0xae, 0x58,
    0xa8, 0xae, 0x58, 0xa8, 0xae, 0x58, 0xa8, 0xae, 0x58, 0xa8, 0xae, 0x58,
    0xa8, 0xae, 0x58, 0xa9, 0xaf, 0x59, 0xa9, 0xaf, 0x59, 0xa9, 0xaf, 0x59,
    0xaa, 0xae, 0x59, 0xaa, 0xae, 0x59, 0xaa, 0xae, 0x59, 0xab, 0xaf, 0x5a,
    0xab, 0xaf, 0x5a, 0xab, 0xaf, 0x5a, 0xac, 0xaf, 0x5a, 0xad, 0xaf, 0x5b,
    0xa7, 0xb3, 0x5d, 0xa7, 0xb3, 0x5d, 0xa7, 0xb3, 0x5d, 0xa7, 0xb3, 0x5d,
    0xa7, 0xb3, 0x5d, 0xa7, 0xb3, 0x5d, 0xa7, 0xb3, 0x5d, 0xa7, 0xb3, 0x5d,
    0xa7, 0xb3, 0x5d, 0xa7, 0xb3, 0x5d, 0xa7, 0xb3, 0x5d, 0xa7, 0xb3, 0x5d,
    0xa7, 0xb3, 0x5d, 0xa6, 0xb4, 0x5d, 0xa6, 0xb4, 0x5d, 0xa6, 0xb4, 0x5d,
    0xa6, 0xb4, 0x5d, 0xa7, 0xb5, 0x5e, 0xa7, 0xb4, 0x5e, 0xab, 0xb7, 0x6d,
    0xac, 0xb4, 0x86, 0x96, 0x99, 0x7c, 0x64, 0x66, 0x42, 0x71, 0x78, 0x38,
    0xa3, 0xac, 0x58, 0xaa, 0xb3, 0x5c, 0xa6, 0xb3, 0x5c, 0xa5, 0xb4, 0x5b,
    0xa5, 0xb4, 0x5a, 0xa5, 0xb4, 0x59, 0xa5, 0xb4, 0x59, 0xa5, 0xb4, 0x59,
    0xa5, 0xb4, 0x5b, 0xa7, 0xb4, 0x5c, 0xa8, 0xb3, 0x5b, 0xa8, 0xb3, 0x5a,
    0xa7, 0xb4, 0x58, 0xa8, 0xb5, 0x55, 0xa8, 0xb5, 0x53, 0xa5, 0xb6, 0x55,
    0xa4, 0xba, 0x5f, 0x83, 0x9d, 0x4f, 0x5b, 0x77, 0x38, 0x55, 0x73, 0x40,
    0x4d, 0x68, 0x3e, 0x43, 0x5c, 0x35, 0x51, 0x68, 0x41, 0x61, 0x76, 0x4e,
    0x50, 0x65, 0x3b, 0x51, 0x64, 0x38, 0x4b, 0x5d, 0x2e, 0x3d, 0x4f, 0x1e,
    0x4c, 0x5e, 0x2e, 0x50, 0x62, 0x32, 0x3e, 0x50, 0x1f, 0x49, 0x5b, 0x28,
    0x51, 0x63, 0x2f, 0x4c, 0x5f, 0x29, 0x43, 0x57, 0x1e, 0x53, 0x6a, 0x2a,
    0x5a, 0x70, 0x2f, 0x4a, 0x5f, 0x1f, 0x44, 0x58, 0x1b, 0x4d, 0x5f, 0x25,
    0x51, 0x62, 0x29, 0x49, 0x58, 0x1f, 0x4f, 0x5d, 0x22, 0x66, 0x75, 0x39,
    0x67, 0x75, 0x3a, 0x4d, 0x5c, 0x20, 0x4c, 0x5b, 0x1f, 0x5f, 0x6d, 0x33,
    0x6b, 0x79, 0x40, 0x4f, 0x5e, 0x26, 0x50, 0x5f, 0x26, 0x56, 0x66, 0x2d,
    0x5e, 0x72, 0x37, 0x42, 0x56, 0x1c, 0x51, 0x66, 0x28, 0x54, 0x69, 0x27,
    0x63, 0x78, 0x37, 0x42, 0x56, 0x19, 0x42, 0x56, 0x1b, 0x58, 0x6b, 0x31,
    0x56, 0x69, 0x30, 0x3d, 0x4c, 0x19, 0x3f, 0x4e, 0x1f, 0x43, 0x54, 0x26,
    0x41, 0x52, 0x25, 0x2e, 0x41, 0x14, 0x2a, 0x3e, 0x12, 0x36, 0x47, 0x1d,
    0x2f, 0x3a, 0x13, 0x23, 0x2e, 0x09, 0x2a, 0x35, 0x11, 0x30, 0x3b, 0x18,
    0x33, 0x3e, 0x1c, 0x20, 0x29, 0x0a, 0x27, 0x31, 0x10, 0x23, 0x2d, 0x0b,
    0x2a, 0x31, 0x11, 0x26, 0x28, 0x0c, 0x21, 0x20, 0x07, 0x1a, 0x15, 0x00,
    0x1f, 0x19, 0x03, 0x32, 0x29, 0x0f, 0x3d, 0x30, 0x16, 0x48, 0x39, 0x1d,
    0x50, 0x3f, 0x20, 0x62, 0x4f, 0x2f, 0x77, 0x63, 0x42, 0x6a, 0x58, 0x36,
    0x5f, 0x4d, 0x2a, 0x90, 0x79, 0x54, 0xa8, 0x8c, 0x68, 0xac, 0x8f, 0x70,
    0xb2, 0x97, 0x7c, 0xc9, 0xaf, 0x98, 0xd5, 0xbf, 0xa8, 0xd4, 0xbf, 0xa5,
    0xd2, 0xc1, 0x9f, 0xcf, 0xc3, 0x97, 0xc1, 0xba, 0x85, 0xaf, 0xaa, 0x6e,
    0xad, 0xb0, 0x68, 0xa9, 0xb2, 0x60, 0xa8, 0xb2, 0x5e, 0xab, 0xb4, 0x5e,
    0xab, 0xb4, 0x5d, 0xab, 0xb3, 0x5c, 0xac, 0xb4, 0x5b, 0xa8, 0xb1, 0x59,
    0xa0, 0xab, 0x54, 0x8b, 0x98, 0x41, 0x71, 0x82, 0x2a, 0x52, 0x67, 0x11,
    0x45, 0x5c, 0x07, 0x3f, 0x5a, 0x04, 0x41, 0x5e, 0x06, 0x48, 0x62, 0x0c,
    0x51, 0x69, 0x13, 0x4c, 0x67, 0x12, 0x4b, 0x6b, 0x14, 0x4e, 0x71, 0x1a,
    0x4b, 0x6d, 0x16, 0x4b, 0x6c, 0x14, 0x4f, 0x70, 0x19, 0x4e, 0x6e, 0x1a,
    0x4e, 0x6e, 0x1a, 0x50, 0x70, 0x1d, 0x50, 0x70, 0x1c, 0x51, 0x71, 0x1b,
    0x4d, 0x6d, 0x1b, 0x51, 0x71, 0x21, 0x52, 0x71, 0x23, 0x50, 0x70, 0x21,
    0x4d, 0x6d, 0x1d, 0x4d, 0x6d, 0x1c, 0x4d, 0x6d, 0x1d, 0x4d, 0x6c, 0x18,
    0x49, 0x67, 0x10, 0x4c, 0x68, 0x0e, 0x52, 0x6e, 0x13, 0x6a, 0x85, 0x23,
    0x79, 0x90, 0x25, 0x7c, 0x92, 0x26, 0x6e, 0x85, 0x19, 0x63, 0x7a, 0x0f,
    0x5c, 0x74, 0x07, 0x5a, 0x72, 0x05, 0x5a, 0x71, 0x05, 0x5a, 0x72, 0x04,
    0x5c, 0x75, 0x04, 0x5f, 0x77, 0x03, 0x5c, 0x73, 0x01, 0x59, 0x6e, 0x00,
    0x5c, 0x73, 0x00, 0x5b, 0x76, 0x00, 0x5d, 0x74, 0x00, 0x65, 0x75, 0x00,
    0x64, 0x72, 0x00, 0x72, 0x83, 0x09, 0x76, 0x8b, 0x0b, 0x89, 0xa3, 0x1f,
    0x9a, 0xab, 0x2d, 0x96, 0x9a, 0x26, 0x7c, 0x80, 0x15, 0x7f, 0x8b, 0x25,
    0x9e, 0xaa, 0x4a, 0xa9, 0xaf, 0x56, 0xa8, 0xac, 0x57, 0xa8, 0xac, 0x58,
    0xa8, 0xac, 0x58, 0xa7, 0xab, 0x57, 0xa7, 0xab, 0x57, 0xa7, 0xab, 0x57,
    0xa7, 0xab, 0x57, 0xa6, 0xab, 0x57, 0xa6, 0xab, 0x57, 0xa6, 0xab, 0x57,
    0xa7, 0xac, 0x58, 0xa7, 0xac, 0x58, 0xa7, 0xac, 0x58, 0xa7, 0xac, 0x58,
    0xa7, 0xac, 0x58, 0xa7, 0xac, 0x58, 0xa8, 0xad, 0x59, 0xa8, 0xad, 0x59,
    0xa8, 0xad, 0x59, 0xa8, 0xad, 0x59, 0xa8, 0xad, 0x59, 0xa8, 0xad, 0x59,
    0xa8, 0xad, 0x59, 0xa9, 0xae, 0x5a, 0xa9, 0xae, 0x5a, 0xa9, 0xae, 0x5a,
    0xaa, 0xae, 0x5a, 0xaa, 0xae, 0x5a, 0xaa, 0xae, 0x5a, 0xab, 0xaf, 0x5b,
    0xab, 0xaf, 0x5b, 0xab, 0xaf, 0x5b, 0xac, 0xaf, 0x5b, 0xad, 0xaf, 0x5b,
    0xa7, 0xb3, 0x5d, 0xa7, 0xb3, 0x5d, 0xa7, 0xb3, 0x5d, 0xa7, 0xb3, 0x5d,
    0xa7, 0xb3, 0x5d, 0xa7, 0xb3, 0x5d, 0xa7, 0xb3, 0x5d, 0xa7, 0xb3, 0x5d,
    0xa7, 0xb3, 0x5d, 0xa7, 0xb3, 0x5d, 0xa7, 0xb3, 0x5d, 0xa7, 0xb3, 0x5d,
    0xa7, 0xb3, 0x5d, 0xa6, 0xb4, 0x5d, 0xa6, 0xb4, 0x5d, 0xa6, 0xb4, 0x5d,
    0xa6, 0xb4, 0x5d, 0xa6, 0xb4, 0x5d, 0xa7, 0xb5, 0x5e, 0xae, 0xba, 0x73,
    0xa8, 0xb0, 0x8a, 0x7e, 0x81, 0x67, 0x5f, 0x62, 0x37, 0x8a, 0x90, 0x44,
    0xa7, 0xb0, 0x53, 0xa9, 0xb1, 0x59, 0xa6, 0xb2, 0x5c, 0xa5, 0xb3, 0x5c,
    0xa5, 0xb3, 0x5a, 0xa5, 0xb4, 0x59, 0xa5, 0xb4, 0x59, 0xa3, 0xb5, 0x5a,
    0xa4, 0xb4, 0x5a, 0xa9, 0xb4, 0x59, 0xa9, 0xb3, 0x59, 0xa9, 0xb3, 0x5a,
    0xa7, 0xb4, 0x58, 0xa7, 0xb5, 0x55, 0xa7, 0xb5, 0x53, 0xa6, 0xb8, 0x50,
    0xa1, 0xb7, 0x53, 0x9c, 0xb7, 0x62, 0x76, 0x93, 0x4f, 0x5b, 0x79, 0x43,
    0x54, 0x6f, 0x43, 0x47, 0x60, 0x39, 0x54, 0x6a, 0x44, 0x54, 0x69, 0x42,
    0x58, 0x6d, 0x43, 0x49, 0x5c, 0x2f, 0x4d, 0x5e, 0x31, 0x4d, 0x5f, 0x2e,
    0x53, 0x64, 0x35, 0x5b, 0x6c, 0x3d, 0x47, 0x59, 0x28, 0x47, 0x59, 0x28,
    0x46, 0x58, 0x25, 0x3c, 0x4f, 0x19, 0x33, 0x47, 0x10, 0x40, 0x56, 0x18,
    0x44, 0x59, 0x1b, 0x42, 0x56, 0x1a, 0x3a, 0x4e, 0x13, 0x56, 0x67, 0x30,
    0x57, 0x67, 0x31, 0x4f, 0x5c, 0x26, 0x48, 0x56, 0x1e, 0x57, 0x64, 0x2d,
    0x53, 0x60, 0x28, 0x4b, 0x58, 0x20, 0x4a, 0x57, 0x20, 0x61, 0x6e, 0x37,
    0x5f, 0x6c, 0x36, 0x4c, 0x5a, 0x24, 0x3e, 0x4c, 0x16, 0x5f, 0x6f, 0x38,
    0x5d, 0x70, 0x38, 0x48, 0x5a, 0x23, 0x3a, 0x4e, 0x14, 0x57, 0x6b, 0x2c,
    0x56, 0x6a, 0x2d, 0x42, 0x55, 0x1c, 0x3c, 0x4f, 0x19, 0x52, 0x64, 0x2e,
    0x43, 0x55, 0x21, 0x37, 0x46, 0x17, 0x35, 0x45, 0x17, 0x3b, 0x4b, 0x1e,
    0x3f, 0x50, 0x25, 0x2a, 0x3c, 0x11, 0x27, 0x39, 0x10, 0x26, 0x37, 0x0f,
    0x38, 0x42, 0x1c, 0x23, 0x2d, 0x0b, 0x26, 0x30, 0x0d, 0x2e, 0x38, 0x16,
    0x2f, 0x39, 0x18, 0x2a, 0x33, 0x14, 0x23, 0x2d, 0x0c, 0x1e, 0x28, 0x07,
    0x24, 0x2a, 0x0a, 0x24, 0x26, 0x0a, 0x1f, 0x1d, 0x04, 0x1c, 0x16, 0x01,
    0x21, 0x1a, 0x03, 0x2b, 0x21, 0x05, 0x38, 0x2b, 0x0d, 0x52, 0x43, 0x26,
    0x59, 0x48, 0x29, 0x58, 0x45, 0x26, 0x5e, 0x4a, 0x2b, 0x70, 0x5f, 0x40,
    0x71, 0x61, 0x41, 0x82, 0x6d, 0x49, 0x9f, 0x85, 0x61, 0x9e, 0x84, 0x63,
    0xa6, 0x8d, 0x70, 0xba, 0xa2, 0x89, 0xd2, 0xbd, 0xa7, 0xcf, 0xbb, 0xa3,
    0xc3, 0xb2, 0x95, 0xd0, 0xc1, 0x9f, 0xd5, 0xc8, 0x9f, 0xbe, 0xb3, 0x84,
    0xaf, 0xae, 0x6e, 0xa7, 0xb0, 0x60, 0xaa, 0xb2, 0x60, 0xab, 0xb3, 0x5e,
    0xaa, 0xb2, 0x5a, 0xab, 0xb2, 0x57, 0xac, 0xb3, 0x56, 0xac, 0xb3, 0x5a,
    0xa9, 0xb0, 0x5a, 0xa1, 0xab, 0x57, 0x90, 0x9e, 0x4d, 0x70, 0x82, 0x34,
    0x4e, 0x64, 0x19, 0x34, 0x4c, 0x07, 0x2d, 0x47, 0x05, 0x30, 0x48, 0x06,
    0x37, 0x4c, 0x0a, 0x39, 0x52, 0x10, 0x41, 0x60, 0x1d, 0x45, 0x68, 0x24,
    0x43, 0x67, 0x22, 0x49, 0x6d, 0x29, 0x50, 0x74, 0x30, 0x4c, 0x70, 0x2c,
    0x52, 0x76, 0x32, 0x61, 0x84, 0x40, 0x60, 0x83, 0x41, 0x66, 0x88, 0x47,
    0x6a, 0x8c, 0x49, 0x6e, 0x91, 0x4b, 0x6f, 0x91, 0x4c, 0x6f, 0x91, 0x4f,
    0x6b, 0x8d, 0x4f, 0x69, 0x8b, 0x4f, 0x65, 0x87, 0x4a, 0x5f, 0x7f, 0x40,
    0x53, 0x73, 0x2f, 0x52, 0x70, 0x2a, 0x4e, 0x6d, 0x24, 0x52, 0x6f, 0x1e,
    0x5a, 0x72, 0x17, 0x63, 0x78, 0x1c, 0x68, 0x7b, 0x1c, 0x71, 0x82, 0x20,
    0x77, 0x8a, 0x22, 0x74, 0x88, 0x1d, 0x66, 0x7c, 0x0d, 0x68, 0x7d, 0x0a,
    0x6c, 0x82, 0x09, 0x73, 0x88, 0x0a, 0x77, 0x8a, 0x0b, 0x76, 0x85, 0x0b,
    0x73, 0x82, 0x09, 0x70, 0x83, 0x07, 0x6b, 0x7a, 0x05, 0x6c, 0x75, 0x05,
    0x69, 0x71, 0x04, 0x6a, 0x77, 0x02, 0x6a, 0x7e, 0x02, 0x74, 0x90, 0x0b,
    0x79, 0x90, 0x0f, 0x82, 0x8a, 0x14, 0x7d, 0x83, 0x18, 0x90, 0x9d, 0x39,
    0xa4, 0xaf, 0x55, 0xaa, 0xaf, 0x5b, 0xa8, 0xac, 0x58, 0xa8, 0xac, 0x58,
    0xa8, 0xac, 0x58, 0xa7, 0xab, 0x57, 0xa7, 0xab, 0x57, 0xa7, 0xab, 0x57,
    0xa7, 0xab, 0x57, 0xa6, 0xab, 0x57, 0xa6, 0xab, 0x57, 0xa6, 0xab, 0x57,
    0xa7, 0xac, 0x58, 0xa7, 0xac, 0x58, 0xa7, 0xac, 0x58, 0xa7, 0xac, 0x58,
    0xa7, 0xac, 0x58, 0xa7, 0xac, 0x58, 0xa8, 0xad, 0x59, 0xa8, 0xad, 0x59,
    0xa8, 0xad, 0x59, 0xa8, 0xad, 0x59, 0xa8, 0xad, 0x59, 0xa8, 0xad, 0x59,
    0xa8, 0xad, 0x59, 0xa9, 0xae, 0x5a, 0xa9, 0xae, 0x5a, 0xa9, 0xae, 0x5a,
    0xaa, 0xae, 0x5a, 0xaa, 0xae, 0x5a, 0xaa, 0xae, 0x5a, 0xab, 0xaf, 0x5b,
    0xab, 0xaf, 0x5b, 0xab, 0xaf, 0x5b, 0xac, 0xaf, 0x5b, 0xad, 0xaf, 0x5b,
    0xa7, 0xb3, 0x5d, 0xa7, 0xb3, 0x5d, 0xa7, 0xb3, 0x5d, 0xa7, 0xb3, 0x5d,
    0xa7, 0xb3, 0x5d, 0xa7, 0xb3, 0x5d, 0xa7, 0xb3, 0x5d, 0xa7, 0xb3, 0x5d,
    0xa7, 0xb3, 0x5d, 0xa7, 0xb3, 0x5d, 0xa7, 0xb3, 0x5d, 0xa7, 0xb3, 0x5d,
    0xa7, 0xb3, 0x5d, 0xa6, 0xb5, 0x5a, 0xa6, 0xb4, 0x5d, 0xa6, 0xb4, 0x60,
    0xa6, 0xb4, 0x5e, 0xa6, 0xb4, 0x5d, 0xa6, 0xb3, 0x64, 0xad, 0xb7, 0x7e,
    0x9b, 0xa1, 0x82, 0x68, 0x6c, 0x4b, 0x6b, 0x70, 0x38, 0x9d, 0xa5, 0x51,
    0xaa, 0xb4, 0x55, 0xa9, 0xb2, 0x5b, 0xa5, 0xb1, 0x5c, 0xa6, 0xb2, 0x5c,
    0xa6, 0xb3, 0x5a, 0xa5, 0xb4, 0x59, 0xa4, 0xb5, 0x59, 0xa3, 0xb5, 0x5b,
    0xa4, 0xb5, 0x59, 0xaa, 0xb3, 0x58, 0xaa, 0xb3, 0x58, 0xa9, 0xb3, 0x5a,
    0xa7, 0xb4, 0x59, 0xa6, 0xb5, 0x57, 0xa6, 0xb6, 0x56, 0xa6, 0xb7, 0x51,
    0xa5, 0xb7, 0x54, 0xa3, 0xb8, 0x5f, 0x9a, 0xb3, 0x68, 0x6d, 0x86, 0x49,
    0x52, 0x6a, 0x36, 0x56, 0x6e, 0x41, 0x56, 0x6f, 0x47, 0x49, 0x61, 0x39,
    0x52, 0x69, 0x3f, 0x4d, 0x61, 0x36, 0x56, 0x67, 0x3a, 0x57, 0x69, 0x3a,
    0x4d, 0x5d, 0x2f, 0x52, 0x63, 0x35, 0x3e, 0x50, 0x1f, 0x3a, 0x4c, 0x1a,
    0x45, 0x57, 0x24, 0x4d, 0x60, 0x2c, 0x3e, 0x51, 0x1d, 0x49, 0x5e, 0x24,
    0x4e, 0x63, 0x29, 0x47, 0x5a, 0x22, 0x39, 0x4b, 0x13, 0x4a, 0x59, 0x23,
    0x47, 0x56, 0x22, 0x3f, 0x4d, 0x18, 0x36, 0x44, 0x0e, 0x49, 0x58, 0x22,
    0x56, 0x64, 0x2e, 0x52, 0x60, 0x2a, 0x40, 0x4e, 0x19, 0x4e, 0x5c, 0x26,
    0x4a, 0x57, 0x22, 0x4d, 0x5a, 0x26, 0x40, 0x4d, 0x18, 0x53, 0x61, 0x2d,
    0x49, 0x59, 0x23, 0x41, 0x51, 0x1c, 0x3a, 0x4a, 0x15, 0x48, 0x59, 0x20,
    0x42, 0x54, 0x1b, 0x42, 0x54, 0x1e, 0x32, 0x44, 0x11, 0x3c, 0x4c, 0x1c,
    0x3f, 0x4f, 0x20, 0x3e, 0x4c, 0x20, 0x2a, 0x38, 0x0f, 0x35, 0x45, 0x1d,
    0x30, 0x40, 0x19, 0x2b, 0x3b, 0x16, 0x1f, 0x30, 0x0b, 0x2b, 0x3a, 0x15,
    0x31, 0x3b, 0x17, 0x2f, 0x39, 0x14, 0x1f, 0x29, 0x06, 0x2d, 0x37, 0x14,
    0x2c, 0x36, 0x15, 0x2f, 0x38, 0x18, 0x2a, 0x34, 0x13, 0x2f, 0x37, 0x16,
    0x2a, 0x2f, 0x0e, 0x25, 0x26, 0x07, 0x22, 0x1d, 0x02, 0x22, 0x1a, 0x02,
    0x2b, 0x22, 0x08, 0x2d, 0x22, 0x03, 0x3a, 0x2d, 0x0a, 0x45, 0x37, 0x16,
    0x4d, 0x3c, 0x1c, 0x56, 0x42, 0x23, 0x57, 0x42, 0x23, 0x64, 0x52, 0x33,
    0x6a, 0x58, 0x39, 0x82, 0x6e, 0x4b, 0xa1, 0x8a, 0x65, 0x90, 0x78, 0x56,
    0x96, 0x7e, 0x5e, 0xb7, 0xa1, 0x85, 0xc3, 0xb0, 0x96, 0xbe, 0xac, 0x92,
    0xa8, 0x96, 0x7b, 0xba, 0xa8, 0x8b, 0xd0, 0xbf, 0x9e, 0xd6, 0xc5, 0xa2,
    0xb5, 0xaf, 0x7c, 0xa7, 0xae, 0x68, 0xac, 0xb4, 0x6a, 0xa8, 0xb1, 0x61,
    0xa9, 0xb2, 0x5c, 0xab, 0xb3, 0x57, 0xac, 0xb2, 0x55, 0xab, 0xb3, 0x59,
    0xa9, 0xb3, 0x5b, 0xa7, 0xb3, 0x5e, 0x9f, 0xac, 0x5b, 0x91, 0xa0, 0x55,
    0x7a, 0x8a, 0x43, 0x5b, 0x6e, 0x2b, 0x3d, 0x54, 0x15, 0x35, 0x4a, 0x0f,
    0x2f, 0x45, 0x0d, 0x32, 0x4b, 0x15, 0x38, 0x57, 0x22, 0x3b, 0x5c, 0x28,
    0x3e, 0x60, 0x2c, 0x47, 0x69, 0x35, 0x48, 0x6b, 0x35, 0x49, 0x6d, 0x36,
    0x53, 0x78, 0x41, 0x5e, 0x83, 0x4c, 0x5e, 0x83, 0x50, 0x6c, 0x8f, 0x60,
    0x6d, 0x91, 0x5c, 0x70, 0x94, 0x5a, 0x71, 0x95, 0x5a, 0x74, 0x98, 0x5f,
    0x72, 0x95, 0x62, 0x74, 0x97, 0x69, 0x6f, 0x92, 0x63, 0x70, 0x92, 0x62,
    0x6e, 0x8f, 0x5b, 0x69, 0x89, 0x53, 0x6b, 0x8a, 0x52, 0x63, 0x80, 0x44,
    0x6a, 0x83, 0x40, 0x6a, 0x80, 0x3c, 0x62, 0x76, 0x30, 0x5f, 0x72, 0x28,
    0x60, 0x73, 0x24, 0x63, 0x77, 0x24, 0x63, 0x75, 0x19, 0x6d, 0x7e, 0x1a,
    0x77, 0x89, 0x1b, 0x83, 0x95, 0x1a, 0x8b, 0x9c, 0x1a, 0x95, 0xa0, 0x21,
    0x9c, 0xa7, 0x2a, 0x9b, 0xa7, 0x29, 0x97, 0xa1, 0x26, 0x9a, 0xa0, 0x2a,
    0x96, 0x9c, 0x27, 0x8c, 0x97, 0x1e, 0x7e, 0x8f, 0x11, 0x71, 0x8a, 0x08,
    0x6b, 0x81, 0x05, 0x71, 0x7b, 0x0b, 0x96, 0x9d, 0x35, 0xa7, 0xb1, 0x52,
    0xa4, 0xac, 0x56, 0xa6, 0xaa, 0x59, 0xa8, 0xac, 0x59, 0xa8, 0xac, 0x58,
    0xa8, 0xac, 0x58, 0xa7, 0xab, 0x57, 0xa7, 0xab, 0x57, 0xa7, 0xab, 0x57,
    0xa7, 0xab, 0x57, 0xa6, 0xab, 0x57, 0xa6, 0xab, 0x57, 0xa6, 0xab, 0x57,
    0xa7, 0xac, 0x58, 0xa7, 0xac, 0x58, 0xa7, 0xac, 0x58, 0xa7, 0xac, 0x58,
    0xa7, 0xac, 0x58, 0xa7, 0xac, 0x58, 0xa8, 0xad, 0x59, 0xa8, 0xad, 0x59,
    0xa8, 0xad, 0x59, 0xa8, 0xad, 0x59, 0xa8, 0xad, 0x59, 0xa8, 0xad, 0x59,
    0xa8, 0xad, 0x59, 0xa9, 0xae, 0x5a, 0xa9, 0xae, 0x5a, 0xa9, 0xae, 0x5a,
    0xaa, 0xae, 0x5a, 0xaa, 0xae, 0x5a, 0xaa, 0xae, 0x5a, 0xab, 0xaf, 0x5b,
    0xab, 0xaf, 0x5b, 0xab, 0xaf, 0x5b, 0xac, 0xaf, 0x5b, 0xad, 0xaf, 0x5b,
    0xa7, 0xb3, 0x5d, 0xa7, 0xb3, 0x5d, 0xa7, 0xb3, 0x5d, 0xa7, 0xb3, 0x5d,
    0xa7, 0xb3, 0x5d, 0xa7, 0xb3, 0x5d, 0xa7, 0xb3, 0x5d, 0xa6, 0xb4, 0x5d,
    0xa6, 0xb4, 0x5d, 0xa6, 0xb4, 0x5d, 0xa6, 0xb4, 0x5d, 0xa6, 0xb4, 0x5d,
    0xa6, 0xb4, 0x5c, 0xa6, 0xb6, 0x56, 0xa6, 0xb3, 0x5f, 0xa6, 0xb3, 0x64,
    0xa7, 0xb5, 0x5f, 0xa7, 0xb4, 0x60, 0xa9, 0xb3, 0x74, 0xa9, 0xaf, 0x8c,
    0x87, 0x8c, 0x71, 0x5e, 0x65, 0x36, 0x85, 0x90, 0x48, 0xa4, 0xb2, 0x5a,
    0xa6, 0xb4, 0x58, 0xa5, 0xb3, 0x5c, 0xa5, 0xb3, 0x5c, 0xa5, 0xb3, 0x5b,
    0xa5, 0xb3, 0x5b, 0xa4, 0xb2, 0x5a, 0xa5, 0xb3, 0x5b, 0xa5, 0xb3, 0x5b,
    0xa6, 0xb4, 0x5c, 0xa8, 0xb4, 0x5b, 0xa8, 0xb4, 0x5b, 0xa7, 0xb4, 0x5c,
    0xa7, 0xb4, 0x5c, 0xa7, 0xb4, 0x5b, 0xa7, 0xb4, 0x5b, 0xa8, 0xb3, 0x5a,
    0xa8, 0xb4, 0x59, 0xa6, 0xb4, 0x5b, 0xa3, 0xb4, 0x5e, 0x97, 0xa9, 0x5e,
    0x67, 0x78, 0x37, 0x57, 0x6b, 0x35, 0x4d, 0x6a, 0x3e, 0x49, 0x65, 0x3a,
    0x3d, 0x57, 0x2c, 0x48, 0x5e, 0x34, 0x4c, 0x5e, 0x34, 0x55, 0x66, 0x3b,
    0x48, 0x57, 0x2b, 0x45, 0x54, 0x25, 0x49, 0x59, 0x28, 0x47, 0x58, 0x24,
    0x59, 0x6b, 0x38, 0x56, 0x69, 0x37, 0x40, 0x53, 0x22, 0x40, 0x54, 0x1d,
    0x42, 0x55, 0x1d, 0x38, 0x4a, 0x14, 0x2e, 0x3d, 0x09, 0x3e, 0x4b, 0x16,
    0x46, 0x53, 0x1e, 0x4a, 0x58, 0x23, 0x3a, 0x4b, 0x15, 0x4b, 0x5c, 0x26,
    0x46, 0x57, 0x21, 0x3f, 0x4f, 0x1a, 0x2b, 0x3c, 0x08, 0x41, 0x51, 0x1b,
    0x50, 0x5d, 0x2a, 0x49, 0x55, 0x23, 0x32, 0x3e, 0x0c, 0x3b, 0x47, 0x15,
    0x44, 0x50, 0x1e, 0x4b, 0x58, 0x25, 0x2f, 0x3a, 0x0b, 0x36, 0x41, 0x11,
    0x3f, 0x4d, 0x1d, 0x44, 0x55, 0x25, 0x2b, 0x3b, 0x0e, 0x33, 0x3f, 0x15,
    0x3b, 0x45, 0x1b, 0x2d, 0x3a, 0x13, 0x25, 0x33, 0x0f, 0x2a, 0x38, 0x15,
    0x2c, 0x3a, 0x17, 0x31, 0x40, 0x1d, 0x1d, 0x2c, 0x0b, 0x2a, 0x35, 0x15,
    0x30, 0x3b, 0x19, 0x34, 0x3e, 0x1a, 0x22, 0x2d, 0x07, 0x23, 0x2e, 0x09,
    0x20, 0x2a, 0x0a, 0x2c, 0x35, 0x13, 0x31, 0x38, 0x17, 0x3f, 0x45, 0x21,
    0x29, 0x2c, 0x08, 0x28, 0x27, 0x01, 0x2d, 0x28, 0x03, 0x35, 0x2c, 0x0b,
    0x44, 0x39, 0x18, 0x3c, 0x31, 0x0a, 0x3f, 0x32, 0x0b, 0x3c, 0x2d, 0x07,
    0x4a, 0x38, 0x13, 0x5a, 0x44, 0x23, 0x62, 0x4a, 0x29, 0x57, 0x41, 0x1f,
    0x4b, 0x35, 0x14, 0x74, 0x5e, 0x3b, 0x81, 0x6a, 0x48, 0x7a, 0x63, 0x41,
    0x7d, 0x66, 0x45, 0xb0, 0x9b, 0x7a, 0xb5, 0xa3, 0x83, 0xb5, 0xa4, 0x84,
    0xb6, 0xa4, 0x85, 0xa7, 0x94, 0x76, 0xb7, 0xa2, 0x86, 0xc7, 0xb2, 0x96,
    0xc1, 0xb7, 0x91, 0xa7, 0xaa, 0x77, 0xa0, 0xaa, 0x6f, 0xa4, 0xb0, 0x6c,
    0xa7, 0xb3, 0x66, 0xa9, 0xb2, 0x5d, 0xab, 0xb0, 0x59, 0xa7, 0xb4, 0x5c,
    0xa6, 0xb4, 0x5c, 0xa5, 0xb4, 0x5a, 0xa3, 0xb0, 0x59, 0xa2, 0xae, 0x5c,
    0x9a, 0xa5, 0x59, 0x82, 0x90, 0x47, 0x63, 0x74, 0x30, 0x43, 0x56, 0x17,
    0x34, 0x4a, 0x12, 0x31, 0x4c, 0x18, 0x33, 0x54, 0x22, 0x31, 0x54, 0x24,
    0x3c, 0x5a, 0x2d, 0x48, 0x64, 0x37, 0x47, 0x66, 0x35, 0x4b, 0x6d, 0x3b,
    0x53, 0x79, 0x47, 0x4d, 0x74, 0x45, 0x55, 0x7b, 0x4e, 0x65, 0x8a, 0x5f,
    0x65, 0x89, 0x5c, 0x67, 0x8c, 0x5c, 0x6d, 0x92, 0x60, 0x70, 0x96, 0x62,
    0x70, 0x96, 0x62, 0x76, 0x99, 0x6b, 0x73, 0x94, 0x69, 0x73, 0x94, 0x68,
    0x6c, 0x8d, 0x62, 0x66, 0x87, 0x5a, 0x69, 0x8a, 0x5d, 0x69, 0x88, 0x5c,
    0x68, 0x86, 0x5b, 0x6c, 0x89, 0x5f, 0x6e, 0x89, 0x60, 0x74, 0x8e, 0x64,
    0x70, 0x89, 0x5e, 0x6d, 0x85, 0x59, 0x71, 0x81, 0x4d, 0x6e, 0x7b, 0x3f,
    0x6f, 0x7b, 0x34, 0x6e, 0x7c, 0x1e, 0x73, 0x82, 0x11, 0x7b, 0x87, 0x17,
    0x80, 0x8b, 0x1d, 0x82, 0x8c, 0x14, 0x84, 0x8d, 0x14, 0x88, 0x91, 0x18,
    0x87, 0x90, 0x17, 0x81, 0x8b, 0x12, 0x7a, 0x85, 0x0b, 0x75, 0x80, 0x0c,
    0x7a, 0x84, 0x16, 0x92, 0x99, 0x31, 0xa6, 0xac, 0x4b, 0xa8, 0xae, 0x54,
    0xa7, 0xab, 0x59, 0xa8, 0xab, 0x5b, 0xa8, 0xac, 0x59, 0xa8, 0xac, 0x58,
    0xa8, 0xac, 0x58, 0xa8, 0xac, 0x58, 0xa8, 0xac, 0x58, 0xa8, 0xac, 0x58,
    0xa8, 0xac, 0x58, 0xa8, 0xac, 0x58, 0xa8, 0xac, 0x58, 0xa8, 0xac, 0x58,
    0xa8, 0xac, 0x58, 0xa8, 0xac, 0x58, 0xa8, 0xac, 0x58, 0xa7, 0xac, 0x58,
    0xa7, 0xac, 0x58, 0xa7, 0xac, 0x58, 0xa7, 0xac, 0x58, 0xa7, 0xac, 0x58,
    0xa7, 0xac, 0x58, 0xa7, 0xac, 0x58, 0xa7, 0xac, 0x58, 0xa8, 0xad, 0x59,
    0xa9, 0xae, 0x5a, 0xa8, 0xad, 0x59, 0xa8, 0xad, 0x59, 0xa8, 0xad, 0x59,
    0xa9, 0xae, 0x59, 0xaa, 0xae, 0x59, 0xaa, 0xae, 0x59, 0xab, 0xaf, 0x5a,
    0xab, 0xaf, 0x5a, 0xab, 0xaf, 0x5a, 0xab, 0xaf, 0x5a, 0xac, 0xb0, 0x5b,
    0xa7, 0xb3, 0x5d, 0xa7, 0xb3, 0x5d, 0xa7, 0xb3, 0x5d, 0xa7, 0xb3, 0x5d,
    0xa7, 0xb3, 0x5d, 0xa7, 0xb3, 0x5d, 0xa7, 0xb3, 0x5d, 0xa6, 0xb4, 0x5d,
    0xa6, 0xb4, 0x5d, 0xa6, 0xb4, 0x5d, 0xa6, 0xb4, 0x5d, 0xa6, 0xb4, 0x5d,
    0xa6, 0xb4, 0x5c, 0xa6, 0xb5, 0x58, 0xa6, 0xb3, 0x60, 0xa6, 0xb3, 0x64,
    0xa6, 0xb4, 0x5d, 0xa6, 0xb3, 0x63, 0xac, 0xb4, 0x7f, 0x9b, 0x9f, 0x82,
    0x6a, 0x6f, 0x4f, 0x60, 0x69, 0x33, 0x94, 0xa0, 0x54, 0xa5, 0xb4, 0x59,
    0xa5, 0xb4, 0x58, 0xa5, 0xb3, 0x5b, 0xa5, 0xb3, 0x5b, 0xa5, 0xb3, 0x5b,
    0xa5, 0xb3, 0x5b, 0xa4, 0xb2, 0x5a, 0xa5, 0xb3, 0x5b, 0xa5, 0xb3, 0x5b,
    0xa6, 0xb4, 0x5c, 0xa7, 0xb4, 0x5c, 0xa7, 0xb4, 0x5c, 0xa7, 0xb4, 0x5c,
    0xa7, 0xb4, 0x5c, 0xa7, 0xb4, 0x5c, 0xa7, 0xb4, 0x5c, 0xa8, 0xb3, 0x5c,
    0xa9, 0xb3, 0x5c, 0xa7, 0xb4, 0x5a, 0xa5, 0xb4, 0x5b, 0xa3, 0xb3, 0x62,
    0x8e, 0x9e, 0x57, 0x67, 0x7a, 0x3c, 0x54, 0x70, 0x3e, 0x50, 0x6c, 0x3c,
    0x47, 0x61, 0x33, 0x53, 0x6b, 0x40, 0x46, 0x5b, 0x32, 0x4e, 0x61, 0x3a,
    0x50, 0x62, 0x38, 0x44, 0x56, 0x28, 0x5d, 0x6f, 0x3f, 0x4e, 0x60, 0x2f,
    0x4e, 0x60, 0x2d, 0x4a, 0x5c, 0x2b, 0x34, 0x46, 0x15, 0x33, 0x45, 0x10,
    0x40, 0x52, 0x1b, 0x4a, 0x5c, 0x26, 0x3d, 0x4c, 0x17, 0x45, 0x53, 0x1e,
    0x47, 0x54, 0x1f, 0x3e, 0x4d, 0x17, 0x2d, 0x3e, 0x08, 0x35, 0x46, 0x10,
    0x3c, 0x4d, 0x17, 0x3f, 0x50, 0x1a, 0x2f, 0x40, 0x0b, 0x3b, 0x4c, 0x16,
    0x3c, 0x49, 0x16, 0x39, 0x45, 0x13, 0x29, 0x35, 0x06, 0x3b, 0x47, 0x15,
    0x46, 0x52, 0x20, 0x39, 0x45, 0x13, 0x2c, 0x37, 0x08, 0x39, 0x43, 0x15,
    0x3f, 0x4c, 0x1d, 0x33, 0x44, 0x15, 0x2b, 0x3b, 0x0e, 0x2f, 0x3b, 0x11,
    0x2e, 0x36, 0x0f, 0x33, 0x40, 0x17, 0x21, 0x30, 0x0b, 0x24, 0x33, 0x0f,
    0x31, 0x3f, 0x1a, 0x2b, 0x39, 0x15, 0x27, 0x35, 0x12, 0x1e, 0x29, 0x0b,
    0x2f, 0x36, 0x1b, 0x2e, 0x35, 0x16, 0x30, 0x39, 0x15, 0x2a, 0x33, 0x0f,
    0x1e, 0x27, 0x07, 0x2d, 0x35, 0x12, 0x3c, 0x42, 0x1c, 0x33, 0x39, 0x0f,
    0x2b, 0x2e, 0x03, 0x26, 0x26, 0x00, 0x38, 0x34, 0x0a, 0x3f, 0x37, 0x12,
    0x4b, 0x41, 0x1d, 0x4b, 0x41, 0x1a, 0x4b, 0x3e, 0x18, 0x3d, 0x2d, 0x09,
    0x4d, 0x3b, 0x17, 0x5d, 0x49, 0x26, 0x5e, 0x47, 0x25, 0x5d, 0x45, 0x23,
    0x4d, 0x36, 0x15, 0x60, 0x49, 0x27, 0x69, 0x52, 0x30, 0x6b, 0x54, 0x32,
    0x83, 0x6c, 0x4a, 0xad, 0x97, 0x75, 0xbf, 0xac, 0x8b, 0xbf, 0xad, 0x8c,
    0xae, 0x9b, 0x7b, 0xa3, 0x90, 0x71, 0xba, 0xa5, 0x88, 0xc4, 0xaf, 0x94,
    0xc8, 0xba, 0x99, 0xaf, 0xac, 0x82, 0x8c, 0x90, 0x5d, 0x96, 0x9e, 0x61,
    0x9e, 0xa7, 0x5f, 0xa7, 0xad, 0x60, 0xad, 0xb2, 0x61, 0xa6, 0xb2, 0x5c,
    0xa7, 0xb5, 0x5d, 0xa5, 0xb3, 0x58, 0xa7, 0xb4, 0x5a, 0xa7, 0xb3, 0x5f,
    0xa6, 0xb0, 0x61, 0x9b, 0xa6, 0x59, 0x85, 0x95, 0x4b, 0x64, 0x75, 0x31,
    0x44, 0x59, 0x1c, 0x33, 0x4e, 0x16, 0x2d, 0x4b, 0x19, 0x2e, 0x4e, 0x1d,
    0x3d, 0x59, 0x2b, 0x45, 0x60, 0x33, 0x47, 0x64, 0x36, 0x4c, 0x6d, 0x3e,
    0x4c, 0x71, 0x42, 0x46, 0x6c, 0x3f, 0x53, 0x79, 0x4d, 0x59, 0x7b, 0x51,
    0x5d, 0x7f, 0x55, 0x65, 0x88, 0x5d, 0x6c, 0x8f, 0x63, 0x6c, 0x8f, 0x61,
    0x70, 0x93, 0x65, 0x71, 0x93, 0x68, 0x72, 0x92, 0x69, 0x6b, 0x8c, 0x63,
    0x69, 0x89, 0x60, 0x66, 0x86, 0x5d, 0x5f, 0x7f, 0x56, 0x67, 0x86, 0x5f,
    0x64, 0x83, 0x5f, 0x68, 0x85, 0x62, 0x6d, 0x88, 0x67, 0x75, 0x8f, 0x6d,
    0x72, 0x8a, 0x69, 0x72, 0x8a, 0x68, 0x7a, 0x8b, 0x64, 0x80, 0x8e, 0x60,
    0x8d, 0x9a, 0x60, 0x96, 0xa4, 0x51, 0x97, 0xa5, 0x3d, 0x95, 0xa1, 0x37,
    0x90, 0x9a, 0x34, 0x8c, 0x94, 0x27, 0x85, 0x8d, 0x1e, 0x7b, 0x83, 0x14,
    0x78, 0x80, 0x11, 0x78, 0x80, 0x11, 0x76, 0x7e, 0x0f, 0x81, 0x88, 0x1d,
    0x99, 0xa0, 0x39, 0xa9, 0xaf, 0x4d, 0xa7, 0xad, 0x4f, 0xa8, 0xad, 0x55,
    0xa8, 0xab, 0x59, 0xa8, 0xab, 0x5b, 0xa8, 0xac, 0x59, 0xa8, 0xac, 0x58,
    0xa8, 0xac, 0x58, 0xa8, 0xac, 0x58, 0xa8, 0xac, 0x58, 0xa8, 0xac, 0x58,
    0xa8, 0xac, 0x58, 0xa8, 0xac, 0x58, 0xa8, 0xac, 0x58, 0xa8, 0xac, 0x58,
    0xa8, 0xac, 0x58, 0xa8, 0xac, 0x58, 0xa8, 0xac, 0x58, 0xa7, 0xac, 0x58,
    0xa7, 0xac, 0x58, 0xa7, 0xac, 0x58, 0xa7, 0xac, 0x58, 0xa7, 0xac, 0x58,
    0xa7, 0xac, 0x58, 0xa7, 0xac, 0x58, 0xa7, 0xac, 0x58, 0xa8, 0xad, 0x59,
    0xa9, 0xae, 0x5a, 0xa8, 0xad, 0x59, 0xa8, 0xad, 0x59, 0xa8, 0xad, 0x59,
    0xa9, 0xae, 0x59, 0xaa, 0xae, 0x59, 0xaa, 0xae, 0x59, 0xab, 0xaf, 0x5a,
    0xab, 0xaf, 0x5a, 0xab, 0xaf, 0x5a, 0xab, 0xaf, 0x5a, 0xac, 0xb0, 0x5b,
    0xa7, 0xb3, 0x5d, 0xa7, 0xb3, 0x5d, 0xa7, 0xb3, 0x5d, 0xa7, 0xb3, 0x5d,
    0xa7, 0xb3, 0x5d, 0xa7, 0xb3, 0x5d, 0xa7, 0xb3, 0x5d, 0xa6, 0xb4, 0x5d,
    0xa6, 0xb4, 0x5d, 0xa6, 0xb4, 0x5d, 0xa6, 0xb4, 0x5d, 0xa6, 0xb4, 0x5d,
    0xa6, 0xb4, 0x5d, 0xa6, 0xb4, 0x5b, 0xa6, 0xb3, 0x61, 0xa6, 0xb3, 0x60,
    0xa4, 0xb2, 0x5d, 0xa8, 0xb4, 0x6b, 0xae, 0xb5, 0x8b, 0x92, 0x96, 0x7b,
    0x5b, 0x62, 0x38, 0x73, 0x7d, 0x3f, 0x9f, 0xad, 0x5b, 0xa5, 0xb4, 0x57,
    0xa5, 0xb4, 0x56, 0xa5, 0xb3, 0x5a, 0xa5, 0xb3, 0x5b, 0xa5, 0xb3, 0x5b,
    0xa5, 0xb3, 0x5b, 0xa4, 0xb2, 0x5a, 0xa5, 0xb3, 0x5b, 0xa5, 0xb3, 0x5b,
    0xa6, 0xb4, 0x5c, 0xa7, 0xb4, 0x5c, 0xa7, 0xb4, 0x5c, 0xa7, 0xb4, 0x5c,
    0xa7, 0xb4, 0x5c, 0xa7, 0xb4, 0x5c, 0xa7, 0xb4, 0x5c, 0xa8, 0xb3, 0x5d,
    0xa9, 0xb3, 0x5c, 0xa7, 0xb4, 0x5a, 0xa8, 0xb7, 0x5c, 0xa7, 0xb6, 0x5f,
    0xa3, 0xb3, 0x62, 0x92, 0xa3, 0x5b, 0x61, 0x7a, 0x3d, 0x50, 0x6b, 0x32,
    0x4a, 0x64, 0x30, 0x4f, 0x68, 0x3b, 0x45, 0x5d, 0x36, 0x3d, 0x55, 0x31,
    0x42, 0x58, 0x31, 0x45, 0x5a, 0x30, 0x50, 0x63, 0x38, 0x51, 0x63, 0x36,
    0x44, 0x55, 0x26, 0x45, 0x54, 0x24, 0x4b, 0x5a, 0x29, 0x43, 0x56, 0x21,
    0x4b, 0x5e, 0x29, 0x4e, 0x60, 0x2b, 0x3c, 0x4c, 0x18, 0x34, 0x42, 0x0e,
    0x36, 0x43, 0x10, 0x3e, 0x4c, 0x19, 0x39, 0x4a, 0x15, 0x3b, 0x4c, 0x18,
    0x40, 0x51, 0x1d, 0x3e, 0x4f, 0x1b, 0x28, 0x39, 0x07, 0x2c, 0x3c, 0x0a,
    0x3b, 0x47, 0x16, 0x41, 0x4d, 0x1d, 0x33, 0x3f, 0x10, 0x2f, 0x3b, 0x0b,
    0x34, 0x40, 0x10, 0x37, 0x43, 0x12, 0x36, 0x40, 0x11, 0x2a, 0x33, 0x08,
    0x2d, 0x3a, 0x0c, 0x34, 0x44, 0x17, 0x2e, 0x3e, 0x13, 0x1f, 0x2b, 0x04,
    0x38, 0x40, 0x19, 0x34, 0x40, 0x15, 0x26, 0x33, 0x09, 0x28, 0x35, 0x0d,
    0x2a, 0x37, 0x10, 0x36, 0x42, 0x1c, 0x2b, 0x38, 0x14, 0x1f, 0x29, 0x0c,
    0x2a, 0x2f, 0x19, 0x29, 0x2f, 0x13, 0x31, 0x39, 0x15, 0x2b, 0x34, 0x0e,
    0x37, 0x3f, 0x18, 0x3b, 0x43, 0x1e, 0x2c, 0x34, 0x0d, 0x56, 0x5d, 0x27,
    0x57, 0x5b, 0x25, 0x3c, 0x3e, 0x0b, 0x3e, 0x3c, 0x0c, 0x3e, 0x39, 0x0e,
    0x3f, 0x37, 0x11, 0x44, 0x3a, 0x16, 0x4f, 0x43, 0x1e, 0x44, 0x35, 0x11,
    0x48, 0x36, 0x12, 0x50, 0x3b, 0x17, 0x52, 0x3c, 0x18, 0x64, 0x4e, 0x29,
    0x6f, 0x59, 0x35, 0x6b, 0x55, 0x31, 0x66, 0x4f, 0x2b, 0x63, 0x4c, 0x28,
    0x8e, 0x78, 0x54, 0xa7, 0x91, 0x6d, 0xba, 0xa6, 0x83, 0xc0, 0xad, 0x8b,
    0xaf, 0x9b, 0x7b, 0xb2, 0x9e, 0x7f, 0xba, 0xa5, 0x88, 0xad, 0x98, 0x7c,
    0xbb, 0xa9, 0x8d, 0xcc, 0xc0, 0x9f, 0x8d, 0x87, 0x5f, 0x60, 0x61, 0x2e,
    0x69, 0x6d, 0x30, 0x90, 0x92, 0x4f, 0xaa, 0xad, 0x65, 0xac, 0xb5, 0x64,
    0xa6, 0xb2, 0x5b, 0xa8, 0xb3, 0x5a, 0xa8, 0xb3, 0x59, 0xa7, 0xb2, 0x5a,
    0xa6, 0xb0, 0x5c, 0xa4, 0xae, 0x5d, 0x9e, 0xab, 0x5a, 0x8c, 0x9a, 0x4e,
    0x6c, 0x7d, 0x38, 0x4a, 0x60, 0x23, 0x34, 0x4d, 0x16, 0x35, 0x4f, 0x1c,
    0x3c, 0x56, 0x27, 0x3f, 0x5a, 0x2c, 0x44, 0x62, 0x34, 0x4d, 0x6d, 0x3f,
    0x45, 0x69, 0x3c, 0x4a, 0x70, 0x43, 0x53, 0x77, 0x4c, 0x54, 0x73, 0x4a,
    0x5b, 0x79, 0x51, 0x62, 0x81, 0x58, 0x69, 0x87, 0x60, 0x68, 0x86, 0x5f,
    0x72, 0x8f, 0x6a, 0x71, 0x90, 0x6b, 0x71, 0x90, 0x6a, 0x6a, 0x89, 0x63,
    0x6a, 0x89, 0x63, 0x65, 0x83, 0x5e, 0x61, 0x80, 0x5a, 0x62, 0x81, 0x5d,
    0x63, 0x7f, 0x60, 0x67, 0x81, 0x63, 0x6e, 0x87, 0x69, 0x73, 0x8b, 0x6e,
    0x6d, 0x82, 0x66, 0x6a, 0x7e, 0x62, 0x6d, 0x82, 0x61, 0x73, 0x87, 0x64,
    0x83, 0x94, 0x66, 0x96, 0xa5, 0x5f, 0xa0, 0xae, 0x50, 0xa4, 0xaf, 0x4b,
    0xa5, 0xac, 0x4d, 0xa9, 0xaf, 0x4f, 0xa9, 0xae, 0x4f, 0xa5, 0xaa, 0x4b,
    0xa2, 0xa7, 0x48, 0xa1, 0xa7, 0x47, 0x9f, 0xa5, 0x45, 0xa5, 0xab, 0x4b,
    0xa9, 0xae, 0x4f, 0xa7, 0xad, 0x51, 0xa7, 0xac, 0x53, 0xa8, 0xac, 0x57,
    0xa8, 0xac, 0x58, 0xa8, 0xac, 0x59, 0xa8, 0xac, 0x58, 0xa8, 0xac, 0x58,
    0xa8, 0xac, 0x58, 0xa8, 0xac, 0x58, 0xa8, 0xac, 0x58, 0xa8, 0xac, 0x58,
    0xa8, 0xac, 0x58, 0xa8, 0xac, 0x58, 0xa8, 0xac, 0x58, 0xa8, 0xac, 0x58,
    0xa8, 0xac, 0x58, 0xa8, 0xac, 0x58, 0xa8, 0xac, 0x58, 0xa7, 0xac, 0x58,
    0xa7, 0xac, 0x58, 0xa7, 0xac, 0x58, 0xa7, 0xac, 0x58, 0xa7, 0xac, 0x58,
    0xa7, 0xac, 0x58, 0xa7, 0xac, 0x58, 0xa7, 0xac, 0x58, 0xa8, 0xad, 0x59,
    0xa9, 0xae, 0x5a, 0xa8, 0xad, 0x59, 0xa8, 0xad, 0x59, 0xa8, 0xad, 0x59,
    0xa9, 0xae, 0x59, 0xaa, 0xae, 0x59, 0xaa, 0xae, 0x59, 0xab, 0xaf, 0x5a,
    0xab, 0xaf, 0x5a, 0xab, 0xaf, 0x5a, 0xab, 0xaf, 0x5a, 0xac, 0xb0, 0x5b,
    0xa7, 0xb3, 0x5d, 0xa7, 0xb3, 0x5d, 0xa7, 0xb3, 0x5d, 0xa7, 0xb3, 0x5d,
    0xa7, 0xb3, 0x5d, 0xa7, 0xb3, 0x5d, 0xa7, 0xb3, 0x5d, 0xa6, 0xb4, 0x5d,
    0xa6, 0xb4, 0x5d, 0xa6, 0xb4, 0x5d, 0xa6, 0xb4, 0x5d, 0xa6, 0xb4, 0x5d,
    0xa6, 0xb4, 0x5d, 0xa6, 0xb4, 0x5f, 0xa6, 0xb3, 0x61, 0xa6, 0xb4, 0x5f,
    0xa6, 0xb4, 0x62, 0xab, 0xb4, 0x75, 0xa8, 0xae, 0x8d, 0x84, 0x88, 0x6e,
    0x5b, 0x63, 0x30, 0x87, 0x93, 0x4d, 0xa4, 0xb2, 0x5b, 0xa5, 0xb4, 0x54,
    0xa5, 0xb5, 0x54, 0xa5, 0xb4, 0x58, 0xa5, 0xb3, 0x5b, 0xa5, 0xb3, 0x5b,
    0xa5, 0xb3, 0x5b, 0xa4, 0xb2, 0x5a, 0xa5, 0xb3, 0x5b, 0xa5, 0xb3, 0x5b,
    0xa6, 0xb4, 0x5c, 0xa7, 0xb4, 0x5c, 0xa7, 0xb4, 0x5c, 0xa7, 0xb4, 0x5c,
    0xa7, 0xb4, 0x5c, 0xa7, 0xb4, 0x5c, 0xa7, 0xb4, 0x5c, 0xa8, 0xb3, 0x5d,
    0xa8, 0xb3, 0x5c, 0xa7, 0xb4, 0x5a, 0xa6, 0xb4, 0x59, 0xa8, 0xb7, 0x5d,
    0xa4, 0xb3, 0x5a, 0xa5, 0xb5, 0x63, 0x8a, 0xa0, 0x58, 0x5c, 0x74, 0x31,
    0x4e, 0x68, 0x2d, 0x4d, 0x68, 0x37, 0x4a, 0x65, 0x3d, 0x3b, 0x57, 0x33,
    0x43, 0x5e, 0x39, 0x46, 0x5f, 0x37, 0x44, 0x5a, 0x32, 0x51, 0x63, 0x3a,
    0x4b, 0x5b, 0x2f, 0x3f, 0x4d, 0x1d, 0x5b, 0x68, 0x37, 0x4a, 0x5d, 0x29,
    0x42, 0x55, 0x20, 0x46, 0x58, 0x24, 0x3b, 0x4c, 0x18, 0x35, 0x44, 0x11,
    0x45, 0x53, 0x20, 0x51, 0x60, 0x2c, 0x40, 0x51, 0x1d, 0x37, 0x48, 0x14,
    0x35, 0x46, 0x12, 0x35, 0x46, 0x12, 0x32, 0x43, 0x0f, 0x36, 0x47, 0x13,
    0x42, 0x4f, 0x1e, 0x34, 0x40, 0x10, 0x26, 0x32, 0x06, 0x26, 0x32, 0x05,
    0x3b, 0x47, 0x17, 0x3c, 0x48, 0x18, 0x2c, 0x37, 0x0a, 0x22, 0x2b, 0x04,
    0x37, 0x44, 0x17, 0x34, 0x44, 0x18, 0x2a, 0x3a, 0x0f, 0x25, 0x31, 0x0b,
    0x35, 0x3e, 0x16, 0x2c, 0x37, 0x0c, 0x36, 0x43, 0x18, 0x1c, 0x29, 0x06,
    0x2b, 0x37, 0x13, 0x34, 0x40, 0x1c, 0x2c, 0x38, 0x16, 0x33, 0x3b, 0x1e,
    0x26, 0x2b, 0x11, 0x24, 0x2a, 0x09, 0x27, 0x2f, 0x09, 0x38, 0x41, 0x14,
    0x6a, 0x73, 0x41, 0x39, 0x42, 0x19, 0x40, 0x4a, 0x19, 0x95, 0x9f, 0x5c,
    0x9a, 0xa0, 0x5d, 0x74, 0x78, 0x39, 0x3e, 0x3f, 0x09, 0x36, 0x33, 0x04,
    0x30, 0x2b, 0x03, 0x39, 0x31, 0x0b, 0x4f, 0x45, 0x1f, 0x4e, 0x41, 0x1c,
    0x4c, 0x3b, 0x16, 0x55, 0x41, 0x1c, 0x64, 0x4f, 0x29, 0x6e, 0x58, 0x32,
    0x77, 0x61, 0x3c, 0x6f, 0x59, 0x34, 0x5f, 0x49, 0x24, 0x64, 0x4e, 0x29,
    0x87, 0x71, 0x4c, 0x7d, 0x67, 0x42, 0x98, 0x82, 0x5f, 0xac, 0x97, 0x75,
    0xa3, 0x8d, 0x6d, 0xa4, 0x8f, 0x70, 0xa6, 0x91, 0x73, 0x94, 0x80, 0x63,
    0x95, 0x80, 0x66, 0xa7, 0x92, 0x79, 0xb8, 0xa9, 0x89, 0x6d, 0x66, 0x3d,
    0x51, 0x4d, 0x1c, 0x70, 0x6e, 0x36, 0x8c, 0x8d, 0x4f, 0xa7, 0xad, 0x61,
    0xa8, 0xaf, 0x5d, 0xaa, 0xb3, 0x5b, 0xa9, 0xb3, 0x58, 0xa9, 0xb3, 0x59,
    0xa6, 0xaf, 0x58, 0xa7, 0xb1, 0x5a, 0xa8, 0xb2, 0x5a, 0x9f, 0xaa, 0x58,
    0x8c, 0x9a, 0x4d, 0x6e, 0x7f, 0x3b, 0x4d, 0x61, 0x24, 0x3d, 0x52, 0x1b,
    0x39, 0x51, 0x1e, 0x3b, 0x55, 0x25, 0x41, 0x5e, 0x30, 0x46, 0x65, 0x3a,
    0x46, 0x69, 0x3e, 0x4b, 0x70, 0x44, 0x4b, 0x6d, 0x42, 0x5a, 0x75, 0x4e,
    0x67, 0x81, 0x5b, 0x77, 0x91, 0x6c, 0x89, 0xa2, 0x81, 0x88, 0xa1, 0x81,
    0x90, 0xa9, 0x8a, 0x87, 0xa3, 0x82, 0x80, 0x9d, 0x7b, 0x76, 0x93, 0x71,
    0x6a, 0x86, 0x65, 0x60, 0x7d, 0x5b, 0x5d, 0x79, 0x58, 0x5b, 0x77, 0x57,
    0x62, 0x7b, 0x60, 0x65, 0x7d, 0x62, 0x68, 0x80, 0x65, 0x6a, 0x7f, 0x65,
    0x66, 0x79, 0x60, 0x64, 0x76, 0x5e, 0x64, 0x7a, 0x61, 0x68, 0x7e, 0x65,
    0x76, 0x88, 0x68, 0x8e, 0x9d, 0x65, 0x9f, 0xac, 0x59, 0xa6, 0xaf, 0x52,
    0xa8, 0xae, 0x54, 0xa8, 0xad, 0x56, 0xa8, 0xad, 0x56, 0xa9, 0xae, 0x57,
    0xa8, 0xad, 0x56, 0xa6, 0xab, 0x54, 0xa5, 0xaa, 0x53, 0xa7, 0xac, 0x55,
    0xa8, 0xac, 0x55, 0xa8, 0xac, 0x56, 0xa7, 0xab, 0x56, 0xa8, 0xac, 0x57,
    0xa8, 0xac, 0x58, 0xa8, 0xac, 0x58, 0xa8, 0xac, 0x58, 0xa8, 0xac, 0x58,
    0xa8, 0xac, 0x58, 0xa8, 0xac, 0x58, 0xa8, 0xac, 0x58, 0xa8, 0xac, 0x58,
    0xa8, 0xac, 0x58, 0xa8, 0xac, 0x58, 0xa8, 0xac, 0x58, 0xa8, 0xac, 0x58,
    0xa8, 0xac, 0x58, 0xa8, 0xac, 0x58, 0xa8, 0xac, 0x58, 0xa7, 0xac, 0x58,
    0xa7, 0xac, 0x58, 0xa7, 0xac, 0x58, 0xa7, 0xac, 0x58, 0xa7, 0xac, 0x58,
    0xa7, 0xac, 0x58, 0xa7, 0xac, 0x58, 0xa7, 0xac, 0x58, 0xa8, 0xad, 0x59,
    0xa9, 0xae, 0x5a, 0xa8, 0xad, 0x59, 0xa8, 0xad, 0x59, 0xa8, 0xad, 0x59,
    0xa9, 0xae, 0x59, 0xaa, 0xae, 0x59, 0xaa, 0xae, 0x59, 0xab, 0xaf, 0x5a,
    0xab, 0xaf, 0x5a, 0xab, 0xaf, 0x5a, 0xab, 0xaf, 0x5a, 0xac, 0xb0, 0x5b,
    0xa7, 0xb3, 0x5d, 0xa7, 0xb3, 0x5d, 0xa7, 0xb3, 0x5d, 0xa6, 0xb2, 0x5c,
    0xa6, 0xb2, 0x5c, 0xa6, 0xb2, 0x5c, 0xa6, 0xb2, 0x5c, 0xa5, 0xb3, 0x5c,
    0xa5, 0xb3, 0x5c, 0xa5, 0xb3, 0x5c, 0xa6, 0xb4, 0x5d, 0xa6, 0xb4, 0x5d,
    0xa6, 0xb4, 0x5e, 0xa5, 0xb2, 0x60, 0xa6, 0xb4, 0x60, 0xa6, 0xb4, 0x5f,
    0xa9, 0xb5, 0x6a, 0xad, 0xb5, 0x7f, 0x9e, 0xa3, 0x86, 0x74, 0x79, 0x59,
    0x66, 0x70, 0x32, 0x98, 0xa4, 0x57, 0xa5, 0xb3, 0x59, 0xa5, 0xb5, 0x53,
    0xa5, 0xb5, 0x54, 0xa5, 0xb4, 0x56, 0xa5, 0xb3, 0x5a, 0xa5, 0xb3, 0x5b,
    0xa5, 0xb3, 0x5b, 0xa4, 0xb2, 0x5a, 0xa5, 0xb3, 0x5b, 0xa5, 0xb3, 0x5b,
    0xa6, 0xb4, 0x5c, 0xa7, 0xb4, 0x5c, 0xa7, 0xb4, 0x5c, 0xa7, 0xb4, 0x5c,
    0xa7, 0xb4, 0x5c, 0xa7, 0xb4, 0x5c, 0xa7, 0xb4, 0x5c, 0xa7, 0xb3, 0x5d,
    0xa7, 0xb4, 0x5c, 0xa7, 0xb4, 0x5a, 0xa7, 0xb3, 0x59, 0xa8, 0xb5, 0x59,
    0xa7, 0xb3, 0x57, 0xa5, 0xb3, 0x5a, 0xa2, 0xb4, 0x63, 0x86, 0x9a, 0x4f,
    0x5d, 0x74, 0x32, 0x4d, 0x67, 0x30, 0x4c, 0x68, 0x39, 0x3e, 0x5c, 0x34,
    0x43, 0x60, 0x38, 0x44, 0x5f, 0x37, 0x3b, 0x54, 0x2d, 0x3e, 0x51, 0x2b,
    0x3f, 0x4e, 0x25, 0x46, 0x52, 0x24, 0x50, 0x5c, 0x2a, 0x4e, 0x61, 0x2d,
    0x41, 0x56, 0x21, 0x3a, 0x4e, 0x1a, 0x46, 0x57, 0x24, 0x46, 0x56, 0x23,
    0x47, 0x56, 0x23, 0x4a, 0x59, 0x27, 0x3c, 0x4c, 0x19, 0x29, 0x3a, 0x08,
    0x39, 0x4a, 0x16, 0x48, 0x59, 0x26, 0x46, 0x56, 0x23, 0x2d, 0x3e, 0x0b,
    0x31, 0x3e, 0x0e, 0x33, 0x3f, 0x11, 0x41, 0x4d, 0x1e, 0x2d, 0x39, 0x0b,
    0x34, 0x40, 0x12, 0x2e, 0x3a, 0x0a, 0x39, 0x43, 0x15, 0x30, 0x39, 0x0d,
    0x30, 0x3d, 0x11, 0x2a, 0x3a, 0x0e, 0x37, 0x46, 0x1c, 0x2a, 0x36, 0x0f,
    0x21, 0x2a, 0x08, 0x31, 0x3b, 0x15, 0x33, 0x3e, 0x19, 0x21, 0x2c, 0x0d,
    0x25, 0x30, 0x0f, 0x2c, 0x36, 0x17, 0x2b, 0x35, 0x16, 0x35, 0x3d, 0x1d,
    0x2f, 0x35, 0x0f, 0x2b, 0x32, 0x04, 0x3f, 0x48, 0x12, 0x78, 0x83, 0x43,
    0x9a, 0xa5, 0x62, 0x6e, 0x78, 0x38, 0x7d, 0x87, 0x40, 0xa4, 0xaf, 0x61,
    0xa6, 0xaf, 0x62, 0xa2, 0xa9, 0x60, 0x6d, 0x71, 0x30, 0x3a, 0x3c, 0x08,
    0x2e, 0x2d, 0x01, 0x3a, 0x34, 0x08, 0x50, 0x48, 0x1e, 0x56, 0x4a, 0x21,
    0x49, 0x3a, 0x12, 0x59, 0x47, 0x21, 0x60, 0x4c, 0x25, 0x6c, 0x57, 0x31,
    0x74, 0x5e, 0x39, 0x77, 0x61, 0x3b, 0x69, 0x53, 0x2d, 0x6e, 0x58, 0x32,
    0x7e, 0x68, 0x42, 0x86, 0x70, 0x4b, 0x9f, 0x87, 0x64, 0x8f, 0x78, 0x56,
    0x96, 0x7e, 0x5d, 0x98, 0x82, 0x62, 0xa0, 0x8b, 0x6c, 0x9c, 0x89, 0x6b,
    0x91, 0x79, 0x61, 0x8b, 0x71, 0x5c, 0x94, 0x7e, 0x65, 0x90, 0x80, 0x5f,
    0x4e, 0x43, 0x1b, 0x4c, 0x46, 0x18, 0x61, 0x5f, 0x2a, 0x94, 0x95, 0x52,
    0xab, 0xae, 0x63, 0xa9, 0xaf, 0x5b, 0xa8, 0xb1, 0x57, 0xa9, 0xb3, 0x57,
    0xa6, 0xb1, 0x55, 0xa8, 0xb2, 0x55, 0xa9, 0xb1, 0x55, 0xa7, 0xb0, 0x56,
    0xa0, 0xab, 0x56, 0x8d, 0x9b, 0x4e, 0x72, 0x81, 0x3d, 0x51, 0x62, 0x27,
    0x3a, 0x50, 0x1a, 0x39, 0x52, 0x20, 0x40, 0x5b, 0x2e, 0x41, 0x5f, 0x35,
    0x43, 0x64, 0x3b, 0x50, 0x74, 0x48, 0x6a, 0x8a, 0x60, 0x8b, 0xa4, 0x7d,
    0x8f, 0xa7, 0x83, 0x9c, 0xb3, 0x92, 0x96, 0xae, 0x91, 0x94, 0xab, 0x90,
    0x9f, 0xb6, 0x9b, 0x98, 0xb1, 0x94, 0x98, 0xb2, 0x94, 0x9a, 0xb4, 0x95,
    0x8a, 0xa4, 0x86, 0x7f, 0x99, 0x7a, 0x6f, 0x88, 0x6a, 0x5e, 0x77, 0x5a,
    0x5e, 0x75, 0x5d, 0x63, 0x78, 0x61, 0x5f, 0x74, 0x5d, 0x5e, 0x70, 0x59,
    0x61, 0x72, 0x5c, 0x64, 0x73, 0x5f, 0x62, 0x78, 0x64, 0x63, 0x7a, 0x6a,
    0x6d, 0x80, 0x6b, 0x87, 0x96, 0x6a, 0x9e, 0xa9, 0x61, 0xa6, 0xae, 0x57,
    0xa8, 0xac, 0x56, 0xa7, 0xad, 0x57, 0xa4, 0xab, 0x55, 0xa5, 0xab, 0x55,
    0xa5, 0xac, 0x56, 0xa5, 0xac, 0x56, 0xa6, 0xac, 0x56, 0xa8, 0xac, 0x5a,
    0xa8, 0xab, 0x5b, 0xa8, 0xab, 0x5a, 0xa9, 0xad, 0x5a, 0xa8, 0xac, 0x58,
    0xa8, 0xac, 0x57, 0xa8, 0xac, 0x57, 0xa8, 0xac, 0x58, 0xa8, 0xac, 0x58,
    0xa8, 0xac, 0x58, 0xa8, 0xac, 0x58, 0xa8, 0xac, 0x58, 0xa8, 0xac, 0x58,
    0xa8, 0xac, 0x58, 0xa8, 0xac, 0x58, 0xa8, 0xac, 0x58, 0xa8, 0xac, 0x58,
    0xa8, 0xac, 0x58, 0xa8, 0xac, 0x58, 0xa8, 0xac, 0x58, 0xa7, 0xac, 0x58,
    0xa7, 0xac, 0x58, 0xa7, 0xac, 0x58, 0xa7, 0xac, 0x58, 0xa7, 0xac, 0x58,
    0xa7, 0xac, 0x58, 0xa7, 0xac, 0x58, 0xa7, 0xac, 0x58, 0xa8, 0xad, 0x59,
    0xa9, 0xae, 0x5a, 0xa8, 0xad, 0x59, 0xa8, 0xad, 0x59, 0xa8, 0xad, 0x59,
    0xa9, 0xae, 0x59, 0xaa, 0xae, 0x59, 0xaa, 0xae, 0x59, 0xab, 0xaf, 0x5a,
    0xab, 0xaf, 0x5a, 0xab, 0xaf, 0x5a, 0xab, 0xaf, 0x5a, 0xac, 0xb0, 0x5b,
    0xa6, 0xb2, 0x5c, 0xa6, 0xb2, 0x5c, 0xa6, 0xb2, 0x5c, 0xa5, 0xb1, 0x5b,
    0xa5, 0xb1, 0x5b, 0xa5, 0xb1, 0x5b, 0xa5, 0xb1, 0x5b, 0xa4, 0xb2, 0x5b,
    0xa4, 0xb2, 0x5b, 0xa4, 0xb2, 0x5b, 0xa5, 0xb3, 0x5c, 0xa5, 0xb3, 0x5c,
    0xa5, 0xb3, 0x5d, 0xa4, 0xb1, 0x5f, 0xa6, 0xb4, 0x5e, 0xa7, 0xb4, 0x63,
    0xaa, 0xb4, 0x75, 0xaa, 0xb1, 0x85, 0x8f, 0x95, 0x76, 0x61, 0x68, 0x3d,
    0x77, 0x83, 0x3a, 0xa3, 0xb0, 0x5d, 0xa5, 0xb4, 0x58, 0xa5, 0xb5, 0x54,
    0xa5, 0xb4, 0x55, 0xa5, 0xb4, 0x57, 0xa5, 0xb3, 0x5a, 0xa5, 0xb3, 0x5b,
    0xa5, 0xb3, 0x5b, 0xa5, 0xb3, 0x5b, 0xa5, 0xb3, 0x5b, 0xa5, 0xb3, 0x5b,
    0xa5, 0xb3, 0x5b, 0xa6, 0xb3, 0x5b, 0xa6, 0xb3, 0x5b, 0xa6, 0xb3, 0x5b,
    0xa6, 0xb3, 0x5b, 0xa6, 0xb3, 0x5b, 0xa6, 0xb3, 0x5b, 0xa7, 0xb4, 0x5c,
    0xa7, 0xb4, 0x5c, 0xa7, 0xb4, 0x5c, 0xa8, 0xb4, 0x5b, 0xa9, 0xb4, 0x59,
    0xa9, 0xb4, 0x55, 0xa9, 0xb4, 0x56, 0xa5, 0xb3, 0x5b, 0xa4, 0xb4, 0x62,
    0x8d, 0xa2, 0x57, 0x62, 0x79, 0x38, 0x4a, 0x65, 0x2c, 0x3b, 0x58, 0x26,
    0x42, 0x60, 0x30, 0x41, 0x5e, 0x31, 0x44, 0x5d, 0x35, 0x3c, 0x51, 0x2b,
    0x43, 0x53, 0x2d, 0x48, 0x56, 0x29, 0x3f, 0x4d, 0x1a, 0x48, 0x5d, 0x2a,
    0x42, 0x58, 0x25, 0x36, 0x4a, 0x17, 0x4c, 0x5f, 0x2d, 0x49, 0x59, 0x28,
    0x3d, 0x4d, 0x1c, 0x3a, 0x4a, 0x19, 0x37, 0x47, 0x16, 0x36, 0x46, 0x16,
    0x3b, 0x4b, 0x1a, 0x42, 0x52, 0x21, 0x39, 0x49, 0x18, 0x27, 0x37, 0x07,
    0x31, 0x3d, 0x10, 0x46, 0x52, 0x25, 0x44, 0x50, 0x22, 0x2c, 0x38, 0x0b,
    0x26, 0x32, 0x07, 0x37, 0x43, 0x16, 0x3f, 0x4a, 0x1d, 0x2e, 0x37, 0x0d,
    0x20, 0x2d, 0x05, 0x31, 0x41, 0x16, 0x38, 0x48, 0x1f, 0x27, 0x33, 0x0e,
    0x19, 0x21, 0x04, 0x2f, 0x38, 0x19, 0x2a, 0x33, 0x16, 0x34, 0x3d, 0x1f,
    0x2e, 0x37, 0x18, 0x20, 0x2a, 0x0b, 0x27, 0x30, 0x11, 0x27, 0x30, 0x0b,
    0x2f, 0x38, 0x05, 0x53, 0x5d, 0x1d, 0x8c, 0x99, 0x4e, 0xa5, 0xb2, 0x60,
    0xa4, 0xb1, 0x5d, 0xa2, 0xaf, 0x5b, 0xa2, 0xaf, 0x5c, 0xa5, 0xb1, 0x5d,
    0xa8, 0xb4, 0x5f, 0xaa, 0xb3, 0x61, 0xa0, 0xa7, 0x5c, 0x7c, 0x81, 0x3d,
    0x58, 0x5a, 0x20, 0x3f, 0x3b, 0x08, 0x50, 0x4a, 0x18, 0x5d, 0x53, 0x24,
    0x50, 0x42, 0x16, 0x5c, 0x4b, 0x22, 0x56, 0x43, 0x1b, 0x5b, 0x46, 0x1f,
    0x70, 0x5a, 0x33, 0x7b, 0x65, 0x3e, 0x76, 0x60, 0x39, 0x79, 0x63, 0x3c,
    0x6d, 0x57, 0x30, 0x72, 0x5c, 0x35, 0x96, 0x7b, 0x58, 0x99, 0x7f, 0x5d,
    0x91, 0x78, 0x56, 0x91, 0x7a, 0x59, 0xa8, 0x94, 0x74, 0xa8, 0x95, 0x75,
    0x9f, 0x87, 0x6d, 0x92, 0x77, 0x62, 0x82, 0x69, 0x50, 0x8c, 0x76, 0x58,
    0x85, 0x75, 0x53, 0x81, 0x77, 0x51, 0x87, 0x81, 0x54, 0x8d, 0x88, 0x4f,
    0xaa, 0xa8, 0x66, 0xac, 0xad, 0x60, 0xab, 0xb0, 0x5a, 0xa8, 0xb0, 0x55,
    0xa8, 0xb2, 0x54, 0xa9, 0xb1, 0x55, 0xaa, 0xb1, 0x54, 0xaa, 0xb1, 0x53,
    0xa7, 0xb2, 0x55, 0xa1, 0xad, 0x56, 0x91, 0x9e, 0x51, 0x74, 0x81, 0x3e,
    0x4f, 0x64, 0x2a, 0x3e, 0x57, 0x23, 0x3e, 0x58, 0x2c, 0x42, 0x5e, 0x38,
    0x5f, 0x7f, 0x58, 0x7a, 0x9c, 0x72, 0x8e, 0xae, 0x84, 0x96, 0xae, 0x8a,
    0x8e, 0xa6, 0x84, 0x98, 0xb0, 0x90, 0x94, 0xab, 0x8e, 0x8d, 0xa4, 0x89,
    0x99, 0xb0, 0x96, 0x98, 0xaf, 0x93, 0x90, 0xa7, 0x8a, 0x98, 0xaf, 0x93,
    0x9a, 0xb1, 0x95, 0x96, 0xad, 0x91, 0x98, 0xaf, 0x93, 0x85, 0x9b, 0x7f,
    0x76, 0x8b, 0x74, 0x69, 0x7d, 0x67, 0x5e, 0x70, 0x5a, 0x5d, 0x6c, 0x57,
    0x5e, 0x6c, 0x58, 0x5f, 0x6d, 0x59, 0x5b, 0x70, 0x5c, 0x5b, 0x71, 0x64,
    0x66, 0x76, 0x6a, 0x7d, 0x8a, 0x69, 0x99, 0xa3, 0x65, 0xa5, 0xac, 0x5c,
    0xa5, 0xab, 0x55, 0xa5, 0xae, 0x54, 0xa5, 0xae, 0x54, 0xa5, 0xae, 0x54,
    0xa4, 0xad, 0x53, 0xa4, 0xad, 0x53, 0xa4, 0xad, 0x53, 0xa6, 0xab, 0x58,
    0xa7, 0xaa, 0x5c, 0xa8, 0xab, 0x5b, 0xa9, 0xac, 0x5b, 0xa8, 0xab, 0x59,
    0xa8, 0xac, 0x57, 0xa8, 0xac, 0x57, 0xa8, 0xac, 0x58, 0xa8, 0xac, 0x58,
    0xa8, 0xac, 0x58, 0xa8, 0xac, 0x58, 0xa8, 0xac, 0x58, 0xa8, 0xac, 0x58,
    0xa8, 0xac, 0x58, 0xa8, 0xac, 0x58, 0xa8, 0xac, 0x58, 0xa8, 0xac, 0x58,
    0xa8, 0xac, 0x58, 0xa8, 0xac, 0x58, 0xa8, 0xac, 0x58, 0xa7, 0xac, 0x58,
    0xa7, 0xac, 0x58, 0xa7, 0xac, 0x58, 0xa7, 0xac, 0x58, 0xa7, 0xac, 0x58,
    0xa7, 0xac, 0x58, 0xa7, 0xac, 0x58, 0xa7, 0xac, 0x58, 0xa8, 0xad, 0x59,
    0xa9, 0xae, 0x5a, 0xa8, 0xad, 0x59, 0xa8, 0xad, 0x59, 0xa8, 0xad, 0x59,
    0xa9, 0xae, 0x59, 0xaa, 0xae, 0x59, 0xaa, 0xae, 0x59, 0xaa, 0xae, 0x59,
    0xaa, 0xae, 0x59, 0xab, 0xaf, 0x5a, 0xac, 0xb0, 0x5b, 0xac, 0xb0, 0x5b,
    0xa6, 0xb2, 0x5c, 0xa6, 0xb2, 0x5c, 0xa6, 0xb2, 0x5c, 0xa5, 0xb1, 0x5b,
    0xa5, 0xb1, 0x5b, 0xa5, 0xb1, 0x5b, 0xa5, 0xb1, 0x5b, 0xa4, 0xb2, 0x5b,
    0xa4, 0xb2, 0x5b, 0xa4, 0xb2, 0x5b, 0xa5, 0xb3, 0x5c, 0xa5, 0xb3, 0x5c,
    0xa5, 0xb3, 0x5c, 0xa4, 0xb2, 0x5c, 0xa5, 0xb3, 0x5c, 0xa7, 0xb4, 0x68,
    0xad, 0xb6, 0x81, 0xa5, 0xab, 0x87, 0x81, 0x87, 0x62, 0x5c, 0x65, 0x2d,
    0x89, 0x96, 0x46, 0xa3, 0xb1, 0x5a, 0xa6, 0xb4, 0x59, 0xa5, 0xb4, 0x55,
    0xa5, 0xb4, 0x57, 0xa5, 0xb4, 0x5a, 0xa5, 0xb3, 0x5b, 0xa5, 0xb3, 0x5b,
    0xa5, 0xb3, 0x5b, 0xa5, 0xb3, 0x5b, 0xa5, 0xb3, 0x5b, 0xa5, 0xb3, 0x5b,
    0xa5, 0xb3, 0x5b, 0xa6, 0xb3, 0x5b, 0xa6, 0xb3, 0x5b, 0xa6, 0xb3, 0x5b,
    0xa6, 0xb3, 0x5b, 0xa6, 0xb3, 0x5b, 0xa6, 0xb3, 0x5b, 0xa7, 0xb4, 0x5a,
    0xa7, 0xb4, 0x5a, 0xa8, 0xb4, 0x5c, 0xa9, 0xb3, 0x5d, 0xaa, 0xb3, 0x5b,
    0xaa, 0xb3, 0x57, 0xab, 0xb4, 0x55, 0xa7, 0xb3, 0x58, 0xa5, 0xb3, 0x5d,
    0xa5, 0xb6, 0x66, 0x95, 0xa8, 0x5f, 0x6d, 0x84, 0x40, 0x46, 0x60, 0x20,
    0x45, 0x61, 0x26, 0x43, 0x5f, 0x2c, 0x46, 0x5f, 0x33, 0x3b, 0x50, 0x2a,
    0x47, 0x59, 0x32, 0x41, 0x52, 0x26, 0x39, 0x4a, 0x17, 0x37, 0x4d, 0x19,
    0x36, 0x4d, 0x19, 0x3a, 0x4f, 0x1c, 0x41, 0x55, 0x22, 0x4c, 0x5d, 0x2c,
    0x44, 0x55, 0x23, 0x35, 0x45, 0x14, 0x40, 0x50, 0x1f, 0x45, 0x55, 0x24,
    0x30, 0x40, 0x0f, 0x36, 0x46, 0x15, 0x36, 0x46, 0x15, 0x3e, 0x4d, 0x1d,
    0x36, 0x42, 0x16, 0x3e, 0x49, 0x1e, 0x3a, 0x45, 0x1a, 0x31, 0x3c, 0x11,
    0x2c, 0x37, 0x0d, 0x3d, 0x48, 0x1c, 0x38, 0x42, 0x17, 0x31, 0x39, 0x0f,
    0x26, 0x33, 0x0a, 0x2e, 0x3e, 0x15, 0x30, 0x3f, 0x18, 0x25, 0x30, 0x0c,
    0x30, 0x38, 0x16, 0x2b, 0x32, 0x15, 0x25, 0x2e, 0x12, 0x32, 0x3b, 0x1c,
    0x30, 0x3a, 0x16, 0x24, 0x2e, 0x09, 0x26, 0x30, 0x09, 0x2d, 0x38, 0x07,
    0x5f, 0x6a, 0x26, 0x93, 0x9e, 0x4f, 0xa8, 0xb5, 0x5f, 0xa9, 0xb6, 0x5a,
    0xa8, 0xb5, 0x58, 0xa6, 0xb3, 0x58, 0xa5, 0xb2, 0x5a, 0xa6, 0xb3, 0x5c,
    0xa8, 0xb4, 0x5b, 0xa8, 0xb2, 0x5b, 0xa9, 0xb1, 0x5f, 0xaa, 0xb3, 0x66,
    0x93, 0x98, 0x52, 0x60, 0x5f, 0x20, 0x4b, 0x47, 0x0d, 0x59, 0x52, 0x1c,
    0x54, 0x48, 0x19, 0x5a, 0x4b, 0x20, 0x57, 0x44, 0x1d, 0x5c, 0x47, 0x20,
    0x6e, 0x58, 0x31, 0x83, 0x6d, 0x46, 0x79, 0x63, 0x3c, 0x87, 0x71, 0x4a,
    0x7e, 0x68, 0x41, 0x72, 0x5a, 0x34, 0x7c, 0x5f, 0x3b, 0x97, 0x7a, 0x58,
    0x9c, 0x82, 0x5f, 0xa8, 0x92, 0x70, 0xc1, 0xad, 0x8c, 0xbd, 0xab, 0x8b,
    0xb8, 0xa3, 0x86, 0xb4, 0x9c, 0x82, 0xa1, 0x88, 0x6c, 0x99, 0x82, 0x64,
    0xbe, 0xaa, 0x89, 0xcd, 0xbf, 0x9b, 0xd0, 0xc6, 0x9e, 0xc2, 0xb9, 0x88,
    0xba, 0xb3, 0x7a, 0xae, 0xac, 0x65, 0xab, 0xae, 0x5c, 0xab, 0xb1, 0x58,
    0xa9, 0xb2, 0x55, 0xa9, 0xb1, 0x56, 0xaa, 0xb0, 0x57, 0xaa, 0xb1, 0x52,
    0xa8, 0xb3, 0x51, 0xa8, 0xb2, 0x56, 0xa3, 0xae, 0x5a, 0x92, 0x9f, 0x54,
    0x71, 0x85, 0x45, 0x4e, 0x66, 0x30, 0x51, 0x6a, 0x3f, 0x74, 0x8e, 0x6b,
    0x90, 0xae, 0x8a, 0x85, 0xa5, 0x7d, 0x93, 0xb2, 0x8a, 0x8f, 0xa8, 0x84,
    0x84, 0x9c, 0x7a, 0x8d, 0xa5, 0x85, 0x91, 0xa8, 0x8a, 0x87, 0x9f, 0x81,
    0x8c, 0xa4, 0x87, 0x97, 0xad, 0x91, 0x90, 0xa4, 0x88, 0x91, 0xa5, 0x89,
    0x95, 0xa9, 0x8d, 0x93, 0xa7, 0x8b, 0x9b, 0xb0, 0x94, 0x97, 0xab, 0x90,
    0x94, 0xa6, 0x8f, 0x8d, 0x9f, 0x89, 0x7a, 0x8a, 0x74, 0x6b, 0x79, 0x64,
    0x5e, 0x6b, 0x57, 0x59, 0x66, 0x52, 0x57, 0x6a, 0x55, 0x5a, 0x6c, 0x5f,
    0x64, 0x71, 0x68, 0x76, 0x80, 0x65, 0x93, 0x9c, 0x64, 0xa4, 0xab, 0x5e,
    0xa5, 0xab, 0x56, 0xa5, 0xae, 0x52, 0xa5, 0xae, 0x52, 0xa5, 0xae, 0x52,
    0xa4, 0xad, 0x51, 0xa4, 0xad, 0x51, 0xa4, 0xad, 0x51, 0xa6, 0xab, 0x57,
    0xa7, 0xaa, 0x59, 0xa8, 0xab, 0x5a, 0xa9, 0xac, 0x5a, 0xa8, 0xac, 0x58,
    0xa8, 0xac, 0x57, 0xa8, 0xac, 0x57, 0xa8, 0xac, 0x58, 0xa8, 0xac, 0x58,
    0xa8, 0xac, 0x58, 0xa8, 0xac, 0x58, 0xa8, 0xac, 0x58, 0xa8, 0xac, 0x58,
    0xa8, 0xac, 0x58, 0xa8, 0xac, 0x58, 0xa8, 0xac, 0x58, 0xa8, 0xac, 0x58,
    0xa8, 0xac, 0x58, 0xa8, 0xac, 0x58, 0xa8, 0xac, 0x58, 0xa7, 0xac, 0x58,
    0xa7, 0xac, 0x58, 0xa7, 0xac, 0x58, 0xa7, 0xac, 0x58, 0xa7, 0xac, 0x58,
    0xa7, 0xac, 0x58, 0xa7, 0xac, 0x58, 0xa7, 0xac, 0x58, 0xa8, 0xad, 0x59,
    0xa9, 0xae, 0x5a, 0xa8, 0xad, 0x59, 0xa8, 0xad, 0x59, 0xa8, 0xad, 0x59,
    0xa9, 0xae, 0x59, 0xaa, 0xae, 0x59, 0xaa, 0xae, 0x59, 0xaa, 0xae, 0x59,
    0xaa, 0xae, 0x59, 0xab, 0xaf, 0x5a, 0xac, 0xb0, 0x5b, 0xac, 0xb0, 0x5b,
    0xa6, 0xb2, 0x5c, 0xa6, 0xb2, 0x5c, 0xa6, 0xb2, 0x5c, 0xa5, 0xb1, 0x5b,
    0xa5, 0xb1, 0x5b, 0xa5, 0xb1, 0x5b, 0xa5, 0xb1, 0x5b, 0xa4, 0xb2, 0x5b,
    0xa4, 0xb2, 0x5b, 0xa4, 0xb2, 0x5b, 0xa5, 0xb3, 0x5c, 0xa5, 0xb3, 0x5c,
    0xa5, 0xb3, 0x5b, 0xa5, 0xb4, 0x59, 0xa5, 0xb4, 0x5b, 0xaa, 0xb5, 0x70,
    0xac, 0xb2, 0x8a, 0x99, 0x9e, 0x81, 0x6a, 0x71, 0x41, 0x66, 0x71, 0x29,
    0x9b, 0xa9, 0x53, 0xa4, 0xb2, 0x59, 0xa6, 0xb5, 0x58, 0xa5, 0xb4, 0x57,
    0xa5, 0xb4, 0x5a, 0xa5, 0xb3, 0x5c, 0xa5, 0xb3, 0x5b, 0xa5, 0xb3, 0x5b,
    0xa5, 0xb3, 0x5b, 0xa5, 0xb3, 0x5b, 0xa5, 0xb3, 0x5b, 0xa5, 0xb3, 0x5b,
    0xa5, 0xb3, 0x5b, 0xa6, 0xb3, 0x5b, 0xa6, 0xb3, 0x5b, 0xa6, 0xb3, 0x5b,
    0xa6, 0xb3, 0x5b, 0xa6, 0xb3, 0x5b, 0xa6, 0xb3, 0x5b, 0xa6, 0xb4, 0x58,
    0xa7, 0xb4, 0x59, 0xa8, 0xb3, 0x5d, 0xa9, 0xb2, 0x60, 0xab, 0xb1, 0x5f,
    0xad, 0xb1, 0x5b, 0xab, 0xb1, 0x58, 0xa8, 0xb1, 0x57, 0xa7, 0xb2, 0x5a,
    0xa7, 0xb5, 0x5e, 0xa5, 0xb4, 0x61, 0x9a, 0xac, 0x5b, 0x80, 0x93, 0x44,
    0x5b, 0x73, 0x2c, 0x45, 0x60, 0x24, 0x41, 0x59, 0x29, 0x38, 0x4f, 0x27,
    0x42, 0x58, 0x30, 0x42, 0x57, 0x29, 0x3b, 0x51, 0x1e, 0x2d, 0x44, 0x12,
    0x38, 0x4f, 0x1d, 0x3e, 0x54, 0x22, 0x33, 0x47, 0x16, 0x3a, 0x4c, 0x1c,
    0x3d, 0x4f, 0x1e, 0x32, 0x43, 0x14, 0x3a, 0x4a, 0x1a, 0x42, 0x52, 0x23,
    0x40, 0x50, 0x20, 0x2f, 0x3f, 0x10, 0x35, 0x45, 0x16, 0x45, 0x55, 0x26,
    0x3c, 0x47, 0x1c, 0x32, 0x3d, 0x12, 0x32, 0x3d, 0x12, 0x3f, 0x4a, 0x1f,
    0x37, 0x42, 0x17, 0x2e, 0x39, 0x0e, 0x2e, 0x38, 0x0d, 0x34, 0x3c, 0x13,
    0x31, 0x3e, 0x14, 0x27, 0x37, 0x0f, 0x1a, 0x29, 0x07, 0x22, 0x2d, 0x0c,
    0x38, 0x3f, 0x1d, 0x2d, 0x34, 0x13, 0x1e, 0x26, 0x04, 0x27, 0x2f, 0x09,
    0x26, 0x2f, 0x04, 0x30, 0x3b, 0x06, 0x47, 0x52, 0x18, 0x76, 0x82, 0x3f,
    0x9f, 0xab, 0x5b, 0xa5, 0xb1, 0x5b, 0xa7, 0xb4, 0x58, 0xa7, 0xb5, 0x56,
    0xa7, 0xb5, 0x57, 0xa6, 0xb3, 0x58, 0xa7, 0xb2, 0x5b, 0xa9, 0xb3, 0x5c,
    0xa6, 0xb3, 0x59, 0xa7, 0xb4, 0x58, 0xaa, 0xb6, 0x5d, 0xa9, 0xb5, 0x61,
    0xa7, 0xb0, 0x61, 0x99, 0x9c, 0x50, 0x63, 0x62, 0x1d, 0x50, 0x4b, 0x0d,
    0x52, 0x48, 0x14, 0x5b, 0x4d, 0x21, 0x5b, 0x4b, 0x24, 0x5c, 0x47, 0x21,
    0x5e, 0x48, 0x20, 0x87, 0x71, 0x48, 0x85, 0x6f, 0x46, 0x7a, 0x64, 0x3b,
    0x89, 0x73, 0x4b, 0x7e, 0x66, 0x3e, 0x75, 0x57, 0x33, 0x94, 0x75, 0x53,
    0xa3, 0x88, 0x66, 0xbc, 0xa5, 0x83, 0xb8, 0xa3, 0x82, 0xb1, 0x9f, 0x7e,
    0xbd, 0xad, 0x8b, 0xc1, 0xae, 0x8d, 0xb7, 0xa0, 0x80, 0xbf, 0xa7, 0x87,
    0xcd, 0xb7, 0x95, 0xba, 0xa9, 0x85, 0xae, 0xa1, 0x7c, 0xab, 0x9e, 0x76,
    0xb8, 0xad, 0x7c, 0xb0, 0xaa, 0x6b, 0xaa, 0xaa, 0x5d, 0xac, 0xb2, 0x5a,
    0xa9, 0xb2, 0x56, 0xa9, 0xb2, 0x59, 0xa8, 0xb0, 0x5b, 0xa8, 0xb1, 0x54,
    0xa7, 0xb3, 0x4f, 0xa7, 0xb3, 0x50, 0xa8, 0xb4, 0x58, 0xa2, 0xaf, 0x5c,
    0x8c, 0xa0, 0x5d, 0x75, 0x8d, 0x56, 0x83, 0x9b, 0x71, 0x8e, 0xa7, 0x85,
    0x8e, 0xab, 0x88, 0x7d, 0x9d, 0x75, 0x87, 0xa6, 0x7e, 0x8b, 0xa5, 0x84,
    0x84, 0x9e, 0x7d, 0x8b, 0xa6, 0x83, 0x91, 0xab, 0x88, 0x8d, 0xa7, 0x84,
    0x8a, 0xa4, 0x81, 0x97, 0xad, 0x8d, 0x90, 0xa3, 0x86, 0x88, 0x9b, 0x7e,
    0x97, 0xab, 0x8d, 0x90, 0xa3, 0x86, 0x92, 0xa5, 0x87, 0x98, 0xab, 0x8f,
    0x91, 0xa1, 0x8a, 0x9a, 0xaa, 0x93, 0x97, 0xa5, 0x8f, 0x90, 0x9d, 0x87,
    0x80, 0x8b, 0x75, 0x72, 0x7b, 0x66, 0x69, 0x76, 0x5e, 0x64, 0x70, 0x5f,
    0x64, 0x6c, 0x63, 0x6b, 0x70, 0x5b, 0x8a, 0x92, 0x5e, 0xa2, 0xa9, 0x5f,
    0xa4, 0xac, 0x57, 0xa4, 0xae, 0x54, 0xa4, 0xaf, 0x54, 0xa4, 0xae, 0x54,
    0xa3, 0xae, 0x53, 0xa3, 0xae, 0x53, 0xa3, 0xad, 0x53, 0xa5, 0xac, 0x55,
    0xa7, 0xab, 0x56, 0xa8, 0xac, 0x57, 0xa9, 0xad, 0x58, 0xa8, 0xac, 0x57,
    0xa8, 0xac, 0x58, 0xa8, 0xac, 0x58, 0xa8, 0xac, 0x58, 0xa8, 0xac, 0x58,
    0xa8, 0xac, 0x58, 0xa8, 0xac, 0x58, 0xa8, 0xac, 0x58, 0xa8, 0xac, 0x58,
    0xa8, 0xac, 0x58, 0xa8, 0xac, 0x58, 0xa8, 0xac, 0x58, 0xa8, 0xac, 0x58,
    0xa8, 0xac, 0x58, 0xa8, 0xac, 0x58, 0xa8, 0xac, 0x58, 0xa7, 0xac, 0x58,
    0xa7, 0xac, 0x58, 0xa7, 0xac, 0x58, 0xa7, 0xac, 0x58, 0xa7, 0xac, 0x58,
    0xa7, 0xac, 0x58, 0xa7, 0xac, 0x58, 0xa7, 0xac, 0x58, 0xa8, 0xad, 0x59,
    0xa9, 0xae, 0x5a, 0xa8, 0xad, 0x59, 0xa8, 0xad, 0x59, 0xa8, 0xad, 0x59,
    0xa9, 0xae, 0x59, 0xaa, 0xae, 0x59, 0xaa, 0xae, 0x59, 0xaa, 0xae, 0x59,
    0xaa, 0xae, 0x59, 0xab, 0xaf, 0x5a, 0xac, 0xb0, 0x5b, 0xac, 0xb0, 0x5b,
    0xa6, 0xb2, 0x5c, 0xa6, 0xb2, 0x5c, 0xa6, 0xb2, 0x5c, 0xa5, 0xb1, 0x5b,
    0xa5, 0xb1, 0x5b, 0xa5, 0xb1, 0x5b, 0xa5, 0xb1, 0x5b, 0xa4, 0xb2, 0x5b,
    0xa4, 0xb2, 0x5b, 0xa4, 0xb2, 0x5b, 0xa5, 0xb3, 0x5c, 0xa5, 0xb3, 0x5c,
    0xa5, 0xb3, 0x5b, 0xa7, 0xb6, 0x56, 0xa7, 0xb6, 0x5c, 0xac, 0xb6, 0x77,
    0xa7, 0xac, 0x8d, 0x87, 0x8b, 0x72, 0x5e, 0x67, 0x2d, 0x7d, 0x8b, 0x36,
    0xa2, 0xb1, 0x57, 0xa4, 0xb3, 0x58, 0xa5, 0xb4, 0x59, 0xa5, 0xb3, 0x59,
    0xa5, 0xb3, 0x5c, 0xa5, 0xb3, 0x5d, 0xa5, 0xb3, 0x5c, 0xa5, 0xb3, 0x5b,
    0xa5, 0xb3, 0x5b, 0xa5, 0xb3, 0x5b, 0xa5, 0xb3, 0x5b, 0xa5, 0xb3, 0x5b,
    0xa5, 0xb3, 0x5b, 0xa6, 0xb3, 0x5b, 0xa6, 0xb3, 0x5b, 0xa6, 0xb3, 0x5b,
    0xa6, 0xb3, 0x5b, 0xa6, 0xb3, 0x5b, 0xa6, 0xb3, 0x5b, 0xa6, 0xb4, 0x57,
    0xa7, 0xb4, 0x59, 0xa8, 0xb3, 0x5e, 0xaa, 0xb1, 0x62, 0xac, 0xb0, 0x61,
    0xad, 0xb0, 0x5e, 0xac, 0xb1, 0x5a, 0xa9, 0xb0, 0x57, 0xa5, 0xae, 0x55,
    0xa8, 0xb2, 0x57, 0xa6, 0xb3, 0x58, 0xa5, 0xb3, 0x58, 0xa2, 0xb1, 0x57,
    0x93, 0xa8, 0x57, 0x64, 0x7e, 0x3b, 0x42, 0x59, 0x25, 0x3f, 0x56, 0x2c,
    0x41, 0x58, 0x30, 0x3f, 0x57, 0x2a, 0x3a, 0x54, 0x22, 0x30, 0x48, 0x16,
    0x3a, 0x52, 0x20, 0x39, 0x50, 0x1f, 0x38, 0x4d, 0x1c, 0x2d, 0x40, 0x10,
    0x2c, 0x3e, 0x0e, 0x3a, 0x4b, 0x1b, 0x2f, 0x40, 0x11, 0x39, 0x4a, 0x1b,
    0x38, 0x49, 0x19, 0x32, 0x42, 0x13, 0x30, 0x41, 0x12, 0x3b, 0x4b, 0x1c,
    0x3f, 0x4b, 0x1f, 0x30, 0x3b, 0x11, 0x25, 0x31, 0x08, 0x39, 0x44, 0x19,
    0x38, 0x43, 0x18, 0x33, 0x3e, 0x13, 0x24, 0x2d, 0x07, 0x35, 0x3d, 0x14,
    0x32, 0x3f, 0x16, 0x2b, 0x3b, 0x13, 0x17, 0x26, 0x03, 0x25, 0x30, 0x0d,
    0x2c, 0x34, 0x11, 0x27, 0x2f, 0x07, 0x2c, 0x35, 0x08, 0x2a, 0x34, 0x03,
    0x38, 0x43, 0x0a, 0x64, 0x71, 0x2a, 0x93, 0xa1, 0x54, 0xaa, 0xb7, 0x66,
    0xa9, 0xb4, 0x61, 0xa9, 0xb4, 0x5d, 0xa6, 0xb2, 0x57, 0xa7, 0xb3, 0x58,
    0xa7, 0xb3, 0x5a, 0xa8, 0xb3, 0x5d, 0xa8, 0xb1, 0x5e, 0xa8, 0xb2, 0x5d,
    0xa7, 0xb4, 0x5a, 0xa4, 0xb1, 0x54, 0xa6, 0xb4, 0x58, 0xa6, 0xb4, 0x5b,
    0xa5, 0xb1, 0x5a, 0xab, 0xb0, 0x5b, 0x9d, 0x9e, 0x4f, 0x65, 0x62, 0x1d,
    0x4d, 0x44, 0x0c, 0x53, 0x46, 0x19, 0x54, 0x44, 0x1d, 0x5f, 0x4b, 0x23,
    0x5b, 0x45, 0x1c, 0x61, 0x4b, 0x22, 0x7c, 0x66, 0x3d, 0x77, 0x61, 0x38,
    0x7d, 0x67, 0x3e, 0x8e, 0x77, 0x4e, 0x85, 0x66, 0x42, 0x83, 0x63, 0x40,
    0x9c, 0x80, 0x5c, 0xa9, 0x91, 0x6e, 0xc6, 0xb0, 0x8f, 0xc7, 0xb4, 0x93,
    0xc5, 0xb7, 0x91, 0xc3, 0xb6, 0x8e, 0xa8, 0x95, 0x6f, 0xb9, 0xa2, 0x7e,
    0x9b, 0x84, 0x61, 0x7e, 0x6b, 0x46, 0x7e, 0x70, 0x4a, 0x94, 0x85, 0x61,
    0x7e, 0x70, 0x46, 0x73, 0x6b, 0x31, 0x97, 0x95, 0x4c, 0xab, 0xb0, 0x5b,
    0xa8, 0xb0, 0x56, 0xa7, 0xb0, 0x5a, 0xa7, 0xb0, 0x5f, 0xa7, 0xb1, 0x56,
    0xa7, 0xb2, 0x4e, 0xa5, 0xb2, 0x4c, 0xa5, 0xb3, 0x51, 0xa4, 0xb2, 0x5b,
    0x9a, 0xae, 0x69, 0x98, 0xb0, 0x79, 0x91, 0xa9, 0x7f, 0x92, 0xab, 0x8a,
    0x92, 0xad, 0x8b, 0x80, 0x9f, 0x77, 0x7e, 0x9e, 0x76, 0x8c, 0xa8, 0x88,
    0x86, 0xa2, 0x81, 0x83, 0xa0, 0x7c, 0x88, 0xa4, 0x7e, 0x8d, 0xaa, 0x81,
    0x7f, 0x9c, 0x72, 0x8b, 0xa2, 0x7e, 0x90, 0xa3, 0x84, 0x80, 0x93, 0x73,
    0x86, 0x99, 0x79, 0x86, 0x99, 0x7a, 0x84, 0x97, 0x78, 0x8b, 0x9e, 0x80,
    0x83, 0x93, 0x7a, 0x91, 0xa0, 0x88, 0x91, 0x9d, 0x86, 0x90, 0x9c, 0x84,
    0x89, 0x94, 0x7d, 0x83, 0x8c, 0x75, 0x76, 0x80, 0x64, 0x68, 0x70, 0x5b,
    0x63, 0x67, 0x5d, 0x65, 0x67, 0x52, 0x83, 0x89, 0x57, 0xa1, 0xa8, 0x5f,
    0xa4, 0xad, 0x59, 0xa4, 0xae, 0x58, 0xa4, 0xae, 0x58, 0xa4, 0xae, 0x58,
    0xa3, 0xad, 0x57, 0xa3, 0xad, 0x57, 0xa3, 0xad, 0x57, 0xa5, 0xac, 0x54,
    0xa7, 0xac, 0x53, 0xa8, 0xac, 0x55, 0xa9, 0xad, 0x57, 0xa8, 0xac, 0x57,
    0xa8, 0xac, 0x58, 0xa8, 0xac, 0x58, 0xa8, 0xac, 0x58, 0xa8, 0xac, 0x58,
    0xa8, 0xac, 0x58, 0xa8, 0xac, 0x58, 0xa8, 0xac, 0x58, 0xa8, 0xac, 0x58,
    0xa8, 0xac, 0x58, 0xa8, 0xac, 0x58, 0xa8, 0xac, 0x58, 0xa8, 0xac, 0x58,
    0xa8, 0xac, 0x58, 0xa8, 0xac, 0x58, 0xa8, 0xac, 0x58, 0xa7, 0xac, 0x58,
    0xa7, 0xac, 0x58, 0xa7, 0xac, 0x58, 0xa7, 0xac, 0x58, 0xa7, 0xac, 0x58,
    0xa7, 0xac, 0x58, 0xa7, 0xac, 0x58, 0xa7, 0xac, 0x58, 0xa8, 0xad, 0x59,
    0xa9, 0xae, 0x5a, 0xa8, 0xad, 0x59, 0xa8, 0xad, 0x59, 0xa8, 0xad, 0x59,
    0xa9, 0xae, 0x59, 0xaa, 0xae, 0x59, 0xaa, 0xae, 0x59, 0xaa, 0xae, 0x59,
    0xaa, 0xae, 0x59, 0xab, 0xaf, 0x5a, 0xac, 0xb0, 0x5b, 0xac, 0xb0, 0x5b,
    0xa5, 0xb2, 0x5b, 0xa5, 0xb2, 0x5b, 0xa5, 0xb2, 0x5b, 0xa4, 0xb1, 0x5a,
    0xa4, 0xb1, 0x5a, 0xa4, 0xb1, 0x5a, 0xa4, 0xb2, 0x59, 0xa4, 0xb3, 0x58,
    0xa4, 0xb3, 0x59, 0xa4, 0xb2, 0x5b, 0xa4, 0xb3, 0x5d, 0xa4, 0xb3, 0x5e,
    0xa4, 0xb3, 0x5d, 0xa6, 0xb6, 0x59, 0xa8, 0xb6, 0x63, 0xad, 0xb6, 0x7e,
    0x9e, 0xa3, 0x84, 0x72, 0x77, 0x56, 0x5d, 0x67, 0x27, 0x8f, 0x9d, 0x45,
    0xa3, 0xb1, 0x57, 0xa4, 0xb3, 0x59, 0xa5, 0xb3, 0x59, 0xa5, 0xb3, 0x5b,
    0xa5, 0xb3, 0x5c, 0xa5, 0xb3, 0x5d, 0xa5, 0xb3, 0x5c, 0xa5, 0xb3, 0x5b,
    0xa5, 0xb3, 0x5b, 0xa5, 0xb3, 0x5b, 0xa5, 0xb3, 0x5b, 0xa5, 0xb3, 0x5b,
    0xa5, 0xb3, 0x5b, 0xa6, 0xb3, 0x5b, 0xa6, 0xb3, 0x5b, 0xa6, 0xb3, 0x5b,
    0xa6, 0xb3, 0x5b, 0xa6, 0xb3, 0x5b, 0xa6, 0xb3, 0x5b, 0xa7, 0xb3, 0x58,
    0xa9, 0xb3, 0x59, 0xa9, 0xb2, 0x5c, 0xab, 0xb1, 0x60, 0xac, 0xb0, 0x60,
    0xac, 0xb0, 0x5e, 0xac, 0xb0, 0x5b, 0xa9, 0xb1, 0x58, 0xaa, 0xb3, 0x59,
    0xaa, 0xb3, 0x58, 0xa8, 0xb2, 0x56, 0xa7, 0xb2, 0x54, 0xa7, 0xb3, 0x56,
    0xa4, 0xb5, 0x5e, 0x88, 0x9c, 0x53, 0x51, 0x66, 0x2f, 0x48, 0x5d, 0x35,
    0x45, 0x5a, 0x36, 0x3f, 0x55, 0x2b, 0x38, 0x4f, 0x1e, 0x31, 0x48, 0x18,
    0x3c, 0x53, 0x23, 0x39, 0x4f, 0x20, 0x3b, 0x50, 0x20, 0x2e, 0x43, 0x13,
    0x2e, 0x42, 0x13, 0x38, 0x4b, 0x1b, 0x2f, 0x43, 0x13, 0x28, 0x3b, 0x0c,
    0x2b, 0x3e, 0x0e, 0x37, 0x4a, 0x1a, 0x2a, 0x3d, 0x0c, 0x2c, 0x3f, 0x0f,
    0x34, 0x41, 0x15, 0x34, 0x41, 0x15, 0x2b, 0x39, 0x0b, 0x2f, 0x3c, 0x0e,
    0x31, 0x3f, 0x12, 0x2d, 0x3b, 0x11, 0x2b, 0x37, 0x0e, 0x26, 0x30, 0x09,
    0x2a, 0x36, 0x11, 0x25, 0x33, 0x0e, 0x28, 0x36, 0x0a, 0x27, 0x32, 0x05,
    0x2a, 0x32, 0x06, 0x33, 0x3b, 0x06, 0x3c, 0x44, 0x09, 0x54, 0x5d, 0x1c,
    0x82, 0x8d, 0x44, 0xa2, 0xad, 0x5d, 0xa8, 0xb4, 0x5f, 0xa6, 0xb2, 0x5c,
    0xa7, 0xaf, 0x5c, 0xa9, 0xb3, 0x5d, 0xa8, 0xb2, 0x5a, 0xa9, 0xb2, 0x5b,
    0xa9, 0xb2, 0x5c, 0xaa, 0xb2, 0x5f, 0xa8, 0xb1, 0x5e, 0xa7, 0xb2, 0x5d,
    0xa7, 0xb3, 0x5c, 0xa6, 0xb3, 0x59, 0xa5, 0xb3, 0x59, 0xa5, 0xb3, 0x59,
    0xa7, 0xb3, 0x5c, 0xa7, 0xb1, 0x59, 0xab, 0xb2, 0x5f, 0x85, 0x86, 0x3d,
    0x55, 0x51, 0x13, 0x4a, 0x41, 0x0c, 0x54, 0x48, 0x19, 0x65, 0x51, 0x27,
    0x6a, 0x52, 0x2a, 0x6d, 0x55, 0x2c, 0x77, 0x60, 0x36, 0x84, 0x6f, 0x43,
    0x7a, 0x66, 0x39, 0x87, 0x70, 0x45, 0x85, 0x67, 0x42, 0x7d, 0x5f, 0x3a,
    0x83, 0x69, 0x41, 0x7e, 0x66, 0x3e, 0xb7, 0xa0, 0x7a, 0xd0, 0xbb, 0x97,
    0xd8, 0xc6, 0xa2, 0xc0, 0xae, 0x89, 0xab, 0x96, 0x71, 0x92, 0x7a, 0x56,
    0x7e, 0x67, 0x43, 0x80, 0x6c, 0x46, 0xa4, 0x94, 0x6e, 0xbc, 0xaa, 0x87,
    0xa6, 0x95, 0x6e, 0x8f, 0x83, 0x53, 0x98, 0x94, 0x55, 0xa9, 0xad, 0x5f,
    0xa5, 0xb1, 0x58, 0xa4, 0xb0, 0x58, 0xa8, 0xb1, 0x5f, 0xa7, 0xb1, 0x59,
    0xa6, 0xb1, 0x53, 0xa6, 0xb2, 0x55, 0xa4, 0xb2, 0x57, 0xa3, 0xb3, 0x5f,
    0x97, 0xae, 0x70, 0x95, 0xaf, 0x7d, 0x86, 0xa0, 0x76, 0x8d, 0xa7, 0x84,
    0x8c, 0xa8, 0x84, 0x7d, 0x9c, 0x73, 0x7e, 0x9d, 0x75, 0x8e, 0xac, 0x88,
    0x8c, 0xaa, 0x85, 0x84, 0xa2, 0x7b, 0x89, 0xa6, 0x7d, 0x8f, 0xab, 0x81,
    0x79, 0x96, 0x6b, 0x84, 0x9b, 0x74, 0x89, 0x9d, 0x79, 0x7a, 0x8e, 0x6a,
    0x86, 0x99, 0x76, 0x7e, 0x91, 0x70, 0x7a, 0x8b, 0x6b, 0x86, 0x96, 0x79,
    0x7d, 0x8c, 0x72, 0x88, 0x96, 0x7d, 0x8a, 0x96, 0x7e, 0x87, 0x93, 0x7a,
    0x86, 0x91, 0x78, 0x81, 0x8c, 0x73, 0x78, 0x81, 0x64, 0x68, 0x6e, 0x57,
    0x61, 0x64, 0x56, 0x62, 0x64, 0x4f, 0x7e, 0x83, 0x54, 0x9f, 0xa8, 0x5f,
    0xa5, 0xae, 0x59, 0xa5, 0xad, 0x58, 0xa4, 0xac, 0x59, 0xa4, 0xac, 0x58,
    0xa5, 0xac, 0x58, 0xa4, 0xac, 0x58, 0xa5, 0xac, 0x58, 0xa5, 0xac, 0x56,
    0xa7, 0xac, 0x53, 0xa7, 0xac, 0x55, 0xa8, 0xac, 0x57, 0xa7, 0xac, 0x57,
    0xa7, 0xac, 0x58, 0xa7, 0xac, 0x58, 0xa8, 0xac, 0x58, 0xa8, 0xac, 0x58,
    0xa8, 0xac, 0x58, 0xa8, 0xac, 0x58, 0xa8, 0xac, 0x58, 0xa8, 0xac, 0x58,
    0xa8, 0xac, 0x58, 0xa8, 0xac, 0x59, 0xa8, 0xac, 0x59, 0xa8, 0xac, 0x59,
    0xa8, 0xac, 0x59, 0xa8, 0xac, 0x59, 0xa8, 0xac, 0x59, 0xa7, 0xac, 0x59,
    0xa7, 0xad, 0x59, 0xa7, 0xad, 0x59, 0xa7, 0xad, 0x59, 0xa7, 0xad, 0x59,
    0xa7, 0xad, 0x59, 0xa7, 0xad, 0x59, 0xa7, 0xad, 0x58, 0xa7, 0xad, 0x59,
    0xa8, 0xae, 0x5a, 0xa7, 0xad, 0x59, 0xa8, 0xae, 0x59, 0xa8, 0xae, 0x5a,
    0xa9, 0xae, 0x59, 0xaa, 0xae, 0x59, 0xaa, 0xae, 0x59, 0xaa, 0xae, 0x5a,
    0xaa, 0xae, 0x5a, 0xab, 0xaf, 0x5a, 0xab, 0xb0, 0x5b, 0xab, 0xb0, 0x5b,
    0xa4, 0xb2, 0x5a, 0xa4, 0xb2, 0x5a, 0xa4, 0xb2, 0x5a, 0xa3, 0xb1, 0x59,
    0xa3, 0xb1, 0x59, 0xa3, 0xb1, 0x59, 0xa3, 0xb3, 0x56, 0xa3, 0xb4, 0x54,
    0xa3, 0xb4, 0x58, 0xa3, 0xb3, 0x5b, 0xa3, 0xb2, 0x5e, 0xa3, 0xb2, 0x5f,
    0xa3, 0xb2, 0x5e, 0xa4, 0xb4, 0x60, 0xa9, 0xb6, 0x72, 0xac, 0xb4, 0x87,
    0x94, 0x99, 0x76, 0x60, 0x66, 0x37, 0x6d, 0x76, 0x31, 0x9d, 0xa9, 0x54,
    0xa4, 0xb2, 0x5a, 0xa4, 0xb2, 0x5a, 0xa4, 0xb2, 0x5a, 0xa5, 0xb3, 0x5b,
    0xa5, 0xb3, 0x5b, 0xa5, 0xb3, 0x5b, 0xa6, 0xb3, 0x5b, 0xa6, 0xb3, 0x5b,
    0xa6, 0xb3, 0x5b, 0xa6, 0xb3, 0x5b, 0xa6, 0xb3, 0x5b, 0xa6, 0xb3, 0x5b,
    0xa6, 0xb3, 0x5b, 0xa6, 0xb3, 0x5b, 0xa6, 0xb3, 0x5b, 0xa6, 0xb3, 0x5b,
    0xa6, 0xb3, 0x5b, 0xa6, 0xb3, 0x5b, 0xa6, 0xb3, 0x5b, 0xa9, 0xb1, 0x5b,
    0xaa, 0xb1, 0x5b, 0xaa, 0xb1, 0x5b, 0xab, 0xb1, 0x5b, 0xab, 0xb1, 0x5b,
    0xab, 0xb1, 0x5b, 0xab, 0xb1, 0x5a, 0xa9, 0xb2, 0x58, 0xa9, 0xb2, 0x57,
    0xa9, 0xb2, 0x57, 0xa9, 0xb2, 0x57, 0xa9, 0xb2, 0x57, 0xa9, 0xb2, 0x57,
    0xa7, 0xb4, 0x58, 0x9b, 0xab, 0x5a, 0x5b, 0x6b, 0x34, 0x45, 0x57, 0x34,
    0x3b, 0x4d, 0x30, 0x43, 0x53, 0x2f, 0x41, 0x52, 0x24, 0x40, 0x55, 0x27,
    0x3c, 0x51, 0x23, 0x39, 0x4e, 0x21, 0x37, 0x4c, 0x1f, 0x2f, 0x44, 0x17,
    0x32, 0x47, 0x1a, 0x33, 0x48, 0x1c, 0x34, 0x49, 0x1c, 0x2b, 0x40, 0x13,
    0x29, 0x3e, 0x11, 0x33, 0x48, 0x1a, 0x2d, 0x43, 0x13, 0x27, 0x3c, 0x0d,
    0x29, 0x37, 0x0e, 0x2d, 0x3b, 0x10, 0x32, 0x43, 0x12, 0x29, 0x3b, 0x09,
    0x22, 0x34, 0x06, 0x28, 0x3a, 0x12, 0x2a, 0x3a, 0x12, 0x22, 0x2f, 0x09,
    0x22, 0x2d, 0x0d, 0x2b, 0x35, 0x12, 0x30, 0x3b, 0x08, 0x39, 0x44, 0x06,
    0x3f, 0x49, 0x0c, 0x5a, 0x62, 0x1c, 0x85, 0x8c, 0x41, 0xa2, 0xa9, 0x5c,
    0xaa, 0xb2, 0x61, 0xac, 0xb4, 0x60, 0xaa, 0xb2, 0x5c, 0xa8, 0xb0, 0x5a,
    0xa9, 0xb1, 0x5b, 0xa9, 0xb1, 0x5b, 0xa9, 0xb1, 0x5b, 0xa9, 0xb1, 0x5b,
    0xa9, 0xb1, 0x5b, 0xa9, 0xb1, 0x5b, 0xa7, 0xb2, 0x5c, 0xa6, 0xb2, 0x5c,
    0xa6, 0xb2, 0x5c, 0xa6, 0xb2, 0x5c, 0xa6, 0xb2, 0x5c, 0xa6, 0xb2, 0x5c,
    0xa6, 0xb4, 0x5d, 0xa4, 0xb4, 0x5d, 0xa5, 0xb3, 0x5f, 0xa1, 0xaa, 0x5c,
    0x93, 0x96, 0x4e, 0x66, 0x64, 0x23, 0x51, 0x4c, 0x0f, 0x68, 0x55, 0x25,
    0x79, 0x5e, 0x35, 0x70, 0x57, 0x2d, 0x6e, 0x56, 0x2a, 0x79, 0x64, 0x36,
    0x73, 0x60, 0x2f, 0x7e, 0x69, 0x3a, 0x8f, 0x73, 0x4d, 0x8f, 0x72, 0x4a,
    0x8c, 0x71, 0x44, 0x81, 0x69, 0x3b, 0x93, 0x7c, 0x51, 0xb7, 0x9e, 0x77,
    0xbd, 0xa4, 0x82, 0xbf, 0xa6, 0x85, 0xad, 0x93, 0x72, 0x8c, 0x74, 0x53,
    0x95, 0x7f, 0x5b, 0xb2, 0x9e, 0x79, 0xd2, 0xbe, 0x98, 0xd4, 0xc1, 0x9a,
    0xd3, 0xc0, 0x9b, 0xd7, 0xc9, 0xa3, 0xba, 0xb2, 0x82, 0xaa, 0xad, 0x6b,
    0xa4, 0xb3, 0x5e, 0xa6, 0xb6, 0x5b, 0xa8, 0xb1, 0x5b, 0xa7, 0xb0, 0x5c,
    0xa5, 0xb0, 0x60, 0xa4, 0xb0, 0x64, 0xa0, 0xae, 0x66, 0x9c, 0xac, 0x69,
    0x86, 0xa0, 0x70, 0x89, 0xa7, 0x7d, 0x7f, 0x9e, 0x74, 0x7d, 0x9b, 0x72,
    0x88, 0xa7, 0x7e, 0x87, 0xa6, 0x7d, 0x80, 0x9f, 0x76, 0x89, 0xa8, 0x7f,
    0x89, 0xa6, 0x7d, 0x7d, 0x99, 0x70, 0x7c, 0x97, 0x6f, 0x84, 0x9e, 0x75,
    0x77, 0x91, 0x68, 0x80, 0x97, 0x6b, 0x89, 0xa0, 0x75, 0x76, 0x8b, 0x62,
    0x86, 0x98, 0x74, 0x7f, 0x8f, 0x6d, 0x73, 0x83, 0x64, 0x86, 0x94, 0x78,
    0x7b, 0x89, 0x6f, 0x87, 0x94, 0x7a, 0x85, 0x92, 0x78, 0x80, 0x8d, 0x73,
    0x87, 0x94, 0x7a, 0x7c, 0x89, 0x6f, 0x7b, 0x85, 0x6a, 0x6f, 0x75, 0x5e,
    0x66, 0x6a, 0x59, 0x65, 0x69, 0x52, 0x79, 0x7f, 0x53, 0x9c, 0xa6, 0x5f,
    0xa5, 0xae, 0x58, 0xa5, 0xab, 0x56, 0xa6, 0xab, 0x57, 0xa5, 0xaa, 0x56,
    0xa7, 0xac, 0x58, 0xa7, 0xac, 0x58, 0xa7, 0xac, 0x58, 0xa6, 0xab, 0x57,
    0xa6, 0xab, 0x57, 0xa6, 0xab, 0x57, 0xa6, 0xab, 0x57, 0xa6, 0xab, 0x57,
    0xa6, 0xab, 0x57, 0xa6, 0xab, 0x57, 0xa7, 0xac, 0x58, 0xa7, 0xac, 0x58,
    0xa7, 0xac, 0x58, 0xa7, 0xac, 0x58, 0xa7, 0xac, 0x58, 0xa7, 0xac, 0x58,
    0xa7, 0xac, 0x59, 0xa7, 0xac, 0x5a, 0xa7, 0xac, 0x5a, 0xa7, 0xac, 0x5a,
    0xa7, 0xac, 0x5a, 0xa7, 0xac, 0x5a, 0xa7, 0xac, 0x5a, 0xa6, 0xae, 0x5b,
    0xa6, 0xae, 0x5b, 0xa6, 0xae, 0x5b, 0xa6, 0xae, 0x5b, 0xa6, 0xae, 0x5b,
    0xa6, 0xae, 0x5b, 0xa6, 0xae, 0x5a, 0xa6, 0xae, 0x59, 0xa6, 0xae, 0x59,
    0xa6, 0xae, 0x59, 0xa6, 0xae, 0x59, 0xa7, 0xaf, 0x5a, 0xa8, 0xb0, 0x5b,
    0xa9, 0xaf, 0x5a, 0xa9, 0xae, 0x5a, 0xa9, 0xae, 0x5a, 0xaa, 0xaf, 0x5b,
    0xaa, 0xaf, 0x5b, 0xaa, 0xaf, 0x5b, 0xaa, 0xaf, 0x5b, 0xaa, 0xb0, 0x5a,
    0xa4, 0xb2, 0x5a, 0xa4, 0xb2, 0x5a, 0xa4, 0xb2, 0x5a, 0xa3, 0xb1, 0x59,
    0xa3, 0xb1, 0x59, 0xa3, 0xb1, 0x59, 0xa3, 0xb3, 0x57, 0xa3, 0xb4, 0x56,
    0xa3, 0xb4, 0x58, 0xa3, 0xb3, 0x5a, 0xa3, 0xb3, 0x5b, 0xa3, 0xb3, 0x5c,
    0xa3, 0xb2, 0x5d, 0xa4, 0xb4, 0x67, 0xaf, 0xba, 0x7f, 0xa9, 0xb1, 0x86,
    0x82, 0x88, 0x62, 0x5a, 0x61, 0x2d, 0x89, 0x93, 0x4b, 0xa5, 0xb0, 0x5b,
    0xa4, 0xb2, 0x5a, 0xa4, 0xb2, 0x5a, 0xa4, 0xb2, 0x5a, 0xa5, 0xb3, 0x5b,
    0xa5, 0xb3, 0x5b, 0xa5, 0xb3, 0x5b, 0xa6, 0xb3, 0x5b, 0xa6, 0xb3, 0x5b,
    0xa6, 0xb3, 0x5b, 0xa6, 0xb3, 0x5b, 0xa6, 0xb3, 0x5b, 0xa6, 0xb3, 0x5b,
    0xa6, 0xb3, 0x5b, 0xa6, 0xb3, 0x5b, 0xa6, 0xb3, 0x5b, 0xa6, 0xb3, 0x5b,
    0xa6, 0xb3, 0x5b, 0xa6, 0xb3, 0x5b, 0xa6, 0xb3, 0x5b, 0xa9, 0xb1, 0x5b,
    0xab, 0xb1, 0x5b, 0xab, 0xb1, 0x5b, 0xab, 0xb1, 0x5b, 0xab, 0xb1, 0x5b,
    0xab, 0xb1, 0x5b, 0xab, 0xb1, 0x5a, 0xa9, 0xb2, 0x58, 0xa9, 0xb2, 0x57,
    0xa9, 0xb2, 0x57, 0xa9, 0xb2, 0x57, 0xa9, 0xb2, 0x57, 0xa9, 0xb2, 0x57,
    0xa8, 0xb4, 0x56, 0xa4, 0xb3, 0x60, 0x6e, 0x7e, 0x44, 0x49, 0x5a, 0x37,
    0x37, 0x48, 0x2d, 0x37, 0x47, 0x27, 0x33, 0x44, 0x1b, 0x36, 0x47, 0x1d,
    0x33, 0x45, 0x1d, 0x37, 0x49, 0x22, 0x35, 0x47, 0x20, 0x33, 0x45, 0x1f,
    0x35, 0x46, 0x21, 0x31, 0x43, 0x1d, 0x2e, 0x40, 0x1a, 0x28, 0x3b, 0x14,
    0x2d, 0x3f, 0x19, 0x30, 0x42, 0x1a, 0x31, 0x43, 0x1b, 0x2d, 0x3e, 0x18,
    0x29, 0x36, 0x14, 0x2a, 0x38, 0x12, 0x2b, 0x3c, 0x10, 0x2b, 0x3d, 0x0e,
    0x23, 0x35, 0x09, 0x2b, 0x3e, 0x16, 0x26, 0x37, 0x10, 0x2f, 0x3c, 0x15,
    0x31, 0x3b, 0x1c, 0x3a, 0x45, 0x1e, 0x4e, 0x59, 0x20, 0x6b, 0x77, 0x30,
    0x8f, 0x9a, 0x53, 0xa6, 0xae, 0x62, 0xac, 0xb3, 0x65, 0xa9, 0xb0, 0x61,
    0xa8, 0xb0, 0x5e, 0xa8, 0xb0, 0x5b, 0xa9, 0xb1, 0x5b, 0xa9, 0xb1, 0x5b,
    0xa9, 0xb1, 0x5b, 0xa9, 0xb1, 0x5b, 0xa9, 0xb1, 0x5b, 0xa9, 0xb1, 0x5b,
    0xa9, 0xb1, 0x5b, 0xa9, 0xb1, 0x5b, 0xa7, 0xb2, 0x5c, 0xa6, 0xb2, 0x5c,
    0xa6, 0xb2, 0x5c, 0xa6, 0xb2, 0x5c, 0xa6, 0xb2, 0x5c, 0xa6, 0xb2, 0x5c,
    0xa5, 0xb2, 0x5c, 0xa3, 0xb2, 0x5a, 0xa2, 0xb1, 0x5a, 0xa7, 0xb1, 0x5f,
    0xaa, 0xaf, 0x64, 0x9b, 0x9c, 0x55, 0x68, 0x65, 0x24, 0x5c, 0x4d, 0x1a,
    0x66, 0x4f, 0x22, 0x68, 0x52, 0x25, 0x68, 0x52, 0x26, 0x73, 0x5e, 0x31,
    0x76, 0x61, 0x32, 0x7c, 0x66, 0x3a, 0x93, 0x78, 0x52, 0xa2, 0x86, 0x5e,
    0x90, 0x75, 0x48, 0x98, 0x7f, 0x51, 0xa4, 0x8c, 0x61, 0x95, 0x7c, 0x55,
    0x9a, 0x7f, 0x5d, 0x8d, 0x72, 0x52, 0xae, 0x94, 0x73, 0xb8, 0xa0, 0x7e,
    0xbf, 0xa8, 0x85, 0xcb, 0xb7, 0x92, 0xe9, 0xd6, 0xb0, 0xe7, 0xd5, 0xad,
    0xdb, 0xc8, 0xa4, 0xd5, 0xc3, 0xa2, 0xe1, 0xd5, 0xac, 0xc5, 0xc3, 0x8b,
    0xa5, 0xae, 0x64, 0xa3, 0xaf, 0x57, 0xa8, 0xb1, 0x55, 0xa8, 0xb1, 0x5b,
    0xa7, 0xb3, 0x67, 0x9f, 0xad, 0x6c, 0x9b, 0xab, 0x75, 0x98, 0xaa, 0x7a,
    0x84, 0x9f, 0x73, 0x8c, 0xab, 0x81, 0x83, 0xa2, 0x78, 0x7b, 0x9a, 0x70,
    0x88, 0xa7, 0x7d, 0x83, 0xa2, 0x78, 0x7c, 0x9b, 0x71, 0x81, 0xa0, 0x75,
    0x84, 0xa1, 0x78, 0x7b, 0x97, 0x6e, 0x7a, 0x94, 0x6c, 0x8a, 0xa3, 0x7b,
    0x73, 0x8a, 0x62, 0x74, 0x8b, 0x5f, 0x7a, 0x90, 0x64, 0x6a, 0x7f, 0x56,
    0x7b, 0x8e, 0x69, 0x6f, 0x7f, 0x5e, 0x76, 0x85, 0x68, 0x87, 0x95, 0x79,
    0x7b, 0x88, 0x6e, 0x81, 0x8e, 0x74, 0x7c, 0x89, 0x6f, 0x7b, 0x88, 0x6e,
    0x81, 0x8e, 0x74, 0x7a, 0x87, 0x6d, 0x80, 0x8a, 0x6f, 0x74, 0x79, 0x63,
    0x6c, 0x70, 0x5e, 0x65, 0x69, 0x52, 0x73, 0x79, 0x4e, 0x98, 0xa2, 0x5b,
    0xa4, 0xae, 0x57, 0xa4, 0xab, 0x56, 0xa6, 0xab, 0x57, 0xa5, 0xaa, 0x56,
    0xa6, 0xab, 0x57, 0xa6, 0xab, 0x57, 0xa6, 0xab, 0x57, 0xa6, 0xab, 0x57,
    0xa6, 0xab, 0x57, 0xa6, 0xab, 0x57, 0xa6, 0xab, 0x57, 0xa6, 0xab, 0x57,
    0xa6, 0xab, 0x57, 0xa6, 0xab, 0x57, 0xa7, 0xac, 0x58, 0xa7, 0xac, 0x58,
    0xa7, 0xac, 0x58, 0xa7, 0xac, 0x58, 0xa7, 0xac, 0x58, 0xa7, 0xac, 0x58,
    0xa7, 0xac, 0x59, 0xa7, 0xac, 0x5a, 0xa7, 0xac, 0x5a, 0xa7, 0xac, 0x5a,
    0xa7, 0xac, 0x5a, 0xa7, 0xac, 0x5a, 0xa7, 0xac, 0x5a, 0xa6, 0xae, 0x5b,
    0xa6, 0xae, 0x5b, 0xa6, 0xae, 0x5b, 0xa6, 0xae, 0x5b, 0xa6, 0xae, 0x5b,
    0xa6, 0xae, 0x5b, 0xa6, 0xae, 0x5a, 0xa6, 0xae, 0x59, 0xa6, 0xae, 0x59,
    0xa6, 0xae, 0x59, 0xa6, 0xae, 0x59, 0xa7, 0xaf, 0x5a, 0xa8, 0xb0, 0x5b,
    0xa9, 0xaf, 0x5a, 0xa9, 0xae, 0x5a, 0xa9, 0xae, 0x5a, 0xaa, 0xaf, 0x5b,
    0xaa, 0xaf, 0x5b, 0xaa, 0xaf, 0x5b, 0xaa, 0xaf, 0x5b, 0xaa, 0xb0, 0x5a,
    0xa4, 0xb2, 0x5a, 0xa4, 0xb2, 0x5a, 0xa4, 0xb2, 0x5a, 0xa3, 0xb1, 0x59,
    0xa3, 0xb1, 0x59, 0xa3, 0xb1, 0x59, 0xa3, 0xb2, 0x59, 0xa3, 0xb4, 0x58,
    0xa3, 0xb4, 0x58, 0xa3, 0xb4, 0x58, 0xa3, 0xb3, 0x59, 0xa3, 0xb3, 0x5a,
    0xa3, 0xb3, 0x5d, 0xa8, 0xb6, 0x73, 0xb1, 0xbb, 0x86, 0x9e, 0xa6, 0x7c,
    0x6e, 0x75, 0x4b, 0x67, 0x70, 0x38, 0x9b, 0xa5, 0x5b, 0xa5, 0xb1, 0x5b,
    0xa4, 0xb2, 0x5a, 0xa4, 0xb2, 0x5a, 0xa4, 0xb2, 0x5a, 0xa5, 0xb3, 0x5b,
    0xa5, 0xb3, 0x5b, 0xa5, 0xb3, 0x5b, 0xa6, 0xb3, 0x5b, 0xa6, 0xb3, 0x5b,
    0xa6, 0xb3, 0x5b, 0xa6, 0xb3, 0x5b, 0xa6, 0xb3, 0x5b, 0xa6, 0xb3, 0x5b,
    0xa6, 0xb3, 0x5b, 0xa6, 0xb3, 0x5b, 0xa6, 0xb3, 0x5b, 0xa6, 0xb3, 0x5b,
    0xa6, 0xb3, 0x5b, 0xa6, 0xb3, 0x5b, 0xa6, 0xb3, 0x5b, 0xa9, 0xb1, 0x5b,
    0xa9, 0xb1, 0x5b, 0xa9, 0xb1, 0x5b, 0xa9, 0xb1, 0x5b, 0xa9, 0xb1, 0x5b,
    0xa9, 0xb1, 0x5b, 0xa9, 0xb2, 0x5a, 0xa9, 0xb2, 0x58, 0xa9, 0xb2, 0x57,
    0xa9, 0xb2, 0x57, 0xa9, 0xb2, 0x57, 0xa9, 0xb2, 0x57, 0xa9, 0xb2, 0x57,
    0xa7, 0xb2, 0x53, 0xa8, 0xb6, 0x60, 0x82, 0x91, 0x53, 0x52, 0x63, 0x3c,
    0x36, 0x46, 0x2c, 0x3c, 0x4b, 0x30, 0x32, 0x42, 0x20, 0x26, 0x35, 0x10,
    0x1f, 0x2e, 0x0a, 0x1a, 0x29, 0x07, 0x19, 0x28, 0x08, 0x1d, 0x2c, 0x0e,
    0x21, 0x2f, 0x13, 0x28, 0x36, 0x1a, 0x27, 0x35, 0x18, 0x27, 0x35, 0x18,
    0x2e, 0x3c, 0x20, 0x2c, 0x3a, 0x1d, 0x27, 0x35, 0x18, 0x26, 0x33, 0x17,
    0x2c, 0x37, 0x1d, 0x2b, 0x38, 0x1a, 0x20, 0x2f, 0x0c, 0x1d, 0x2e, 0x07,
    0x23, 0x35, 0x0c, 0x25, 0x37, 0x10, 0x35, 0x47, 0x20, 0x3c, 0x48, 0x22,
    0x41, 0x4b, 0x2b, 0x3b, 0x45, 0x1a, 0x6a, 0x75, 0x35, 0xa7, 0xb4, 0x65,
    0xaa, 0xb5, 0x67, 0xaa, 0xb2, 0x63, 0xa9, 0xb0, 0x61, 0xad, 0xb4, 0x63,
    0xab, 0xb3, 0x60, 0xaa, 0xb2, 0x5d, 0xaa, 0xb2, 0x5c, 0xa9, 0xb1, 0x5b,
    0xa9, 0xb1, 0x5b, 0xa9, 0xb1, 0x5b, 0xa9, 0xb1, 0x5b, 0xa9, 0xb1, 0x5b,
    0xa9, 0xb1, 0x5b, 0xa9, 0xb1, 0x5b, 0xa7, 0xb2, 0x5c, 0xa6, 0xb2, 0x5c,
    0xa6, 0xb2, 0x5c, 0xa6, 0xb2, 0x5c, 0xa6, 0xb2, 0x5c, 0xa6, 0xb2, 0x5c,
    0xa6, 0xb3, 0x5b, 0xa6, 0xb6, 0x5c, 0xa6, 0xb5, 0x5c, 0xa8, 0xb2, 0x5d,
    0xac, 0xb3, 0x64, 0xaa, 0xad, 0x61, 0x92, 0x93, 0x4b, 0x63, 0x5c, 0x1f,
    0x55, 0x48, 0x13, 0x5d, 0x4d, 0x1b, 0x6c, 0x5b, 0x2b, 0x74, 0x5f, 0x33,
    0x75, 0x5f, 0x35, 0x84, 0x6c, 0x44, 0x91, 0x78, 0x51, 0x9e, 0x85, 0x5c,
    0xa7, 0x8e, 0x62, 0xa0, 0x88, 0x5a, 0xb0, 0x97, 0x6d, 0x9e, 0x85, 0x5e,
    0xa1, 0x86, 0x63, 0x98, 0x7b, 0x5b, 0xa3, 0x89, 0x68, 0xc3, 0xaa, 0x88,
    0xce, 0xb6, 0x94, 0xc9, 0xb2, 0x8f, 0xdb, 0xc6, 0xa2, 0xe2, 0xd2, 0xaa,
    0xed, 0xdb, 0xb8, 0xdd, 0xc9, 0xa9, 0xdf, 0xcf, 0xac, 0xe4, 0xdc, 0xad,
    0xbf, 0xc0, 0x84, 0xab, 0xb1, 0x61, 0xa8, 0xb1, 0x54, 0xa7, 0xb1, 0x5d,
    0xa2, 0xaf, 0x69, 0x95, 0xa5, 0x70, 0x92, 0xa5, 0x7e, 0x8c, 0xa2, 0x80,
    0x85, 0xa2, 0x79, 0x89, 0xa8, 0x7d, 0x7f, 0x9e, 0x72, 0x78, 0x97, 0x6b,
    0x84, 0xa3, 0x78, 0x85, 0xa4, 0x78, 0x80, 0x9f, 0x73, 0x81, 0x9e, 0x73,
    0x82, 0x9f, 0x73, 0x78, 0x94, 0x69, 0x6b, 0x84, 0x5a, 0x76, 0x8e, 0x64,
    0x72, 0x89, 0x60, 0x79, 0x90, 0x64, 0x7c, 0x93, 0x67, 0x6e, 0x83, 0x5b,
    0x7c, 0x8f, 0x6b, 0x6d, 0x7d, 0x5d, 0x69, 0x78, 0x5b, 0x7e, 0x8c, 0x71,
    0x6c, 0x79, 0x5f, 0x7a, 0x87, 0x6d, 0x75, 0x82, 0x68, 0x79, 0x86, 0x6c,
    0x80, 0x8d, 0x73, 0x74, 0x81, 0x67, 0x79, 0x84, 0x69, 0x70, 0x75, 0x5e,
    0x6f, 0x72, 0x61, 0x67, 0x6b, 0x54, 0x72, 0x78, 0x4d, 0x98, 0xa2, 0x5b,
    0xa5, 0xaf, 0x58, 0xa3, 0xab, 0x56, 0xa4, 0xac, 0x57, 0xa3, 0xab, 0x56,
    0xa4, 0xab, 0x56, 0xa4, 0xab, 0x56, 0xa4, 0xab, 0x56, 0xa4, 0xac, 0x57,
    0xa4, 0xac, 0x57, 0xa4, 0xac, 0x57, 0xa4, 0xac, 0x57, 0xa4, 0xac, 0x57,
    0xa4, 0xac, 0x57, 0xa4, 0xac, 0x57, 0xa7, 0xac, 0x58, 0xa7, 0xac, 0x58,
    0xa7, 0xac, 0x58, 0xa7, 0xac, 0x58, 0xa7, 0xac, 0x58, 0xa7, 0xac, 0x58,
    0xa7, 0xac, 0x59, 0xa7, 0xac, 0x5a, 0xa7, 0xac, 0x5a, 0xa7, 0xac, 0x5a,
    0xa7, 0xac, 0x5a, 0xa7, 0xac, 0x5a, 0xa7, 0xac, 0x5a, 0xa6, 0xae, 0x5b,
    0xa6, 0xae, 0x5b, 0xa6, 0xae, 0x5b, 0xa6, 0xae, 0x5b, 0xa6, 0xae, 0x5b,
    0xa6, 0xae, 0x5b, 0xa6, 0xae, 0x5a, 0xa6, 0xae, 0x59, 0xa6, 0xae, 0x59,
    0xa6, 0xae, 0x59, 0xa6, 0xae, 0x59, 0xa7, 0xaf, 0x5a, 0xa8, 0xb0, 0x5b,
    0xa9, 0xaf, 0x5a, 0xa9, 0xae, 0x5a, 0xa9, 0xae, 0x5a, 0xaa, 0xaf, 0x5b,
    0xaa, 0xaf, 0x5b, 0xaa, 0xaf, 0x5b, 0xaa, 0xaf, 0x5b, 0xaa, 0xb0, 0x5a,
    0xa4, 0xb2, 0x5a, 0xa4, 0xb2, 0x5a, 0xa4, 0xb2, 0x5a, 0xa3, 0xb1, 0x59,
    0xa3, 0xb1, 0x59, 0xa3, 0xb1, 0x59, 0xa3, 0xb2, 0x59, 0xa3, 0xb3, 0x5a,
    0xa3, 0xb4, 0x58, 0xa3, 0xb4, 0x57, 0xa3, 0xb4, 0x57, 0xa3, 0xb4, 0x58,
    0xa4, 0xb3, 0x5e, 0xaa, 0xb7, 0x7d, 0xa8, 0xb2, 0x84, 0x8a, 0x92, 0x67,
    0x5f, 0x67, 0x37, 0x7e, 0x87, 0x49, 0xa3, 0xad, 0x5f, 0xa6, 0xb2, 0x5b,
    0xa4, 0xb2, 0x5a, 0xa4, 0xb2, 0x5a, 0xa4, 0xb2, 0x5a, 0xa5, 0xb3, 0x5b,
    0xa5, 0xb3, 0x5b, 0xa5, 0xb3, 0x5b, 0xa6, 0xb3, 0x5b, 0xa6, 0xb3, 0x5b,
    0xa6, 0xb3, 0x5b, 0xa6, 0xb3, 0x5b, 0xa6, 0xb3, 0x5b, 0xa6, 0xb3, 0x5b,
    0xa6, 0xb3, 0x5b, 0xa6, 0xb3, 0x5b, 0xa6, 0xb3, 0x5b, 0xa6, 0xb3, 0x5b,
    0xa6, 0xb3, 0x5b, 0xa6, 0xb3, 0x5b, 0xa6, 0xb3, 0x5b, 0xa8, 0xb2, 0x5b,
    0xa9, 0xb1, 0x5b, 0xa9, 0xb1, 0x5b, 0xa9, 0xb1, 0x5b, 0xa9, 0xb1, 0x5b,
    0xa9, 0xb1, 0x5b, 0xa9, 0xb2, 0x5a, 0xa9, 0xb2, 0x58, 0xa9, 0xb2, 0x57,
    0xa9, 0xb2, 0x57, 0xa9, 0xb2, 0x57, 0xa9, 0xb2, 0x57, 0xa9, 0xb2, 0x57,
    0xa8, 0xb2, 0x52, 0xa9, 0xb4, 0x5d, 0x95, 0xa3, 0x61, 0x60, 0x70, 0x44,
    0x39, 0x49, 0x2d, 0x3a, 0x49, 0x31, 0x37, 0x45, 0x2b, 0x31, 0x3e, 0x1c,
    0x26, 0x32, 0x11, 0x1c, 0x27, 0x09, 0x16, 0x21, 0x08, 0x0d, 0x18, 0x02,
    0x0a, 0x14, 0x02, 0x09, 0x12, 0x04, 0x0a, 0x11, 0x05, 0x0c, 0x14, 0x06,
    0x10, 0x18, 0x09, 0x13, 0x1b, 0x0b, 0x13, 0x1b, 0x09, 0x16, 0x1e, 0x0d,
    0x1f, 0x28, 0x16, 0x23, 0x2f, 0x19, 0x38, 0x46, 0x2c, 0x67, 0x76, 0x57,
    0x4c, 0x5e, 0x3a, 0x37, 0x49, 0x24, 0x43, 0x53, 0x2d, 0x3f, 0x49, 0x26,
    0x32, 0x3b, 0x1a, 0x2c, 0x36, 0x09, 0x71, 0x7d, 0x36, 0xa6, 0xb3, 0x5c,
    0xa8, 0xb4, 0x5d, 0xab, 0xb3, 0x61, 0xab, 0xb3, 0x61, 0xab, 0xb3, 0x60,
    0xab, 0xb3, 0x5e, 0xab, 0xb3, 0x5e, 0xab, 0xb3, 0x5e, 0xaa, 0xb2, 0x5c,
    0xa9, 0xb1, 0x5b, 0xa9, 0xb1, 0x5b, 0xa9, 0xb1, 0x5b, 0xa9, 0xb1, 0x5b,
    0xa9, 0xb1, 0x5b, 0xa9, 0xb1, 0x5b, 0xa7, 0xb2, 0x5c, 0xa6, 0xb2, 0x5c,
    0xa6, 0xb2, 0x5c, 0xa6, 0xb2, 0x5c, 0xa6, 0xb2, 0x5c, 0xa6, 0xb2, 0x5c,
    0xa5, 0xb2, 0x5a, 0xa3, 0xb3, 0x57, 0xa4, 0xb3, 0x58, 0xa5, 0xb1, 0x5a,
    0xa7, 0xb0, 0x5c, 0xab, 0xb1, 0x60, 0xa8, 0xad, 0x5e, 0x96, 0x97, 0x51,
    0x73, 0x70, 0x31, 0x60, 0x59, 0x1f, 0x60, 0x53, 0x20, 0x67, 0x54, 0x27,
    0x71, 0x5a, 0x32, 0x80, 0x67, 0x43, 0x9b, 0x84, 0x5d, 0x99, 0x82, 0x58,
    0xb8, 0xa1, 0x75, 0xac, 0x94, 0x68, 0x97, 0x7e, 0x55, 0xa5, 0x8b, 0x63,
    0x90, 0x73, 0x4f, 0x96, 0x79, 0x57, 0x99, 0x7d, 0x5c, 0xb4, 0x99, 0x78,
    0xc8, 0xaf, 0x8d, 0xcc, 0xb4, 0x93, 0xc4, 0xae, 0x8c, 0xaf, 0x9e, 0x77,
    0xe5, 0xd2, 0xaf, 0xce, 0xb9, 0x9c, 0xc3, 0xaf, 0x93, 0xda, 0xcd, 0xaa,
    0xdc, 0xd5, 0xa8, 0xbb, 0xbb, 0x7b, 0xa8, 0xaf, 0x60, 0x9f, 0xa9, 0x61,
    0x97, 0xa6, 0x6a, 0x85, 0x99, 0x6c, 0x88, 0xa1, 0x7f, 0x7e, 0x99, 0x7c,
    0x7b, 0x9a, 0x70, 0x85, 0xa5, 0x77, 0x85, 0xa4, 0x76, 0x7b, 0x9b, 0x6d,
    0x80, 0xa0, 0x72, 0x87, 0xa7, 0x79, 0x76, 0x95, 0x68, 0x6e, 0x8b, 0x5f,
    0x73, 0x8f, 0x63, 0x6d, 0x87, 0x5c, 0x6d, 0x86, 0x5c, 0x80, 0x97, 0x6d,
    0x6d, 0x83, 0x59, 0x69, 0x7f, 0x54, 0x67, 0x7e, 0x53, 0x5d, 0x72, 0x4b,
    0x73, 0x85, 0x62, 0x70, 0x80, 0x62, 0x7f, 0x8d, 0x72, 0x6f, 0x7c, 0x62,
    0x71, 0x7e, 0x64, 0x78, 0x85, 0x6b, 0x6d, 0x7a, 0x60, 0x74, 0x81, 0x67,
    0x74, 0x81, 0x67, 0x6b, 0x78, 0x5e, 0x76, 0x81, 0x66, 0x6d, 0x73, 0x5c,
    0x6a, 0x6e, 0x5c, 0x66, 0x6a, 0x52, 0x76, 0x7c, 0x50, 0x9a, 0xa4, 0x5d,
    0xa4, 0xae, 0x57, 0xa3, 0xab, 0x56, 0xa4, 0xac, 0x57, 0xa3, 0xab, 0x56,
    0xa2, 0xaa, 0x55, 0xa2, 0xaa, 0x55, 0xa2, 0xaa, 0x55, 0xa3, 0xab, 0x56,
    0xa4, 0xac, 0x57, 0xa4, 0xac, 0x57, 0xa4, 0xac, 0x57, 0xa4, 0xac, 0x57,
    0xa4, 0xac, 0x57, 0xa4, 0xac, 0x57, 0xa7, 0xac, 0x58, 0xa7, 0xac, 0x58,
    0xa7, 0xac, 0x58, 0xa7, 0xac, 0x58, 0xa7, 0xac, 0x58, 0xa7, 0xac, 0x58,
    0xa7, 0xac, 0x59, 0xa7, 0xac, 0x5a, 0xa7, 0xac, 0x5a, 0xa7, 0xac, 0x5a,
    0xa7, 0xac, 0x5a, 0xa7, 0xac, 0x5a, 0xa7, 0xac, 0x5a, 0xa6, 0xae, 0x5b,
    0xa6, 0xae, 0x5b, 0xa6, 0xae, 0x5b, 0xa6, 0xae, 0x5b, 0xa6, 0xae, 0x5b,
    0xa6, 0xae, 0x5b, 0xa6, 0xae, 0x5a, 0xa6, 0xae, 0x59, 0xa6, 0xae, 0x59,
    0xa6, 0xae, 0x59, 0xa6, 0xae, 0x59, 0xa7, 0xaf, 0x5a, 0xa8, 0xb0, 0x5b,
    0xa9, 0xaf, 0x5a, 0xa9, 0xae, 0x5a, 0xa9, 0xae, 0x5a, 0xaa, 0xaf, 0x5b,
    0xaa, 0xaf, 0x5b, 0xaa, 0xaf, 0x5b, 0xaa, 0xaf, 0x5b, 0xaa, 0xb0, 0x5a,
    0xa4, 0xb2, 0x5a, 0xa4, 0xb2, 0x5a, 0xa4, 0xb2, 0x5a, 0xa3, 0xb1, 0x59,
    0xa3, 0xb1, 0x59, 0xa3, 0xb1, 0x59, 0xa3, 0xb2, 0x5a, 0xa3, 0xb3, 0x5b,
    0xa3, 0xb4, 0x58, 0xa3, 0xb4, 0x56, 0xa3, 0xb4, 0x56, 0xa2, 0xb3, 0x58,
    0xa5, 0xb4, 0x63, 0xa9, 0xb5, 0x83, 0x9f, 0xa7, 0x7e, 0x78, 0x80, 0x52,
    0x60, 0x6a, 0x32, 0x92, 0x9b, 0x57, 0xa5, 0xb0, 0x5f, 0xa6, 0xb3, 0x5b,
    0xa4, 0xb2, 0x5a, 0xa4, 0xb2, 0x5a, 0xa4, 0xb2, 0x5a, 0xa5, 0xb3, 0x5b,
    0xa5, 0xb3, 0x5b, 0xa5, 0xb3, 0x5b, 0xa6, 0xb3, 0x5b, 0xa6, 0xb3, 0x5b,
    0xa6, 0xb3, 0x5b, 0xa6, 0xb3, 0x5b, 0xa6, 0xb3, 0x5b, 0xa6, 0xb3, 0x5b,
    0xa6, 0xb3, 0x5b, 0xa6, 0xb3, 0x5b, 0xa6, 0xb3, 0x5b, 0xa6, 0xb3, 0x5b,
    0xa6, 0xb3, 0x5b, 0xa6, 0xb3, 0x5b, 0xa6, 0xb3, 0x5b, 0xa8, 0xb2, 0x5b,
    0xa9, 0xb1, 0x5b, 0xa9, 0xb1, 0x5b, 0xa9, 0xb1, 0x5b, 0xa9, 0xb1, 0x5b,
    0xa9, 0xb1, 0x5b, 0xa9, 0xb2, 0x5a, 0xa9, 0xb2, 0x58, 0xa9, 0xb2, 0x57,
    0xa9, 0xb2, 0x57, 0xa9, 0xb2, 0x57, 0xa9, 0xb2, 0x57, 0xa9, 0xb2, 0x57,
    0xaa, 0xb2, 0x52, 0xab, 0xb3, 0x5a, 0xa0, 0xad, 0x66, 0x6d, 0x7d, 0x4d,
    0x48, 0x58, 0x38, 0x3c, 0x4b, 0x34, 0x3e, 0x4c, 0x35, 0x36, 0x42, 0x24,
    0x2a, 0x34, 0x16, 0x22, 0x2c, 0x10, 0x1e, 0x28, 0x10, 0x16, 0x1f, 0x0a,
    0x1a, 0x23, 0x12, 0x0a, 0x11, 0x03, 0x0c, 0x11, 0x03, 0x08, 0x0e, 0x01,
    0x04, 0x09, 0x00, 0x04, 0x08, 0x01, 0x06, 0x0a, 0x01, 0x08, 0x0d, 0x03,
    0x13, 0x1c, 0x0e, 0x25, 0x2f, 0x1e, 0x3d, 0x4a, 0x35, 0x7b, 0x89, 0x6f,
    0x55, 0x66, 0x45, 0x4a, 0x5c, 0x38, 0x3e, 0x4e, 0x29, 0x32, 0x3b, 0x1a,
    0x21, 0x29, 0x08, 0x2d, 0x36, 0x09, 0x7e, 0x8a, 0x3e, 0xa8, 0xb5, 0x59,
    0xa9, 0xb4, 0x59, 0xab, 0xb4, 0x5e, 0xaa, 0xb2, 0x5e, 0xaa, 0xb2, 0x5c,
    0xab, 0xb3, 0x5e, 0xab, 0xb3, 0x5e, 0xab, 0xb3, 0x5e, 0xaa, 0xb2, 0x5d,
    0xa9, 0xb1, 0x5b, 0xa9, 0xb1, 0x5b, 0xa9, 0xb1, 0x5b, 0xa9, 0xb1, 0x5b,
    0xa9, 0xb1, 0x5b, 0xa9, 0xb1, 0x5b, 0xa7, 0xb2, 0x5c, 0xa6, 0xb2, 0x5c,
    0xa6, 0xb2, 0x5c, 0xa6, 0xb2, 0x5c, 0xa6, 0xb2, 0x5c, 0xa6, 0xb2, 0x5c,
    0xa6, 0xb3, 0x5b, 0xa5, 0xb4, 0x58, 0xa4, 0xb3, 0x57, 0xa5, 0xb2, 0x59,
    0xa7, 0xb2, 0x5b, 0xa7, 0xaf, 0x5b, 0xa9, 0xb1, 0x5d, 0xac, 0xb3, 0x66,
    0x9d, 0xa3, 0x5b, 0x6c, 0x6b, 0x2b, 0x5b, 0x53, 0x1b, 0x62, 0x51, 0x23,
    0x6f, 0x59, 0x31, 0x74, 0x5d, 0x37, 0x9c, 0x86, 0x5d, 0xa1, 0x8d, 0x62,
    0xb9, 0xa3, 0x78, 0xbb, 0xa3, 0x79, 0x90, 0x77, 0x4e, 0x9f, 0x84, 0x5c,
    0xa5, 0x88, 0x62, 0xad, 0x8f, 0x6c, 0xad, 0x91, 0x6e, 0xbe, 0xa3, 0x81,
    0xc3, 0xa9, 0x88, 0xce, 0xb6, 0x96, 0xb2, 0x9b, 0x7b, 0xba, 0xa8, 0x84,
    0xe4, 0xd2, 0xb1, 0xc9, 0xb4, 0x98, 0xbc, 0xa7, 0x8f, 0xe6, 0xd9, 0xbe,
    0xcc, 0xc2, 0xa1, 0xcf, 0xcc, 0x9d, 0xae, 0xb4, 0x77, 0x97, 0xa2, 0x69,
    0x92, 0xa3, 0x70, 0x80, 0x98, 0x6b, 0x87, 0xa5, 0x7f, 0x7c, 0x9d, 0x78,
    0x75, 0x95, 0x69, 0x84, 0xa4, 0x74, 0x85, 0xa5, 0x76, 0x7e, 0x9e, 0x6e,
    0x75, 0x95, 0x66, 0x75, 0x95, 0x65, 0x69, 0x88, 0x5a, 0x68, 0x84, 0x58,
    0x7d, 0x98, 0x6c, 0x7d, 0x96, 0x6b, 0x6c, 0x84, 0x59, 0x6b, 0x82, 0x57,
    0x61, 0x76, 0x4c, 0x69, 0x7f, 0x55, 0x68, 0x7e, 0x56, 0x60, 0x75, 0x4f,
    0x6b, 0x7e, 0x5c, 0x6d, 0x7c, 0x5f, 0x7d, 0x8b, 0x71, 0x6b, 0x79, 0x60,
    0x6f, 0x7c, 0x62, 0x7c, 0x89, 0x6f, 0x69, 0x76, 0x5c, 0x79, 0x86, 0x6c,
    0x73, 0x80, 0x66, 0x6d, 0x7a, 0x60, 0x74, 0x7f, 0x64, 0x6a, 0x70, 0x59,
    0x69, 0x6d, 0x5b, 0x68, 0x6b, 0x54, 0x74, 0x7b, 0x4f, 0x98, 0xa2, 0x5b,
    0xa4, 0xae, 0x57, 0xa3, 0xab, 0x56, 0xa4, 0xad, 0x57, 0xa3, 0xab, 0x56,
    0xa2, 0xaa, 0x55, 0xa2, 0xaa, 0x55, 0xa2, 0xaa, 0x55, 0xa2, 0xab, 0x55,
    0xa3, 0xac, 0x56, 0xa3, 0xac, 0x57, 0xa4, 0xac, 0x57, 0xa4, 0xad, 0x57,
    0xa4, 0xad, 0x57, 0xa4, 0xad, 0x57, 0xa7, 0xac, 0x58, 0xa7, 0xac, 0x58,
    0xa7, 0xac, 0x58, 0xa7, 0xac, 0x58, 0xa7, 0xac, 0x58, 0xa7, 0xac, 0x58,
    0xa7, 0xac, 0x59, 0xa7, 0xac, 0x5a, 0xa7, 0xac, 0x5a, 0xa7, 0xac, 0x5a,
    0xa7, 0xac, 0x5a, 0xa7, 0xac, 0x5a, 0xa7, 0xac, 0x5a, 0xa6, 0xae, 0x5b,
    0xa6, 0xae, 0x5b, 0xa6, 0xae, 0x5b, 0xa6, 0xae, 0x5b, 0xa6, 0xae, 0x5b,
    0xa6, 0xae, 0x5b, 0xa6, 0xae, 0x5a, 0xa6, 0xae, 0x59, 0xa6, 0xae, 0x59,
    0xa6, 0xae, 0x59, 0xa6, 0xae, 0x59, 0xa7, 0xaf, 0x5a, 0xa8, 0xb0, 0x5b,
    0xa9, 0xaf, 0x5a, 0xa9, 0xae, 0x5a, 0xa9, 0xae, 0x5a, 0xaa, 0xaf, 0x5b,
    0xaa, 0xaf, 0x5b, 0xaa, 0xaf, 0x5b, 0xaa, 0xaf, 0x5b, 0xaa, 0xb0, 0x5a,
    0xa3, 0xb1, 0x59, 0xa3, 0xb1, 0x59, 0xa3, 0xb1, 0x59, 0xa3, 0xb1, 0x59,
    0xa3, 0xb1, 0x59, 0xa3, 0xb1, 0x59, 0xa3, 0xb1, 0x5b, 0xa2, 0xb1, 0x5c,
    0xa2, 0xb2, 0x58, 0xa2, 0xb3, 0x55, 0xa3, 0xb3, 0x58, 0xa2, 0xb1, 0x5d,
    0xad, 0xba, 0x71, 0xaf, 0xb9, 0x8d, 0x95, 0x9d, 0x75, 0x66, 0x70, 0x3b,
    0x6f, 0x79, 0x38, 0x9f, 0xaa, 0x5e, 0xa4, 0xaf, 0x5b, 0xa5, 0xb1, 0x5a,
    0xa4, 0xb2, 0x5a, 0xa4, 0xb2, 0x5a, 0xa4, 0xb2, 0x5a, 0xa4, 0xb2, 0x5a,
    0xa4, 0xb2, 0x5a, 0xa4, 0xb2, 0x5a, 0xa5, 0xb2, 0x5a, 0xa5, 0xb2, 0x5a,
    0xa5, 0xb2, 0x5a, 0xa5, 0xb2, 0x5a, 0xa5, 0xb2, 0x5a, 0xa5, 0xb2, 0x5a,
    0xa5, 0xb2, 0x5a, 0xa5, 0xb2, 0x5a, 0xa5, 0xb2, 0x5a, 0xa5, 0xb2, 0x5a,
    0xa5, 0xb2, 0x5a, 0xa5, 0xb2, 0x5a, 0xa5, 0xb2, 0x5a, 0xa7, 0xb2, 0x5b,
    0xa8, 0xb2, 0x5b, 0xa8, 0xb2, 0x5b, 0xa8, 0xb2, 0x5b, 0xa8, 0xb2, 0x5b,
    0xa8, 0xb2, 0x5b, 0xa8, 0xb2, 0x5a, 0xa9, 0xb2, 0x58, 0xa9, 0xb2, 0x57,
    0xa9, 0xb2, 0x57, 0xa9, 0xb2, 0x57, 0xa9, 0xb2, 0x57, 0xa9, 0xb2, 0x57,
    0xab, 0xb1, 0x52, 0xac, 0xb2, 0x56, 0xa6, 0xb3, 0x65, 0x7d, 0x8c, 0x54,
    0x4e, 0x5e, 0x38, 0x41, 0x50, 0x36, 0x3d, 0x4b, 0x35, 0x38, 0x44, 0x27,
    0x27, 0x32, 0x15, 0x1e, 0x29, 0x0e, 0x1d, 0x28, 0x0e, 0x16, 0x20, 0x09,
    0x1b, 0x25, 0x0f, 0x12, 0x1a, 0x06, 0x1c, 0x21, 0x0d, 0x18, 0x1d, 0x0b,
    0x0f, 0x13, 0x05, 0x0a, 0x0f, 0x02, 0x07, 0x0b, 0x02, 0x0a, 0x0f, 0x05,
    0x13, 0x1b, 0x0d, 0x1b, 0x26, 0x16, 0x26, 0x32, 0x21, 0x4f, 0x5d, 0x48,
    0x51, 0x61, 0x45, 0x3e, 0x4f, 0x2e, 0x2a, 0x39, 0x16, 0x2d, 0x35, 0x15,
    0x29, 0x30, 0x0d, 0x34, 0x3d, 0x0b, 0x8f, 0x9a, 0x4b, 0xa9, 0xb6, 0x57,
    0xa9, 0xb4, 0x58, 0xab, 0xb4, 0x5b, 0xab, 0xb3, 0x5d, 0xab, 0xb3, 0x5d,
    0xab, 0xb3, 0x5e, 0xab, 0xb3, 0x5e, 0xab, 0xb3, 0x5e, 0xab, 0xb3, 0x5d,
    0xaa, 0xb2, 0x5c, 0xaa, 0xb2, 0x5c, 0xaa, 0xb2, 0x5c, 0xa9, 0xb1, 0x5b,
    0xa9, 0xb1, 0x5b, 0xa9, 0xb1, 0x5b, 0xa7, 0xb2, 0x5c, 0xa6, 0xb2, 0x5c,
    0xa6, 0xb2, 0x5c, 0xa6, 0xb2, 0x5c, 0xa5, 0xb1, 0x5b, 0xa5, 0xb1, 0x5b,
    0xa5, 0xb2, 0x5a, 0xa4, 0xb3, 0x58, 0xa4, 0xb3, 0x58, 0xa5, 0xb2, 0x58,
    0xa5, 0xb2, 0x5a, 0xa5, 0xb2, 0x5a, 0xa6, 0xb1, 0x5b, 0xa2, 0xae, 0x5b,
    0xa5, 0xb1, 0x62, 0x81, 0x87, 0x3e, 0x58, 0x56, 0x17, 0x5b, 0x51, 0x1b,
    0x67, 0x56, 0x28, 0x75, 0x61, 0x36, 0x95, 0x84, 0x56, 0x9d, 0x8a, 0x5f,
    0x9b, 0x87, 0x5d, 0xae, 0x97, 0x6e, 0x92, 0x79, 0x51, 0x98, 0x7d, 0x53,
    0xba, 0x9e, 0x75, 0xc3, 0xa5, 0x80, 0xc2, 0xa5, 0x81, 0xbd, 0xa0, 0x7f,
    0xc7, 0xac, 0x8c, 0xc4, 0xaa, 0x8c, 0xc6, 0xae, 0x8f, 0xd7, 0xc6, 0xa5,
    0xda, 0xc7, 0xa9, 0xda, 0xc4, 0xaa, 0xe1, 0xcd, 0xb6, 0xec, 0xdd, 0xc6,
    0xe3, 0xd9, 0xc0, 0xdb, 0xda, 0xb9, 0xad, 0xb5, 0x8d, 0x95, 0xa3, 0x78,
    0x8b, 0xa0, 0x74, 0x81, 0x9d, 0x6d, 0x83, 0xa7, 0x74, 0x78, 0x9f, 0x6b,
    0x75, 0x97, 0x65, 0x80, 0xa0, 0x6e, 0x7c, 0x9c, 0x6a, 0x71, 0x91, 0x5f,
    0x6c, 0x8d, 0x5b, 0x7e, 0x9f, 0x6c, 0x79, 0x98, 0x67, 0x6c, 0x87, 0x5a,
    0x71, 0x8b, 0x5e, 0x65, 0x7e, 0x51, 0x67, 0x7e, 0x52, 0x76, 0x8b, 0x60,
    0x69, 0x7d, 0x53, 0x75, 0x8b, 0x61, 0x73, 0x89, 0x62, 0x74, 0x88, 0x64,
    0x72, 0x84, 0x63, 0x6b, 0x7a, 0x5e, 0x78, 0x86, 0x6d, 0x6a, 0x77, 0x5e,
    0x76, 0x83, 0x69, 0x73, 0x80, 0x66, 0x63, 0x70, 0x56, 0x79, 0x86, 0x6c,
    0x6e, 0x7b, 0x61, 0x70, 0x7d, 0x62, 0x6f, 0x79, 0x5e, 0x6a, 0x6f, 0x58,
    0x67, 0x6b, 0x5a, 0x65, 0x68, 0x51, 0x77, 0x7d, 0x52, 0x99, 0xa3, 0x5c,
    0xa2, 0xac, 0x55, 0xa2, 0xac, 0x55, 0xa3, 0xad, 0x57, 0xa2, 0xac, 0x56,
    0xa1, 0xab, 0x55, 0xa1, 0xab, 0x55, 0xa1, 0xab, 0x55, 0xa0, 0xaa, 0x54,
    0xa1, 0xab, 0x55, 0xa2, 0xac, 0x56, 0xa3, 0xad, 0x57, 0xa4, 0xae, 0x58,
    0xa4, 0xae, 0x58, 0xa4, 0xae, 0x58, 0xa7, 0xad, 0x59, 0xa8, 0xad, 0x59,
    0xa8, 0xad, 0x59, 0xa7, 0xac, 0x58, 0xa7, 0xac, 0x58, 0xa7, 0xac, 0x58,
    0xa7, 0xac, 0x59, 0xa7, 0xac, 0x5a, 0xa7, 0xac, 0x5a, 0xa7, 0xac, 0x5a,
    0xa7, 0xac, 0x5a, 0xa7, 0xac, 0x5a, 0xa7, 0xac, 0x5a, 0xa6, 0xae, 0x5b,
    0xa6, 0xae, 0x5b, 0xa6, 0xae, 0x5b, 0xa6, 0xae, 0x5b, 0xa6, 0xae, 0x5b,
    0xa6, 0xae, 0x5b, 0xa6, 0xae, 0x5a, 0xa6, 0xae, 0x59, 0xa6, 0xae, 0x59,
    0xa6, 0xae, 0x59, 0xa6, 0xae, 0x59, 0xa7, 0xaf, 0x5a, 0xa8, 0xb0, 0x5b,
    0xa9, 0xaf, 0x5a, 0xa9, 0xae, 0x5a, 0xa9, 0xae, 0x5a, 0xaa, 0xaf, 0x5b,
    0xaa, 0xaf, 0x5b, 0xaa, 0xaf, 0x5b, 0xaa, 0xaf, 0x5b, 0xaa, 0xb0, 0x5a,
    0xa3, 0xb1, 0x59, 0xa3, 0xb1, 0x59, 0xa3, 0xb1, 0x59, 0xa3, 0xb1, 0x59,
    0xa3, 0xb1, 0x59, 0xa3, 0xb1, 0x59, 0xa3, 0xb1, 0x5b, 0xa2, 0xb1, 0x5c,
    0xa2, 0xb2, 0x58, 0xa3, 0xb3, 0x57, 0xa3, 0xb2, 0x5d, 0xa2, 0xaf, 0x64,
    0xae, 0xba, 0x7b, 0xac, 0xb6, 0x8d, 0x85, 0x8e, 0x62, 0x60, 0x6a, 0x2d,
    0x8d, 0x99, 0x4d, 0xa6, 0xb2, 0x5f, 0xa6, 0xb1, 0x5b, 0xa4, 0xb0, 0x5a,
    0xa4, 0xb2, 0x5a, 0xa4, 0xb2, 0x5a, 0xa4, 0xb2, 0x5a, 0xa4, 0xb2, 0x5a,
    0xa4, 0xb2, 0x5a, 0xa4, 0xb2, 0x5a, 0xa5, 0xb2, 0x5a, 0xa5, 0xb2, 0x5a,
    0xa5, 0xb2, 0x5a, 0xa5, 0xb2, 0x5a, 0xa5, 0xb2, 0x5a, 0xa5, 0xb2, 0x5a,
    0xa5, 0xb2, 0x5a, 0xa5, 0xb2, 0x5a, 0xa5, 0xb2, 0x5a, 0xa5, 0xb2, 0x5a,
    0xa5, 0xb2, 0x5a, 0xa5, 0xb2, 0x5a, 0xa5, 0xb2, 0x5a, 0xa7, 0xb2, 0x5b,
    0xa8, 0xb2, 0x5b, 0xa8, 0xb2, 0x5b, 0xa8, 0xb2, 0x5b, 0xa8, 0xb2, 0x5b,
    0xa8, 0xb2, 0x5b, 0xa8, 0xb2, 0x5a, 0xa9, 0xb2, 0x58, 0xa9, 0xb2, 0x57,
    0xa9, 0xb2, 0x57, 0xa9, 0xb2, 0x57, 0xa9, 0xb2, 0x57, 0xa9, 0xb2, 0x57,
    0xae, 0xb3, 0x54, 0xae, 0xb3, 0x55, 0xa9, 0xb4, 0x61, 0x8d, 0x9d, 0x5a,
    0x51, 0x64, 0x33, 0x4c, 0x5e, 0x3c, 0x3d, 0x4d, 0x33, 0x38, 0x46, 0x29,
    0x31, 0x3f, 0x20, 0x31, 0x40, 0x20, 0x2c, 0x3b, 0x1b, 0x27, 0x35, 0x14,
    0x1d, 0x2b, 0x0a, 0x17, 0x23, 0x05, 0x26, 0x2f, 0x13, 0x2d, 0x36, 0x1b,
    0x1e, 0x26, 0x0f, 0x0d, 0x15, 0x02, 0x0f, 0x16, 0x06, 0x12, 0x19, 0x0a,
    0x11, 0x1a, 0x08, 0x13, 0x1e, 0x0d, 0x17, 0x23, 0x12, 0x39, 0x46, 0x34,
    0x45, 0x54, 0x3c, 0x29, 0x3a, 0x1c, 0x38, 0x47, 0x25, 0x36, 0x3d, 0x1d,
    0x31, 0x37, 0x15, 0x3f, 0x47, 0x14, 0x9d, 0xa8, 0x57, 0xab, 0xb6, 0x59,
    0xac, 0xb5, 0x5c, 0xab, 0xb4, 0x5b, 0xab, 0xb4, 0x5a, 0xab, 0xb4, 0x5b,
    0xab, 0xb3, 0x5c, 0xab, 0xb3, 0x5e, 0xab, 0xb3, 0x5e, 0xab, 0xb3, 0x5d,
    0xaa, 0xb2, 0x5c, 0xaa, 0xb2, 0x5c, 0xaa, 0xb2, 0x5c, 0xa9, 0xb1, 0x5b,
    0xa9, 0xb1, 0x5b, 0xa9, 0xb1, 0x5b, 0xa7, 0xb2, 0x5c, 0xa6, 0xb2, 0x5c,
    0xa6, 0xb2, 0x5c, 0xa6, 0xb2, 0x5c, 0xa5, 0xb1, 0x5b, 0xa5, 0xb1, 0x5b,
    0xa5, 0xb1, 0x5b, 0xa4, 0xb2, 0x5b, 0xa4, 0xb2, 0x5b, 0xa4, 0xb2, 0x5a,
    0xa4, 0xb2, 0x5a, 0xa4, 0xb2, 0x5a, 0xa4, 0xb2, 0x5a, 0xa5, 0xb6, 0x5d,
    0xa3, 0xb2, 0x5d, 0xa3, 0xad, 0x5e, 0x97, 0x9a, 0x53, 0x6c, 0x69, 0x2a,
    0x60, 0x57, 0x1d, 0x75, 0x69, 0x34, 0x91, 0x84, 0x52, 0x96, 0x86, 0x59,
    0x96, 0x84, 0x5a, 0xa3, 0x8d, 0x65, 0x93, 0x79, 0x51, 0x91, 0x76, 0x4b,
    0x96, 0x78, 0x4e, 0xb4, 0x94, 0x6d, 0xcd, 0xaf, 0x8b, 0xa5, 0x88, 0x66,
    0xb6, 0x9a, 0x7c, 0xbf, 0xa4, 0x88, 0xd1, 0xb8, 0x9c, 0xd4, 0xc1, 0xa4,
    0xe4, 0xd1, 0xb5, 0xc8, 0xb3, 0x9a, 0xe7, 0xd5, 0xbd, 0xdc, 0xd0, 0xb9,
    0xec, 0xe8, 0xd0, 0xc6, 0xcb, 0xb1, 0x8d, 0x9b, 0x7b, 0x8c, 0x9f, 0x7b,
    0x7e, 0x97, 0x6c, 0x7b, 0x9c, 0x68, 0x7a, 0xa1, 0x67, 0x71, 0x9a, 0x5d,
    0x70, 0x93, 0x5c, 0x7e, 0x9f, 0x6a, 0x80, 0xa1, 0x6c, 0x74, 0x95, 0x60,
    0x6b, 0x8c, 0x57, 0x76, 0x97, 0x62, 0x6c, 0x8a, 0x58, 0x5e, 0x78, 0x4b,
    0x63, 0x7d, 0x50, 0x6b, 0x83, 0x56, 0x67, 0x7c, 0x50, 0x72, 0x85, 0x5b,
    0x5e, 0x70, 0x46, 0x69, 0x7f, 0x56, 0x72, 0x87, 0x61, 0x78, 0x8b, 0x68,
    0x74, 0x85, 0x67, 0x73, 0x82, 0x67, 0x7b, 0x89, 0x70, 0x7b, 0x89, 0x70,
    0x73, 0x80, 0x66, 0x6d, 0x7a, 0x60, 0x70, 0x7d, 0x63, 0x74, 0x81, 0x67,
    0x67, 0x74, 0x5a, 0x73, 0x80, 0x66, 0x6a, 0x74, 0x59, 0x6c, 0x72, 0x5b,
    0x67, 0x6b, 0x5a, 0x67, 0x6b, 0x53, 0x7a, 0x80, 0x54, 0x9c, 0xa6, 0x5f,
    0xa2, 0xac, 0x55, 0xa1, 0xab, 0x55, 0xa3, 0xad, 0x57, 0xa1, 0xab, 0x55,
    0xa1, 0xab, 0x55, 0xa1, 0xab, 0x55, 0xa1, 0xab, 0x55, 0xa0, 0xaa, 0x54,
    0xa1, 0xab, 0x55, 0xa2, 0xac, 0x56, 0xa2, 0xac, 0x56, 0xa3, 0xad, 0x57,
    0xa3, 0xad, 0x57, 0xa3, 0xad, 0x57, 0xa6, 0xac, 0x58, 0xa7, 0xac, 0x58,
    0xa7, 0xac, 0x58, 0xa7, 0xac, 0x58, 0xa7, 0xac, 0x58, 0xa7, 0xac, 0x58,
    0xa7, 0xac, 0x59, 0xa7, 0xac, 0x5a, 0xa7, 0xac, 0x5a, 0xa7, 0xac, 0x5a,
    0xa7, 0xac, 0x5a, 0xa7, 0xac, 0x5a, 0xa7, 0xac, 0x5a, 0xa6, 0xae, 0x5b,
    0xa6, 0xae, 0x5b, 0xa6, 0xae, 0x5b, 0xa6, 0xae, 0x5b, 0xa6, 0xae, 0x5b,
    0xa6, 0xae, 0x5b, 0xa6, 0xae, 0x5a, 0xa6, 0xae, 0x59, 0xa6, 0xae, 0x59,
    0xa6, 0xae, 0x59, 0xa6, 0xae, 0x59, 0xa7, 0xaf, 0x5a, 0xa8, 0xb0, 0x5b,
    0xa9, 0xaf, 0x5a, 0xa9, 0xae, 0x5a, 0xa9, 0xae, 0x5a, 0xaa, 0xaf, 0x5b,
    0xaa, 0xaf, 0x5b, 0xaa, 0xaf, 0x5b, 0xaa, 0xaf, 0x5b, 0xaa, 0xb0, 0x5a,
    0xa3, 0xb1, 0x59, 0xa3, 0xb1, 0x59, 0xa3, 0xb1, 0x59, 0xa3, 0xb1, 0x59,
    0xa3, 0xb1, 0x59, 0xa3, 0xb1, 0x59, 0xa3, 0xb1, 0x5c, 0xa2, 0xb1, 0x5c,
    0xa2, 0xb2, 0x58, 0xa3, 0xb4, 0x59, 0xa1, 0xb0, 0x5f, 0xa8, 0xb5, 0x71,
    0xae, 0xb9, 0x82, 0xa0, 0xa9, 0x82, 0x70, 0x79, 0x49, 0x63, 0x6f, 0x2a,
    0x9c, 0xa9, 0x55, 0xa5, 0xb1, 0x59, 0xa6, 0xb1, 0x5b, 0xa5, 0xb1, 0x5c,
    0xa4, 0xb2, 0x5a, 0xa4, 0xb2, 0x5a, 0xa4, 0xb2, 0x5a, 0xa4, 0xb2, 0x5a,
    0xa4, 0xb2, 0x5a, 0xa4, 0xb2, 0x5a, 0xa5, 0xb2, 0x5a, 0xa5, 0xb2, 0x5a,
    0xa5, 0xb2, 0x5a, 0xa5, 0xb2, 0x5a, 0xa5, 0xb2, 0x5a, 0xa5, 0xb2, 0x5a,
    0xa5, 0xb2, 0x5a, 0xa5, 0xb2, 0x5a, 0xa5, 0xb2, 0x5a, 0xa5, 0xb2, 0x5a,
    0xa5, 0xb2, 0x5a, 0xa5, 0xb2, 0x5a, 0xa5, 0xb2, 0x5a, 0xa6, 0xb3, 0x5b,
    0xa6, 0xb3, 0x5b, 0xa6, 0xb3, 0x5b, 0xa6, 0xb3, 0x5b, 0xa6, 0xb3, 0x5b,
    0xa6, 0xb3, 0x5b, 0xa7, 0xb2, 0x5a, 0xa9, 0xb2, 0x58, 0xa9, 0xb2, 0x57,
    0xa9, 0xb2, 0x57, 0xa9, 0xb2, 0x57, 0xa9, 0xb2, 0x57, 0xa9, 0xb2, 0x57,
    0xae, 0xb2, 0x54, 0xb0, 0xb4, 0x56, 0xa8, 0xb3, 0x5c, 0x96, 0xa7, 0x5d,
    0x5d, 0x71, 0x39, 0x56, 0x6a, 0x42, 0x44, 0x56, 0x38, 0x44, 0x54, 0x36,
    0x45, 0x55, 0x34, 0x43, 0x54, 0x2f, 0x42, 0x53, 0x2d, 0x3d, 0x4f, 0x25,
    0x35, 0x47, 0x1b, 0x2a, 0x3a, 0x10, 0x2c, 0x38, 0x14, 0x2e, 0x39, 0x16,
    0x23, 0x2d, 0x0f, 0x16, 0x20, 0x07, 0x1b, 0x24, 0x0d, 0x1b, 0x24, 0x10,
    0x17, 0x22, 0x09, 0x15, 0x21, 0x0b, 0x13, 0x20, 0x0d, 0x26, 0x33, 0x22,
    0x40, 0x4f, 0x3a, 0x38, 0x48, 0x2e, 0x3e, 0x4c, 0x2c, 0x2b, 0x31, 0x10,
    0x28, 0x2e, 0x0a, 0x49, 0x50, 0x1a, 0xa1, 0xaa, 0x5a, 0xac, 0xb6, 0x5d,
    0xac, 0xb4, 0x60, 0xab, 0xb3, 0x5a, 0xab, 0xb4, 0x57, 0xab, 0xb4, 0x5a,
    0xab, 0xb3, 0x5c, 0xab, 0xb3, 0x5e, 0xab, 0xb3, 0x5e, 0xab, 0xb3, 0x5e,
    0xaa, 0xb2, 0x5c, 0xaa, 0xb2, 0x5c, 0xaa, 0xb2, 0x5c, 0xa9, 0xb1, 0x5b,
    0xa9, 0xb1, 0x5b, 0xa9, 0xb1, 0x5b, 0xa7, 0xb2, 0x5c, 0xa6, 0xb2, 0x5c,
    0xa6, 0xb2, 0x5c, 0xa6, 0xb2, 0x5c, 0xa5, 0xb1, 0x5b, 0xa5, 0xb1, 0x5b,
    0xa5, 0xb1, 0x5b, 0xa4, 0xb2, 0x5c, 0xa4, 0xb2, 0x5c, 0xa4, 0xb2, 0x5c,
    0xa4, 0xb2, 0x5b, 0xa3, 0xb3, 0x5b, 0xa3, 0xb3, 0x5b, 0xa1, 0xb3, 0x59,
    0xa2, 0xb3, 0x5a, 0xa6, 0xb2, 0x5e, 0xa8, 0xaf, 0x60, 0x97, 0x99, 0x51,
    0x65, 0x63, 0x21, 0x6a, 0x64, 0x27, 0x7f, 0x75, 0x41, 0x8d, 0x80, 0x52,
    0x97, 0x86, 0x5d, 0xa8, 0x92, 0x6c, 0xa5, 0x8c, 0x64, 0x9f, 0x84, 0x59,
    0x97, 0x78, 0x4e, 0x92, 0x72, 0x4b, 0xb3, 0x93, 0x6e, 0xb5, 0x97, 0x76,
    0x98, 0x7b, 0x5d, 0xba, 0x9e, 0x83, 0xca, 0xaf, 0x96, 0xd3, 0xbe, 0xa4,
    0xe7, 0xd1, 0xb9, 0xe3, 0xd0, 0xb7, 0xe9, 0xda, 0xc0, 0xf0, 0xe9, 0xcf,
    0xd6, 0xd7, 0xbd, 0x99, 0xa5, 0x87, 0x7f, 0x94, 0x70, 0x85, 0x9e, 0x75,
    0x75, 0x92, 0x64, 0x70, 0x93, 0x5e, 0x7b, 0xa3, 0x68, 0x7c, 0xa5, 0x67,
    0x72, 0x95, 0x5d, 0x7c, 0x9d, 0x66, 0x7a, 0x9b, 0x64, 0x6d, 0x8e, 0x57,
    0x61, 0x82, 0x4c, 0x62, 0x83, 0x4c, 0x5b, 0x79, 0x46, 0x5e, 0x78, 0x49,
    0x70, 0x88, 0x5a, 0x63, 0x7a, 0x4c, 0x55, 0x6a, 0x3d, 0x59, 0x6d, 0x40,
    0x56, 0x69, 0x3d, 0x61, 0x76, 0x4d, 0x68, 0x7e, 0x58, 0x76, 0x89, 0x67,
    0x75, 0x87, 0x68, 0x75, 0x84, 0x6a, 0x74, 0x82, 0x6b, 0x83, 0x91, 0x79,
    0x70, 0x7c, 0x63, 0x72, 0x7f, 0x65, 0x7a, 0x87, 0x6d, 0x6e, 0x7b, 0x61,
    0x68, 0x75, 0x5b, 0x74, 0x81, 0x67, 0x68, 0x72, 0x57, 0x6f, 0x75, 0x5e,
    0x66, 0x6a, 0x58, 0x6a, 0x6d, 0x56, 0x7c, 0x82, 0x57, 0x9b, 0xa5, 0x5e,
    0xa2, 0xad, 0x56, 0x9f, 0xab, 0x55, 0xa0, 0xac, 0x56, 0x9f, 0xab, 0x55,
    0x9f, 0xab, 0x55, 0x9f, 0xab, 0x55, 0x9f, 0xab, 0x55, 0x9e, 0xaa, 0x54,
    0x9f, 0xab, 0x55, 0xa0, 0xac, 0x56, 0xa0, 0xac, 0x56, 0xa0, 0xac, 0x56,
    0xa0, 0xac, 0x56, 0xa1, 0xac, 0x56, 0xa5, 0xab, 0x57, 0xa6, 0xab, 0x57,
    0xa6, 0xab, 0x57, 0xa7, 0xac, 0x58, 0xa7, 0xac, 0x58, 0xa7, 0xac, 0x58,
    0xa7, 0xac, 0x59, 0xa7, 0xac, 0x5a, 0xa7, 0xac, 0x5a, 0xa7, 0xac, 0x5a,
    0xa7, 0xac, 0x5a, 0xa7, 0xac, 0x5a, 0xa7, 0xac, 0x5a, 0xa6, 0xae, 0x5b,
    0xa6, 0xae, 0x5b, 0xa6, 0xae, 0x5b, 0xa6, 0xae, 0x5b, 0xa6, 0xae, 0x5b,
    0xa6, 0xae, 0x5b, 0xa6, 0xae, 0x5a, 0xa6, 0xae, 0x59, 0xa6, 0xae, 0x59,
    0xa6, 0xae, 0x59, 0xa6, 0xae, 0x59, 0xa7, 0xaf, 0x5a, 0xa8, 0xb0, 0x5b,
    0xa9, 0xaf, 0x5a, 0xa9, 0xae, 0x5a, 0xa9, 0xae, 0x5a, 0xaa, 0xaf, 0x5b,
    0xaa, 0xaf, 0x5b, 0xaa, 0xaf, 0x5b, 0xaa, 0xaf, 0x5b, 0xaa, 0xb0, 0x5a,
    0xa3, 0xb1, 0x59, 0xa3, 0xb1, 0x59, 0xa3, 0xb1, 0x59, 0xa3, 0xb1, 0x59,
    0xa3, 0xb1, 0x59, 0xa3, 0xb1, 0x59, 0xa3, 0xb1, 0x5b, 0xa2, 0xb1, 0x5b,
    0xa2, 0xb2, 0x59, 0xa3, 0xb2, 0x5b, 0xa3, 0xb1, 0x64, 0xad, 0xb9, 0x7c,
    0xaf, 0xb8, 0x89, 0x97, 0xa1, 0x79, 0x64, 0x6e, 0x39, 0x7c, 0x89, 0x3e,
    0xa5, 0xb3, 0x58, 0xa2, 0xb0, 0x54, 0xa5, 0xb1, 0x5a, 0xa6, 0xb1, 0x5d,
    0xa4, 0xb2, 0x5a, 0xa4, 0xb2, 0x5a, 0xa4, 0xb2, 0x5a, 0xa4, 0xb2, 0x5a,
    0xa4, 0xb2, 0x5a, 0xa4, 0xb2, 0x5a, 0xa5, 0xb2, 0x5a, 0xa5, 0xb2, 0x5a,
    0xa5, 0xb2, 0x5a, 0xa5, 0xb2, 0x5a, 0xa5, 0xb2, 0x5a, 0xa5, 0xb2, 0x5a,
    0xa5, 0xb2, 0x5a, 0xa5, 0xb2, 0x5a, 0xa5, 0xb2, 0x5a, 0xa5, 0xb2, 0x5a,
    0xa5, 0xb2, 0x5a, 0xa5, 0xb2, 0x5a, 0xa5, 0xb2, 0x5a, 0xa6, 0xb3, 0x5b,
    0xa6, 0xb3, 0x5b, 0xa6, 0xb3, 0x5b, 0xa6, 0xb3, 0x5b, 0xa6, 0xb3, 0x5b,
    0xa6, 0xb3, 0x5b, 0xa7, 0xb3, 0x5a, 0xa9, 0xb2, 0x58, 0xa9, 0xb2, 0x57,
    0xa9, 0xb2, 0x57, 0xa9, 0xb2, 0x57, 0xa9, 0xb2, 0x57, 0xa9, 0xb2, 0x57,
    0xae, 0xb1, 0x54, 0xaf, 0xb1, 0x53, 0xa9, 0xb2, 0x5a, 0xa1, 0xb2, 0x63,
    0x78, 0x8c, 0x4c, 0x58, 0x6d, 0x3f, 0x4d, 0x60, 0x3e, 0x53, 0x65, 0x45,
    0x4a, 0x5d, 0x3a, 0x42, 0x56, 0x2e, 0x42, 0x57, 0x29, 0x3b, 0x51, 0x1f,
    0x41, 0x58, 0x22, 0x39, 0x4c, 0x19, 0x3b, 0x4b, 0x1e, 0x2c, 0x3b, 0x11,
    0x21, 0x2f, 0x09, 0x28, 0x36, 0x15, 0x2d, 0x39, 0x1c, 0x24, 0x30, 0x15,
    0x1e, 0x29, 0x0c, 0x15, 0x21, 0x08, 0x1c, 0x28, 0x15, 0x29, 0x36, 0x25,
    0x3a, 0x49, 0x35, 0x32, 0x42, 0x29, 0x26, 0x33, 0x14, 0x23, 0x29, 0x08,
    0x27, 0x2c, 0x06, 0x61, 0x68, 0x2e, 0xa6, 0xae, 0x5e, 0xab, 0xb3, 0x5e,
    0xab, 0xb2, 0x63, 0xab, 0xb4, 0x5b, 0xab, 0xb4, 0x57, 0xab, 0xb4, 0x59,
    0xab, 0xb3, 0x5c, 0xab, 0xb3, 0x5e, 0xab, 0xb3, 0x5e, 0xab, 0xb3, 0x5e,
    0xaa, 0xb2, 0x5c, 0xaa, 0xb2, 0x5c, 0xaa, 0xb2, 0x5c, 0xa9, 0xb1, 0x5b,
    0xa9, 0xb1, 0x5b, 0xa9, 0xb1, 0x5b, 0xa7, 0xb2, 0x5c, 0xa6, 0xb2, 0x5c,
    0xa6, 0xb2, 0x5c, 0xa6, 0xb2, 0x5c, 0xa5, 0xb1, 0x5b, 0xa5, 0xb1, 0x5b,
    0xa5, 0xb1, 0x5c, 0xa5, 0xb1, 0x5e, 0xa4, 0xb1, 0x5e, 0xa4, 0xb1, 0x5e,
    0xa3, 0xb2, 0x5d, 0xa3, 0xb2, 0x5c, 0xa2, 0xb3, 0x5b, 0xa2, 0xb4, 0x5a,
    0xa2, 0xb2, 0x58, 0xa2, 0xb0, 0x59, 0xa4, 0xae, 0x5b, 0xa9, 0xaf, 0x60,
    0x86, 0x89, 0x3d, 0x64, 0x64, 0x1f, 0x7b, 0x73, 0x3c, 0x7e, 0x71, 0x42,
    0x7f, 0x6e, 0x45, 0x9c, 0x87, 0x60, 0xa3, 0x88, 0x61, 0xa7, 0x8b, 0x60,
    0x96, 0x77, 0x4c, 0x97, 0x76, 0x4f, 0xa3, 0x84, 0x5e, 0xb9, 0x9a, 0x79,
    0xa3, 0x85, 0x68, 0xbd, 0xa0, 0x85, 0xcc, 0xb1, 0x98, 0xd6, 0xc0, 0xa7,
    0xe0, 0xcb, 0xb3, 0xe7, 0xd5, 0xba, 0xf0, 0xe4, 0xc8, 0xdc, 0xda, 0xbd,
    0xa4, 0xac, 0x8d, 0x84, 0x97, 0x72, 0x77, 0x94, 0x65, 0x84, 0xa2, 0x72,
    0x7a, 0x9b, 0x68, 0x71, 0x95, 0x60, 0x83, 0xa9, 0x72, 0x7f, 0xa6, 0x6e,
    0x6f, 0x91, 0x5a, 0x72, 0x92, 0x5b, 0x69, 0x89, 0x53, 0x60, 0x80, 0x4a,
    0x5a, 0x7a, 0x43, 0x6c, 0x8d, 0x56, 0x68, 0x87, 0x53, 0x59, 0x73, 0x44,
    0x5c, 0x74, 0x46, 0x5a, 0x70, 0x42, 0x5f, 0x74, 0x46, 0x6c, 0x80, 0x53,
    0x6b, 0x7e, 0x52, 0x6d, 0x82, 0x5b, 0x5e, 0x74, 0x4f, 0x73, 0x86, 0x64,
    0x79, 0x8b, 0x6c, 0x72, 0x81, 0x67, 0x77, 0x85, 0x6e, 0x81, 0x8e, 0x76,
    0x72, 0x7f, 0x65, 0x7e, 0x8b, 0x71, 0x79, 0x86, 0x6c, 0x67, 0x74, 0x5a,
    0x75, 0x81, 0x68, 0x70, 0x7d, 0x63, 0x68, 0x72, 0x57, 0x6d, 0x73, 0x5c,
    0x6a, 0x6e, 0x5b, 0x67, 0x6a, 0x53, 0x7f, 0x85, 0x59, 0x9d, 0xa7, 0x60,
    0xa2, 0xad, 0x56, 0x9e, 0xab, 0x54, 0x9f, 0xab, 0x55, 0x9e, 0xaa, 0x54,
    0x9f, 0xab, 0x55, 0x9f, 0xab, 0x55, 0x9f, 0xab, 0x55, 0x9e, 0xaa, 0x54,
    0x9f, 0xab, 0x55, 0xa0, 0xac, 0x56, 0xa0, 0xac, 0x56, 0x9f, 0xab, 0x55,
    0x9f, 0xab, 0x55, 0xa0, 0xab, 0x55, 0xa5, 0xab, 0x57, 0xa6, 0xab, 0x57,
    0xa6, 0xab, 0x57, 0xa7, 0xac, 0x58, 0xa7, 0xac, 0x58, 0xa7, 0xac, 0x58,
    0xa7, 0xac, 0x59, 0xa7, 0xac, 0x5a, 0xa7, 0xac, 0x5a, 0xa7, 0xac, 0x5a,
    0xa7, 0xac, 0x5a, 0xa7, 0xac, 0x5a, 0xa7, 0xac, 0x5a, 0xa6, 0xae, 0x5b,
    0xa6, 0xae, 0x5b, 0xa6, 0xae, 0x5b, 0xa6, 0xae, 0x5b, 0xa6, 0xae, 0x5b,
    0xa6, 0xae, 0x5b, 0xa6, 0xae, 0x5a, 0xa6, 0xae, 0x59, 0xa6, 0xae, 0x59,
    0xa6, 0xae, 0x59, 0xa6, 0xae, 0x59, 0xa7, 0xaf, 0x5a, 0xa8, 0xb0, 0x5b,
    0xa9, 0xaf, 0x5a, 0xa9, 0xae, 0x5a, 0xa9, 0xae, 0x5a, 0xaa, 0xaf, 0x5b,
    0xaa, 0xaf, 0x5b, 0xaa, 0xaf, 0x5b, 0xaa, 0xaf, 0x5b, 0xaa, 0xb0, 0x5a,
    0xa2, 0xb1, 0x58, 0xa2, 0xb1, 0x58, 0xa2, 0xb1, 0x58, 0xa2, 0xb1, 0x58,
    0xa2, 0xb1, 0x58, 0xa2, 0xb1, 0x58, 0xa1, 0xb2, 0x58, 0xa2, 0xb4, 0x57,
    0xa1, 0xb4, 0x55, 0xa0, 0xb1, 0x5b, 0xa4, 0xb2, 0x6f, 0xac, 0xb7, 0x85,
    0xa5, 0xae, 0x84, 0x83, 0x8c, 0x5e, 0x5c, 0x67, 0x28, 0x8b, 0x99, 0x49,
    0xa4, 0xb3, 0x56, 0xa3, 0xb2, 0x54, 0xa4, 0xb1, 0x5a, 0xa4, 0xb1, 0x5c,
    0xa3, 0xb1, 0x59, 0xa3, 0xb1, 0x59, 0xa3, 0xb1, 0x59, 0xa3, 0xb1, 0x59,
    0xa3, 0xb1, 0x59, 0xa3, 0xb1, 0x59, 0xa4, 0xb1, 0x59, 0xa4, 0xb1, 0x59,
    0xa4, 0xb1, 0x59, 0xa4, 0xb1, 0x59, 0xa4, 0xb1, 0x59, 0xa4, 0xb1, 0x59,
    0xa4, 0xb1, 0x59, 0xa5, 0xb2, 0x5a, 0xa5, 0xb2, 0x5a, 0xa5, 0xb2, 0x5a,
    0xa5, 0xb2, 0x5a, 0xa5, 0xb2, 0x5a, 0xa5, 0xb2, 0x5a, 0xa5, 0xb2, 0x5a,
    0xa5, 0xb2, 0x5a, 0xa5, 0xb2, 0x5a, 0xa5, 0xb2, 0x5a, 0xa5, 0xb2, 0x5a,
    0xa5, 0xb2, 0x5a, 0xa6, 0xb2, 0x5a, 0xa9, 0xb2, 0x59, 0xa9, 0xb2, 0x58,
    0xa9, 0xb2, 0x58, 0xa8, 0xb1, 0x56, 0xa8, 0xb1, 0x55, 0xa8, 0xb1, 0x55,
    0xab, 0xb2, 0x53, 0xab, 0xb1, 0x53, 0xa9, 0xb2, 0x58, 0xa7, 0xb5, 0x61,
    0x87, 0x9a, 0x52, 0x57, 0x6c, 0x3a, 0x46, 0x5a, 0x3c, 0x51, 0x62, 0x47,
    0x4b, 0x5c, 0x3b, 0x45, 0x57, 0x30, 0x46, 0x59, 0x2b, 0x44, 0x58, 0x25,
    0x46, 0x5a, 0x23, 0x39, 0x4c, 0x19, 0x46, 0x58, 0x29, 0x37, 0x4a, 0x1c,
    0x34, 0x46, 0x1a, 0x36, 0x47, 0x1f, 0x36, 0x46, 0x23, 0x29, 0x39, 0x1a,
    0x1d, 0x2c, 0x0e, 0x1c, 0x2b, 0x0d, 0x23, 0x31, 0x18, 0x29, 0x37, 0x1e,
    0x2e, 0x3d, 0x22, 0x33, 0x42, 0x25, 0x28, 0x34, 0x16, 0x33, 0x38, 0x19,
    0x2d, 0x31, 0x07, 0x7a, 0x7f, 0x3b, 0xae, 0xb3, 0x5f, 0xaa, 0xb1, 0x5b,
    0xaa, 0xb2, 0x61, 0xac, 0xb4, 0x5b, 0xac, 0xb4, 0x57, 0xac, 0xb4, 0x58,
    0xac, 0xb3, 0x5a, 0xac, 0xb2, 0x5c, 0xac, 0xb2, 0x5d, 0xac, 0xb2, 0x5c,
    0xab, 0xb2, 0x5c, 0xab, 0xb2, 0x5c, 0xaa, 0xb2, 0x5c, 0xa9, 0xb2, 0x5c,
    0xa9, 0xb2, 0x5c, 0xa8, 0xb3, 0x5c, 0xa7, 0xb3, 0x5c, 0xa7, 0xb3, 0x5c,
    0xa6, 0xb3, 0x5b, 0xa5, 0xb2, 0x5b, 0xa5, 0xb2, 0x5a, 0xa5, 0xb2, 0x5a,
    0xa5, 0xb2, 0x5b, 0xa4, 0xb2, 0x5c, 0xa4, 0xb2, 0x5c, 0xa4, 0xb2, 0x5c,
    0xa3, 0xb1, 0x5b, 0xa3, 0xb2, 0x5a, 0xa3, 0xb2, 0x5a, 0xa4, 0xb2, 0x5a,
    0xa3, 0xb0, 0x59, 0xa3, 0xb0, 0x59, 0xa5, 0xb0, 0x5b, 0xa7, 0xb1, 0x5d,
    0x9d, 0xa5, 0x54, 0x7a, 0x7f, 0x32, 0x78, 0x73, 0x35, 0x86, 0x7d, 0x46,
    0x73, 0x66, 0x35, 0x80, 0x6d, 0x40, 0x94, 0x78, 0x4f, 0xa2, 0x81, 0x5a,
    0x9f, 0x7c, 0x56, 0x93, 0x73, 0x4d, 0xac, 0x8e, 0x6a, 0x9b, 0x7d, 0x5b,
    0xa6, 0x88, 0x68, 0xbf, 0xa0, 0x83, 0xcc, 0xae, 0x93, 0xdc, 0xc6, 0xae,
    0xe4, 0xd0, 0xb9, 0xd8, 0xc8, 0xad, 0xd1, 0xcb, 0xab, 0xac, 0xb3, 0x8e,
    0x8a, 0xa0, 0x76, 0x81, 0xa0, 0x71, 0x82, 0xa5, 0x72, 0x82, 0xa6, 0x71,
    0x74, 0x99, 0x63, 0x76, 0x9c, 0x64, 0x7f, 0xa6, 0x6d, 0x71, 0x97, 0x5e,
    0x65, 0x83, 0x4c, 0x6c, 0x88, 0x52, 0x76, 0x92, 0x5d, 0x6b, 0x87, 0x53,
    0x5e, 0x7c, 0x48, 0x6a, 0x88, 0x55, 0x5e, 0x7a, 0x48, 0x4c, 0x66, 0x37,
    0x62, 0x7c, 0x4e, 0x6a, 0x84, 0x56, 0x68, 0x81, 0x53, 0x77, 0x90, 0x64,
    0x73, 0x8b, 0x60, 0x7b, 0x94, 0x6c, 0x68, 0x80, 0x5a, 0x6e, 0x84, 0x60,
    0x79, 0x8a, 0x6b, 0x6b, 0x7a, 0x5e, 0x71, 0x7e, 0x64, 0x71, 0x7e, 0x63,
    0x77, 0x85, 0x67, 0x7f, 0x8d, 0x6f, 0x6e, 0x7b, 0x60, 0x6d, 0x79, 0x5f,
    0x7b, 0x86, 0x6f, 0x69, 0x73, 0x5d, 0x6d, 0x76, 0x5a, 0x6b, 0x72, 0x57,
    0x6c, 0x71, 0x5c, 0x68, 0x6d, 0x54, 0x82, 0x8b, 0x5c, 0x9d, 0xa9, 0x61,
    0x9f, 0xae, 0x54, 0x9e, 0xac, 0x54, 0x9e, 0xac, 0x54, 0x9e, 0xab, 0x54,
    0x9e, 0xac, 0x54, 0x9e, 0xac, 0x54, 0x9e, 0xac, 0x54, 0x9f, 0xab, 0x55,
    0x9f, 0xab, 0x55, 0x9f, 0xab, 0x55, 0x9f, 0xab, 0x55, 0x9f, 0xab, 0x55,
    0x9f, 0xab, 0x55, 0xa0, 0xab, 0x55, 0xa5, 0xab, 0x57, 0xa6, 0xab, 0x57,
    0xa6, 0xab, 0x57, 0xa7, 0xac, 0x58, 0xa7, 0xac, 0x58, 0xa7, 0xac, 0x58,
    0xa6, 0xac, 0x59, 0xa6, 0xad, 0x5a, 0xa6, 0xad, 0x5a, 0xa6, 0xad, 0x5a,
    0xa6, 0xad, 0x5a, 0xa6, 0xad, 0x5a, 0xa6, 0xad, 0x5a, 0xa5, 0xad, 0x5a,
    0xa5, 0xad, 0x5a, 0xa5, 0xad, 0x5a, 0xa6, 0xae, 0x5b, 0xa6, 0xae, 0x5b,
    0xa6, 0xae, 0x5b, 0xa6, 0xae, 0x5b, 0xa7, 0xaf, 0x5a, 0xa7, 0xaf, 0x5a,
    0xa7, 0xaf, 0x5a, 0xa7, 0xaf, 0x5a, 0xa7, 0xaf, 0x5a, 0xa7, 0xaf, 0x5a,
    0xa9, 0xaf, 0x5b, 0xaa, 0xaf, 0x5b, 0xaa, 0xaf, 0x5b, 0xab, 0xb0, 0x5c,
    0xab, 0xb0, 0x5c, 0xab, 0xb0, 0x5c, 0xab, 0xb0, 0x5b, 0xaa, 0xb0, 0x5a,
    0xa1, 0xb1, 0x58, 0xa1, 0xb1, 0x58, 0xa1, 0xb1, 0x58, 0xa1, 0xb1, 0x58,
    0xa1, 0xb1, 0x58, 0xa1, 0xb1, 0x58, 0xa1, 0xb3, 0x55, 0xa1, 0xb5, 0x52,
    0xa1, 0xb5, 0x51, 0x9f, 0xb2, 0x5c, 0xa5, 0xb3, 0x78, 0xb0, 0xba, 0x91,
    0xa0, 0xaa, 0x83, 0x77, 0x80, 0x4a, 0x66, 0x71, 0x2e, 0x99, 0xa6, 0x54,
    0xa3, 0xb2, 0x55, 0xa3, 0xb2, 0x56, 0xa3, 0xb1, 0x5a, 0xa3, 0xb1, 0x5c,
    0xa3, 0xb1, 0x59, 0xa3, 0xb1, 0x59, 0xa3, 0xb1, 0x59, 0xa3, 0xb1, 0x59,
    0xa3, 0xb1, 0x59, 0xa3, 0xb1, 0x59, 0xa3, 0xb1, 0x59, 0xa3, 0xb1, 0x59,
    0xa3, 0xb1, 0x59, 0xa3, 0xb1, 0x59, 0xa3, 0xb1, 0x59, 0xa3, 0xb1, 0x59,
    0xa4, 0xb1, 0x59, 0xa5, 0xb2, 0x5a, 0xa5, 0xb2, 0x5a, 0xa5, 0xb2, 0x5a,
    0xa5, 0xb2, 0x5a, 0xa5, 0xb2, 0x5a, 0xa5, 0xb2, 0x5a, 0xa5, 0xb2, 0x5a,
    0xa5, 0xb2, 0x5a, 0xa5, 0xb2, 0x5a, 0xa5, 0xb2, 0x5a, 0xa5, 0xb2, 0x5a,
    0xa5, 0xb2, 0x5a, 0xa6, 0xb2, 0x5a, 0xa9, 0xb1, 0x5b, 0xa9, 0xb1, 0x5a,
    0xa9, 0xb2, 0x59, 0xa8, 0xb1, 0x56, 0xa8, 0xb1, 0x54, 0xa8, 0xb1, 0x54,
    0xa9, 0xb2, 0x52, 0xa9, 0xb3, 0x54, 0xa9, 0xb2, 0x58, 0xa7, 0xb4, 0x5b,
    0x95, 0xa7, 0x57, 0x67, 0x7d, 0x47, 0x4a, 0x5f, 0x43, 0x49, 0x59, 0x41,
    0x4e, 0x5d, 0x40, 0x43, 0x53, 0x2f, 0x40, 0x51, 0x26, 0x3f, 0x51, 0x20,
    0x38, 0x4a, 0x18, 0x3c, 0x50, 0x1f, 0x45, 0x5a, 0x2b, 0x33, 0x49, 0x18,
    0x47, 0x5d, 0x2b, 0x49, 0x5e, 0x30, 0x33, 0x48, 0x20, 0x27, 0x3b, 0x17,
    0x2b, 0x3a, 0x1b, 0x30, 0x3f, 0x1f, 0x2b, 0x3a, 0x1a, 0x2a, 0x39, 0x18,
    0x25, 0x34, 0x14, 0x3b, 0x4a, 0x29, 0x30, 0x3b, 0x1e, 0x39, 0x3d, 0x1e,
    0x33, 0x36, 0x08, 0x85, 0x89, 0x3c, 0xb0, 0xb5, 0x5b, 0xaa, 0xb2, 0x59,
    0xa9, 0xb2, 0x60, 0xac, 0xb4, 0x5b, 0xad, 0xb4, 0x57, 0xad, 0xb4, 0x58,
    0xac, 0xb2, 0x5a, 0xac, 0xb2, 0x5a, 0xac, 0xb2, 0x5c, 0xac, 0xb2, 0x5c,
    0xac, 0xb2, 0x5c, 0xab, 0xb2, 0x5c, 0xaa, 0xb2, 0x5c, 0xa9, 0xb3, 0x5c,
    0xa8, 0xb3, 0x5c, 0xa7, 0xb4, 0x5c, 0xa7, 0xb4, 0x5c, 0xa7, 0xb4, 0x5c,
    0xa6, 0xb3, 0x5b, 0xa5, 0xb2, 0x5a, 0xa5, 0xb2, 0x5a, 0xa5, 0xb2, 0x5a,
    0xa5, 0xb2, 0x5a, 0xa4, 0xb2, 0x5a, 0xa4, 0xb2, 0x5a, 0xa4, 0xb2, 0x5a,
    0xa3, 0xb1, 0x59, 0xa3, 0xb1, 0x59, 0xa3, 0xb1, 0x59, 0xa4, 0xb1, 0x5a,
    0xa4, 0xb0, 0x5a, 0xa3, 0xaf, 0x59, 0xa3, 0xaf, 0x59, 0xa5, 0xb1, 0x5b,
    0xa4, 0xb0, 0x5a, 0x9f, 0xa8, 0x56, 0x94, 0x92, 0x4d, 0x7d, 0x78, 0x38,
    0x69, 0x61, 0x26, 0x5f, 0x4f, 0x1c, 0x88, 0x6d, 0x41, 0x97, 0x74, 0x4e,
    0xa2, 0x7e, 0x5a, 0x9c, 0x7c, 0x59, 0xb5, 0x98, 0x74, 0xa1, 0x84, 0x61,
    0xa7, 0x8a, 0x69, 0xc9, 0xaa, 0x89, 0xbc, 0x9e, 0x7f, 0xc2, 0xae, 0x96,
    0xe1, 0xd1, 0xb9, 0xce, 0xc3, 0xa6, 0xb1, 0xb2, 0x8e, 0x8b, 0x9c, 0x6f,
    0x83, 0xa3, 0x6f, 0x76, 0x9c, 0x67, 0x7d, 0xa3, 0x70, 0x78, 0x9e, 0x69,
    0x6c, 0x93, 0x5b, 0x70, 0x97, 0x5c, 0x78, 0xa0, 0x63, 0x74, 0x99, 0x5c,
    0x6b, 0x86, 0x4e, 0x6d, 0x85, 0x4f, 0x77, 0x8f, 0x5b, 0x6a, 0x83, 0x50,
    0x57, 0x72, 0x41, 0x53, 0x6f, 0x3e, 0x58, 0x73, 0x43, 0x58, 0x72, 0x43,
    0x6e, 0x89, 0x5b, 0x63, 0x7e, 0x51, 0x61, 0x7d, 0x51, 0x70, 0x8c, 0x62,
    0x6d, 0x8a, 0x61, 0x75, 0x90, 0x68, 0x6d, 0x85, 0x5e, 0x72, 0x87, 0x63,
    0x76, 0x89, 0x67, 0x5d, 0x6e, 0x4d, 0x5e, 0x6c, 0x4d, 0x5a, 0x68, 0x49,
    0x66, 0x76, 0x53, 0x6d, 0x7c, 0x5c, 0x71, 0x7e, 0x61, 0x7f, 0x8a, 0x71,
    0x6f, 0x79, 0x63, 0x6e, 0x76, 0x62, 0x72, 0x7a, 0x5e, 0x69, 0x6f, 0x53,
    0x6f, 0x74, 0x5e, 0x6d, 0x74, 0x57, 0x89, 0x93, 0x63, 0x9d, 0xab, 0x62,
    0x9e, 0xaf, 0x53, 0x9e, 0xad, 0x53, 0x9e, 0xac, 0x54, 0x9e, 0xac, 0x54,
    0x9e, 0xac, 0x54, 0x9e, 0xac, 0x54, 0x9e, 0xac, 0x54, 0x9f, 0xab, 0x55,
    0x9f, 0xab, 0x55, 0x9f, 0xab, 0x55, 0x9f, 0xab, 0x55, 0x9f, 0xab, 0x55,
    0x9f, 0xab, 0x55, 0xa0, 0xab, 0x55, 0xa4, 0xaa, 0x56, 0xa5, 0xaa, 0x56,
    0xa5, 0xaa, 0x56, 0xa6, 0xab, 0x57, 0xa7, 0xac, 0x58, 0xa7, 0xac, 0x58,
    0xa6, 0xac, 0x59, 0xa5, 0xad, 0x5a, 0xa5, 0xad, 0x5a, 0xa5, 0xad, 0x5a,
    0xa5, 0xad, 0x5a, 0xa5, 0xad, 0x5a, 0xa5, 0xad, 0x5a, 0xa5, 0xad, 0x5a,
    0xa5, 0xad, 0x5a, 0xa5, 0xad, 0x5a, 0xa6, 0xae, 0x5b, 0xa6, 0xae, 0x5b,
    0xa6, 0xae, 0x5b, 0xa6, 0xae, 0x5b, 0xa7, 0xaf, 0x5a, 0xa7, 0xaf, 0x5a,
    0xa7, 0xaf, 0x5a, 0xa7, 0xaf, 0x5a, 0xa7, 0xaf, 0x5a, 0xa7, 0xaf, 0x5a,
    0xa9, 0xaf, 0x5b, 0xaa, 0xaf, 0x5b, 0xaa, 0xaf, 0x5b, 0xab, 0xb0, 0x5c,
    0xab, 0xb0, 0x5c, 0xab, 0xb0, 0x5c, 0xab, 0xb0, 0x5b, 0xaa, 0xb0, 0x5a,
    0xa1, 0xb1, 0x58, 0xa1, 0xb1, 0x58, 0xa1, 0xb1, 0x58, 0xa1, 0xb1, 0x58,
    0xa1, 0xb1, 0x58, 0xa1, 0xb1, 0x58, 0xa1, 0xb3, 0x56, 0xa0, 0xb5, 0x51,
    0xa0, 0xb4, 0x52, 0xa0, 0xb2, 0x61, 0xa6, 0xb3, 0x7b, 0xab, 0xb6, 0x8d,
    0x93, 0x9e, 0x74, 0x66, 0x71, 0x37, 0x7b, 0x86, 0x40, 0xa1, 0xaf, 0x5c,
    0xa2, 0xb1, 0x55, 0xa3, 0xb2, 0x56, 0xa3, 0xb1, 0x5a, 0xa3, 0xb1, 0x5b,
    0xa3, 0xb1, 0x59, 0xa3, 0xb1, 0x59, 0xa3, 0xb1, 0x59, 0xa3, 0xb1, 0x59,
    0xa3, 0xb1, 0x59, 0xa3, 0xb1, 0x59, 0xa3, 0xb1, 0x59, 0xa3, 0xb1, 0x59,
    0xa3, 0xb1, 0x59, 0xa3, 0xb1, 0x59, 0xa3, 0xb1, 0x59, 0xa3, 0xb1, 0x59,
    0xa4, 0xb1, 0x59, 0xa5, 0xb2, 0x5a, 0xa5, 0xb2, 0x5a, 0xa5, 0xb2, 0x5a,
    0xa5, 0xb2, 0x5a, 0xa5, 0xb2, 0x5a, 0xa5, 0xb2, 0x5a, 0xa5, 0xb2, 0x5a,
    0xa5, 0xb2, 0x5a, 0xa5, 0xb2, 0x5a, 0xa5, 0xb2, 0x5a, 0xa5, 0xb2, 0x5a,
    0xa5, 0xb2, 0x5a, 0xa6, 0xb2, 0x5a, 0xa9, 0xb1, 0x5b, 0xa9, 0xb1, 0x5a,
    0xa9, 0xb2, 0x59, 0xa8, 0xb1, 0x56, 0xa8, 0xb1, 0x54, 0xa8, 0xb1, 0x54,
    0xa8, 0xb3, 0x52, 0xa9, 0xb3, 0x54, 0xa9, 0xb2, 0x58, 0xa6, 0xb3, 0x5a,
    0x9e, 0xb0, 0x5f, 0x75, 0x8a, 0x51, 0x5d, 0x71, 0x51, 0x4b, 0x5a, 0x42,
    0x46, 0x55, 0x3a, 0x3e, 0x4e, 0x2c, 0x38, 0x49, 0x21, 0x3b, 0x4b, 0x1f,
    0x35, 0x47, 0x1a, 0x39, 0x4d, 0x1d, 0x3d, 0x53, 0x22, 0x2c, 0x43, 0x0f,
    0x46, 0x5d, 0x28, 0x52, 0x68, 0x36, 0x3a, 0x50, 0x24, 0x2b, 0x3f, 0x17,
    0x41, 0x52, 0x2b, 0x3b, 0x4b, 0x26, 0x36, 0x46, 0x21, 0x2e, 0x3d, 0x1b,
    0x28, 0x37, 0x16, 0x39, 0x47, 0x28, 0x28, 0x34, 0x17, 0x25, 0x2b, 0x09,
    0x3c, 0x41, 0x0d, 0x97, 0x9c, 0x4b, 0xb0, 0xb5, 0x58, 0xab, 0xb3, 0x58,
    0xaa, 0xb3, 0x5e, 0xac, 0xb4, 0x59, 0xad, 0xb4, 0x57, 0xad, 0xb4, 0x58,
    0xac, 0xb2, 0x5a, 0xac, 0xb2, 0x5a, 0xac, 0xb2, 0x5c, 0xac, 0xb2, 0x5c,
    0xac, 0xb2, 0x5c, 0xab, 0xb2, 0x5c, 0xaa, 0xb2, 0x5c, 0xa9, 0xb3, 0x5c,
    0xa8, 0xb3, 0x5c, 0xa7, 0xb4, 0x5c, 0xa7, 0xb4, 0x5c, 0xa7, 0xb4, 0x5c,
    0xa6, 0xb3, 0x5b, 0xa5, 0xb2, 0x5a, 0xa5, 0xb2, 0x5a, 0xa5, 0xb2, 0x5a,
    0xa5, 0xb2, 0x5a, 0xa4, 0xb2, 0x5a, 0xa4, 0xb2, 0x5a, 0xa4, 0xb2, 0x5a,
    0xa3, 0xb1, 0x59, 0xa3, 0xb1, 0x59, 0xa3, 0xb1, 0x59, 0xa4, 0xb1, 0x5a,
    0xa4, 0xb0, 0x5a, 0xa3, 0xaf, 0x59, 0xa3, 0xaf, 0x59, 0xa4, 0xb0, 0x5a,
    0xa4, 0xb0, 0x5a, 0xa6, 0xaf, 0x5b, 0xaa, 0xad, 0x60, 0x9d, 0x9d, 0x56,
    0x7e, 0x7b, 0x3a, 0x6d, 0x62, 0x2a, 0x85, 0x70, 0x40, 0x9b, 0x7b, 0x54,
    0xa3, 0x82, 0x5e, 0xa6, 0x85, 0x63, 0xa5, 0x86, 0x64, 0xae, 0x91, 0x70,
    0xa3, 0x86, 0x66, 0xc4, 0xa7, 0x88, 0xce, 0xb2, 0x95, 0xb7, 0xa5, 0x8a,
    0xbb, 0xb0, 0x94, 0xa9, 0xa8, 0x87, 0x87, 0x93, 0x6a, 0x77, 0x90, 0x5f,
    0x7a, 0x9a, 0x64, 0x68, 0x8c, 0x55, 0x73, 0x97, 0x61, 0x78, 0x9e, 0x65,
    0x73, 0x98, 0x5f, 0x6c, 0x92, 0x56, 0x76, 0x9c, 0x5e, 0x77, 0x9d, 0x5e,
    0x6e, 0x89, 0x50, 0x64, 0x7b, 0x46, 0x63, 0x7b, 0x47, 0x55, 0x6f, 0x3c,
    0x4f, 0x6b, 0x3a, 0x60, 0x7c, 0x4b, 0x63, 0x7f, 0x4e, 0x53, 0x6f, 0x3f,
    0x59, 0x74, 0x46, 0x51, 0x6c, 0x40, 0x55, 0x71, 0x45, 0x5f, 0x7c, 0x51,
    0x6d, 0x88, 0x5f, 0x72, 0x8a, 0x63, 0x75, 0x89, 0x64, 0x75, 0x88, 0x63,
    0x6b, 0x7d, 0x5a, 0x60, 0x71, 0x4e, 0x50, 0x60, 0x3e, 0x5b, 0x6b, 0x48,
    0x54, 0x64, 0x40, 0x55, 0x64, 0x42, 0x6e, 0x7b, 0x5c, 0x72, 0x7d, 0x62,
    0x6b, 0x74, 0x5d, 0x76, 0x7e, 0x69, 0x6f, 0x75, 0x5e, 0x69, 0x6e, 0x58,
    0x71, 0x76, 0x61, 0x72, 0x79, 0x5b, 0x8e, 0x98, 0x66, 0xa0, 0xae, 0x62,
    0x9e, 0xae, 0x52, 0x9e, 0xac, 0x53, 0x9e, 0xac, 0x54, 0x9e, 0xac, 0x54,
    0x9e, 0xac, 0x54, 0x9e, 0xac, 0x54, 0x9e, 0xac, 0x54, 0x9f, 0xab, 0x55,
    0x9f, 0xab, 0x55, 0x9f, 0xab, 0x55, 0x9f, 0xab, 0x55, 0x9f, 0xab, 0x55,
    0x9f, 0xab, 0x55, 0xa0, 0xab, 0x55, 0xa4, 0xaa, 0x56, 0xa5, 0xaa, 0x56,
    0xa5, 0xaa, 0x56, 0xa6, 0xab, 0x57, 0xa7, 0xac, 0x58, 0xa7, 0xac, 0x58,
    0xa6, 0xac, 0x59, 0xa5, 0xad, 0x5a, 0xa5, 0xad, 0x5a, 0xa5, 0xad, 0x5a,
    0xa5, 0xad, 0x5a, 0xa5, 0xad, 0x5a, 0xa5, 0xad, 0x5a, 0xa5, 0xad, 0x5a,
    0xa5, 0xad, 0x5a, 0xa5, 0xad, 0x5a, 0xa6, 0xae, 0x5b, 0xa6, 0xae, 0x5b,
    0xa6, 0xae, 0x5b, 0xa6, 0xae, 0x5b, 0xa7, 0xaf, 0x5a, 0xa7, 0xaf, 0x5a,
    0xa7, 0xaf, 0x5a, 0xa7, 0xaf, 0x5a, 0xa7, 0xaf, 0x5a, 0xa7, 0xaf, 0x5a,
    0xa9, 0xaf, 0x5b, 0xaa, 0xaf, 0x5b, 0xaa, 0xaf, 0x5b, 0xab, 0xb0, 0x5c,
    0xab, 0xb0, 0x5c, 0xab, 0xb0, 0x5c, 0xab, 0xb0, 0x5b, 0xaa, 0xb0, 0x5a,
    0xa1, 0xb1, 0x58, 0xa1, 0xb1, 0x58, 0xa1, 0xb1, 0x58, 0xa1, 0xb1, 0x58,
    0xa1, 0xb1, 0x58, 0xa1, 0xb1, 0x58, 0xa1, 0xb3, 0x56, 0xa0, 0xb4, 0x52,
    0xa0, 0xb4, 0x54, 0xa2, 0xb2, 0x67, 0xaf, 0xbb, 0x86, 0xa8, 0xb3, 0x8a,
    0x88, 0x94, 0x66, 0x61, 0x6b, 0x2e, 0x8f, 0x9b, 0x53, 0xa4, 0xb1, 0x5d,
    0xa3, 0xb1, 0x56, 0xa3, 0xb2, 0x56, 0xa3, 0xb1, 0x5a, 0xa3, 0xb1, 0x5b,
    0xa3, 0xb1, 0x59, 0xa3, 0xb1, 0x59, 0xa3, 0xb1, 0x59, 0xa3, 0xb1, 0x59,
    0xa3, 0xb1, 0x59, 0xa3, 0xb1, 0x59, 0xa3, 0xb1, 0x59, 0xa3, 0xb1, 0x59,
    0xa3, 0xb1, 0x59, 0xa3, 0xb1, 0x59, 0xa3, 0xb1, 0x59, 0xa3, 0xb1, 0x59,
    0xa4, 0xb1, 0x59, 0xa5, 0xb2, 0x5a, 0xa5, 0xb2, 0x5a, 0xa5, 0xb2, 0x5a,
    0xa5, 0xb2, 0x5a, 0xa5, 0xb2, 0x5a, 0xa5, 0xb2, 0x5a, 0xa5, 0xb2, 0x5a,
    0xa5, 0xb2, 0x5a, 0xa5, 0xb2, 0x5a, 0xa5, 0xb2, 0x5a, 0xa5, 0xb2, 0x5a,
    0xa5, 0xb2, 0x5a, 0xa6, 0xb2, 0x5a, 0xa8, 0xb2, 0x5b, 0xa8, 0xb2, 0x5a,
    0xa8, 0xb2, 0x59, 0xa7, 0xb2, 0x56, 0xa7, 0xb2, 0x54, 0xa7, 0xb2, 0x54,
    0xa8, 0xb3, 0x52, 0xa8, 0xb3, 0x54, 0xa9, 0xb2, 0x58, 0xa6, 0xb3, 0x59,
    0xa4, 0xb6, 0x62, 0x83, 0x97, 0x59, 0x5b, 0x70, 0x4a, 0x59, 0x68, 0x4e,
    0x47, 0x55, 0x3b, 0x46, 0x54, 0x37, 0x4c, 0x5c, 0x39, 0x4e, 0x5e, 0x38,
    0x4f, 0x60, 0x36, 0x56, 0x6a, 0x3b, 0x41, 0x57, 0x23, 0x3d, 0x55, 0x1e,
    0x43, 0x5b, 0x22, 0x47, 0x5f, 0x28, 0x41, 0x57, 0x26, 0x49, 0x5f, 0x31,
    0x44, 0x56, 0x28, 0x45, 0x57, 0x2a, 0x3b, 0x4b, 0x22, 0x33, 0x43, 0x1e,
    0x32, 0x41, 0x20, 0x3e, 0x4d, 0x30, 0x37, 0x43, 0x26, 0x26, 0x2e, 0x08,
    0x51, 0x58, 0x1c, 0xa2, 0xa8, 0x56, 0xae, 0xb5, 0x56, 0xac, 0xb4, 0x57,
    0xab, 0xb4, 0x5c, 0xac, 0xb4, 0x59, 0xad, 0xb4, 0x57, 0xad, 0xb4, 0x58,
    0xac, 0xb2, 0x5a, 0xac, 0xb2, 0x5a, 0xac, 0xb2, 0x5c, 0xac, 0xb2, 0x5c,
    0xac, 0xb2, 0x5c, 0xab, 0xb2, 0x5c, 0xaa, 0xb2, 0x5c, 0xa9, 0xb3, 0x5c,
    0xa8, 0xb3, 0x5c, 0xa7, 0xb4, 0x5c, 0xa7, 0xb4, 0x5c, 0xa7, 0xb4, 0x5c,
    0xa6, 0xb3, 0x5b, 0xa5, 0xb2, 0x5a, 0xa5, 0xb2, 0x5a, 0xa5, 0xb2, 0x5a,
    0xa5, 0xb2, 0x5a, 0xa4, 0xb2, 0x5a, 0xa4, 0xb2, 0x5a, 0xa4, 0xb2, 0x5a,
    0xa3, 0xb1, 0x59, 0xa3, 0xb1, 0x59, 0xa3, 0xb1, 0x59, 0xa4, 0xb1, 0x5a,
    0xa4, 0xb0, 0x5a, 0xa3, 0xaf, 0x59, 0xa4, 0xb0, 0x5a, 0xa4, 0xb0, 0x5a,
    0xa3, 0xaf, 0x59, 0xa5, 0xb0, 0x5a, 0xa7, 0xaf, 0x5b, 0xa6, 0xac, 0x5e,
    0x97, 0x99, 0x52, 0x77, 0x73, 0x36, 0x76, 0x68, 0x35, 0x9b, 0x82, 0x59,
    0x9d, 0x7f, 0x59, 0xa7, 0x89, 0x66, 0xa1, 0x84, 0x62, 0x9e, 0x81, 0x60,
    0xa6, 0x8b, 0x6b, 0xa3, 0x8a, 0x6b, 0xb9, 0xa1, 0x83, 0xba, 0xaa, 0x8e,
    0xa6, 0xa4, 0x82, 0x8b, 0x99, 0x6f, 0x7a, 0x94, 0x64, 0x77, 0x96, 0x60,
    0x7e, 0x9e, 0x65, 0x6f, 0x8f, 0x56, 0x77, 0x9a, 0x5f, 0x81, 0xa5, 0x68,
    0x7b, 0x9f, 0x61, 0x6f, 0x93, 0x54, 0x71, 0x95, 0x55, 0x66, 0x89, 0x49,
    0x63, 0x7d, 0x44, 0x5d, 0x74, 0x3f, 0x62, 0x7a, 0x46, 0x60, 0x79, 0x46,
    0x56, 0x71, 0x40, 0x5e, 0x7a, 0x49, 0x52, 0x6e, 0x3d, 0x4c, 0x68, 0x38,
    0x56, 0x71, 0x43, 0x55, 0x70, 0x43, 0x5b, 0x76, 0x4b, 0x5f, 0x7a, 0x50,
    0x6c, 0x86, 0x5e, 0x72, 0x86, 0x60, 0x72, 0x83, 0x5d, 0x68, 0x79, 0x54,
    0x65, 0x76, 0x51, 0x65, 0x79, 0x52, 0x59, 0x6e, 0x46, 0x64, 0x76, 0x4f,
    0x51, 0x61, 0x3b, 0x57, 0x67, 0x42, 0x5e, 0x6c, 0x4c, 0x5e, 0x69, 0x4c,
    0x6d, 0x76, 0x5d, 0x73, 0x7b, 0x64, 0x6c, 0x72, 0x5e, 0x73, 0x77, 0x65,
    0x71, 0x76, 0x62, 0x73, 0x7a, 0x5b, 0x90, 0x9a, 0x65, 0x9f, 0xad, 0x5e,
    0x9e, 0xaf, 0x52, 0x9e, 0xac, 0x53, 0x9e, 0xac, 0x54, 0x9e, 0xac, 0x54,
    0x9e, 0xac, 0x54, 0x9e, 0xac, 0x54, 0x9e, 0xac, 0x54, 0x9f, 0xab, 0x55,
    0x9f, 0xab, 0x55, 0x9f, 0xab, 0x55, 0x9f, 0xab, 0x55, 0x9f, 0xab, 0x55,
    0x9f, 0xab, 0x55, 0xa0, 0xab, 0x55, 0xa2, 0xaa, 0x55, 0xa2, 0xaa, 0x55,
    0xa2, 0xaa, 0x55, 0xa4, 0xac, 0x57, 0xa5, 0xad, 0x58, 0xa5, 0xad, 0x58,
    0xa5, 0xad, 0x59, 0xa5, 0xad, 0x5a, 0xa5, 0xad, 0x5a, 0xa5, 0xad, 0x5a,
    0xa5, 0xad, 0x5a, 0xa5, 0xad, 0x5a, 0xa5, 0xad, 0x5a, 0xa5, 0xad, 0x5a,
    0xa5, 0xad, 0x5a, 0xa5, 0xad, 0x5a, 0xa6, 0xae, 0x5b, 0xa6, 0xae, 0x5b,
    0xa6, 0xae, 0x5b, 0xa6, 0xae, 0x5b, 0xa7, 0xaf, 0x5a, 0xa7, 0xaf, 0x5a,
    0xa7, 0xaf, 0x5a, 0xa7, 0xaf, 0x5a, 0xa7, 0xaf, 0x5a, 0xa7, 0xaf, 0x5a,
    0xa9, 0xaf, 0x5b, 0xaa, 0xaf, 0x5b, 0xaa, 0xaf, 0x5b, 0xab, 0xb0, 0x5c,
    0xab, 0xb0, 0x5c, 0xab, 0xb0, 0x5c, 0xab, 0xb0, 0x5b, 0xaa, 0xb0, 0x5a,
    0xa1, 0xb1, 0x58, 0xa1, 0xb1, 0x58, 0xa1, 0xb1, 0x58, 0xa1, 0xb1, 0x58,
    0xa1, 0xb1, 0x58, 0xa1, 0xb1, 0x58, 0xa0, 0xb2, 0x57, 0x9f, 0xb2, 0x54,
    0x9f, 0xb2, 0x58, 0xa3, 0xb3, 0x6d, 0xac, 0xb8, 0x87, 0xa3, 0xae, 0x84,
    0x75, 0x81, 0x4f, 0x64, 0x70, 0x2e, 0x99, 0xa6, 0x5a, 0xa2, 0xb0, 0x5b,
    0xa2, 0xb0, 0x57, 0xa3, 0xb2, 0x57, 0xa3, 0xb1, 0x59, 0xa3, 0xb1, 0x5a,
    0xa3, 0xb1, 0x59, 0xa3, 0xb1, 0x59, 0xa3, 0xb1, 0x59, 0xa3, 0xb1, 0x59,
    0xa3, 0xb1, 0x59, 0xa3, 0xb1, 0x59, 0xa3, 0xb1, 0x59, 0xa3, 0xb1, 0x59,
    0xa3, 0xb1, 0x59, 0xa3, 0xb1, 0x59, 0xa3, 0xb1, 0x59, 0xa3, 0xb1, 0x59,
    0xa4, 0xb1, 0x59, 0xa5, 0xb2, 0x5a, 0xa5, 0xb2, 0x5a, 0xa5, 0xb2, 0x5a,
    0xa5, 0xb2, 0x5a, 0xa5, 0xb2, 0x5a, 0xa5, 0xb2, 0x5a, 0xa5, 0xb2, 0x5a,
    0xa5, 0xb2, 0x5a, 0xa5, 0xb2, 0x5a, 0xa5, 0xb2, 0x5a, 0xa5, 0xb2, 0x5a,
    0xa5, 0xb2, 0x5a, 0xa6, 0xb2, 0x5a, 0xa8, 0xb2, 0x5b, 0xa8, 0xb2, 0x5a,
    0xa8, 0xb2, 0x59, 0xa7, 0xb2, 0x56, 0xa7, 0xb2, 0x54, 0xa7, 0xb2, 0x54,
    0xa8, 0xb3, 0x52, 0xa8, 0xb3, 0x54, 0xa9, 0xb2, 0x59, 0xa7, 0xb2, 0x58,
    0xa5, 0xb4, 0x5d, 0x95, 0xa8, 0x63, 0x5f, 0x72, 0x44, 0x66, 0x76, 0x59,
    0x56, 0x64, 0x4a, 0x5c, 0x6a, 0x50, 0x55, 0x64, 0x47, 0x4b, 0x5a, 0x39,
    0x51, 0x61, 0x3c, 0x58, 0x6b, 0x3d, 0x56, 0x6d, 0x35, 0x57, 0x6f, 0x35,
    0x5a, 0x72, 0x36, 0x43, 0x5b, 0x20, 0x35, 0x4c, 0x17, 0x4e, 0x65, 0x30,
    0x57, 0x6b, 0x34, 0x43, 0x57, 0x22, 0x33, 0x46, 0x17, 0x35, 0x47, 0x1f,
    0x41, 0x52, 0x30, 0x42, 0x52, 0x35, 0x40, 0x4e, 0x30, 0x2d, 0x38, 0x10,
    0x64, 0x6d, 0x30, 0xaa, 0xb2, 0x5f, 0xad, 0xb4, 0x55, 0xad, 0xb5, 0x55,
    0xab, 0xb5, 0x58, 0xac, 0xb4, 0x57, 0xad, 0xb4, 0x57, 0xad, 0xb4, 0x58,
    0xac, 0xb2, 0x5a, 0xac, 0xb2, 0x5a, 0xac, 0xb2, 0x5c, 0xac, 0xb2, 0x5c,
    0xac, 0xb2, 0x5c, 0xab, 0xb2, 0x5c, 0xaa, 0xb2, 0x5c, 0xa9, 0xb3, 0x5c,
    0xa8, 0xb3, 0x5c, 0xa7, 0xb4, 0x5c, 0xa7, 0xb4, 0x5c, 0xa7, 0xb4, 0x5c,
    0xa6, 0xb3, 0x5b, 0xa5, 0xb2, 0x5a, 0xa5, 0xb2, 0x5a, 0xa5, 0xb2, 0x5a,
    0xa5, 0xb2, 0x5a, 0xa4, 0xb2, 0x5a, 0xa4, 0xb2, 0x5a, 0xa4, 0xb2, 0x5a,
    0xa3, 0xb1, 0x59, 0xa3, 0xb1, 0x59, 0xa3, 0xb1, 0x59, 0xa4, 0xb1, 0x5a,
    0xa4, 0xb0, 0x5a, 0xa3, 0xaf, 0x59, 0xa2, 0xae, 0x58, 0xa2, 0xae, 0x58,
    0xa3, 0xaf, 0x59, 0xa2, 0xaf, 0x58, 0xa3, 0xb0, 0x57, 0xa5, 0xb1, 0x5c,
    0xa2, 0xab, 0x5d, 0x8c, 0x8f, 0x4c, 0x6f, 0x67, 0x2f, 0x8a, 0x7a, 0x4b,
    0x9a, 0x83, 0x5a, 0x96, 0x7a, 0x55, 0x8d, 0x72, 0x4d, 0x98, 0x7d, 0x5b,
    0xa1, 0x8a, 0x6a, 0x92, 0x7f, 0x60, 0x99, 0x89, 0x6b, 0xa1, 0x98, 0x78,
    0x92, 0x9a, 0x71, 0x81, 0x9c, 0x6b, 0x75, 0x9b, 0x64, 0x80, 0xa6, 0x6b,
    0x85, 0xa3, 0x69, 0x78, 0x94, 0x59, 0x80, 0xa2, 0x64, 0x7a, 0x9d, 0x5e,
    0x70, 0x93, 0x53, 0x66, 0x89, 0x48, 0x67, 0x8b, 0x49, 0x60, 0x82, 0x41,
    0x5c, 0x75, 0x3c, 0x5b, 0x72, 0x3d, 0x6a, 0x82, 0x4e, 0x5b, 0x75, 0x42,
    0x46, 0x62, 0x30, 0x4d, 0x69, 0x38, 0x59, 0x75, 0x45, 0x5d, 0x79, 0x49,
    0x72, 0x8d, 0x5f, 0x69, 0x83, 0x57, 0x6f, 0x89, 0x5e, 0x67, 0x7f, 0x56,
    0x62, 0x79, 0x52, 0x70, 0x80, 0x59, 0x6d, 0x79, 0x54, 0x64, 0x72, 0x4b,
    0x64, 0x75, 0x4d, 0x5f, 0x73, 0x49, 0x5f, 0x75, 0x4a, 0x5a, 0x70, 0x45,
    0x53, 0x64, 0x3b, 0x58, 0x69, 0x41, 0x49, 0x57, 0x33, 0x5b, 0x66, 0x45,
    0x6f, 0x79, 0x5d, 0x6b, 0x73, 0x5a, 0x6d, 0x73, 0x61, 0x74, 0x78, 0x6a,
    0x71, 0x76, 0x61, 0x7b, 0x82, 0x5f, 0x94, 0x9f, 0x65, 0x9e, 0xad, 0x5c,
    0x9f, 0xb0, 0x52, 0x9e, 0xac, 0x53, 0x9e, 0xac, 0x54, 0x9e, 0xac, 0x54,
    0x9e, 0xac, 0x54, 0x9e, 0xac, 0x54, 0x9e, 0xac, 0x54, 0x9f, 0xab, 0x55,
    0x9f, 0xab, 0x55, 0x9f, 0xab, 0x55, 0x9f, 0xab, 0x55, 0x9f, 0xab, 0x55,
    0x9f, 0xab, 0x55, 0x9f, 0xab, 0x55, 0xa1, 0xa9, 0x54, 0xa1, 0xa9, 0x54,
    0xa1, 0xa9, 0x54, 0xa4, 0xac, 0x57, 0xa5, 0xad, 0x58, 0xa5, 0xad, 0x58,
    0xa5, 0xad, 0x59, 0xa5, 0xad, 0x5a, 0xa5, 0xad, 0x5a, 0xa5, 0xad, 0x5a,
    0xa5, 0xad, 0x5a, 0xa5, 0xad, 0x5a, 0xa5, 0xad, 0x5a, 0xa5, 0xad, 0x5a,
    0xa5, 0xad, 0x5a, 0xa5, 0xad, 0x5a, 0xa6, 0xae, 0x5b, 0xa6, 0xae, 0x5b,
    0xa6, 0xae, 0x5b, 0xa6, 0xae, 0x5b, 0xa7, 0xaf, 0x5a, 0xa7, 0xaf, 0x5a,
    0xa7, 0xaf, 0x5a, 0xa7, 0xaf, 0x5a, 0xa7, 0xaf, 0x5a, 0xa7, 0xaf, 0x5a,
    0xa9, 0xaf, 0x5b, 0xaa, 0xaf, 0x5b, 0xaa, 0xaf, 0x5b, 0xab, 0xb0, 0x5c,
    0xab, 0xb0, 0x5c, 0xab, 0xb0, 0x5c, 0xab, 0xb0, 0x5b, 0xaa, 0xb0, 0x5a,
    0xa1, 0xb1, 0x58, 0xa1, 0xb1, 0x58, 0xa1, 0xb1, 0x58, 0xa1, 0xb1, 0x58,
    0xa1, 0xb1, 0x58, 0xa1, 0xb1, 0x58, 0xa0, 0xb1, 0x58, 0x9e, 0xb1, 0x57,
    0x9f, 0xb1, 0x5d, 0xa7, 0xb6, 0x77, 0xae, 0xb9, 0x8d, 0xa1, 0xac, 0x83,
    0x69, 0x76, 0x3f, 0x76, 0x82, 0x3c, 0xa0, 0xad, 0x5f, 0xa6, 0xb3, 0x5e,
    0xa4, 0xb2, 0x59, 0xa3, 0xb2, 0x58, 0xa3, 0xb1, 0x59, 0xa3, 0xb1, 0x59,
    0xa3, 0xb1, 0x59, 0xa3, 0xb1, 0x59, 0xa3, 0xb1, 0x59, 0xa2, 0xb0, 0x58,
    0xa2, 0xb0, 0x58, 0xa2, 0xb0, 0x58, 0xa2, 0xb0, 0x58, 0xa2, 0xb0, 0x58,
    0xa2, 0xb0, 0x58, 0xa2, 0xb0, 0x58, 0xa2, 0xb0, 0x58, 0xa2, 0xb0, 0x58,
    0xa3, 0xb0, 0x58, 0xa4, 0xb1, 0x59, 0xa5, 0xb2, 0x5a, 0xa6, 0xb3, 0x5b,
    0xa4, 0xb1, 0x59, 0xa4, 0xb1, 0x59, 0xa4, 0xb1, 0x59, 0xa4, 0xb1, 0x59,
    0xa4, 0xb1, 0x59, 0xa4, 0xb1, 0x59, 0xa4, 0xb1, 0x59, 0xa5, 0xb2, 0x5a,
    0xa5, 0xb2, 0x5a, 0xa5, 0xb2, 0x5a, 0xa5, 0xb1, 0x5a, 0xa6, 0xb2, 0x59,
    0xa7, 0xb3, 0x59, 0xa6, 0xb2, 0x56, 0xa6, 0xb3, 0x54, 0xa6, 0xb3, 0x54,
    0xa6, 0xb3, 0x52, 0xa7, 0xb2, 0x53, 0xa8, 0xb1, 0x58, 0xa8, 0xb2, 0x57,
    0xa5, 0xb2, 0x57, 0x9e, 0xb0, 0x63, 0x74, 0x87, 0x50, 0x65, 0x75, 0x54,
    0x53, 0x61, 0x47, 0x60, 0x6e, 0x56, 0x52, 0x60, 0x49, 0x4c, 0x5b, 0x3f,
    0x50, 0x5f, 0x3e, 0x57, 0x6b, 0x3d, 0x56, 0x6d, 0x34, 0x57, 0x6f, 0x33,
    0x61, 0x79, 0x39, 0x4d, 0x66, 0x26, 0x5a, 0x72, 0x36, 0x55, 0x6d, 0x33,
    0x51, 0x69, 0x2b, 0x4d, 0x64, 0x28, 0x3f, 0x55, 0x20, 0x4c, 0x60, 0x35,
    0x4c, 0x5f, 0x3b, 0x45, 0x56, 0x39, 0x3a, 0x4b, 0x2b, 0x3d, 0x4b, 0x1e,
    0x79, 0x84, 0x44, 0xaa, 0xb2, 0x60, 0xac, 0xb3, 0x54, 0xac, 0xb4, 0x54,
    0xaa, 0xb4, 0x56, 0xac, 0xb4, 0x57, 0xac, 0xb3, 0x56, 0xac, 0xb3, 0x57,
    0xab, 0xb1, 0x59, 0xab, 0xb1, 0x59, 0xab, 0xb1, 0x5b, 0xab, 0xb1, 0x5b,
    0xab, 0xb1, 0x5b, 0xaa, 0xb1, 0x5b, 0xa9, 0xb1, 0x5b, 0xa8, 0xb2, 0x5b,
    0xa7, 0xb2, 0x5b, 0xa6, 0xb3, 0x5b, 0xa6, 0xb3, 0x5b, 0xa6, 0xb3, 0x5b,
    0xa6, 0xb3, 0x5b, 0xa6, 0xb3, 0x5b, 0xa6, 0xb3, 0x5b, 0xa5, 0xb2, 0x5a,
    0xa4, 0xb1, 0x59, 0xa3, 0xb1, 0x59, 0xa3, 0xb1, 0x59, 0xa3, 0xb1, 0x59,
    0xa2, 0xb0, 0x58, 0xa2, 0xb0, 0x58, 0xa2, 0xb0, 0x58, 0xa3, 0xb0, 0x59,
    0xa3, 0xaf, 0x59, 0xa3, 0xaf, 0x59, 0xa3, 0xaf, 0x59, 0xa2, 0xae, 0x58,
    0xa3, 0xaf, 0x59, 0xa2, 0xaf, 0x57, 0xa1, 0xb1, 0x54, 0xa0, 0xb1, 0x56,
    0xa1, 0xb0, 0x5c, 0xa5, 0xaf, 0x65, 0x95, 0x96, 0x56, 0x6d, 0x67, 0x2e,
    0x7d, 0x6c, 0x3c, 0xa4, 0x8d, 0x63, 0xa1, 0x8a, 0x61, 0x9d, 0x87, 0x62,
    0xa1, 0x90, 0x6c, 0x91, 0x88, 0x65, 0x8b, 0x88, 0x64, 0x8d, 0x8f, 0x68,
    0x82, 0x94, 0x65, 0x79, 0x9e, 0x66, 0x6c, 0x9a, 0x5c, 0x7d, 0xa7, 0x68,
    0x7b, 0x99, 0x5c, 0x71, 0x8c, 0x4d, 0x79, 0x99, 0x57, 0x74, 0x95, 0x53,
    0x6c, 0x8d, 0x4a, 0x5c, 0x7d, 0x3c, 0x6a, 0x8b, 0x4a, 0x6e, 0x8e, 0x4e,
    0x67, 0x81, 0x48, 0x56, 0x6d, 0x37, 0x54, 0x6c, 0x38, 0x49, 0x63, 0x2f,
    0x4d, 0x68, 0x37, 0x69, 0x85, 0x54, 0x71, 0x8d, 0x5c, 0x61, 0x7d, 0x4d,
    0x6e, 0x8a, 0x5c, 0x65, 0x7e, 0x52, 0x66, 0x7e, 0x53, 0x65, 0x7b, 0x52,
    0x6b, 0x7e, 0x58, 0x6d, 0x7a, 0x54, 0x68, 0x73, 0x4c, 0x64, 0x71, 0x48,
    0x5a, 0x6b, 0x40, 0x54, 0x69, 0x3a, 0x51, 0x68, 0x37, 0x4e, 0x64, 0x34,
    0x4e, 0x60, 0x32, 0x4a, 0x5b, 0x30, 0x49, 0x58, 0x30, 0x59, 0x65, 0x41,
    0x59, 0x64, 0x44, 0x63, 0x6c, 0x4f, 0x76, 0x7b, 0x69, 0x72, 0x76, 0x66,
    0x71, 0x77, 0x5d, 0x82, 0x8b, 0x60, 0x99, 0xa4, 0x64, 0x9d, 0xad, 0x59,
    0x9d, 0xae, 0x50, 0x9d, 0xab, 0x52, 0x9d, 0xab, 0x53, 0x9d, 0xab, 0x53,
    0x9d, 0xab, 0x53, 0x9d, 0xab, 0x53, 0x9d, 0xab, 0x53, 0x9e, 0xaa, 0x54,
    0x9e, 0xaa, 0x54, 0x9e, 0xaa, 0x54, 0x9e, 0xaa, 0x54, 0x9e, 0xaa, 0x54,
    0x9e, 0xaa, 0x54, 0x9e, 0xaa, 0x54, 0xa1, 0xab, 0x55, 0xa1, 0xaa, 0x55,
    0xa1, 0xaa, 0x55, 0xa1, 0xab, 0x55, 0xa2, 0xac, 0x56, 0xa3, 0xac, 0x57,
    0xa4, 0xac, 0x58, 0xa4, 0xac, 0x59, 0xa4, 0xac, 0x59, 0xa4, 0xac, 0x59,
    0xa5, 0xad, 0x5a, 0xa5, 0xad, 0x5a, 0xa5, 0xad, 0x5a, 0xa5, 0xad, 0x5a,
    0xa5, 0xad, 0x5a, 0xa5, 0xad, 0x5a, 0xa5, 0xad, 0x5a, 0xa5, 0xad, 0x5a,
    0xa5, 0xad, 0x5a, 0xa5, 0xad, 0x5a, 0xa6, 0xae, 0x59, 0xa7, 0xaf, 0x5a,
    0xa8, 0xb0, 0x5b, 0xa7, 0xaf, 0x5a, 0xa7, 0xaf, 0x5a, 0xa7, 0xaf, 0x5a,
    0xa9, 0xaf, 0x5b, 0xaa, 0xaf, 0x5b, 0xaa, 0xaf, 0x5b, 0xaa, 0xaf, 0x5b,
    0xaa, 0xaf, 0x5b, 0xaa, 0xaf, 0x5b, 0xaa, 0xaf, 0x5b, 0xaa, 0xb0, 0x5a,
    0xa1, 0xb1, 0x58, 0xa1, 0xb1, 0x58, 0xa1, 0xb1, 0x58, 0xa1, 0xb1, 0x58,
    0xa1, 0xb1, 0x58, 0xa1, 0xb1, 0x58, 0xa0, 0xb1, 0x58, 0x9e, 0xb1, 0x59,
    0x9d, 0xae, 0x60, 0xa7, 0xb4, 0x7c, 0xad, 0xb8, 0x91, 0x8e, 0x99, 0x6f,
    0x60, 0x6d, 0x32, 0x84, 0x91, 0x45, 0xa2, 0xaf, 0x5f, 0xa3, 0xb1, 0x5b,
    0xa2, 0xb0, 0x59, 0xa3, 0xb2, 0x58, 0xa3, 0xb1, 0x59, 0xa3, 0xb1, 0x59,
    0xa3, 0xb1, 0x59, 0xa3, 0xb1, 0x59, 0xa3, 0xb1, 0x59, 0xa2, 0xb0, 0x58,
    0xa2, 0xb0, 0x58, 0xa2, 0xb0, 0x58, 0xa2, 0xb0, 0x58, 0xa2, 0xb0, 0x58,
    0xa2, 0xb0, 0x58, 0xa2, 0xb0, 0x58, 0xa2, 0xb0, 0x58, 0xa2, 0xb0, 0x58,
    0xa3, 0xb0, 0x58, 0xa4, 0xb1, 0x59, 0xa5, 0xb2, 0x5a, 0xa6, 0xb3, 0x5b,
    0xa4, 0xb1, 0x59, 0xa4, 0xb1, 0x59, 0xa4, 0xb1, 0x59, 0xa4, 0xb1, 0x59,
    0xa4, 0xb1, 0x59, 0xa4, 0xb1, 0x59, 0xa4, 0xb1, 0x59, 0xa5, 0xb2, 0x5a,
    0xa5, 0xb2, 0x5a, 0xa5, 0xb2, 0x5a, 0xa4, 0xb1, 0x59, 0xa5, 0xb2, 0x59,
    0xa6, 0xb3, 0x59, 0xa5, 0xb2, 0x56, 0xa5, 0xb3, 0x54, 0xa5, 0xb3, 0x54,
    0xa5, 0xb3, 0x52, 0xa7, 0xb2, 0x53, 0xa8, 0xb1, 0x58, 0xa8, 0xb2, 0x56,
    0xa7, 0xb3, 0x55, 0xa3, 0xb3, 0x60, 0x82, 0x94, 0x55, 0x65, 0x76, 0x4f,
    0x4d, 0x5c, 0x3f, 0x60, 0x6e, 0x57, 0x54, 0x62, 0x4c, 0x48, 0x56, 0x3d,
    0x51, 0x60, 0x41, 0x51, 0x64, 0x37, 0x4e, 0x65, 0x2d, 0x4f, 0x67, 0x2b,
    0x58, 0x70, 0x2f, 0x49, 0x62, 0x21, 0x60, 0x78, 0x39, 0x67, 0x7f, 0x43,
    0x52, 0x6a, 0x2a, 0x3a, 0x53, 0x17, 0x55, 0x6c, 0x35, 0x54, 0x69, 0x3b,
    0x51, 0x66, 0x3f, 0x4a, 0x5e, 0x3d, 0x3e, 0x51, 0x2f, 0x47, 0x58, 0x29,
    0x88, 0x95, 0x56, 0xa9, 0xb3, 0x62, 0xab, 0xb2, 0x56, 0xab, 0xb3, 0x53,
    0xaa, 0xb3, 0x55, 0xac, 0xb4, 0x57, 0xac, 0xb3, 0x56, 0xac, 0xb2, 0x56,
    0xab, 0xb1, 0x58, 0xab, 0xb1, 0x59, 0xab, 0xb1, 0x5b, 0xab, 0xb1, 0x5b,
    0xab, 0xb1, 0x5b, 0xaa, 0xb1, 0x5b, 0xa9, 0xb1, 0x5b, 0xa8, 0xb2, 0x5b,
    0xa7, 0xb2, 0x5b, 0xa6, 0xb3, 0x5b, 0xa6, 0xb3, 0x5b, 0xa6, 0xb3, 0x5b,
    0xa6, 0xb3, 0x5b, 0xa6, 0xb3, 0x5b, 0xa6, 0xb3, 0x5b, 0xa5, 0xb2, 0x5a,
    0xa4, 0xb1, 0x59, 0xa3, 0xb1, 0x59, 0xa3, 0xb1, 0x59, 0xa3, 0xb1, 0x59,
    0xa2, 0xb0, 0x58, 0xa2, 0xb0, 0x58, 0xa2, 0xb0, 0x58, 0xa3, 0xaf, 0x59,
    0xa3, 0xaf, 0x59, 0xa3, 0xaf, 0x59, 0xa3, 0xaf, 0x59, 0xa2, 0xae, 0x58,
    0xa3, 0xaf, 0x59, 0xa3, 0xb0, 0x58, 0xa1, 0xb2, 0x53, 0x9f, 0xb3, 0x55,
    0x9f, 0xb1, 0x5a, 0xa3, 0xb0, 0x61, 0xa4, 0xab, 0x63, 0x89, 0x88, 0x47,
    0x71, 0x68, 0x30, 0x8e, 0x7e, 0x4d, 0xab, 0x99, 0x6b, 0xba, 0xa9, 0x7f,
    0xb6, 0xac, 0x84, 0xaa, 0xab, 0x82, 0x8f, 0x98, 0x6e, 0x7d, 0x8b, 0x5e,
    0x7b, 0x94, 0x60, 0x70, 0x99, 0x5d, 0x5e, 0x8d, 0x4d, 0x6f, 0x99, 0x58,
    0x73, 0x92, 0x52, 0x6b, 0x87, 0x45, 0x70, 0x8e, 0x4b, 0x7b, 0x9a, 0x58,
    0x73, 0x92, 0x50, 0x60, 0x7f, 0x3f, 0x66, 0x84, 0x45, 0x64, 0x82, 0x44,
    0x57, 0x70, 0x37, 0x47, 0x5e, 0x28, 0x4f, 0x67, 0x33, 0x57, 0x71, 0x3d,
    0x5a, 0x76, 0x44, 0x6d, 0x89, 0x58, 0x66, 0x82, 0x52, 0x58, 0x74, 0x44,
    0x64, 0x80, 0x52, 0x69, 0x82, 0x55, 0x69, 0x7e, 0x55, 0x65, 0x78, 0x50,
    0x66, 0x78, 0x52, 0x67, 0x73, 0x4d, 0x63, 0x6e, 0x46, 0x5c, 0x6a, 0x3f,
    0x53, 0x64, 0x36, 0x4a, 0x5e, 0x2c, 0x46, 0x5c, 0x26, 0x44, 0x59, 0x24,
    0x49, 0x5b, 0x2a, 0x46, 0x57, 0x29, 0x4b, 0x5b, 0x30, 0x49, 0x56, 0x2f,
    0x49, 0x55, 0x32, 0x66, 0x6f, 0x4f, 0x6f, 0x75, 0x60, 0x71, 0x76, 0x63,
    0x75, 0x7c, 0x5b, 0x88, 0x92, 0x5e, 0x9b, 0xa7, 0x61, 0x9d, 0xad, 0x57,
    0x9c, 0xad, 0x50, 0x9d, 0xab, 0x52, 0x9d, 0xab, 0x53, 0x9d, 0xab, 0x53,
    0x9d, 0xab, 0x53, 0x9d, 0xab, 0x53, 0x9d, 0xab, 0x53, 0x9e, 0xaa, 0x54,
    0x9e, 0xaa, 0x54, 0x9e, 0xaa, 0x54, 0x9e, 0xaa, 0x54, 0x9e, 0xaa, 0x54,
    0x9e, 0xaa, 0x54, 0x9e, 0xaa, 0x54, 0xa1, 0xab, 0x55, 0xa1, 0xab, 0x55,
    0xa1, 0xab, 0x55, 0xa0, 0xaa, 0x54, 0xa1, 0xab, 0x55, 0xa2, 0xac, 0x56,
    0xa3, 0xac, 0x57, 0xa4, 0xac, 0x59, 0xa4, 0xac, 0x59, 0xa4, 0xac, 0x59,
    0xa5, 0xad, 0x5a, 0xa5, 0xad, 0x5a, 0xa5, 0xad, 0x5a, 0xa5, 0xad, 0x5a,
    0xa5, 0xad, 0x5a, 0xa5, 0xad, 0x5a, 0xa5, 0xad, 0x5a, 0xa5, 0xad, 0x5a,
    0xa5, 0xad, 0x5a, 0xa5, 0xad, 0x5a, 0xa6, 0xae, 0x59, 0xa7, 0xaf, 0x5a,
    0xa8, 0xb0, 0x5b, 0xa7, 0xaf, 0x5a, 0xa7, 0xaf, 0x5a, 0xa7, 0xaf, 0x5a,
    0xa9, 0xaf, 0x5b, 0xaa, 0xaf, 0x5b, 0xaa, 0xaf, 0x5b, 0xaa, 0xaf, 0x5b,
    0xaa, 0xaf, 0x5b, 0xaa, 0xaf, 0x5b, 0xaa, 0xaf, 0x5b, 0xaa, 0xb0, 0x5a,
    0xa1, 0xb1, 0x58, 0xa1, 0xb1, 0x58, 0xa1, 0xb1, 0x58, 0xa1, 0xb1, 0x58,
    0xa1, 0xb1, 0x58, 0xa1, 0xb1, 0x58, 0x9f, 0xb0, 0x58, 0x9e, 0xb0, 0x5b,
    0x9f, 0xaf, 0x66, 0xaf, 0xbb, 0x89, 0xac, 0xb7, 0x93, 0x87, 0x92, 0x67,
    0x62, 0x71, 0x30, 0x94, 0xa2, 0x51, 0xa4, 0xb1, 0x5d, 0xa0, 0xae, 0x58,
    0xa2, 0xb0, 0x58, 0xa3, 0xb1, 0x59, 0xa3, 0xb1, 0x59, 0xa3, 0xb2, 0x58,
    0xa3, 0xb1, 0x59, 0xa3, 0xb1, 0x59, 0xa3, 0xb1, 0x59, 0xa2, 0xb0, 0x58,
    0xa2, 0xb0, 0x58, 0xa2, 0xb0, 0x58, 0xa2, 0xb0, 0x58, 0xa2, 0xb0, 0x58,
    0xa2, 0xb0, 0x58, 0xa2, 0xb0, 0x58, 0xa2, 0xb0, 0x58, 0xa2, 0xb0, 0x58,
    0xa2, 0xb0, 0x58, 0xa3, 0xb0, 0x58, 0xa4, 0xb1, 0x59, 0xa5, 0xb2, 0x5a,
    0xa4, 0xb1, 0x59, 0xa4, 0xb1, 0x59, 0xa4, 0xb1, 0x59, 0xa4, 0xb1, 0x59,
    0xa4, 0xb1, 0x59, 0xa4, 0xb1, 0x59, 0xa4, 0xb1, 0x59, 0xa4, 0xb1, 0x59,
    0xa4, 0xb1, 0x59, 0xa4, 0xb1, 0x59, 0xa3, 0xb1, 0x59, 0xa4, 0xb2, 0x59,
    0xa5, 0xb4, 0x59, 0xa4, 0xb3, 0x56, 0xa4, 0xb3, 0x54, 0xa4, 0xb3, 0x54,
    0xa5, 0xb3, 0x52, 0xa7, 0xb2, 0x55, 0xa8, 0xb0, 0x59, 0xa9, 0xb2, 0x56,
    0xa8, 0xb4, 0x53, 0xa6, 0xb5, 0x5c, 0x92, 0xa3, 0x5c, 0x6c, 0x7c, 0x50,
    0x4a, 0x59, 0x38, 0x5a, 0x68, 0x50, 0x51, 0x5e, 0x49, 0x40, 0x4e, 0x36,
    0x3e, 0x4d, 0x2e, 0x3d, 0x4f, 0x24, 0x3e, 0x54, 0x1e, 0x45, 0x5c, 0x20,
    0x41, 0x5a, 0x1a, 0x36, 0x4f, 0x0f, 0x51, 0x6a, 0x2a, 0x65, 0x7d, 0x3f,
    0x56, 0x6f, 0x2d, 0x57, 0x70, 0x32, 0x54, 0x6c, 0x33, 0x5a, 0x70, 0x3e,
    0x51, 0x67, 0x3c, 0x44, 0x59, 0x33, 0x49, 0x5d, 0x36, 0x4d, 0x61, 0x31,
    0x71, 0x80, 0x43, 0xaa, 0xb5, 0x68, 0xaa, 0xb2, 0x5a, 0xac, 0xb3, 0x56,
    0xab, 0xb3, 0x56, 0xac, 0xb4, 0x57, 0xac, 0xb3, 0x56, 0xac, 0xb2, 0x56,
    0xab, 0xb1, 0x58, 0xab, 0xb1, 0x59, 0xab, 0xb1, 0x5b, 0xab, 0xb1, 0x5b,
    0xab, 0xb1, 0x5b, 0xaa, 0xb1, 0x5b, 0xa9, 0xb1, 0x5b, 0xa8, 0xb2, 0x5b,
    0xa7, 0xb2, 0x5b, 0xa6, 0xb3, 0x5b, 0xa6, 0xb3, 0x5b, 0xa6, 0xb3, 0x5b,
    0xa6, 0xb3, 0x5b, 0xa6, 0xb3, 0x5b, 0xa6, 0xb3, 0x5b, 0xa5, 0xb2, 0x5a,
    0xa4, 0xb1, 0x59, 0xa3, 0xb1, 0x59, 0xa3, 0xb1, 0x59, 0xa3, 0xb1, 0x59,
    0xa2, 0xb0, 0x58, 0xa2, 0xb0, 0x58, 0xa2, 0xb0, 0x58, 0xa3, 0xaf, 0x59,
    0xa3, 0xaf, 0x59, 0xa3, 0xaf, 0x59, 0xa3, 0xaf, 0x59, 0xa2, 0xae, 0x58,
    0xa3, 0xaf, 0x59, 0xa3, 0xb0, 0x59, 0xa1, 0xb2, 0x54, 0x9f, 0xb3, 0x55,
    0x9e, 0xb2, 0x57, 0xa1, 0xb2, 0x5c, 0xa9, 0xb3, 0x64, 0xa7, 0xab, 0x5f,
    0x8a, 0x88, 0x45, 0x7c, 0x74, 0x3a, 0x95, 0x8a, 0x54, 0x99, 0x8f, 0x5d,
    0xa1, 0xa0, 0x70, 0x99, 0xa6, 0x76, 0x85, 0x9d, 0x6b, 0x74, 0x90, 0x5b,
    0x73, 0x94, 0x5b, 0x73, 0x9a, 0x5c, 0x61, 0x8b, 0x49, 0x75, 0x9c, 0x58,
    0x7f, 0xa0, 0x5c, 0x73, 0x8f, 0x4c, 0x6e, 0x8b, 0x48, 0x7a, 0x97, 0x55,
    0x6d, 0x89, 0x4a, 0x5d, 0x79, 0x3c, 0x56, 0x72, 0x36, 0x52, 0x6d, 0x33,
    0x4d, 0x65, 0x2e, 0x52, 0x69, 0x33, 0x62, 0x7a, 0x46, 0x60, 0x7a, 0x47,
    0x56, 0x72, 0x40, 0x59, 0x75, 0x44, 0x51, 0x6d, 0x3d, 0x49, 0x66, 0x36,
    0x51, 0x6c, 0x3e, 0x5d, 0x75, 0x48, 0x65, 0x7a, 0x50, 0x64, 0x75, 0x4f,
    0x61, 0x70, 0x4b, 0x61, 0x6f, 0x47, 0x5f, 0x6c, 0x41, 0x5a, 0x69, 0x3b,
    0x53, 0x63, 0x32, 0x4c, 0x5d, 0x27, 0x46, 0x58, 0x20, 0x40, 0x52, 0x1b,
    0x44, 0x57, 0x22, 0x41, 0x53, 0x21, 0x44, 0x54, 0x26, 0x41, 0x4d, 0x24,
    0x4d, 0x59, 0x33, 0x61, 0x6b, 0x47, 0x64, 0x6b, 0x51, 0x73, 0x79, 0x60,
    0x7d, 0x85, 0x5b, 0x92, 0x9d, 0x60, 0x9e, 0xac, 0x5e, 0x9c, 0xac, 0x55,
    0x9d, 0xae, 0x52, 0x9d, 0xab, 0x53, 0x9d, 0xab, 0x53, 0x9d, 0xab, 0x53,
    0x9d, 0xab, 0x53, 0x9d, 0xab, 0x53, 0x9d, 0xab, 0x53, 0x9e, 0xaa, 0x54,
    0x9e, 0xaa, 0x54, 0x9e, 0xaa, 0x54, 0x9e, 0xaa, 0x54, 0x9e, 0xaa, 0x54,
    0x9e, 0xaa, 0x54, 0x9e, 0xaa, 0x54, 0xa1, 0xab, 0x55, 0xa1, 0xab, 0x55,
    0xa1, 0xab, 0x55, 0xa0, 0xaa, 0x54, 0xa1, 0xab, 0x55, 0xa2, 0xac, 0x56,
    0xa3, 0xac, 0x57, 0xa4, 0xac, 0x59, 0xa4, 0xac, 0x59, 0xa4, 0xac, 0x59,
    0xa4, 0xac, 0x59, 0xa4, 0xac, 0x59, 0xa4, 0xac, 0x59, 0xa5, 0xad, 0x5a,
    0xa5, 0xad, 0x5a, 0xa5, 0xad, 0x5a, 0xa5, 0xad, 0x5a, 0xa5, 0xad, 0x5a,
    0xa5, 0xad, 0x5a, 0xa5, 0xad, 0x5a, 0xa6, 0xae, 0x59, 0xa7, 0xaf, 0x5a,
    0xa8, 0xb0, 0x5b, 0xa7, 0xaf, 0x5a, 0xa7, 0xaf, 0x5a, 0xa7, 0xaf, 0x5a,
    0xa9, 0xaf, 0x5b, 0xaa, 0xaf, 0x5b, 0xaa, 0xaf, 0x5b, 0xaa, 0xaf, 0x5b,
    0xaa, 0xaf, 0x5b, 0xaa, 0xaf, 0x5b, 0xaa, 0xaf, 0x5b, 0xaa, 0xb0, 0x5a,
    0xa1, 0xb1, 0x58, 0xa1, 0xb1, 0x58, 0xa1, 0xb1, 0x58, 0xa1, 0xb1, 0x58,
    0xa1, 0xb1, 0x58, 0xa1, 0xb1, 0x58, 0xa1, 0xb1, 0x5a, 0x9d, 0xaf, 0x5c,
    0x9f, 0xae, 0x6a, 0xb1, 0xbc, 0x8f, 0xa8, 0xb1, 0x91, 0x78, 0x83, 0x58,
    0x68, 0x77, 0x33, 0x9e, 0xac, 0x58, 0xa2, 0xb0, 0x59, 0xa2, 0xb0, 0x5a,
    0xa3, 0xb1, 0x5b, 0xa3, 0xb1, 0x59, 0xa3, 0xb2, 0x57, 0xa3, 0xb2, 0x58,
    0xa3, 0xb1, 0x59, 0xa3, 0xb1, 0x59, 0xa3, 0xb1, 0x59, 0xa2, 0xb0, 0x58,
    0xa2, 0xb0, 0x58, 0xa2, 0xb0, 0x58, 0xa2, 0xb0, 0x58, 0xa2, 0xb0, 0x58,
    0xa2, 0xb0, 0x58, 0xa2, 0xb0, 0x58, 0xa2, 0xb0, 0x58, 0xa2, 0xb0, 0x58,
    0xa2, 0xb0, 0x58, 0xa2, 0xaf, 0x57, 0xa3, 0xb0, 0x58, 0xa4, 0xb1, 0x59,
    0xa4, 0xb1, 0x59, 0xa4, 0xb1, 0x59, 0xa4, 0xb1, 0x59, 0xa4, 0xb1, 0x59,
    0xa4, 0xb1, 0x59, 0xa4, 0xb1, 0x59, 0xa4, 0xb1, 0x59, 0xa3, 0xb0, 0x58,
    0xa3, 0xb0, 0x58, 0xa3, 0xb0, 0x58, 0xa3, 0xb1, 0x59, 0xa4, 0xb2, 0x59,
    0xa5, 0xb4, 0x59, 0xa4, 0xb3, 0x56, 0xa4, 0xb3, 0x54, 0xa4, 0xb3, 0x54,
    0xa4, 0xb4, 0x52, 0xa5, 0xb3, 0x55, 0xa8, 0xb0, 0x5a, 0xa9, 0xb0, 0x55,
    0xa7, 0xb3, 0x4f, 0xa7, 0xb5, 0x57, 0x9c, 0xad, 0x5e, 0x7a, 0x8b, 0x58,
    0x61, 0x71, 0x4c, 0x5d, 0x6c, 0x51, 0x48, 0x56, 0x41, 0x42, 0x50, 0x38,
    0x4a, 0x59, 0x39, 0x50, 0x62, 0x38, 0x58, 0x6e, 0x3b, 0x62, 0x7a, 0x40,
    0x57, 0x70, 0x31, 0x57, 0x70, 0x30, 0x5d, 0x75, 0x36, 0x4d, 0x65, 0x27,
    0x42, 0x5c, 0x1a, 0x62, 0x7c, 0x3b, 0x67, 0x80, 0x44, 0x56, 0x6f, 0x39,
    0x47, 0x5f, 0x2f, 0x45, 0x5c, 0x30, 0x59, 0x70, 0x47, 0x5d, 0x72, 0x44,
    0x55, 0x65, 0x2b, 0x97, 0xa2, 0x59, 0xaa, 0xb2, 0x5e, 0xac, 0xb2, 0x59,
    0xac, 0xb2, 0x57, 0xad, 0xb4, 0x57, 0xac, 0xb3, 0x56, 0xac, 0xb2, 0x56,
    0xab, 0xb1, 0x58, 0xab, 0xb1, 0x59, 0xab, 0xb1, 0x5b, 0xab, 0xb1, 0x5b,
    0xab, 0xb1, 0x5b, 0xaa, 0xb1, 0x5b, 0xa9, 0xb1, 0x5b, 0xa8, 0xb2, 0x5b,
    0xa7, 0xb2, 0x5b, 0xa6, 0xb3, 0x5b, 0xa6, 0xb3, 0x5b, 0xa6, 0xb3, 0x5b,
    0xa6, 0xb3, 0x5b, 0xa6, 0xb3, 0x5b, 0xa6, 0xb3, 0x5b, 0xa5, 0xb2, 0x5a,
    0xa4, 0xb1, 0x59, 0xa3, 0xb1, 0x59, 0xa3, 0xb1, 0x59, 0xa3, 0xb1, 0x59,
    0xa2, 0xb0, 0x58, 0xa2, 0xb0, 0x58, 0xa2, 0xb0, 0x58, 0xa3, 0xaf, 0x59,
    0xa3, 0xaf, 0x59, 0xa3, 0xaf, 0x59, 0xa3, 0xaf, 0x59, 0xa2, 0xae, 0x58,
    0xa3, 0xaf, 0x59, 0xa4, 0xb0, 0x5a, 0xa2, 0xb1, 0x57, 0xa0, 0xb2, 0x56,
    0x9f, 0xb2, 0x57, 0x9e, 0xb0, 0x57, 0xa4, 0xaf, 0x59, 0xa8, 0xaf, 0x5a,
    0xa8, 0xab, 0x60, 0x84, 0x82, 0x41, 0x78, 0x72, 0x36, 0x84, 0x81, 0x49,
    0x8a, 0x91, 0x5b, 0x83, 0x9a, 0x64, 0x7c, 0xa0, 0x67, 0x76, 0x9d, 0x62,
    0x82, 0xa8, 0x6b, 0x7d, 0xa0, 0x61, 0x76, 0x98, 0x56, 0x86, 0xa7, 0x62,
    0x81, 0xa2, 0x5c, 0x6f, 0x8d, 0x49, 0x68, 0x82, 0x41, 0x67, 0x81, 0x42,
    0x59, 0x73, 0x37, 0x50, 0x69, 0x2f, 0x54, 0x6d, 0x34, 0x5b, 0x74, 0x3c,
    0x57, 0x6f, 0x39, 0x50, 0x67, 0x32, 0x56, 0x6e, 0x3a, 0x4e, 0x68, 0x35,
    0x4b, 0x67, 0x35, 0x59, 0x75, 0x44, 0x5b, 0x77, 0x46, 0x5c, 0x79, 0x49,
    0x5e, 0x79, 0x4b, 0x5a, 0x71, 0x46, 0x5f, 0x71, 0x49, 0x64, 0x74, 0x4e,
    0x62, 0x6f, 0x4b, 0x59, 0x69, 0x3f, 0x58, 0x69, 0x3b, 0x57, 0x67, 0x38,
    0x4e, 0x5d, 0x2a, 0x4f, 0x5d, 0x25, 0x49, 0x57, 0x1c, 0x40, 0x4f, 0x16,
    0x3f, 0x51, 0x1b, 0x3d, 0x4f, 0x1b, 0x3f, 0x4f, 0x1f, 0x43, 0x50, 0x24,
    0x49, 0x55, 0x2c, 0x44, 0x4e, 0x28, 0x5a, 0x61, 0x43, 0x6b, 0x73, 0x51,
    0x7c, 0x86, 0x53, 0x96, 0xa3, 0x5d, 0x9f, 0xad, 0x5b, 0x9c, 0xac, 0x54,
    0x9d, 0xae, 0x53, 0x9d, 0xab, 0x53, 0x9d, 0xab, 0x53, 0x9d, 0xab, 0x53,
    0x9d, 0xab, 0x53, 0x9d, 0xab, 0x53, 0x9d, 0xab, 0x53, 0x9e, 0xaa, 0x54,
    0x9e, 0xaa, 0x54, 0x9e, 0xaa, 0x54, 0x9e, 0xaa, 0x54, 0x9e, 0xaa, 0x54,
    0x9e, 0xaa, 0x54, 0x9e, 0xaa, 0x54, 0x9f, 0xab, 0x55, 0x9f, 0xab, 0x55,
    0x9f, 0xab, 0x55, 0x9e, 0xaa, 0x54, 0x9f, 0xab, 0x55, 0xa0, 0xac, 0x56,
    0xa2, 0xac, 0x57, 0xa4, 0xac, 0x59, 0xa4, 0xac, 0x59, 0xa4, 0xac, 0x59,
    0xa3, 0xab, 0x58, 0xa3, 0xab, 0x58, 0xa3, 0xab, 0x58, 0xa5, 0xad, 0x5a,
    0xa5, 0xad, 0x5a, 0xa5, 0xad, 0x5a, 0xa5, 0xad, 0x5a, 0xa5, 0xad, 0x5a,
    0xa5, 0xad, 0x5a, 0xa5, 0xad, 0x5a, 0xa6, 0xae, 0x59, 0xa7, 0xaf, 0x5a,
    0xa8, 0xb0, 0x5b, 0xa7, 0xaf, 0x5a, 0xa7, 0xaf, 0x5a, 0xa7, 0xaf, 0x5a,
    0xa9, 0xaf, 0x5b, 0xaa, 0xaf, 0x5b, 0xaa, 0xaf, 0x5b, 0xaa, 0xaf, 0x5b,
    0xaa, 0xaf, 0x5b, 0xaa, 0xaf, 0x5b, 0xaa, 0xaf, 0x5b, 0xaa, 0xb0, 0x5a,
    0xa1, 0xb1, 0x58, 0xa1, 0xb1, 0x58, 0xa1, 0xb1, 0x58, 0xa1, 0xb1, 0x58,
    0xa1, 0xb1, 0x58, 0xa1, 0xb1, 0x58, 0xa0, 0xb1, 0x59, 0x9d, 0xaf, 0x5d,
    0xa5, 0xb4, 0x74, 0xad, 0xb8, 0x8f, 0xa5, 0xae, 0x8f, 0x6e, 0x7a, 0x4c,
    0x76, 0x84, 0x3f, 0xa1, 0xaf, 0x59, 0xa1, 0xaf, 0x57, 0xa3, 0xb1, 0x5a,
    0xa3, 0xb1, 0x5b, 0xa3, 0xb1, 0x59, 0xa3, 0xb2, 0x57, 0xa3, 0xb2, 0x57,
    0xa3, 0xb1, 0x59, 0xa3, 0xb1, 0x59, 0xa3, 0xb1, 0x59, 0xa2, 0xb0, 0x58,
    0xa2, 0xb0, 0x58, 0xa2, 0xb0, 0x58, 0xa2, 0xb0, 0x58, 0xa2, 0xb0, 0x58,
    0xa2, 0xb0, 0x58, 0xa2, 0xb0, 0x58, 0xa2, 0xb0, 0x58, 0xa2, 0xb0, 0x58,
    0xa2, 0xb0, 0x58, 0xa2, 0xaf, 0x57, 0xa3, 0xb0, 0x58, 0xa4, 0xb1, 0x59,
    0xa4, 0xb1, 0x59, 0xa4, 0xb1, 0x59, 0xa4, 0xb1, 0x59, 0xa4, 0xb1, 0x59,
    0xa4, 0xb1, 0x59, 0xa4, 0xb1, 0x59, 0xa4, 0xb1, 0x59, 0xa3, 0xb0, 0x58,
    0xa3, 0xb0, 0x58, 0xa3, 0xb0, 0x58, 0xa3, 0xb1, 0x59, 0xa4, 0xb2, 0x59,
    0xa5, 0xb4, 0x59, 0xa4, 0xb3, 0x56, 0xa4, 0xb3, 0x55, 0xa4, 0xb3, 0x55,
    0xa4, 0xb4, 0x52, 0xa5, 0xb3, 0x55, 0xa8, 0xb0, 0x5a, 0xa8, 0xaf, 0x54,
    0xa7, 0xb2, 0x4d, 0xa5, 0xb4, 0x52, 0xa1, 0xb2, 0x5f, 0x86, 0x98, 0x5f,
    0x69, 0x7a, 0x51, 0x68, 0x77, 0x5b, 0x4e, 0x5b, 0x46, 0x53, 0x61, 0x48,
    0x5a, 0x69, 0x48, 0x5d, 0x6f, 0x45, 0x5d, 0x73, 0x41, 0x66, 0x7d, 0x45,
    0x64, 0x7d, 0x40, 0x66, 0x80, 0x3f, 0x6e, 0x87, 0x47, 0x55, 0x6d, 0x2e,
    0x4e, 0x68, 0x26, 0x5b, 0x75, 0x34, 0x61, 0x7b, 0x3e, 0x5a, 0x73, 0x3b,
    0x48, 0x60, 0x2d, 0x54, 0x6c, 0x3c, 0x5b, 0x73, 0x47, 0x5a, 0x70, 0x43,
    0x4e, 0x5f, 0x28, 0x72, 0x7e, 0x3a, 0xa6, 0xaf, 0x5f, 0xab, 0xb2, 0x5b,
    0xab, 0xb2, 0x58, 0xad, 0xb4, 0x56, 0xac, 0xb3, 0x56, 0xac, 0xb2, 0x57,
    0xab, 0xb1, 0x59, 0xab, 0xb1, 0x5a, 0xab, 0xb1, 0x5b, 0xab, 0xb1, 0x5b,
    0xab, 0xb1, 0x5b, 0xaa, 0xb1, 0x5b, 0xa9, 0xb1, 0x5b, 0xa8, 0xb2, 0x5b,
    0xa7, 0xb2, 0x5b, 0xa6, 0xb3, 0x5b, 0xa6, 0xb3, 0x5b, 0xa6, 0xb3, 0x5b,
    0xa6, 0xb3, 0x5b, 0xa6, 0xb3, 0x5b, 0xa6, 0xb3, 0x5b, 0xa5, 0xb2, 0x5a,
    0xa4, 0xb1, 0x59, 0xa3, 0xb1, 0x59, 0xa3, 0xb1, 0x59, 0xa3, 0xb1, 0x59,
    0xa2, 0xb0, 0x58, 0xa2, 0xb0, 0x58, 0xa2, 0xb0, 0x58, 0xa3, 0xaf, 0x59,
    0xa3, 0xaf, 0x59, 0xa3, 0xaf, 0x59, 0xa3, 0xaf, 0x59, 0xa2, 0xae, 0x58,
    0xa3, 0xaf, 0x59, 0xa4, 0xb0, 0x5a, 0xa2, 0xb0, 0x58, 0xa1, 0xb1, 0x57,
    0xa0, 0xb2, 0x56, 0xa1, 0xb1, 0x56, 0xa4, 0xb0, 0x56, 0xa9, 0xb1, 0x59,
    0xa6, 0xac, 0x5c, 0x9c, 0x9f, 0x59, 0x7c, 0x7d, 0x3c, 0x86, 0x89, 0x4d,
    0x85, 0x93, 0x59, 0x7e, 0x9c, 0x61, 0x72, 0x9c, 0x5f, 0x76, 0xa3, 0x64,
    0x7f, 0xa7, 0x68, 0x75, 0x95, 0x57, 0x77, 0x93, 0x53, 0x7e, 0x9b, 0x57,
    0x6d, 0x8e, 0x47, 0x5e, 0x7e, 0x39, 0x5e, 0x78, 0x39, 0x62, 0x7c, 0x3f,
    0x60, 0x79, 0x3f, 0x55, 0x6e, 0x35, 0x58, 0x71, 0x3a, 0x57, 0x70, 0x3b,
    0x4b, 0x63, 0x2d, 0x46, 0x5d, 0x28, 0x56, 0x6e, 0x3a, 0x5c, 0x76, 0x42,
    0x59, 0x74, 0x43, 0x6f, 0x8a, 0x59, 0x6b, 0x88, 0x57, 0x5f, 0x7d, 0x4d,
    0x65, 0x80, 0x53, 0x5b, 0x72, 0x47, 0x5d, 0x6f, 0x47, 0x63, 0x71, 0x4b,
    0x5f, 0x6b, 0x45, 0x56, 0x67, 0x3b, 0x5a, 0x6d, 0x3c, 0x51, 0x62, 0x31,
    0x44, 0x54, 0x1f, 0x47, 0x54, 0x1b, 0x46, 0x51, 0x16, 0x40, 0x4d, 0x11,
    0x3b, 0x4e, 0x16, 0x3b, 0x4e, 0x18, 0x3c, 0x4d, 0x1b, 0x3f, 0x4d, 0x1f,
    0x44, 0x50, 0x25, 0x45, 0x51, 0x28, 0x53, 0x5b, 0x38, 0x5d, 0x66, 0x3d,
    0x7d, 0x87, 0x4e, 0x97, 0xa5, 0x59, 0x9d, 0xad, 0x57, 0x9c, 0xac, 0x53,
    0x9d, 0xad, 0x54, 0x9d, 0xab, 0x53, 0x9d, 0xab, 0x53, 0x9d, 0xab, 0x53,
    0x9d, 0xab, 0x53, 0x9d, 0xab, 0x53, 0x9d, 0xab, 0x53, 0x9e, 0xaa, 0x54,
    0x9e, 0xaa, 0x54, 0x9e, 0xaa, 0x54, 0x9e, 0xaa, 0x54, 0x9e, 0xaa, 0x54,
    0x9e, 0xaa, 0x54, 0x9e, 0xaa, 0x54, 0x9f, 0xab, 0x55, 0x9f, 0xab, 0x55,
    0x9f, 0xab, 0x55, 0x9e, 0xaa, 0x54, 0x9f, 0xab, 0x55, 0xa0, 0xac, 0x56,
    0xa2, 0xac, 0x57, 0xa4, 0xac, 0x59, 0xa4, 0xac, 0x59, 0xa4, 0xac, 0x59,
    0xa2, 0xaa, 0x57, 0xa2, 0xaa, 0x57, 0xa2, 0xaa, 0x57, 0xa4, 0xac, 0x59,
    0xa5, 0xad, 0x5a, 0xa5, 0xad, 0x5a, 0xa5, 0xad, 0x5a, 0xa5, 0xad, 0x5a,
    0xa5, 0xad, 0x5a, 0xa5, 0xad, 0x5a, 0xa6, 0xae, 0x59, 0xa7, 0xaf, 0x5a,
    0xa8, 0xb0, 0x5b, 0xa7, 0xaf, 0x5a, 0xa7, 0xaf, 0x5a, 0xa7, 0xaf, 0x5a,
    0xa9, 0xaf, 0x5b, 0xaa, 0xaf, 0x5b, 0xaa, 0xaf, 0x5b, 0xaa, 0xaf, 0x5b,
    0xaa, 0xaf, 0x5b, 0xaa, 0xaf, 0x5b, 0xaa, 0xaf, 0x5b, 0xaa, 0xb0, 0x5a,
    0xa2, 0xb0, 0x58, 0xa2, 0xb0, 0x58, 0xa2, 0xb0, 0x58, 0xa2, 0xb0, 0x58,
    0xa2, 0xb0, 0x58, 0xa2, 0xb0, 0x58, 0xa0, 0xb1, 0x55, 0x9c, 0xaf, 0x5d,
    0xa5, 0xb4, 0x7f, 0xad, 0xbb, 0x9a, 0x9c, 0xa7, 0x84, 0x6d, 0x79, 0x43,
    0x87, 0x93, 0x4c, 0xa3, 0xb0, 0x5c, 0xa2, 0xb0, 0x58, 0xa3, 0xb1, 0x59,
    0xa2, 0xb0, 0x59, 0xa2, 0xb0, 0x58, 0xa2, 0xb1, 0x58, 0xa2, 0xb1, 0x58,
    0xa2, 0xb0, 0x58, 0xa1, 0xaf, 0x57, 0xa1, 0xaf, 0x57, 0xa2, 0xb0, 0x58,
    0xa1, 0xaf, 0x57, 0xa1, 0xaf, 0x57, 0xa1, 0xaf, 0x58, 0xa1, 0xaf, 0x58,
    0xa1, 0xaf, 0x58, 0xa1, 0xaf, 0x58, 0xa1, 0xaf, 0x58, 0xa1, 0xaf, 0x58,
    0xa1, 0xaf, 0x58, 0xa1, 0xaf, 0x58, 0xa2, 0xaf, 0x58, 0xa2, 0xb0, 0x58,
    0xa3, 0xb0, 0x59, 0xa3, 0xb0, 0x59, 0xa3, 0xb0, 0x59, 0xa3, 0xb0, 0x59,
    0xa3, 0xb0, 0x59, 0xa3, 0xb0, 0x59, 0xa3, 0xb0, 0x59, 0xa3, 0xb1, 0x59,
    0xa3, 0xb1, 0x59, 0xa3, 0xb1, 0x59, 0xa2, 0xb0, 0x58, 0xa3, 0xb1, 0x59,
    0xa4, 0xb3, 0x5a, 0xa3, 0xb2, 0x58, 0xa3, 0xb2, 0x57, 0xa3, 0xb2, 0x57,
    0xa4, 0xb3, 0x55, 0xa5, 0xb2, 0x56, 0xa6, 0xb2, 0x57, 0xa6, 0xb1, 0x55,
    0xa6, 0xb2, 0x53, 0xa6, 0xb4, 0x55, 0xa4, 0xb4, 0x5b, 0x92, 0xa5, 0x5e,
    0x64, 0x75, 0x41, 0x69, 0x77, 0x56, 0x64, 0x71, 0x5b, 0x66, 0x74, 0x5b,
    0x59, 0x69, 0x47, 0x59, 0x6a, 0x41, 0x5a, 0x6f, 0x41, 0x5b, 0x75, 0x41,
    0x5d, 0x7a, 0x3f, 0x59, 0x75, 0x35, 0x68, 0x80, 0x3e, 0x5b, 0x70, 0x2f,
    0x6c, 0x84, 0x43, 0x72, 0x8b, 0x4b, 0x5c, 0x75, 0x38, 0x4d, 0x65, 0x2b,
    0x5f, 0x76, 0x3f, 0x65, 0x7c, 0x49, 0x5a, 0x72, 0x41, 0x51, 0x6b, 0x3b,
    0x50, 0x65, 0x35, 0x5e, 0x70, 0x39, 0x88, 0x97, 0x55, 0xa9, 0xb6, 0x66,
    0xa7, 0xb4, 0x59, 0xac, 0xb5, 0x54, 0xaa, 0xb1, 0x53, 0xac, 0xb3, 0x5c,
    0xa9, 0xb0, 0x5e, 0xa9, 0xb0, 0x5e, 0xa9, 0xb1, 0x5c, 0xaa, 0xb1, 0x5b,
    0xab, 0xb1, 0x5b, 0xaa, 0xb1, 0x5b, 0xa9, 0xb1, 0x5b, 0xa7, 0xb1, 0x5a,
    0xa6, 0xb1, 0x5a, 0xa5, 0xb2, 0x5a, 0xa5, 0xb3, 0x5b, 0xa5, 0xb3, 0x5b,
    0xa5, 0xb3, 0x5b, 0xa5, 0xb2, 0x5a, 0xa4, 0xb2, 0x5a, 0xa4, 0xb1, 0x59,
    0xa3, 0xb1, 0x59, 0xa2, 0xb0, 0x59, 0xa2, 0xb0, 0x59, 0xa2, 0xb0, 0x59,
    0xa2, 0xb0, 0x59, 0xa2, 0xb0, 0x59, 0xa2, 0xb0, 0x59, 0xa2, 0xaf, 0x5a,
    0xa2, 0xaf, 0x5b, 0xa2, 0xaf, 0x5a, 0xa2, 0xaf, 0x58, 0xa1, 0xaf, 0x57,
    0xa2, 0xb0, 0x56, 0xa2, 0xb0, 0x56, 0xa2, 0xaf, 0x58, 0xa2, 0xaf, 0x56,
    0xa2, 0xb0, 0x53, 0xa1, 0xaf, 0x51, 0xa3, 0xae, 0x54, 0xa5, 0xaf, 0x58,
    0xa1, 0xae, 0x5d, 0x9d, 0xaf, 0x62, 0x8c, 0x9e, 0x59, 0x7d, 0x92, 0x54,
    0x73, 0x8f, 0x54, 0x75, 0x9a, 0x5d, 0x62, 0x8e, 0x4e, 0x6f, 0x98, 0x58,
    0x76, 0x9a, 0x5c, 0x6d, 0x8d, 0x51, 0x6c, 0x89, 0x4d, 0x73, 0x90, 0x51,
    0x6b, 0x8a, 0x46, 0x60, 0x7c, 0x3b, 0x5f, 0x76, 0x3c, 0x6e, 0x85, 0x4c,
    0x66, 0x7e, 0x46, 0x51, 0x6a, 0x31, 0x45, 0x5f, 0x27, 0x46, 0x60, 0x28,
    0x4b, 0x61, 0x2b, 0x58, 0x6d, 0x37, 0x73, 0x8a, 0x55, 0x6f, 0x87, 0x54,
    0x5b, 0x75, 0x43, 0x66, 0x7f, 0x4f, 0x60, 0x79, 0x4b, 0x5c, 0x74, 0x49,
    0x64, 0x7a, 0x52, 0x63, 0x75, 0x4e, 0x5c, 0x6a, 0x43, 0x5c, 0x67, 0x3f,
    0x60, 0x69, 0x3d, 0x5c, 0x69, 0x34, 0x50, 0x5f, 0x26, 0x44, 0x4f, 0x17,
    0x45, 0x4e, 0x16, 0x44, 0x4d, 0x12, 0x44, 0x4d, 0x10, 0x40, 0x4c, 0x0f,
    0x3b, 0x4c, 0x13, 0x39, 0x4b, 0x14, 0x3b, 0x4c, 0x16, 0x3d, 0x4d, 0x1a,
    0x41, 0x51, 0x20, 0x47, 0x55, 0x25, 0x50, 0x5c, 0x2a, 0x5f, 0x6b, 0x2f,
    0x87, 0x95, 0x4c, 0x9a, 0xaa, 0x53, 0x9c, 0xad, 0x51, 0x9c, 0xac, 0x54,
    0x9c, 0xab, 0x56, 0x9d, 0xab, 0x53, 0x9d, 0xab, 0x53, 0x9d, 0xab, 0x53,
    0x9c, 0xaa, 0x52, 0x9c, 0xaa, 0x52, 0x9c, 0xaa, 0x52, 0x9d, 0xa9, 0x53,
    0x9d, 0xa9, 0x53, 0x9d, 0xa9, 0x53, 0x9d, 0xa9, 0x53, 0x9e, 0xaa, 0x54,
    0x9e, 0xaa, 0x54, 0x9e, 0xaa, 0x54, 0x9e, 0xaa, 0x54, 0x9e, 0xaa, 0x54,
    0x9e, 0xaa, 0x54, 0x9e, 0xaa, 0x54, 0x9e, 0xaa, 0x54, 0x9f, 0xab, 0x55,
    0xa0, 0xab, 0x56, 0xa2, 0xaa, 0x57, 0xa2, 0xaa, 0x57, 0xa2, 0xaa, 0x57,
    0xa2, 0xaa, 0x57, 0xa2, 0xaa, 0x57, 0xa2, 0xaa, 0x57, 0xa4, 0xac, 0x59,
    0xa5, 0xad, 0x5a, 0xa5, 0xad, 0x5a, 0xa5, 0xad, 0x5a, 0xa5, 0xad, 0x5a,
    0xa5, 0xad, 0x5a, 0xa6, 0xad, 0x5a, 0xa7, 0xad, 0x59, 0xa8, 0xae, 0x59,
    0xa8, 0xae, 0x5a, 0xa8, 0xae, 0x59, 0xa8, 0xae, 0x5a, 0xa9, 0xaf, 0x5b,
    0xa9, 0xaf, 0x5a, 0xa9, 0xaf, 0x5a, 0xa9, 0xaf, 0x5a, 0xaa, 0xb0, 0x5a,
    0xaa, 0xb0, 0x5a, 0xaa, 0xb0, 0x5a, 0xaa, 0xb0, 0x5a, 0xab, 0xaf, 0x5a,
    0xa2, 0xb0, 0x58, 0xa2, 0xb0, 0x58, 0xa2, 0xb0, 0x58, 0xa2, 0xb0, 0x58,
    0xa2, 0xb0, 0x58, 0xa2, 0xb0, 0x58, 0xa1, 0xb2, 0x54, 0x9e, 0xb1, 0x5f,
    0xa3, 0xb2, 0x83, 0xab, 0xb9, 0x9d, 0x93, 0x9f, 0x7a, 0x6f, 0x7a, 0x41,
    0x92, 0x9d, 0x56, 0xa4, 0xb2, 0x5c, 0xa3, 0xb1, 0x59, 0xa3, 0xb1, 0x59,
    0xa2, 0xb0, 0x58, 0xa2, 0xb0, 0x58, 0xa2, 0xb0, 0x58, 0xa2, 0xb0, 0x58,
    0xa1, 0xaf, 0x57, 0xa0, 0xae, 0x56, 0xa0, 0xae, 0x56, 0xa2, 0xb0, 0x58,
    0xa0, 0xae, 0x56, 0xa0, 0xae, 0x56, 0xa1, 0xaf, 0x58, 0xa1, 0xaf, 0x58,
    0xa1, 0xaf, 0x58, 0xa1, 0xaf, 0x58, 0xa1, 0xaf, 0x58, 0xa1, 0xaf, 0x58,
    0xa1, 0xaf, 0x58, 0xa1, 0xaf, 0x58, 0xa1, 0xaf, 0x58, 0xa1, 0xaf, 0x58,
    0xa2, 0xb0, 0x59, 0xa2, 0xb0, 0x59, 0xa2, 0xb0, 0x59, 0xa2, 0xb0, 0x59,
    0xa2, 0xb0, 0x59, 0xa2, 0xb0, 0x59, 0xa2, 0xb0, 0x59, 0xa3, 0xb1, 0x5a,
    0xa3, 0xb1, 0x5a, 0xa3, 0xb1, 0x5a, 0xa2, 0xb0, 0x58, 0xa3, 0xb1, 0x59,
    0xa4, 0xb2, 0x5a, 0xa3, 0xb1, 0x59, 0xa3, 0xb1, 0x59, 0xa3, 0xb1, 0x59,
    0xa4, 0xb2, 0x57, 0xa5, 0xb2, 0x56, 0xa5, 0xb2, 0x56, 0xa5, 0xb2, 0x56,
    0xa5, 0xb2, 0x56, 0xa6, 0xb3, 0x57, 0xa5, 0xb4, 0x5a, 0x9c, 0xae, 0x5f,
    0x76, 0x87, 0x4b, 0x67, 0x74, 0x4f, 0x67, 0x74, 0x5c, 0x66, 0x74, 0x5b,
    0x5b, 0x6a, 0x4a, 0x58, 0x69, 0x41, 0x56, 0x6a, 0x3e, 0x51, 0x6b, 0x3a,
    0x4c, 0x6a, 0x31, 0x4c, 0x69, 0x29, 0x58, 0x70, 0x2e, 0x48, 0x5c, 0x1c,
    0x5b, 0x72, 0x32, 0x71, 0x8a, 0x4a, 0x64, 0x7c, 0x3f, 0x58, 0x70, 0x34,
    0x5d, 0x75, 0x3c, 0x66, 0x7d, 0x46, 0x5f, 0x78, 0x42, 0x4c, 0x68, 0x35,
    0x51, 0x69, 0x3b, 0x64, 0x79, 0x4a, 0x67, 0x7a, 0x41, 0x98, 0xaa, 0x61,
    0xa4, 0xb5, 0x5d, 0xaa, 0xb4, 0x55, 0xac, 0xb3, 0x57, 0xaa, 0xb0, 0x5a,
    0xa9, 0xb0, 0x5d, 0xa9, 0xb1, 0x5e, 0xa9, 0xb1, 0x5c, 0xa9, 0xb1, 0x5b,
    0xab, 0xb1, 0x5b, 0xaa, 0xb1, 0x5b, 0xa9, 0xb1, 0x5b, 0xa7, 0xb1, 0x5a,
    0xa6, 0xb1, 0x5a, 0xa5, 0xb2, 0x5a, 0xa5, 0xb3, 0x5b, 0xa5, 0xb3, 0x5b,
    0xa5, 0xb3, 0x5b, 0xa4, 0xb2, 0x5a, 0xa3, 0xb1, 0x59, 0xa3, 0xb1, 0x59,
    0xa3, 0xb1, 0x59, 0xa2, 0xb0, 0x59, 0xa2, 0xb0, 0x59, 0xa2, 0xb0, 0x59,
    0xa2, 0xb0, 0x59, 0xa2, 0xb0, 0x59, 0xa2, 0xb0, 0x59, 0xa1, 0xaf, 0x5b,
    0xa1, 0xae, 0x5c, 0xa1, 0xaf, 0x5a, 0xa1, 0xaf, 0x58, 0xa1, 0xb0, 0x56,
    0xa1, 0xb0, 0x54, 0xa2, 0xaf, 0x54, 0xa4, 0xae, 0x58, 0xa4, 0xae, 0x56,
    0xa3, 0xaf, 0x52, 0xa1, 0xad, 0x50, 0xa0, 0xad, 0x54, 0xa1, 0xae, 0x5c,
    0x9a, 0xad, 0x5e, 0x8d, 0xa7, 0x5b, 0x85, 0xa1, 0x5c, 0x73, 0x92, 0x55,
    0x6c, 0x8f, 0x54, 0x75, 0x9d, 0x5e, 0x60, 0x89, 0x48, 0x6f, 0x94, 0x53,
    0x7d, 0x9f, 0x61, 0x73, 0x93, 0x58, 0x68, 0x86, 0x4c, 0x77, 0x95, 0x58,
    0x75, 0x91, 0x50, 0x65, 0x7e, 0x40, 0x5f, 0x74, 0x3c, 0x61, 0x78, 0x40,
    0x4c, 0x64, 0x2c, 0x3f, 0x58, 0x1f, 0x3e, 0x58, 0x1f, 0x53, 0x6e, 0x35,
    0x5f, 0x75, 0x3f, 0x5b, 0x71, 0x3b, 0x65, 0x7d, 0x48, 0x5d, 0x74, 0x42,
    0x53, 0x6b, 0x3a, 0x5b, 0x74, 0x44, 0x5b, 0x72, 0x45, 0x60, 0x76, 0x4d,
    0x5e, 0x71, 0x4b, 0x63, 0x72, 0x4e, 0x5b, 0x67, 0x40, 0x57, 0x62, 0x34,
    0x5e, 0x67, 0x35, 0x56, 0x63, 0x28, 0x3f, 0x4b, 0x0f, 0x3d, 0x47, 0x0d,
    0x3f, 0x47, 0x0f, 0x42, 0x4a, 0x12, 0x3c, 0x45, 0x0b, 0x3a, 0x46, 0x0c,
    0x38, 0x49, 0x11, 0x36, 0x47, 0x10, 0x38, 0x49, 0x12, 0x3c, 0x4d, 0x17,
    0x41, 0x52, 0x1c, 0x45, 0x56, 0x20, 0x52, 0x60, 0x23, 0x70, 0x7d, 0x37,
    0x93, 0xa2, 0x4f, 0x9d, 0xae, 0x50, 0x9c, 0xad, 0x4e, 0x9c, 0xac, 0x53,
    0x9c, 0xab, 0x56, 0x9d, 0xab, 0x53, 0x9d, 0xab, 0x53, 0x9d, 0xab, 0x53,
    0x9c, 0xaa, 0x52, 0x9c, 0xaa, 0x52, 0x9c, 0xaa, 0x52, 0x9d, 0xa9, 0x53,
    0x9d, 0xa9, 0x53, 0x9d, 0xa9, 0x53, 0x9d, 0xa9, 0x53, 0x9e, 0xaa, 0x54,
    0x9e, 0xaa, 0x54, 0x9e, 0xaa, 0x54, 0x9d, 0xa9, 0x53, 0x9d, 0xa9, 0x53,
    0x9d, 0xa9, 0x53, 0x9e, 0xaa, 0x54, 0x9e, 0xaa, 0x54, 0x9e, 0xaa, 0x54,
    0x9f, 0xaa, 0x55, 0xa1, 0xa9, 0x56, 0xa1, 0xa9, 0x56, 0xa1, 0xa9, 0x56,
    0xa2, 0xaa, 0x57, 0xa2, 0xaa, 0x57, 0xa2, 0xaa, 0x57, 0xa4, 0xac, 0x59,
    0xa5, 0xad, 0x5a, 0xa5, 0xad, 0x5a, 0xa5, 0xad, 0x5a, 0xa5, 0xad, 0x5a,
    0xa5, 0xad, 0x5a, 0xa6, 0xad, 0x5a, 0xa8, 0xad, 0x59, 0xa8, 0xad, 0x59,
    0xa8, 0xad, 0x59, 0xa8, 0xad, 0x59, 0xa9, 0xae, 0x5a, 0xaa, 0xaf, 0x5b,
    0xa9, 0xaf, 0x5a, 0xa9, 0xaf, 0x59, 0xa9, 0xaf, 0x59, 0xaa, 0xb0, 0x5a,
    0xaa, 0xb0, 0x5a, 0xaa, 0xb0, 0x5a, 0xaa, 0xb0, 0x5a, 0xab, 0xaf, 0x5a,
    0xa2, 0xb0, 0x58, 0xa2, 0xb0, 0x58, 0xa2, 0xb0, 0x58, 0xa2, 0xb0, 0x58,
    0xa2, 0xb0, 0x58, 0xa2, 0xb0, 0x58, 0xa0, 0xb1, 0x54, 0x9e, 0xb1, 0x5f,
    0xa8, 0xb7, 0x89, 0xac, 0xba, 0x9e, 0x91, 0x9e, 0x78, 0x6d, 0x78, 0x3f,
    0x9b, 0xa6, 0x5d, 0xa3, 0xb0, 0x5b, 0xa3, 0xb1, 0x59, 0xa3, 0xb1, 0x59,
    0xa2, 0xb0, 0x58, 0xa2, 0xb0, 0x58, 0xa2, 0xb0, 0x58, 0xa2, 0xb0, 0x58,
    0xa1, 0xaf, 0x57, 0xa0, 0xae, 0x56, 0xa0, 0xae, 0x56, 0xa1, 0xaf, 0x57,
    0x9f, 0xad, 0x55, 0x9f, 0xad, 0x55, 0xa0, 0xae, 0x57, 0xa0, 0xae, 0x57,
    0xa0, 0xae, 0x57, 0xa1, 0xaf, 0x58, 0xa1, 0xaf, 0x58, 0xa1, 0xaf, 0x58,
    0xa1, 0xaf, 0x58, 0xa1, 0xaf, 0x58, 0xa1, 0xaf, 0x58, 0xa1, 0xaf, 0x58,
    0xa2, 0xb0, 0x59, 0xa2, 0xb0, 0x59, 0xa2, 0xb0, 0x59, 0xa2, 0xb0, 0x59,
    0xa2, 0xb0, 0x59, 0xa2, 0xb0, 0x59, 0xa2, 0xb0, 0x59, 0xa2, 0xb0, 0x59,
    0xa2, 0xb0, 0x59, 0xa2, 0xb0, 0x59, 0xa1, 0xaf, 0x57, 0xa2, 0xb0, 0x58,
    0xa3, 0xb1, 0x59, 0xa3, 0xb1, 0x59, 0xa3, 0xb1, 0x59, 0xa3, 0xb1, 0x59,
    0xa4, 0xb1, 0x57, 0xa4, 0xb1, 0x55, 0xa4, 0xb1, 0x55, 0xa4, 0xb1, 0x55,
    0xa4, 0xb1, 0x55, 0xa5, 0xb2, 0x56, 0xa5, 0xb4, 0x58, 0xa1, 0xb3, 0x5f,
    0x8a, 0x9a, 0x59, 0x6d, 0x7a, 0x50, 0x5b, 0x68, 0x4c, 0x61, 0x6f, 0x57,
    0x5c, 0x6a, 0x4d, 0x4f, 0x5f, 0x3b, 0x48, 0x5b, 0x32, 0x3c, 0x55, 0x25,
    0x3e, 0x5b, 0x23, 0x58, 0x74, 0x36, 0x4f, 0x68, 0x26, 0x4d, 0x63, 0x21,
    0x60, 0x79, 0x38, 0x58, 0x71, 0x30, 0x4d, 0x65, 0x27, 0x5c, 0x74, 0x38,
    0x73, 0x8c, 0x51, 0x65, 0x7d, 0x44, 0x53, 0x6d, 0x35, 0x51, 0x6d, 0x38,
    0x62, 0x7a, 0x4a, 0x66, 0x7c, 0x4d, 0x58, 0x6c, 0x36, 0x78, 0x8b, 0x48,
    0xa6, 0xb6, 0x68, 0xaa, 0xb3, 0x5e, 0xab, 0xb0, 0x59, 0xac, 0xb2, 0x59,
    0xab, 0xb2, 0x57, 0xaa, 0xb2, 0x57, 0xaa, 0xb2, 0x59, 0xaa, 0xb2, 0x5a,
    0xab, 0xb1, 0x5b, 0xaa, 0xb1, 0x5b, 0xa9, 0xb1, 0x5b, 0xa7, 0xb1, 0x5a,
    0xa6, 0xb1, 0x5a, 0xa5, 0xb2, 0x5a, 0xa4, 0xb2, 0x5a, 0xa4, 0xb2, 0x5a,
    0xa4, 0xb2, 0x5a, 0xa4, 0xb2, 0x5a, 0xa3, 0xb1, 0x59, 0xa3, 0xb1, 0x59,
    0xa3, 0xb1, 0x59, 0xa2, 0xb0, 0x59, 0xa2, 0xb0, 0x59, 0xa2, 0xb0, 0x59,
    0xa2, 0xb0, 0x59, 0xa2, 0xb0, 0x59, 0xa2, 0xb0, 0x59, 0xa1, 0xaf, 0x5b,
    0xa1, 0xae, 0x5b, 0xa1, 0xaf, 0x5a, 0xa1, 0xaf, 0x58, 0xa1, 0xaf, 0x57,
    0xa1, 0xb0, 0x55, 0xa2, 0xaf, 0x54, 0xa4, 0xad, 0x57, 0xa5, 0xad, 0x56,
    0xa2, 0xaf, 0x55, 0xa0, 0xae, 0x55, 0x9c, 0xad, 0x58, 0x99, 0xab, 0x5c,
    0x8e, 0xa6, 0x5c, 0x7f, 0x9e, 0x57, 0x81, 0xa1, 0x60, 0x78, 0x9a, 0x5d,
    0x7b, 0x9f, 0x63, 0x79, 0xa0, 0x61, 0x6b, 0x93, 0x51, 0x7b, 0x9f, 0x5b,
    0x82, 0xa3, 0x62, 0x73, 0x92, 0x55, 0x66, 0x83, 0x47, 0x6f, 0x8b, 0x4d,
    0x68, 0x84, 0x42, 0x5a, 0x73, 0x35, 0x51, 0x67, 0x2f, 0x4a, 0x60, 0x28,
    0x47, 0x5f, 0x26, 0x47, 0x60, 0x27, 0x54, 0x6f, 0x35, 0x5e, 0x79, 0x40,
    0x56, 0x70, 0x38, 0x4c, 0x64, 0x2f, 0x4d, 0x66, 0x32, 0x44, 0x5d, 0x2b,
    0x48, 0x60, 0x30, 0x4d, 0x66, 0x37, 0x4e, 0x66, 0x39, 0x5c, 0x71, 0x49,
    0x5e, 0x70, 0x4a, 0x5f, 0x6e, 0x48, 0x61, 0x6e, 0x43, 0x5a, 0x65, 0x34,
    0x61, 0x6c, 0x34, 0x46, 0x52, 0x16, 0x36, 0x44, 0x09, 0x3d, 0x49, 0x10,
    0x3e, 0x49, 0x13, 0x3f, 0x48, 0x14, 0x32, 0x3c, 0x09, 0x35, 0x41, 0x0d,
    0x39, 0x48, 0x13, 0x35, 0x45, 0x10, 0x35, 0x46, 0x0f, 0x3d, 0x4e, 0x16,
    0x40, 0x50, 0x18, 0x43, 0x54, 0x19, 0x58, 0x67, 0x26, 0x87, 0x95, 0x49,
    0x9b, 0xab, 0x54, 0x9c, 0xae, 0x4e, 0x9c, 0xad, 0x4c, 0x9c, 0xad, 0x51,
    0x9c, 0xab, 0x55, 0x9d, 0xab, 0x53, 0x9d, 0xab, 0x53, 0x9d, 0xab, 0x53,
    0x9c, 0xaa, 0x52, 0x9c, 0xaa, 0x52, 0x9c, 0xaa, 0x52, 0x9d, 0xa9, 0x53,
    0x9d, 0xa9, 0x53, 0x9d, 0xa9, 0x53, 0x9d, 0xa9, 0x53, 0x9d, 0xa9, 0x53,
    0x9d, 0xa9, 0x53, 0x9d, 0xa9, 0x53, 0x9e, 0xa9, 0x53, 0x9e, 0xa9, 0x53,
    0x9e, 0xa9, 0x53, 0x9f, 0xaa, 0x54, 0x9f, 0xaa, 0x54, 0x9f, 0xaa, 0x54,
    0xa0, 0xaa, 0x55, 0xa1, 0xa9, 0x56, 0xa1, 0xa9, 0x56, 0xa1, 0xa9, 0x56,
    0xa2, 0xaa, 0x57, 0xa2, 0xaa, 0x57, 0xa2, 0xaa, 0x57, 0xa4, 0xac, 0x59,
    0xa4, 0xac, 0x59, 0xa4, 0xac, 0x59, 0xa5, 0xad, 0x5a, 0xa5, 0xad, 0x5a,
    0xa5, 0xad, 0x5a, 0xa6, 0xad, 0x5a, 0xa8, 0xad, 0x59, 0xa8, 0xad, 0x59,
    0xa8, 0xad, 0x59, 0xa8, 0xad, 0x59, 0xa9, 0xae, 0x5a, 0xaa, 0xaf, 0x5b,
    0xa9, 0xaf, 0x5a, 0xa9, 0xaf, 0x59, 0xa9, 0xaf, 0x59, 0xaa, 0xb0, 0x5a,
    0xaa, 0xb0, 0x5a, 0xaa, 0xb0, 0x5a, 0xaa, 0xb0, 0x5a, 0xab, 0xaf, 0x5a,
    0xa2, 0xb0, 0x58, 0xa2, 0xb0, 0x58, 0xa2, 0xb0, 0x58, 0xa2, 0xb0, 0x58,
    0xa2, 0xb0, 0x58, 0xa2, 0xb0, 0x58, 0xa1, 0xb1, 0x54, 0x9c, 0xae, 0x5f,
    0xa6, 0xb5, 0x89, 0xaa, 0xb7, 0x9c, 0x85, 0x92, 0x6a, 0x72, 0x7d, 0x42,
    0x9f, 0xaa, 0x60, 0xa3, 0xb0, 0x5a, 0xa3, 0xb1, 0x59, 0xa3, 0xb1, 0x59,
    0xa2, 0xb0, 0x58, 0xa2, 0xb0, 0x58, 0xa2, 0xb0, 0x58, 0xa2, 0xb0, 0x58,
    0xa1, 0xaf, 0x57, 0xa0, 0xae, 0x56, 0xa0, 0xae, 0x56, 0xa0, 0xae, 0x56,
    0x9e, 0xac, 0x54, 0x9e, 0xac, 0x54, 0x9f, 0xad, 0x56, 0x9f, 0xad, 0x56,
    0x9f, 0xad, 0x56, 0xa0, 0xae, 0x57, 0xa1, 0xaf, 0x58, 0xa1, 0xaf, 0x58,
    0xa1, 0xaf, 0x58, 0xa1, 0xaf, 0x58, 0xa1, 0xaf, 0x58, 0xa1, 0xaf, 0x58,
    0xa2, 0xb0, 0x59, 0xa2, 0xb0, 0x59, 0xa2, 0xb0, 0x59, 0xa2, 0xb0, 0x59,
    0xa2, 0xb0, 0x59, 0xa2, 0xb0, 0x59, 0xa2, 0xb0, 0x59, 0xa1, 0xaf, 0x58,
    0xa1, 0xaf, 0x58, 0xa1, 0xaf, 0x58, 0xa0, 0xae, 0x56, 0xa1, 0xaf, 0x57,
    0xa2, 0xb0, 0x58, 0xa3, 0xb1, 0x59, 0xa3, 0xb1, 0x59, 0xa3, 0xb1, 0x59,
    0xa3, 0xb1, 0x56, 0xa3, 0xb0, 0x54, 0xa3, 0xb0, 0x54, 0xa3, 0xb0, 0x54,
    0xa3, 0xb0, 0x54, 0xa5, 0xb2, 0x56, 0xa4, 0xb1, 0x56, 0xa1, 0xb1, 0x59,
    0x95, 0xa4, 0x5c, 0x7d, 0x89, 0x57, 0x5d, 0x6a, 0x48, 0x51, 0x5f, 0x45,
    0x4a, 0x58, 0x3e, 0x43, 0x53, 0x33, 0x43, 0x56, 0x2e, 0x56, 0x6e, 0x40,
    0x5c, 0x76, 0x41, 0x69, 0x84, 0x49, 0x6b, 0x85, 0x44, 0x6d, 0x86, 0x43,
    0x79, 0x93, 0x51, 0x66, 0x80, 0x3f, 0x4f, 0x69, 0x2a, 0x67, 0x81, 0x43,
    0x62, 0x7c, 0x3f, 0x67, 0x80, 0x44, 0x59, 0x74, 0x38, 0x61, 0x7d, 0x43,
    0x69, 0x82, 0x4f, 0x65, 0x7b, 0x4c, 0x57, 0x6b, 0x39, 0x65, 0x77, 0x3e,
    0x88, 0x99, 0x58, 0xab, 0xb4, 0x6c, 0xa9, 0xaf, 0x5f, 0xab, 0xb3, 0x56,
    0xaa, 0xb2, 0x4e, 0xab, 0xb3, 0x4f, 0xab, 0xb2, 0x55, 0xab, 0xb1, 0x59,
    0xab, 0xb1, 0x5b, 0xaa, 0xb1, 0x5b, 0xa9, 0xb1, 0x5b, 0xa7, 0xb1, 0x5a,
    0xa6, 0xb1, 0x5a, 0xa5, 0xb2, 0x5a, 0xa4, 0xb1, 0x59, 0xa3, 0xb1, 0x59,
    0xa3, 0xb1, 0x59, 0xa3, 0xb1, 0x59, 0xa3, 0xb1, 0x59, 0xa3, 0xb1, 0x59,
    0xa3, 0xb1, 0x59, 0xa2, 0xb0, 0x59, 0xa2, 0xb0, 0x59, 0xa2, 0xb0, 0x59,
    0xa2, 0xb0, 0x59, 0xa2, 0xb0, 0x59, 0xa2, 0xb0, 0x59, 0xa1, 0xaf, 0x5a,
    0xa1, 0xaf, 0x5a, 0xa1, 0xaf, 0x5a, 0xa1, 0xaf, 0x58, 0xa1, 0xaf, 0x58,
    0xa1, 0xaf, 0x57, 0xa2, 0xaf, 0x56, 0xa5, 0xad, 0x57, 0xa4, 0xae, 0x57,
    0xa2, 0xaf, 0x59, 0xa0, 0xb2, 0x5d, 0x96, 0xac, 0x5c, 0x8a, 0xa2, 0x59,
    0x75, 0x95, 0x50, 0x70, 0x95, 0x53, 0x76, 0x9a, 0x5c, 0x77, 0x9b, 0x5e,
    0x81, 0xa5, 0x67, 0x6f, 0x94, 0x54, 0x6f, 0x93, 0x50, 0x82, 0xa3, 0x5c,
    0x78, 0x98, 0x53, 0x66, 0x84, 0x44, 0x5e, 0x7b, 0x3c, 0x5c, 0x76, 0x36,
    0x51, 0x6b, 0x28, 0x4d, 0x65, 0x26, 0x50, 0x65, 0x2d, 0x55, 0x6b, 0x33,
    0x58, 0x6f, 0x37, 0x4b, 0x64, 0x2b, 0x4e, 0x68, 0x2f, 0x4e, 0x6a, 0x30,
    0x47, 0x63, 0x2b, 0x4a, 0x66, 0x31, 0x53, 0x6e, 0x3b, 0x4e, 0x69, 0x36,
    0x52, 0x6d, 0x3d, 0x59, 0x73, 0x44, 0x53, 0x6b, 0x3f, 0x55, 0x69, 0x42,
    0x60, 0x72, 0x4b, 0x59, 0x68, 0x40, 0x58, 0x65, 0x37, 0x5b, 0x66, 0x30,
    0x54, 0x5e, 0x21, 0x41, 0x4d, 0x0f, 0x3c, 0x49, 0x0d, 0x36, 0x44, 0x09,
    0x37, 0x45, 0x0d, 0x3c, 0x49, 0x14, 0x37, 0x43, 0x12, 0x2a, 0x37, 0x06,
    0x31, 0x3f, 0x0c, 0x37, 0x45, 0x10, 0x39, 0x48, 0x10, 0x3e, 0x4d, 0x12,
    0x40, 0x50, 0x13, 0x4a, 0x5b, 0x1b, 0x71, 0x80, 0x38, 0x97, 0xa6, 0x55,
    0x9c, 0xad, 0x52, 0x9a, 0xac, 0x49, 0x9c, 0xae, 0x4b, 0x9c, 0xad, 0x4e,
    0x9c, 0xac, 0x52, 0x9d, 0xab, 0x53, 0x9d, 0xab, 0x53, 0x9d, 0xab, 0x53,
    0x9c, 0xaa, 0x52, 0x9c, 0xaa, 0x52, 0x9c, 0xaa, 0x52, 0x9d, 0xa9, 0x53,
    0x9d, 0xa9, 0x53, 0x9d, 0xa9, 0x53, 0x9d, 0xa9, 0x53, 0x9c, 0xa8, 0x52,
    0x9c, 0xa8, 0x52, 0x9c, 0xa8, 0x52, 0x9f, 0xa9, 0x53, 0x9f, 0xa9, 0x53,
    0x9f, 0xa9, 0x53, 0xa0, 0xaa, 0x54, 0xa0, 0xaa, 0x54, 0xa0, 0xaa, 0x54,
    0xa0, 0xaa, 0x55, 0xa1, 0xa9, 0x56, 0xa1, 0xa9, 0x56, 0xa1, 0xa9, 0x56,
    0xa2, 0xaa, 0x57, 0xa2, 0xaa, 0x57, 0xa2, 0xaa, 0x57, 0xa3, 0xab, 0x58,
    0xa3, 0xab, 0x58, 0xa3, 0xab, 0x58, 0xa4, 0xac, 0x59, 0xa5, 0xad, 0x5a,
    0xa5, 0xad, 0x5a, 0xa6, 0xad, 0x5a, 0xa8, 0xad, 0x59, 0xa8, 0xad, 0x59,
    0xa8, 0xad, 0x59, 0xa8, 0xad, 0x59, 0xa9, 0xae, 0x5a, 0xaa, 0xaf, 0x5b,
    0xa9, 0xaf, 0x5a, 0xa9, 0xaf, 0x59, 0xa9, 0xaf, 0x59, 0xaa, 0xb0, 0x5a,
    0xaa, 0xb0, 0x5a, 0xaa, 0xb0, 0x5a, 0xaa, 0xb0, 0x5a, 0xab, 0xaf, 0x5a,
    0xa2, 0xb0, 0x58, 0xa2, 0xb0, 0x58, 0xa2, 0xb0, 0x58, 0xa2, 0xb0, 0x58,
    0xa2, 0xb0, 0x58, 0xa2, 0xb0, 0x58, 0xa1, 0xb1, 0x55, 0x9e, 0xb0, 0x62,
    0xa7, 0xb6, 0x8a, 0xa8, 0xb5, 0x9a, 0x8b, 0x99, 0x71, 0x76, 0x82, 0x45,
    0x9e, 0xa9, 0x5e, 0xa3, 0xb0, 0x5a, 0xa3, 0xb1, 0x59, 0xa3, 0xb1, 0x59,
    0xa2, 0xb0, 0x58, 0xa2, 0xb0, 0x58, 0xa2, 0xb0, 0x58, 0xa2, 0xb0, 0x58,
    0xa1, 0xaf, 0x57, 0xa0, 0xae, 0x56, 0xa0, 0xae, 0x56, 0xa0, 0xae, 0x56,
    0x9e, 0xac, 0x54, 0x9e, 0xac, 0x54, 0x9e, 0xac, 0x55, 0x9e, 0xac, 0x55,
    0x9e, 0xac, 0x55, 0xa0, 0xae, 0x57, 0xa1, 0xaf, 0x58, 0xa1, 0xaf, 0x58,
    0xa1, 0xaf, 0x58, 0xa1, 0xaf, 0x58, 0xa1, 0xaf, 0x58, 0xa1, 0xaf, 0x58,
    0xa2, 0xb0, 0x59, 0xa2, 0xb0, 0x59, 0xa2, 0xb0, 0x59, 0xa2, 0xb0, 0x59,
    0xa2, 0xb0, 0x59, 0xa2, 0xb0, 0x59, 0xa2, 0xb0, 0x59, 0xa1, 0xaf, 0x58,
    0xa1, 0xaf, 0x58, 0xa1, 0xaf, 0x58, 0xa0, 0xae, 0x56, 0xa1, 0xaf, 0x57,
    0xa2, 0xb0, 0x58, 0xa3, 0xb1, 0x59, 0xa3, 0xb1, 0x59, 0xa3, 0xb1, 0x59,
    0xa3, 0xb1, 0x56, 0xa3, 0xb0, 0x54, 0xa3, 0xb0, 0x54, 0xa3, 0xb0, 0x54,
    0xa3, 0xb0, 0x54, 0xa4, 0xb1, 0x55, 0xa5, 0xb3, 0x56, 0xa2, 0xb1, 0x55,
    0xa1, 0xaf, 0x60, 0x87, 0x94, 0x59, 0x67, 0x74, 0x4c, 0x53, 0x61, 0x44,
    0x4a, 0x59, 0x40, 0x51, 0x62, 0x44, 0x5b, 0x6d, 0x47, 0x59, 0x6e, 0x43,
    0x63, 0x7b, 0x49, 0x65, 0x7e, 0x45, 0x6f, 0x89, 0x4a, 0x62, 0x7d, 0x3c,
    0x6e, 0x88, 0x47, 0x64, 0x7e, 0x3e, 0x64, 0x7e, 0x3f, 0x77, 0x91, 0x52,
    0x72, 0x8c, 0x4d, 0x55, 0x6f, 0x31, 0x58, 0x73, 0x34, 0x6b, 0x87, 0x4b,
    0x6b, 0x84, 0x4d, 0x5b, 0x73, 0x42, 0x55, 0x6b, 0x3b, 0x66, 0x7a, 0x46,
    0x72, 0x84, 0x4c, 0x99, 0xa2, 0x66, 0xa9, 0xb1, 0x67, 0xaa, 0xb3, 0x56,
    0xa9, 0xb4, 0x4a, 0xaa, 0xb4, 0x4c, 0xab, 0xb2, 0x53, 0xab, 0xb1, 0x5a,
    0xab, 0xb1, 0x5b, 0xaa, 0xb1, 0x5b, 0xa9, 0xb1, 0x5b, 0xa7, 0xb1, 0x5a,
    0xa6, 0xb1, 0x5a, 0xa5, 0xb2, 0x5a, 0xa4, 0xb1, 0x59, 0xa3, 0xb1, 0x59,
    0xa3, 0xb1, 0x59, 0xa3, 0xb1, 0x59, 0xa3, 0xb1, 0x59, 0xa3, 0xb1, 0x59,
    0xa3, 0xb1, 0x59, 0xa2, 0xb0, 0x59, 0xa2, 0xb0, 0x59, 0xa2, 0xb0, 0x59,
    0xa2, 0xb0, 0x59, 0xa2, 0xb0, 0x59, 0xa2, 0xb0, 0x59, 0xa1, 0xaf, 0x5a,
    0xa0, 0xaf, 0x5a, 0xa0, 0xaf, 0x5a, 0xa0, 0xaf, 0x5a, 0xa0, 0xb0, 0x59,
    0xa0, 0xb0, 0x58, 0xa1, 0xaf, 0x58, 0xa4, 0xad, 0x57, 0xa3, 0xae, 0x59,
    0x9f, 0xaf, 0x5d, 0x9a, 0xb0, 0x60, 0x8c, 0xa6, 0x5c, 0x7d, 0x9a, 0x55,
    0x68, 0x8c, 0x4c, 0x6b, 0x94, 0x56, 0x69, 0x90, 0x53, 0x6f, 0x94, 0x57,
    0x78, 0x9c, 0x5d, 0x6a, 0x8c, 0x4b, 0x6b, 0x8c, 0x47, 0x74, 0x94, 0x4a,
    0x69, 0x88, 0x41, 0x5a, 0x77, 0x35, 0x53, 0x6e, 0x2e, 0x59, 0x72, 0x32,
    0x58, 0x71, 0x2e, 0x53, 0x69, 0x2a, 0x52, 0x67, 0x2f, 0x55, 0x6b, 0x33,
    0x48, 0x5f, 0x27, 0x3d, 0x56, 0x1d, 0x45, 0x60, 0x26, 0x59, 0x75, 0x3b,
    0x5c, 0x79, 0x42, 0x5b, 0x79, 0x43, 0x64, 0x81, 0x4d, 0x5c, 0x78, 0x46,
    0x57, 0x72, 0x42, 0x5f, 0x79, 0x4a, 0x5b, 0x71, 0x45, 0x5c, 0x6e, 0x46,
    0x5d, 0x6c, 0x45, 0x57, 0x63, 0x3a, 0x5d, 0x68, 0x39, 0x69, 0x72, 0x3b,
    0x70, 0x79, 0x3a, 0x58, 0x62, 0x21, 0x49, 0x55, 0x13, 0x43, 0x53, 0x10,
    0x3f, 0x51, 0x0f, 0x3f, 0x50, 0x13, 0x40, 0x4f, 0x17, 0x34, 0x41, 0x0d,
    0x34, 0x42, 0x0e, 0x3d, 0x4c, 0x15, 0x3c, 0x4b, 0x10, 0x3d, 0x4d, 0x0e,
    0x44, 0x55, 0x12, 0x5d, 0x6e, 0x27, 0x8c, 0x9b, 0x4d, 0x9c, 0xac, 0x55,
    0x9d, 0xaf, 0x50, 0x9d, 0xae, 0x4b, 0x9c, 0xae, 0x4a, 0x9c, 0xad, 0x4d,
    0x9c, 0xad, 0x50, 0x9d, 0xab, 0x53, 0x9d, 0xab, 0x53, 0x9d, 0xab, 0x53,
    0x9c, 0xaa, 0x52, 0x9c, 0xaa, 0x52, 0x9c, 0xaa, 0x52, 0x9d, 0xa9, 0x53,
    0x9d, 0xa9, 0x53, 0x9d, 0xa9, 0x53, 0x9d, 0xa9, 0x53, 0x9c, 0xa8, 0x52,
    0x9c, 0xa8, 0x52, 0x9c, 0xa8, 0x52, 0x9f, 0xa9, 0x53, 0x9f, 0xa9, 0x53,
    0x9f, 0xa9, 0x53, 0xa0, 0xaa, 0x54, 0xa0, 0xaa, 0x54, 0xa0, 0xaa, 0x54,
    0xa0, 0xaa, 0x55, 0xa1, 0xa9, 0x56, 0xa1, 0xa9, 0x56, 0xa1, 0xa9, 0x56,
    0xa2, 0xaa, 0x57, 0xa2, 0xaa, 0x57, 0xa2, 0xaa, 0x57, 0xa2, 0xaa, 0x57,
    0xa2, 0xaa, 0x57, 0xa2, 0xaa, 0x57, 0xa4, 0xac, 0x59, 0xa5, 0xad, 0x5a,
    0xa5, 0xad, 0x5a, 0xa6, 0xad, 0x5a, 0xa8, 0xad, 0x59, 0xa8, 0xad, 0x59,
    0xa8, 0xad, 0x59, 0xa8, 0xad, 0x59, 0xa9, 0xae, 0x5a, 0xaa, 0xaf, 0x5b,
    0xa9, 0xaf, 0x5a, 0xa9, 0xaf, 0x59, 0xa9, 0xaf, 0x59, 0xaa, 0xb0, 0x5a,
    0xaa, 0xb0, 0x5a, 0xaa, 0xb0, 0x5a, 0xaa, 0xb0, 0x5a, 0xab, 0xaf, 0x5a,
    0xa2, 0xb0, 0x58, 0xa2, 0xb0, 0x58, 0xa2, 0xb0, 0x58, 0xa2, 0xb0, 0x58,
    0xa2, 0xb0, 0x58, 0xa2, 0xb0, 0x58, 0xa1, 0xb1, 0x56, 0xa0, 0xb2, 0x66,
    0xac, 0xbb, 0x91, 0xab, 0xb9, 0x9d, 0x83, 0x91, 0x68, 0x77, 0x84, 0x45,
    0x9f, 0xab, 0x5e, 0xa3, 0xb0, 0x5a, 0xa3, 0xb1, 0x59, 0xa3, 0xb1, 0x59,
    0xa2, 0xb0, 0x58, 0xa2, 0xb0, 0x58, 0xa2, 0xb0, 0x58, 0xa2, 0xb0, 0x58,
    0xa1, 0xaf, 0x57, 0xa1, 0xaf, 0x57, 0xa0, 0xae, 0x56, 0x9e, 0xac, 0x54,
    0x9e, 0xac, 0x54, 0x9e, 0xac, 0x54, 0x9e, 0xac, 0x55, 0x9e, 0xac, 0x55,
    0x9e, 0xac, 0x55, 0xa0, 0xae, 0x57, 0xa1, 0xaf, 0x58, 0xa1, 0xaf, 0x58,
    0xa1, 0xaf, 0x58, 0xa1, 0xaf, 0x58, 0xa1, 0xaf, 0x58, 0xa1, 0xaf, 0x58,
    0xa1, 0xaf, 0x58, 0xa1, 0xaf, 0x58, 0xa1, 0xaf, 0x58, 0xa2, 0xb0, 0x59,
    0xa2, 0xb0, 0x59, 0xa2, 0xb0, 0x59, 0xa2, 0xb0, 0x59, 0xa1, 0xaf, 0x58,
    0xa1, 0xaf, 0x58, 0xa1, 0xaf, 0x58, 0xa1, 0xaf, 0x57, 0xa1, 0xaf, 0x57,
    0xa1, 0xaf, 0x57, 0xa2, 0xb0, 0x58, 0xa2, 0xb0, 0x58, 0xa2, 0xb0, 0x58,
    0xa3, 0xb0, 0x56, 0xa3, 0xb0, 0x54, 0xa3, 0xb0, 0x54, 0xa3, 0xb0, 0x54,
    0xa3, 0xb0, 0x54, 0xa3, 0xb0, 0x54, 0xa4, 0xb1, 0x53, 0xa4, 0xb2, 0x53,
    0xa6, 0xb3, 0x5f, 0x94, 0xa0, 0x5d, 0x6c, 0x79, 0x49, 0x6b, 0x78, 0x57,
    0x61, 0x6f, 0x57, 0x69, 0x79, 0x5c, 0x5a, 0x6c, 0x48, 0x5a, 0x6c, 0x44,
    0x5f, 0x74, 0x45, 0x5e, 0x76, 0x40, 0x62, 0x7d, 0x41, 0x54, 0x71, 0x32,
    0x5f, 0x7c, 0x3c, 0x54, 0x71, 0x30, 0x53, 0x6f, 0x2e, 0x6c, 0x88, 0x47,
    0x6d, 0x8a, 0x48, 0x5d, 0x79, 0x38, 0x72, 0x8f, 0x4d, 0x69, 0x86, 0x45,
    0x62, 0x7d, 0x41, 0x57, 0x70, 0x3c, 0x61, 0x78, 0x49, 0x71, 0x86, 0x57,
    0x64, 0x78, 0x48, 0x74, 0x80, 0x4c, 0x9e, 0xa9, 0x67, 0xa7, 0xb3, 0x5b,
    0xa9, 0xb5, 0x4f, 0xa8, 0xb4, 0x4d, 0xaa, 0xb3, 0x55, 0xa9, 0xb1, 0x5b,
    0xaa, 0xb0, 0x5a, 0xa9, 0xb0, 0x5a, 0xa8, 0xb0, 0x5a, 0xa6, 0xb0, 0x59,
    0xa5, 0xb0, 0x59, 0xa4, 0xb1, 0x59, 0xa3, 0xb1, 0x59, 0xa3, 0xb1, 0x59,
    0xa3, 0xb1, 0x59, 0xa3, 0xb1, 0x59, 0xa3, 0xb1, 0x59, 0xa3, 0xb1, 0x59,
    0xa3, 0xb1, 0x59, 0xa3, 0xb1, 0x5a, 0xa3, 0xb1, 0x5a, 0xa3, 0xb1, 0x5a,
    0xa1, 0xaf, 0x58, 0xa1, 0xaf, 0x58, 0xa1, 0xaf, 0x58, 0x9f, 0xaf, 0x59,
    0x9e, 0xaf, 0x59, 0x9e, 0xaf, 0x59, 0x9e, 0xaf, 0x59, 0x9e, 0xb0, 0x5a,
    0x9f, 0xb0, 0x5b, 0x9f, 0xaf, 0x5a, 0xa2, 0xb0, 0x5c, 0xa1, 0xb0, 0x5f,
    0x97, 0xaa, 0x5e, 0x89, 0xa2, 0x5a, 0x7d, 0x9b, 0x56, 0x78, 0x9a, 0x58,
    0x69, 0x90, 0x51, 0x74, 0x9d, 0x62, 0x67, 0x8f, 0x52, 0x6e, 0x93, 0x54,
    0x78, 0x9a, 0x58, 0x6e, 0x8e, 0x4b, 0x60, 0x7f, 0x3a, 0x6b, 0x89, 0x3f,
    0x69, 0x85, 0x3e, 0x5e, 0x78, 0x36, 0x56, 0x6e, 0x2f, 0x64, 0x7b, 0x3c,
    0x5f, 0x75, 0x34, 0x53, 0x68, 0x2b, 0x42, 0x57, 0x1f, 0x41, 0x57, 0x1f,
    0x43, 0x5a, 0x22, 0x4c, 0x65, 0x2c, 0x59, 0x74, 0x3a, 0x69, 0x85, 0x4c,
    0x5c, 0x7b, 0x44, 0x52, 0x71, 0x3c, 0x61, 0x7e, 0x4b, 0x65, 0x80, 0x50,
    0x59, 0x70, 0x42, 0x5c, 0x73, 0x46, 0x5a, 0x6d, 0x42, 0x5d, 0x6a, 0x42,
    0x54, 0x5f, 0x37, 0x5c, 0x64, 0x3b, 0x6b, 0x71, 0x44, 0x62, 0x67, 0x32,
    0x91, 0x95, 0x58, 0x91, 0x97, 0x52, 0x74, 0x7f, 0x34, 0x5d, 0x6e, 0x1f,
    0x4f, 0x65, 0x14, 0x48, 0x5d, 0x11, 0x46, 0x57, 0x12, 0x46, 0x54, 0x17,
    0x45, 0x53, 0x19, 0x47, 0x55, 0x18, 0x47, 0x55, 0x15, 0x4a, 0x59, 0x14,
    0x5f, 0x70, 0x26, 0x82, 0x94, 0x45, 0x9b, 0xab, 0x56, 0x9d, 0xae, 0x53,
    0x9e, 0xaf, 0x50, 0x9d, 0xae, 0x4b, 0x9a, 0xac, 0x49, 0x9a, 0xab, 0x4b,
    0x9a, 0xab, 0x4d, 0x9c, 0xaa, 0x51, 0x9c, 0xaa, 0x52, 0x9c, 0xaa, 0x52,
    0x9c, 0xaa, 0x52, 0x9c, 0xaa, 0x52, 0x9c, 0xaa, 0x52, 0x9d, 0xa9, 0x53,
    0x9d, 0xa9, 0x53, 0x9c, 0xa8, 0x52, 0x9b, 0xa7, 0x51, 0x9c, 0xa8, 0x52,
    0x9c, 0xa8, 0x52, 0x9c, 0xa8, 0x52, 0x9f, 0xa8, 0x53, 0xa0, 0xa8, 0x53,
    0xa0, 0xa8, 0x53, 0xa0, 0xa8, 0x53, 0xa0, 0xa8, 0x53, 0xa0, 0xa8, 0x53,
    0xa0, 0xa8, 0x54, 0xa1, 0xa9, 0x56, 0xa1, 0xa9, 0x56, 0xa1, 0xa9, 0x56,
    0xa1, 0xa9, 0x56, 0xa1, 0xa9, 0x56, 0xa1, 0xa9, 0x56, 0xa2, 0xaa, 0x57,
    0xa2, 0xaa, 0x57, 0xa2, 0xaa, 0x57, 0xa3, 0xab, 0x58, 0xa4, 0xac, 0x59,
    0xa5, 0xad, 0x5a, 0xa6, 0xad, 0x5a, 0xa7, 0xac, 0x58, 0xa7, 0xac, 0x58,
    0xa7, 0xac, 0x58, 0xa6, 0xab, 0x57, 0xa7, 0xac, 0x58, 0xa8, 0xad, 0x59,
    0xa8, 0xae, 0x58, 0xa8, 0xae, 0x58, 0xa8, 0xae, 0x58, 0xa9, 0xaf, 0x59,
    0xa9, 0xaf, 0x59, 0xa9, 0xaf, 0x59, 0xa9, 0xaf, 0x59, 0xaa, 0xae, 0x59,
    0xa2, 0xb0, 0x58, 0xa2, 0xb0, 0x58, 0xa2, 0xb0, 0x58, 0xa2, 0xb0, 0x58,
    0xa2, 0xb0, 0x58, 0xa2, 0xb0, 0x58, 0xa1, 0xb1, 0x58, 0xa0, 0xb2, 0x67,
    0xa5, 0xb4, 0x8a, 0xa8, 0xb6, 0x9b, 0x89, 0x97, 0x6e, 0x7b, 0x87, 0x47,
    0xa1, 0xad, 0x5e, 0xa3, 0xb1, 0x5a, 0xa3, 0xb1, 0x59, 0xa3, 0xb1, 0x59,
    0xa2, 0xb0, 0x58, 0xa1, 0xaf, 0x57, 0xa1, 0xaf, 0x57, 0xa1, 0xaf, 0x57,
    0xa1, 0xaf, 0x57, 0xa0, 0xae, 0x56, 0x9f, 0xad, 0x55, 0x9e, 0xac, 0x54,
    0x9e, 0xac, 0x54, 0x9e, 0xac, 0x54, 0x9e, 0xac, 0x55, 0x9e, 0xac, 0x55,
    0x9e, 0xac, 0x55, 0x9f, 0xad, 0x56, 0xa0, 0xae, 0x57, 0xa0, 0xae, 0x57,
    0xa0, 0xae, 0x57, 0xa1, 0xaf, 0x58, 0xa1, 0xaf, 0x58, 0xa1, 0xaf, 0x58,
    0xa1, 0xaf, 0x58, 0xa1, 0xaf, 0x58, 0xa1, 0xaf, 0x58, 0xa1, 0xaf, 0x58,
    0xa1, 0xaf, 0x58, 0xa1, 0xaf, 0x58, 0xa1, 0xaf, 0x58, 0xa0, 0xae, 0x57,
    0xa0, 0xae, 0x57, 0xa0, 0xae, 0x57, 0xa0, 0xae, 0x56, 0xa0, 0xae, 0x56,
    0xa0, 0xae, 0x56, 0xa1, 0xaf, 0x57, 0xa1, 0xaf, 0x57, 0xa1, 0xaf, 0x57,
    0xa2, 0xb0, 0x55, 0xa3, 0xb0, 0x54, 0xa3, 0xb0, 0x54, 0xa3, 0xb0, 0x54,
    0xa3, 0xb0, 0x54, 0xa3, 0xb0, 0x54, 0xa3, 0xaf, 0x52, 0xa6, 0xb1, 0x52,
    0xa7, 0xb2, 0x5b, 0x9e, 0xab, 0x61, 0x72, 0x80, 0x48, 0x65, 0x75, 0x4c,
    0x67, 0x77, 0x5b, 0x63, 0x74, 0x59, 0x5e, 0x6d, 0x4d, 0x59, 0x6a, 0x45,
    0x5b, 0x6d, 0x41, 0x4f, 0x66, 0x33, 0x47, 0x63, 0x28, 0x48, 0x69, 0x2a,
    0x55, 0x73, 0x33, 0x47, 0x65, 0x24, 0x61, 0x80, 0x3d, 0x60, 0x7e, 0x3b,
    0x4d, 0x6b, 0x28, 0x54, 0x72, 0x2e, 0x67, 0x85, 0x40, 0x6f, 0x8c, 0x48,
    0x63, 0x7f, 0x3f, 0x67, 0x80, 0x48, 0x74, 0x8b, 0x59, 0x7b, 0x91, 0x63,
    0x67, 0x7e, 0x50, 0x6a, 0x7b, 0x4b, 0x86, 0x96, 0x5a, 0x9f, 0xb0, 0x62,
    0xa2, 0xb2, 0x57, 0xa5, 0xb3, 0x55, 0xa5, 0xb0, 0x57, 0xa7, 0xb0, 0x5b,
    0xaa, 0xb0, 0x5a, 0xa9, 0xb0, 0x5a, 0xa8, 0xb0, 0x5a, 0xa6, 0xb0, 0x59,
    0xa5, 0xb0, 0x59, 0xa4, 0xb1, 0x59, 0xa3, 0xb1, 0x59, 0xa3, 0xb1, 0x59,
    0xa3, 0xb1, 0x59, 0xa3, 0xb1, 0x59, 0xa2, 0xb0, 0x58, 0xa2, 0xb0, 0x58,
    0xa2, 0xb0, 0x58, 0xa2, 0xb0, 0x59, 0xa2, 0xb0, 0x59, 0xa2, 0xb0, 0x59,
    0xa1, 0xaf, 0x58, 0xa1, 0xaf, 0x58, 0xa1, 0xaf, 0x58, 0x9f, 0xaf, 0x58,
    0x9d, 0xaf, 0x59, 0x9d, 0xaf, 0x59, 0x9e, 0xb0, 0x5b, 0xa0, 0xb2, 0x5e,
    0xa0, 0xb2, 0x5f, 0x9e, 0xb0, 0x5e, 0x9e, 0xb0, 0x60, 0x95, 0xaa, 0x5e,
    0x86, 0x9e, 0x58, 0x7a, 0x96, 0x54, 0x7b, 0x9c, 0x5c, 0x74, 0x98, 0x58,
    0x75, 0x9b, 0x5e, 0x79, 0xa0, 0x65, 0x69, 0x8f, 0x4e, 0x76, 0x9b, 0x57,
    0x81, 0xa1, 0x5d, 0x74, 0x92, 0x4e, 0x60, 0x7d, 0x38, 0x6c, 0x88, 0x3d,
    0x6b, 0x85, 0x3f, 0x62, 0x7a, 0x39, 0x55, 0x6b, 0x2e, 0x56, 0x6a, 0x2e,
    0x49, 0x5c, 0x20, 0x3c, 0x50, 0x15, 0x3d, 0x52, 0x1a, 0x51, 0x68, 0x30,
    0x61, 0x78, 0x40, 0x5b, 0x74, 0x3b, 0x55, 0x6f, 0x36, 0x59, 0x75, 0x3c,
    0x4b, 0x69, 0x33, 0x46, 0x63, 0x31, 0x52, 0x6d, 0x3c, 0x60, 0x78, 0x49,
    0x59, 0x6e, 0x42, 0x58, 0x6a, 0x40, 0x5e, 0x6c, 0x43, 0x60, 0x67, 0x3f,
    0x61, 0x66, 0x3f, 0x6d, 0x6f, 0x49, 0x67, 0x66, 0x3d, 0x55, 0x53, 0x24,
    0x6f, 0x6c, 0x36, 0xa1, 0xa0, 0x5d, 0x9e, 0xa5, 0x55, 0x8d, 0x9d, 0x46,
    0x78, 0x90, 0x32, 0x6a, 0x80, 0x28, 0x61, 0x71, 0x22, 0x5c, 0x69, 0x21,
    0x58, 0x67, 0x23, 0x5a, 0x6a, 0x23, 0x60, 0x6f, 0x26, 0x6e, 0x7e, 0x30,
    0x8b, 0x9c, 0x4b, 0x98, 0xaa, 0x56, 0x9a, 0xab, 0x51, 0x9b, 0xac, 0x4e,
    0x9b, 0xac, 0x4d, 0x9b, 0xac, 0x4b, 0x9a, 0xab, 0x4a, 0x9a, 0xab, 0x4b,
    0x9a, 0xab, 0x4d, 0x9c, 0xaa, 0x51, 0x9c, 0xaa, 0x52, 0x9c, 0xaa, 0x52,
    0x9c, 0xaa, 0x52, 0x9c, 0xaa, 0x52, 0x9c, 0xaa, 0x52, 0x9d, 0xa9, 0x53,
    0x9d, 0xa9, 0x53, 0x9c, 0xa8, 0x52, 0x9b, 0xa7, 0x51, 0x9c, 0xa8, 0x52,
    0x9c, 0xa8, 0x52, 0x9c, 0xa8, 0x52, 0x9f, 0xa8, 0x53, 0xa0, 0xa8, 0x53,
    0xa0, 0xa8, 0x53, 0xa0, 0xa8, 0x53, 0xa0, 0xa8, 0x53, 0xa0, 0xa8, 0x53,
    0xa0, 0xa8, 0x54, 0xa1, 0xa9, 0x56, 0xa1, 0xa9, 0x56, 0xa1, 0xa9, 0x56,
    0xa1, 0xa9, 0x56, 0xa1, 0xa9, 0x56, 0xa1, 0xa9, 0x56, 0xa2, 0xaa, 0x57,
    0xa2, 0xaa, 0x57, 0xa2, 0xaa, 0x57, 0xa3, 0xab, 0x58, 0xa4, 0xac, 0x59,
    0xa5, 0xad, 0x5a, 0xa6, 0xad, 0x59, 0xa7, 0xac, 0x58, 0xa7, 0xac, 0x58,
    0xa7, 0xac, 0x58, 0xa6, 0xab, 0x57, 0xa6, 0xab, 0x57, 0xa8, 0xad, 0x59,
    0xa8, 0xae, 0x58, 0xa8, 0xae, 0x58, 0xa8, 0xae, 0x58, 0xa8, 0xae, 0x58,
    0xa8, 0xae, 0x58, 0xa8, 0xae, 0x58, 0xa9, 0xae, 0x58, 0xaa, 0xae, 0x59,
    0xa2, 0xb0, 0x58, 0xa2, 0xb0, 0x58, 0xa2, 0xb0, 0x58, 0xa2, 0xb0, 0x58,
    0xa2, 0xb0, 0x58, 0xa2, 0xb0, 0x58, 0xa1, 0xb1, 0x57, 0x9e, 0xae, 0x65,
    0xaa, 0xb9, 0x90, 0xac, 0xba, 0x9f, 0x85, 0x92, 0x69, 0x7f, 0x8b, 0x4a,
    0xa1, 0xad, 0x5d, 0xa2, 0xb0, 0x59, 0xa3, 0xb1, 0x59, 0xa3, 0xb1, 0x59,
    0xa2, 0xb0, 0x58, 0xa1, 0xaf, 0x57, 0xa1, 0xaf, 0x57, 0xa1, 0xaf, 0x57,
    0xa0, 0xae, 0x56, 0xa0, 0xae, 0x56, 0x9f, 0xad, 0x55, 0x9e, 0xac, 0x54,
    0x9e, 0xac, 0x54, 0x9e, 0xac, 0x54, 0x9e, 0xac, 0x55, 0x9e, 0xac, 0x55,
    0x9e, 0xac, 0x55, 0x9f, 0xad, 0x56, 0xa0, 0xae, 0x57, 0xa0, 0xae, 0x57,
    0xa0, 0xae, 0x57, 0xa1, 0xaf, 0x58, 0xa1, 0xaf, 0x58, 0xa1, 0xaf, 0x58,
    0xa1, 0xaf, 0x58, 0xa1, 0xaf, 0x58, 0xa1, 0xaf, 0x58, 0xa1, 0xaf, 0x58,
    0xa1, 0xaf, 0x58, 0xa1, 0xaf, 0x58, 0xa1, 0xaf, 0x58, 0xa0, 0xae, 0x57,
    0xa0, 0xae, 0x57, 0xa0, 0xae, 0x57, 0xa0, 0xae, 0x56, 0xa0, 0xae, 0x56,
    0xa0, 0xae, 0x56, 0xa1, 0xaf, 0x57, 0xa1, 0xaf, 0x57, 0xa1, 0xaf, 0x57,
    0xa2, 0xb0, 0x55, 0xa3, 0xb0, 0x54, 0xa3, 0xb0, 0x54, 0xa3, 0xb0, 0x54,
    0xa3, 0xb0, 0x54, 0xa3, 0xb0, 0x54, 0xa3, 0xaf, 0x53, 0xa7, 0xaf, 0x53,
    0xa5, 0xae, 0x56, 0xa2, 0xaf, 0x60, 0x89, 0x97, 0x57, 0x6a, 0x7b, 0x4c,
    0x5b, 0x6c, 0x4e, 0x63, 0x74, 0x59, 0x5b, 0x6b, 0x4d, 0x5a, 0x69, 0x46,
    0x4c, 0x5c, 0x33, 0x42, 0x58, 0x27, 0x48, 0x65, 0x2b, 0x5b, 0x7f, 0x3f,
    0x72, 0x91, 0x51, 0x5b, 0x79, 0x38, 0x7a, 0x99, 0x56, 0x72, 0x91, 0x4d,
    0x5c, 0x7b, 0x36, 0x72, 0x91, 0x4b, 0x79, 0x98, 0x51, 0x67, 0x84, 0x3d,
    0x55, 0x72, 0x2e, 0x69, 0x84, 0x46, 0x71, 0x8b, 0x54, 0x72, 0x8a, 0x59,
    0x6b, 0x83, 0x55, 0x70, 0x86, 0x56, 0x7c, 0x92, 0x5a, 0x82, 0x98, 0x55,
    0x9f, 0xb1, 0x65, 0xa1, 0xb1, 0x5f, 0xa4, 0xb2, 0x5e, 0xa6, 0xb1, 0x5e,
    0xa9, 0xaf, 0x59, 0xa8, 0xaf, 0x59, 0xa7, 0xaf, 0x59, 0xa6, 0xb0, 0x59,
    0xa5, 0xb0, 0x59, 0xa4, 0xb1, 0x59, 0xa3, 0xb1, 0x59, 0xa3, 0xb1, 0x59,
    0xa3, 0xb1, 0x59, 0xa3, 0xb1, 0x59, 0xa2, 0xb0, 0x58, 0xa2, 0xb0, 0x58,
    0xa2, 0xb0, 0x58, 0xa2, 0xb0, 0x59, 0xa2, 0xb0, 0x59, 0xa2, 0xb0, 0x59,
    0xa1, 0xaf, 0x58, 0xa1, 0xaf, 0x58, 0xa1, 0xaf, 0x58, 0x9e, 0xb0, 0x57,
    0x9d, 0xaf, 0x58, 0x9d, 0xaf, 0x59, 0x9c, 0xaf, 0x5b, 0x9d, 0xaf, 0x5d,
    0x9e, 0xaf, 0x5f, 0x9c, 0xaf, 0x60, 0x94, 0xab, 0x5f, 0x84, 0x9e, 0x57,
    0x75, 0x90, 0x4f, 0x6d, 0x8b, 0x4d, 0x75, 0x97, 0x5a, 0x71, 0x95, 0x55,
    0x7c, 0xa1, 0x62, 0x75, 0x98, 0x59, 0x6b, 0x8d, 0x4a, 0x7d, 0x9e, 0x57,
    0x7b, 0x9a, 0x52, 0x6b, 0x88, 0x42, 0x5a, 0x76, 0x32, 0x5f, 0x79, 0x30,
    0x57, 0x70, 0x2a, 0x51, 0x67, 0x28, 0x47, 0x5a, 0x21, 0x45, 0x58, 0x20,
    0x4b, 0x5c, 0x23, 0x4a, 0x5c, 0x23, 0x4f, 0x63, 0x2b, 0x5e, 0x75, 0x3d,
    0x57, 0x6f, 0x37, 0x4d, 0x66, 0x2d, 0x44, 0x5e, 0x25, 0x44, 0x60, 0x27,
    0x3e, 0x5a, 0x26, 0x43, 0x5d, 0x2c, 0x4a, 0x62, 0x33, 0x4c, 0x60, 0x33,
    0x55, 0x66, 0x3c, 0x5c, 0x69, 0x42, 0x5c, 0x65, 0x3e, 0x67, 0x69, 0x41,
    0x73, 0x72, 0x4e, 0x6c, 0x68, 0x46, 0x56, 0x4e, 0x2c, 0x59, 0x50, 0x28,
    0x60, 0x56, 0x28, 0x84, 0x7c, 0x42, 0xa7, 0xa8, 0x5d, 0x9e, 0xac, 0x54,
    0x94, 0xaa, 0x4a, 0x91, 0xa6, 0x48, 0x8e, 0x9c, 0x48, 0x8b, 0x96, 0x48,
    0x83, 0x93, 0x43, 0x84, 0x95, 0x43, 0x89, 0x9a, 0x47, 0x93, 0xa4, 0x4f,
    0x99, 0xab, 0x54, 0x99, 0xab, 0x53, 0x9a, 0xab, 0x4f, 0x9b, 0xac, 0x4e,
    0x9b, 0xac, 0x4f, 0x9b, 0xac, 0x4e, 0x9a, 0xab, 0x4d, 0x9a, 0xab, 0x4e,
    0x9a, 0xab, 0x4e, 0x9b, 0xa9, 0x51, 0x9b, 0xa9, 0x51, 0x9b, 0xa9, 0x51,
    0x9b, 0xa9, 0x51, 0x9b, 0xa9, 0x51, 0x9b, 0xa9, 0x51, 0x9c, 0xa9, 0x52,
    0x9d, 0xa9, 0x53, 0x9c, 0xa8, 0x52, 0x9b, 0xa7, 0x51, 0x9c, 0xa8, 0x52,
    0x9c, 0xa8, 0x52, 0x9d, 0xa8, 0x52, 0x9f, 0xa7, 0x52, 0xa0, 0xa7, 0x52,
    0xa0, 0xa7, 0x52, 0xa1, 0xa8, 0x53, 0xa1, 0xa8, 0x53, 0xa1, 0xa8, 0x53,
    0xa1, 0xa8, 0x54, 0xa1, 0xa9, 0x56, 0xa1, 0xa9, 0x56, 0xa1, 0xa9, 0x56,
    0xa1, 0xa9, 0x56, 0xa1, 0xa9, 0x56, 0xa1, 0xa9, 0x56, 0xa2, 0xaa, 0x57,
    0xa2, 0xaa, 0x57, 0xa2, 0xaa, 0x57, 0xa3, 0xab, 0x58, 0xa3, 0xab, 0x58,
    0xa4, 0xac, 0x59, 0xa6, 0xad, 0x59, 0xa7, 0xac, 0x58, 0xa7, 0xac, 0x58,
    0xa7, 0xac, 0x58, 0xa6, 0xab, 0x57, 0xa6, 0xab, 0x57, 0xa8, 0xad, 0x59,
    0xa8, 0xae, 0x58, 0xa8, 0xae, 0x58, 0xa8, 0xae, 0x58, 0xa8, 0xae, 0x58,
    0xa8, 0xae, 0x58, 0xa8, 0xae, 0x58, 0xa9, 0xae, 0x58, 0xaa, 0xae, 0x59,
    0xa2, 0xb0, 0x58, 0xa2, 0xb0, 0x58, 0xa2, 0xb0, 0x58, 0xa2, 0xb0, 0x58,
    0xa2, 0xb0, 0x58, 0xa2, 0xb0, 0x58, 0xa0, 0xb0, 0x57, 0x9d, 0xae, 0x66,
    0xa4, 0xb2, 0x8b, 0xab, 0xb9, 0x9e, 0x8d, 0x9b, 0x71, 0x80, 0x8c, 0x4b,
    0xa1, 0xad, 0x5c, 0xa3, 0xb0, 0x59, 0xa3, 0xb1, 0x59, 0xa3, 0xb1, 0x59,
    0xa1, 0xaf, 0x57, 0xa0, 0xae, 0x56, 0xa0, 0xae, 0x56, 0xa0, 0xae, 0x56,
    0x9f, 0xad, 0x55, 0x9f, 0xad, 0x55, 0x9e, 0xac, 0x54, 0x9e, 0xac, 0x54,
    0x9e, 0xac, 0x54, 0x9e, 0xac, 0x54, 0x9e, 0xac, 0x55, 0x9e, 0xac, 0x55,
    0x9e, 0xac, 0x55, 0x9f, 0xad, 0x56, 0x9f, 0xad, 0x56, 0x9f, 0xad, 0x56,
    0xa0, 0xae, 0x57, 0xa1, 0xaf, 0x58, 0xa1, 0xaf, 0x58, 0xa1, 0xaf, 0x58,
    0xa1, 0xaf, 0x58, 0xa1, 0xaf, 0x58, 0xa1, 0xaf, 0x58, 0xa0, 0xae, 0x57,
    0xa0, 0xae, 0x57, 0xa0, 0xae, 0x57, 0xa0, 0xae, 0x57, 0x9f, 0xad, 0x56,
    0x9f, 0xad, 0x56, 0x9f, 0xad, 0x56, 0x9f, 0xad, 0x55, 0x9f, 0xad, 0x55,
    0x9f, 0xad, 0x55, 0xa0, 0xae, 0x56, 0xa0, 0xae, 0x56, 0xa0, 0xae, 0x56,
    0xa2, 0xaf, 0x55, 0xa3, 0xb0, 0x54, 0xa3, 0xb0, 0x54, 0xa3, 0xb0, 0x54,
    0xa3, 0xb0, 0x54, 0xa3, 0xb0, 0x54, 0xa5, 0xb0, 0x55, 0xab, 0xb0, 0x58,
    0xa8, 0xaf, 0x58, 0xa5, 0xb1, 0x5f, 0x97, 0xa6, 0x60, 0x73, 0x84, 0x50,
    0x5c, 0x6d, 0x4a, 0x57, 0x69, 0x4c, 0x54, 0x63, 0x46, 0x4b, 0x58, 0x37,
    0x48, 0x57, 0x30, 0x53, 0x69, 0x38, 0x60, 0x7f, 0x46, 0x59, 0x7e, 0x40,
    0x72, 0x91, 0x52, 0x60, 0x7e, 0x3d, 0x73, 0x92, 0x4f, 0x6d, 0x8c, 0x47,
    0x58, 0x77, 0x30, 0x71, 0x91, 0x47, 0x7b, 0x9a, 0x51, 0x6b, 0x86, 0x3f,
    0x6b, 0x88, 0x42, 0x76, 0x93, 0x52, 0x6d, 0x89, 0x4e, 0x5a, 0x76, 0x41,
    0x69, 0x85, 0x53, 0x84, 0x9f, 0x6e, 0x81, 0x9c, 0x68, 0x7d, 0x95, 0x5f,
    0x82, 0x96, 0x5a, 0x9b, 0xad, 0x68, 0x9f, 0xb0, 0x64, 0xa4, 0xb1, 0x5f,
    0xa8, 0xae, 0x58, 0xa7, 0xae, 0x58, 0xa6, 0xae, 0x58, 0xa6, 0xb0, 0x59,
    0xa5, 0xb0, 0x59, 0xa4, 0xb1, 0x59, 0xa3, 0xb1, 0x59, 0xa3, 0xb1, 0x59,
    0xa3, 0xb1, 0x59, 0xa2, 0xb0, 0x58, 0xa1, 0xaf, 0x57, 0xa1, 0xaf, 0x57,
    0xa1, 0xaf, 0x57, 0xa1, 0xaf, 0x58, 0xa1, 0xaf, 0x58, 0xa1, 0xaf, 0x58,
    0xa1, 0xaf, 0x58, 0xa1, 0xaf, 0x58, 0xa1, 0xaf, 0x58, 0x9e, 0xb0, 0x57,
    0x9c, 0xb0, 0x57, 0x9c, 0xb0, 0x59, 0x9c, 0xb0, 0x5c, 0x9c, 0xaf, 0x5e,
    0x9b, 0xae, 0x5e, 0x94, 0xaa, 0x5d, 0x83, 0xa0, 0x58, 0x78, 0x96, 0x54,
    0x6e, 0x8c, 0x50, 0x6e, 0x8e, 0x54, 0x69, 0x8b, 0x4e, 0x64, 0x88, 0x47,
    0x75, 0x96, 0x55, 0x69, 0x86, 0x45, 0x67, 0x85, 0x3e, 0x75, 0x93, 0x48,
    0x68, 0x86, 0x3b, 0x59, 0x74, 0x2e, 0x4e, 0x68, 0x26, 0x55, 0x6d, 0x26,
    0x51, 0x68, 0x24, 0x4d, 0x61, 0x26, 0x49, 0x5a, 0x24, 0x53, 0x63, 0x2f,
    0x59, 0x67, 0x32, 0x4e, 0x60, 0x29, 0x46, 0x5a, 0x23, 0x47, 0x5e, 0x26,
    0x44, 0x5b, 0x23, 0x45, 0x5e, 0x25, 0x4f, 0x6a, 0x30, 0x55, 0x71, 0x38,
    0x53, 0x6d, 0x3a, 0x58, 0x71, 0x41, 0x5c, 0x71, 0x42, 0x4c, 0x5d, 0x32,
    0x53, 0x5e, 0x37, 0x5b, 0x64, 0x3e, 0x62, 0x65, 0x3f, 0x75, 0x71, 0x49,
    0x7b, 0x74, 0x50, 0x5a, 0x50, 0x31, 0x47, 0x39, 0x1c, 0x6a, 0x5a, 0x3b,
    0x64, 0x53, 0x30, 0x62, 0x53, 0x24, 0x92, 0x8c, 0x4c, 0xa0, 0xa9, 0x58,
    0x9c, 0xaf, 0x52, 0x9c, 0xb0, 0x53, 0xa0, 0xac, 0x57, 0xa0, 0xaa, 0x58,
    0x9c, 0xab, 0x51, 0x9a, 0xaa, 0x4f, 0x9b, 0xac, 0x50, 0x9c, 0xac, 0x51,
    0x9a, 0xab, 0x50, 0x9b, 0xab, 0x50, 0x9b, 0xac, 0x4f, 0x9c, 0xad, 0x4f,
    0x9c, 0xac, 0x51, 0x9b, 0xab, 0x51, 0x9a, 0xaa, 0x51, 0x9a, 0xaa, 0x50,
    0x9a, 0xab, 0x4f, 0x9a, 0xa8, 0x50, 0x9a, 0xa8, 0x50, 0x9a, 0xa8, 0x50,
    0x9a, 0xa8, 0x50, 0x9a, 0xa8, 0x50, 0x9a, 0xa8, 0x50, 0x9c, 0xa9, 0x52,
    0x9d, 0xa9, 0x53, 0x9c, 0xa8, 0x52, 0x9b, 0xa7, 0x51, 0x9c, 0xa8, 0x52,
    0x9c, 0xa8, 0x52, 0x9d, 0xa8, 0x52, 0x9f, 0xa6, 0x51, 0xa0, 0xa5, 0x51,
    0xa0, 0xa5, 0x51, 0xa1, 0xa6, 0x52, 0xa2, 0xa7, 0x53, 0xa2, 0xa7, 0x53,
    0xa2, 0xa8, 0x54, 0xa1, 0xa9, 0x56, 0xa1, 0xa9, 0x56, 0xa1, 0xa9, 0x56,
    0xa1, 0xa9, 0x56, 0xa1, 0xa9, 0x56, 0xa1, 0xa9, 0x56, 0xa2, 0xaa, 0x57,
    0xa2, 0xaa, 0x57, 0xa2, 0xaa, 0x57, 0xa2, 0xaa, 0x57, 0xa2, 0xaa, 0x57,
    0xa3, 0xab, 0x58, 0xa5, 0xac, 0x59, 0xa7, 0xac, 0x58, 0xa7, 0xac, 0x58,
    0xa7, 0xac, 0x58, 0xa6, 0xab, 0x57, 0xa6, 0xab, 0x57, 0xa8, 0xad, 0x59,
    0xa8, 0xae, 0x58, 0xa8, 0xae, 0x58, 0xa8, 0xae, 0x58, 0xa7, 0xad, 0x57,
    0xa7, 0xad, 0x57, 0xa7, 0xad, 0x57, 0xa8, 0xad, 0x58, 0xaa, 0xae, 0x59,
    0xa2, 0xb0, 0x58, 0xa2, 0xb0, 0x58, 0xa2, 0xb0, 0x58, 0xa2, 0xb0, 0x58,
    0xa2, 0xb0, 0x58, 0xa2, 0xb0, 0x58, 0xa0, 0xb0, 0x58, 0x9c, 0xac, 0x65,
    0xa6, 0xb5, 0x8d, 0xad, 0xba, 0x9f, 0x87, 0x95, 0x6c, 0x80, 0x8d, 0x4c,
    0xa3, 0xb1, 0x5e, 0xa3, 0xb2, 0x58, 0xa3, 0xb1, 0x58, 0xa3, 0xb1, 0x59,
    0xa1, 0xaf, 0x57, 0xa0, 0xae, 0x56, 0xa0, 0xae, 0x56, 0xa0, 0xae, 0x56,
    0x9f, 0xad, 0x55, 0x9e, 0xac, 0x54, 0x9d, 0xac, 0x54, 0x9e, 0xac, 0x54,
    0x9e, 0xac, 0x54, 0x9e, 0xac, 0x54, 0x9e, 0xac, 0x55, 0x9e, 0xac, 0x55,
    0x9e, 0xac, 0x55, 0x9e, 0xac, 0x55, 0x9e, 0xac, 0x55, 0x9e, 0xac, 0x55,
    0x9f, 0xad, 0x56, 0xa1, 0xaf, 0x58, 0xa1, 0xaf, 0x58, 0xa1, 0xaf, 0x58,
    0xa1, 0xaf, 0x58, 0xa1, 0xaf, 0x58, 0xa1, 0xaf, 0x58, 0xa0, 0xae, 0x57,
    0xa0, 0xae, 0x57, 0xa0, 0xae, 0x57, 0x9f, 0xad, 0x56, 0x9e, 0xac, 0x55,
    0x9e, 0xac, 0x55, 0x9e, 0xac, 0x55, 0x9e, 0xac, 0x54, 0x9e, 0xac, 0x54,
    0x9e, 0xac, 0x54, 0xa0, 0xae, 0x56, 0xa0, 0xae, 0x56, 0xa0, 0xae, 0x56,
    0xa1, 0xaf, 0x55, 0xa3, 0xb0, 0x55, 0xa3, 0xb0, 0x55, 0xa3, 0xb0, 0x55,
    0xa3, 0xb0, 0x55, 0xa3, 0xb0, 0x55, 0xa4, 0xaf, 0x56, 0xa7, 0xae, 0x57,
    0xa9, 0xaf, 0x57, 0xa5, 0xb1, 0x5a, 0xa0, 0xaf, 0x62, 0x82, 0x92, 0x59,
    0x67, 0x78, 0x51, 0x5a, 0x6b, 0x4e, 0x45, 0x55, 0x38, 0x3e, 0x4b, 0x2c,
    0x50, 0x5e, 0x39, 0x5f, 0x73, 0x45, 0x5f, 0x7d, 0x46, 0x50, 0x73, 0x37,
    0x6b, 0x8a, 0x4d, 0x5a, 0x78, 0x39, 0x5a, 0x79, 0x36, 0x54, 0x74, 0x2f,
    0x46, 0x66, 0x1e, 0x5c, 0x7b, 0x31, 0x5a, 0x78, 0x2f, 0x4f, 0x6a, 0x23,
    0x64, 0x81, 0x3a, 0x6a, 0x88, 0x45, 0x65, 0x83, 0x44, 0x61, 0x7f, 0x45,
    0x74, 0x90, 0x5b, 0x7d, 0x9b, 0x66, 0x7f, 0x9c, 0x6a, 0x84, 0x9e, 0x6d,
    0x8e, 0xa5, 0x71, 0x8b, 0xa0, 0x64, 0x93, 0xa8, 0x63, 0xa0, 0xb1, 0x62,
    0xa5, 0xae, 0x5a, 0xa5, 0xae, 0x59, 0xa5, 0xae, 0x59, 0xa6, 0xb0, 0x59,
    0xa5, 0xb0, 0x59, 0xa4, 0xb1, 0x59, 0xa3, 0xb1, 0x58, 0xa3, 0xb1, 0x58,
    0xa3, 0xb1, 0x58, 0xa2, 0xb1, 0x57, 0xa1, 0xaf, 0x56, 0xa1, 0xaf, 0x56,
    0xa1, 0xaf, 0x57, 0xa1, 0xaf, 0x57, 0xa1, 0xaf, 0x57, 0xa1, 0xaf, 0x57,
    0xa1, 0xaf, 0x58, 0xa1, 0xaf, 0x58, 0xa1, 0xaf, 0x59, 0x9f, 0xaf, 0x58,
    0x9c, 0xaf, 0x59, 0x9c, 0xb0, 0x5b, 0x9c, 0xaf, 0x5e, 0x99, 0xad, 0x5f,
    0x90, 0xa4, 0x59, 0x83, 0x9a, 0x52, 0x79, 0x99, 0x54, 0x78, 0x99, 0x58,
    0x71, 0x92, 0x56, 0x7a, 0x9b, 0x61, 0x68, 0x8a, 0x4c, 0x65, 0x87, 0x45,
    0x76, 0x94, 0x50, 0x69, 0x83, 0x3f, 0x62, 0x7c, 0x34, 0x6d, 0x88, 0x3d,
    0x66, 0x81, 0x37, 0x5a, 0x74, 0x2f, 0x4b, 0x64, 0x23, 0x5c, 0x72, 0x2f,
    0x61, 0x76, 0x36, 0x54, 0x67, 0x2d, 0x4a, 0x5a, 0x26, 0x4d, 0x5d, 0x2b,
    0x45, 0x55, 0x22, 0x3f, 0x51, 0x1c, 0x40, 0x55, 0x1d, 0x4c, 0x63, 0x2b,
    0x5b, 0x73, 0x3a, 0x58, 0x70, 0x38, 0x62, 0x7d, 0x44, 0x67, 0x82, 0x4b,
    0x59, 0x71, 0x3f, 0x56, 0x6c, 0x3e, 0x54, 0x68, 0x3c, 0x55, 0x65, 0x3c,
    0x5f, 0x6a, 0x44, 0x56, 0x5e, 0x39, 0x67, 0x67, 0x42, 0x76, 0x6f, 0x48,
    0x6b, 0x60, 0x3d, 0x4e, 0x3e, 0x22, 0x4b, 0x39, 0x1f, 0x6a, 0x56, 0x3c,
    0x89, 0x73, 0x56, 0x7e, 0x69, 0x44, 0x8a, 0x7d, 0x4b, 0xa0, 0xa2, 0x5d,
    0x9d, 0xab, 0x57, 0x9d, 0xac, 0x55, 0x9e, 0xaa, 0x56, 0x9e, 0xa8, 0x54,
    0x9a, 0xab, 0x4b, 0x99, 0xaa, 0x4c, 0x9a, 0xab, 0x4e, 0x9a, 0xaa, 0x4f,
    0x9a, 0xab, 0x4f, 0x9a, 0xab, 0x4e, 0x9a, 0xab, 0x4d, 0x9a, 0xab, 0x4d,
    0x9a, 0xaa, 0x50, 0x9a, 0xa9, 0x51, 0x9a, 0xaa, 0x52, 0x9a, 0xaa, 0x51,
    0x9a, 0xaa, 0x51, 0x9a, 0xa9, 0x4f, 0x9a, 0xa9, 0x4f, 0x9a, 0xa8, 0x4f,
    0x9a, 0xa8, 0x4f, 0x9a, 0xa8, 0x4f, 0x9a, 0xa8, 0x4f, 0x9c, 0xa9, 0x51,
    0x9d, 0xa9, 0x53, 0x9d, 0xa8, 0x52, 0x9c, 0xa7, 0x51, 0x9c, 0xa8, 0x52,
    0x9d, 0xa8, 0x52, 0x9d, 0xa8, 0x52, 0x9f, 0xa6, 0x51, 0xa0, 0xa5, 0x51,
    0xa0, 0xa5, 0x51, 0xa1, 0xa6, 0x52, 0xa2, 0xa7, 0x53, 0xa2, 0xa7, 0x53,
    0xa2, 0xa8, 0x54, 0xa1, 0xa9, 0x56, 0xa1, 0xa9, 0x56, 0xa1, 0xa9, 0x56,
    0xa1, 0xa9, 0x56, 0xa1, 0xa9, 0x56, 0xa1, 0xa9, 0x56, 0xa2, 0xaa, 0x57,
    0xa2, 0xaa, 0x57, 0xa2, 0xaa, 0x57, 0xa2, 0xaa, 0x57, 0xa2, 0xaa, 0x57,
    0xa3, 0xab, 0x58, 0xa4, 0xab, 0x58, 0xa7, 0xac, 0x58, 0xa7, 0xac, 0x58,
    0xa7, 0xac, 0x58, 0xa6, 0xab, 0x57, 0xa6, 0xab, 0x57, 0xa8, 0xad, 0x59,
    0xa8, 0xae, 0x58, 0xa8, 0xae, 0x58, 0xa8, 0xae, 0x58, 0xa7, 0xad, 0x57,
    0xa7, 0xad, 0x57, 0xa7, 0xad, 0x57, 0xa8, 0xad, 0x58, 0xaa, 0xae, 0x59,
    0xa1, 0xb1, 0x58, 0xa1, 0xb1, 0x58, 0xa1, 0xb1, 0x58, 0xa1, 0xb1, 0x58,
    0xa1, 0xb1, 0x58, 0xa1, 0xb1, 0x58, 0xa0, 0xb1, 0x5a, 0x9a, 0xab, 0x63,
    0xa0, 0xb0, 0x82, 0xaa, 0xba, 0x9a, 0x95, 0xa5, 0x7e, 0x7c, 0x8d, 0x4e,
    0x9d, 0xae, 0x59, 0xa3, 0xb3, 0x53, 0xa2, 0xb1, 0x53, 0xa1, 0xaf, 0x57,
    0xa1, 0xaf, 0x5a, 0xa1, 0xaf, 0x59, 0xa1, 0xaf, 0x57, 0xa0, 0xaf, 0x56,
    0x9e, 0xae, 0x56, 0x9d, 0xad, 0x55, 0x9d, 0xac, 0x54, 0x9c, 0xac, 0x54,
    0x9c, 0xac, 0x54, 0x9c, 0xac, 0x54, 0x9c, 0xac, 0x54, 0x9c, 0xac, 0x54,
    0x9c, 0xac, 0x54, 0x9e, 0xad, 0x56, 0x9f, 0xae, 0x56, 0x9f, 0xae, 0x56,
    0x9f, 0xae, 0x57, 0x9f, 0xaf, 0x57, 0x9f, 0xaf, 0x57, 0x9f, 0xaf, 0x57,
    0x9f, 0xaf, 0x57, 0x9f, 0xaf, 0x57, 0x9f, 0xaf, 0x57, 0xa0, 0xae, 0x57,
    0xa0, 0xae, 0x57, 0xa0, 0xae, 0x57, 0x9f, 0xad, 0x56, 0x9e, 0xac, 0x55,
    0x9e, 0xac, 0x55, 0x9e, 0xac, 0x55, 0x9e, 0xac, 0x55, 0x9e, 0xac, 0x55,
    0x9e, 0xac, 0x55, 0xa0, 0xae, 0x56, 0xa0, 0xae, 0x56, 0xa0, 0xae, 0x56,
    0xa1, 0xaf, 0x56, 0xa1, 0xaf, 0x56, 0xa1, 0xb0, 0x56, 0xa1, 0xb0, 0x56,
    0xa1, 0xb0, 0x56, 0xa1, 0xaf, 0x56, 0xa2, 0xaf, 0x57, 0xa3, 0xaf, 0x55,
    0xa4, 0xaf, 0x50, 0xa4, 0xb0, 0x4c, 0xa5, 0xb2, 0x58, 0x95, 0xa2, 0x5e,
    0x69, 0x77, 0x4c, 0x6a, 0x7a, 0x5c, 0x58, 0x67, 0x4c, 0x4c, 0x5b, 0x3e,
    0x4f, 0x5e, 0x3d, 0x59, 0x6b, 0x43, 0x5b, 0x72, 0x40, 0x54, 0x6e, 0x36,
    0x5b, 0x75, 0x3e, 0x4a, 0x65, 0x2b, 0x60, 0x7f, 0x41, 0x52, 0x75, 0x31,
    0x5e, 0x81, 0x39, 0x7f, 0xa0, 0x55, 0x74, 0x91, 0x48, 0x6d, 0x87, 0x41,
    0x86, 0xa2, 0x5c, 0x7d, 0x9a, 0x57, 0x67, 0x86, 0x46, 0x68, 0x87, 0x4a,
    0x72, 0x91, 0x56, 0x76, 0x93, 0x5c, 0x68, 0x84, 0x50, 0x70, 0x8c, 0x58,
    0x8f, 0xaa, 0x75, 0x84, 0x9f, 0x67, 0x7f, 0x99, 0x5e, 0x90, 0xa8, 0x65,
    0x9b, 0xab, 0x5e, 0x9e, 0xad, 0x5d, 0xa1, 0xae, 0x5c, 0xa4, 0xb1, 0x5b,
    0xa5, 0xb1, 0x59, 0xa5, 0xb0, 0x57, 0xa1, 0xae, 0x54, 0xa3, 0xb1, 0x56,
    0xa3, 0xb1, 0x56, 0xa3, 0xb1, 0x56, 0xa1, 0xae, 0x55, 0xa2, 0xb0, 0x55,
    0xa2, 0xaf, 0x55, 0xa1, 0xae, 0x53, 0xa3, 0xb0, 0x56, 0xa1, 0xae, 0x56,
    0xa2, 0xaf, 0x59, 0xa1, 0xae, 0x59, 0xa2, 0xae, 0x5b, 0x9f, 0xad, 0x5b,
    0x9e, 0xae, 0x5e, 0x9d, 0xae, 0x63, 0x96, 0xa9, 0x63, 0x88, 0x9e, 0x5d,
    0x77, 0x8f, 0x52, 0x6d, 0x89, 0x4c, 0x72, 0x94, 0x51, 0x72, 0x95, 0x51,
    0x7b, 0x9f, 0x5b, 0x78, 0x9b, 0x56, 0x6a, 0x8e, 0x46, 0x71, 0x95, 0x4b,
    0x7d, 0x9b, 0x54, 0x6f, 0x85, 0x42, 0x62, 0x78, 0x34, 0x71, 0x87, 0x44,
    0x6c, 0x83, 0x41, 0x5e, 0x74, 0x34, 0x51, 0x66, 0x28, 0x5c, 0x6e, 0x33,
    0x53, 0x65, 0x2b, 0x44, 0x55, 0x1e, 0x39, 0x4b, 0x16, 0x3c, 0x4e, 0x1a,
    0x47, 0x59, 0x26, 0x50, 0x65, 0x30, 0x52, 0x6a, 0x32, 0x6a, 0x82, 0x49,
    0x67, 0x80, 0x46, 0x56, 0x6f, 0x37, 0x5b, 0x74, 0x3f, 0x5e, 0x76, 0x45,
    0x54, 0x67, 0x3c, 0x56, 0x69, 0x3e, 0x4f, 0x65, 0x3a, 0x54, 0x69, 0x3f,
    0x56, 0x65, 0x3e, 0x55, 0x5e, 0x39, 0x6b, 0x69, 0x48, 0x74, 0x64, 0x46,
    0x67, 0x55, 0x37, 0x65, 0x52, 0x35, 0x5e, 0x49, 0x2b, 0x78, 0x61, 0x43,
    0xa7, 0x8e, 0x71, 0xa3, 0x87, 0x6f, 0x9c, 0x82, 0x65, 0xa6, 0x96, 0x69,
    0xa8, 0xa4, 0x64, 0xa0, 0xa7, 0x57, 0x9b, 0xaa, 0x4f, 0x9a, 0xac, 0x4d,
    0x9b, 0xab, 0x4e, 0x9a, 0xa8, 0x53, 0x9a, 0xa8, 0x57, 0x9b, 0xa8, 0x56,
    0x9a, 0xa8, 0x4f, 0x9a, 0xaa, 0x47, 0x9a, 0xa9, 0x4b, 0x9a, 0xa9, 0x4f,
    0x9a, 0xa8, 0x50, 0x9a, 0xa8, 0x50, 0x9a, 0xa8, 0x50, 0x9a, 0xa8, 0x50,
    0x9a, 0xa9, 0x50, 0x9a, 0xa9, 0x4d, 0x9a, 0xa9, 0x4d, 0x9a, 0xa9, 0x4d,
    0x99, 0xa8, 0x4c, 0x99, 0xa8, 0x4c, 0x99, 0xa8, 0x4c, 0x9b, 0xa7, 0x4e,
    0x9d, 0xa6, 0x50, 0x9d, 0xa6, 0x50, 0x9c, 0xa6, 0x4f, 0x9c, 0xa6, 0x50,
    0x9d, 0xa6, 0x50, 0x9d, 0xa6, 0x50, 0x9d, 0xa5, 0x50, 0x9e, 0xa5, 0x50,
    0x9e, 0xa5, 0x50, 0x9f, 0xa6, 0x51, 0x9f, 0xa6, 0x51, 0x9f, 0xa6, 0x51,
    0xa0, 0xa7, 0x52, 0xa0, 0xa8, 0x54, 0xa0, 0xa8, 0x54, 0xa0, 0xa8, 0x54,
    0xa0, 0xa8, 0x54, 0xa0, 0xa8, 0x54, 0xa0, 0xa8, 0x54, 0xa1, 0xa9, 0x55,
    0xa1, 0xa9, 0x56, 0xa1, 0xa9, 0x56, 0xa2, 0xaa, 0x57, 0xa2, 0xaa, 0x57,
    0xa2, 0xaa, 0x57, 0xa3, 0xab, 0x57, 0xa4, 0xac, 0x57, 0xa4, 0xac, 0x57,
    0xa4, 0xac, 0x57, 0xa5, 0xad, 0x58, 0xa5, 0xad, 0x58, 0xa6, 0xad, 0x58,
    0xa6, 0xac, 0x58, 0xa7, 0xac, 0x58, 0xa7, 0xac, 0x58, 0xa8, 0xad, 0x59,
    0xa8, 0xad, 0x59, 0xa8, 0xad, 0x59, 0xa8, 0xad, 0x58, 0xa8, 0xad, 0x57,
    0xa1, 0xb1, 0x58, 0xa1, 0xb1, 0x58, 0xa1, 0xb1, 0x58, 0xa1, 0xb1, 0x58,
    0xa1, 0xb1, 0x58, 0xa1, 0xb1, 0x58, 0x9f, 0xb0, 0x59, 0x9d, 0xaf, 0x66,
    0x9f, 0xb0, 0x7e, 0xaf, 0xc0, 0x9f, 0x97, 0xa8, 0x81, 0x76, 0x87, 0x4b,
    0x9b, 0xad, 0x5a, 0xa2, 0xb3, 0x51, 0xa2, 0xb1, 0x51, 0xa1, 0xaf, 0x56,
    0xa0, 0xad, 0x5a, 0xa0, 0xae, 0x59, 0xa0, 0xae, 0x56, 0x9f, 0xaf, 0x55,
    0x9e, 0xae, 0x56, 0x9d, 0xad, 0x55, 0x9c, 0xac, 0x54, 0x9c, 0xac, 0x54,
    0x9c, 0xac, 0x54, 0x9c, 0xac, 0x54, 0x9c, 0xac, 0x54, 0x9c, 0xac, 0x54,
    0x9c, 0xac, 0x54, 0x9d, 0xad, 0x55, 0x9e, 0xae, 0x56, 0x9e, 0xae, 0x56,
    0x9e, 0xae, 0x56, 0x9e, 0xae, 0x56, 0x9e, 0xae, 0x56, 0x9e, 0xae, 0x56,
    0x9e, 0xae, 0x56, 0x9e, 0xae, 0x56, 0x9e, 0xae, 0x56, 0x9f, 0xad, 0x56,
    0x9f, 0xad, 0x56, 0x9f, 0xad, 0x56, 0x9f, 0xad, 0x56, 0x9e, 0xac, 0x55,
    0x9e, 0xac, 0x55, 0x9e, 0xac, 0x55, 0x9e, 0xac, 0x55, 0x9e, 0xac, 0x55,
    0x9e, 0xac, 0x55, 0x9f, 0xad, 0x56, 0x9f, 0xad, 0x56, 0x9f, 0xad, 0x56,
    0xa0, 0xae, 0x57, 0xa1, 0xaf, 0x57, 0xa1, 0xaf, 0x57, 0xa1, 0xaf, 0x57,
    0xa1, 0xaf, 0x57, 0xa1, 0xaf, 0x57, 0xa1, 0xaf, 0x57, 0xa1, 0xb0, 0x54,
    0xa3, 0xb0, 0x4e, 0xa4, 0xb0, 0x4b, 0xa4, 0xb0, 0x53, 0xa0, 0xac, 0x63,
    0x71, 0x7e, 0x49, 0x69, 0x79, 0x53, 0x62, 0x72, 0x54, 0x5c, 0x6c, 0x4f,
    0x50, 0x60, 0x41, 0x52, 0x63, 0x3e, 0x55, 0x68, 0x3c, 0x4b, 0x5f, 0x2d,
    0x4f, 0x65, 0x32, 0x52, 0x6c, 0x35, 0x76, 0x95, 0x59, 0x71, 0x95, 0x52,
    0x65, 0x89, 0x42, 0x77, 0x99, 0x4f, 0x74, 0x91, 0x48, 0x66, 0x81, 0x3a,
    0x71, 0x8c, 0x46, 0x69, 0x86, 0x41, 0x59, 0x77, 0x35, 0x65, 0x84, 0x44,
    0x6f, 0x8e, 0x4f, 0x6d, 0x8b, 0x50, 0x67, 0x84, 0x4b, 0x7a, 0x97, 0x5f,
    0x80, 0x9d, 0x65, 0x7b, 0x98, 0x5f, 0x75, 0x92, 0x5a, 0x83, 0x9d, 0x60,
    0x87, 0x9c, 0x54, 0x8d, 0xa1, 0x56, 0x9a, 0xab, 0x5d, 0xa1, 0xb0, 0x5f,
    0xa3, 0xb0, 0x5c, 0xa4, 0xb1, 0x5b, 0xa1, 0xb0, 0x58, 0xa3, 0xb2, 0x59,
    0xa0, 0xaf, 0x57, 0x9f, 0xae, 0x56, 0xa0, 0xaf, 0x58, 0xa2, 0xb1, 0x59,
    0x9f, 0xae, 0x56, 0xa0, 0xaf, 0x56, 0xa0, 0xaf, 0x57, 0x9f, 0xae, 0x57,
    0x9e, 0xad, 0x59, 0xa0, 0xae, 0x5d, 0xa0, 0xae, 0x5f, 0x9c, 0xab, 0x5e,
    0x9a, 0xaa, 0x61, 0x91, 0xa4, 0x5d, 0x84, 0x9a, 0x59, 0x85, 0x9f, 0x61,
    0x75, 0x91, 0x58, 0x67, 0x85, 0x4b, 0x6b, 0x8e, 0x4b, 0x69, 0x8c, 0x48,
    0x77, 0x9b, 0x53, 0x6c, 0x90, 0x46, 0x68, 0x8d, 0x40, 0x76, 0x9b, 0x4e,
    0x73, 0x90, 0x47, 0x66, 0x7b, 0x39, 0x5e, 0x73, 0x32, 0x63, 0x78, 0x38,
    0x5a, 0x6e, 0x30, 0x4d, 0x61, 0x25, 0x47, 0x5a, 0x1e, 0x47, 0x57, 0x20,
    0x3f, 0x4f, 0x18, 0x3e, 0x4f, 0x18, 0x3f, 0x52, 0x1d, 0x51, 0x65, 0x30,
    0x5f, 0x73, 0x40, 0x5b, 0x72, 0x3d, 0x52, 0x6b, 0x34, 0x5b, 0x74, 0x3a,
    0x53, 0x6c, 0x32, 0x47, 0x60, 0x28, 0x47, 0x5f, 0x2c, 0x49, 0x60, 0x32,
    0x4d, 0x5e, 0x36, 0x53, 0x66, 0x3e, 0x4a, 0x61, 0x37, 0x4e, 0x64, 0x3a,
    0x4a, 0x5a, 0x33, 0x57, 0x60, 0x3b, 0x67, 0x63, 0x42, 0x63, 0x50, 0x35,
    0x63, 0x4f, 0x32, 0x77, 0x62, 0x45, 0x79, 0x62, 0x43, 0x87, 0x6e, 0x4f,
    0xa5, 0x8c, 0x6e, 0xad, 0x90, 0x7b, 0x9d, 0x7f, 0x69, 0xad, 0x95, 0x72,
    0xb4, 0xa5, 0x6f, 0xa3, 0xa2, 0x5a, 0x9d, 0xa8, 0x51, 0x99, 0xab, 0x4d,
    0x9b, 0xa9, 0x51, 0x9c, 0xaa, 0x56, 0x99, 0xa6, 0x57, 0x9a, 0xa7, 0x56,
    0x9a, 0xa9, 0x4e, 0x9a, 0xaa, 0x47, 0x9a, 0xa9, 0x4b, 0x9a, 0xa8, 0x50,
    0x9a, 0xa8, 0x50, 0x9a, 0xa8, 0x50, 0x9a, 0xa8, 0x50, 0x9a, 0xa8, 0x50,
    0x9a, 0xa9, 0x4f, 0x9a, 0xa9, 0x4d, 0x9a, 0xa9, 0x4c, 0x9a, 0xa9, 0x4c,
    0x99, 0xa8, 0x4b, 0x99, 0xa8, 0x4b, 0x99, 0xa8, 0x4b, 0x9b, 0xa6, 0x4d,
    0x9d, 0xa5, 0x4f, 0x9d, 0xa5, 0x4f, 0x9d, 0xa5, 0x4f, 0x9d, 0xa5, 0x4f,
    0x9d, 0xa5, 0x4f, 0x9d, 0xa5, 0x4f, 0x9d, 0xa5, 0x50, 0x9d, 0xa5, 0x50,
    0x9d, 0xa5, 0x50, 0x9e, 0xa6, 0x51, 0x9e, 0xa6, 0x51, 0x9e, 0xa6, 0x51,
    0x9f, 0xa7, 0x52, 0xa0, 0xa8, 0x53, 0xa0, 0xa8, 0x53, 0xa0, 0xa8, 0x53,
    0xa0, 0xa8, 0x53, 0xa0, 0xa8, 0x53, 0xa0, 0xa8, 0x53, 0xa1, 0xa9, 0x55,
    0xa1, 0xa9, 0x56, 0xa1, 0xa9, 0x56, 0xa2, 0xaa, 0x57, 0xa2, 0xaa, 0x57,
    0xa2, 0xaa, 0x57, 0xa2, 0xaa, 0x57, 0xa3, 0xab, 0x56, 0xa3, 0xab, 0x56,
    0xa3, 0xab, 0x56, 0xa4, 0xac, 0x57, 0xa4, 0xac, 0x57, 0xa4, 0xac, 0x57,
    0xa5, 0xab, 0x57, 0xa6, 0xab, 0x57, 0xa6, 0xab, 0x57, 0xa7, 0xac, 0x58,
    0xa7, 0xac, 0x58, 0xa7, 0xac, 0x58, 0xa7, 0xac, 0x58, 0xa7, 0xad, 0x57,
    0xa1, 0xb1, 0x58, 0xa1, 0xb1, 0x58, 0xa1, 0xb1, 0x58, 0xa1, 0xb1, 0x58,
    0xa1, 0xb1, 0x58, 0xa1, 0xb1, 0x58, 0xa1, 0xb2, 0x5a, 0x9d, 0xaf, 0x64,
    0x9e, 0xaf, 0x7b, 0xb1, 0xc2, 0x9f, 0x99, 0xaa, 0x84, 0x81, 0x92, 0x58,
    0x9a, 0xab, 0x5b, 0xa1, 0xb1, 0x52, 0xa1, 0xb0, 0x52, 0xa0, 0xae, 0x56,
    0xa0, 0xad, 0x59, 0xa0, 0xae, 0x58, 0xa0, 0xae, 0x56, 0x9f, 0xae, 0x55,
    0x9d, 0xad, 0x55, 0x9c, 0xac, 0x54, 0x9c, 0xac, 0x54, 0x9c, 0xac, 0x54,
    0x9c, 0xac, 0x54, 0x9c, 0xac, 0x54, 0x9c, 0xac, 0x54, 0x9c, 0xac, 0x54,
    0x9c, 0xac, 0x54, 0x9d, 0xad, 0x55, 0x9e, 0xae, 0x56, 0x9e, 0xae, 0x56,
    0x9e, 0xae, 0x56, 0x9e, 0xae, 0x56, 0x9e, 0xae, 0x56, 0x9e, 0xae, 0x56,
    0x9e, 0xae, 0x56, 0x9e, 0xae, 0x56, 0x9e, 0xae, 0x56, 0x9f, 0xad, 0x56,
    0x9f, 0xad, 0x56, 0x9f, 0xad, 0x56, 0x9f, 0xad, 0x56, 0x9e, 0xac, 0x55,
    0x9e, 0xac, 0x55, 0x9e, 0xac, 0x55, 0x9e, 0xac, 0x55, 0x9e, 0xac, 0x55,
    0x9e, 0xac, 0x55, 0x9f, 0xad, 0x56, 0x9f, 0xad, 0x56, 0x9f, 0xad, 0x56,
    0xa0, 0xae, 0x57, 0xa1, 0xaf, 0x57, 0xa1, 0xaf, 0x57, 0xa1, 0xaf, 0x57,
    0xa1, 0xaf, 0x57, 0xa1, 0xaf, 0x57, 0xa1, 0xaf, 0x57, 0xa1, 0xb0, 0x55,
    0xa3, 0xb0, 0x51, 0xa4, 0xb0, 0x50, 0xa3, 0xaf, 0x55, 0x9f, 0xab, 0x5d,
    0x88, 0x97, 0x55, 0x72, 0x83, 0x52, 0x5d, 0x6e, 0x4b, 0x5f, 0x70, 0x50,
    0x55, 0x65, 0x46, 0x4a, 0x5b, 0x38, 0x42, 0x54, 0x2c, 0x46, 0x59, 0x2c,
    0x5a, 0x6f, 0x3e, 0x62, 0x7b, 0x46, 0x69, 0x87, 0x4c, 0x75, 0x98, 0x56,
    0x5f, 0x82, 0x3c, 0x67, 0x88, 0x40, 0x5f, 0x7d, 0x33, 0x5c, 0x77, 0x2e,
    0x73, 0x8e, 0x46, 0x63, 0x80, 0x39, 0x63, 0x81, 0x3c, 0x7f, 0x9d, 0x5a,
    0x77, 0x96, 0x54, 0x66, 0x84, 0x47, 0x71, 0x8f, 0x53, 0x72, 0x8f, 0x54,
    0x75, 0x93, 0x57, 0x6d, 0x8b, 0x4f, 0x79, 0x97, 0x5b, 0x8b, 0xa6, 0x68,
    0x75, 0x8c, 0x47, 0x69, 0x7f, 0x38, 0x88, 0x9c, 0x53, 0x94, 0xa7, 0x5b,
    0x9a, 0xab, 0x5d, 0x9d, 0xae, 0x5d, 0x9d, 0xaf, 0x5d, 0x9f, 0xb2, 0x5f,
    0x9b, 0xae, 0x5b, 0x9c, 0xae, 0x5c, 0x9f, 0xb1, 0x5f, 0xa0, 0xb2, 0x60,
    0x9e, 0xb0, 0x5e, 0x9d, 0xaf, 0x5c, 0x9d, 0xaf, 0x5d, 0x9d, 0xaf, 0x5e,
    0x9c, 0xae, 0x60, 0xa1, 0xb2, 0x66, 0x9f, 0xb0, 0x65, 0x94, 0xa6, 0x5d,
    0x82, 0x95, 0x4e, 0x7d, 0x93, 0x4e, 0x81, 0x9b, 0x59, 0x84, 0xa1, 0x60,
    0x74, 0x94, 0x56, 0x77, 0x97, 0x5a, 0x6a, 0x8c, 0x4a, 0x62, 0x83, 0x3f,
    0x71, 0x93, 0x4d, 0x64, 0x87, 0x3e, 0x60, 0x84, 0x39, 0x68, 0x8b, 0x40,
    0x63, 0x7f, 0x38, 0x56, 0x6b, 0x2a, 0x52, 0x67, 0x27, 0x54, 0x69, 0x2a,
    0x4b, 0x5f, 0x22, 0x44, 0x58, 0x1d, 0x3e, 0x51, 0x18, 0x47, 0x58, 0x21,
    0x4f, 0x5f, 0x28, 0x49, 0x5a, 0x24, 0x48, 0x5b, 0x26, 0x53, 0x66, 0x32,
    0x4e, 0x63, 0x30, 0x43, 0x5a, 0x26, 0x3e, 0x56, 0x21, 0x41, 0x59, 0x20,
    0x3e, 0x56, 0x1d, 0x3c, 0x54, 0x1c, 0x43, 0x5a, 0x27, 0x42, 0x57, 0x2a,
    0x48, 0x59, 0x31, 0x4d, 0x5f, 0x37, 0x4c, 0x5f, 0x36, 0x4d, 0x61, 0x38,
    0x46, 0x54, 0x2d, 0x57, 0x5d, 0x39, 0x5e, 0x58, 0x39, 0x5b, 0x48, 0x2d,
    0x6a, 0x56, 0x39, 0x87, 0x71, 0x54, 0x8b, 0x74, 0x55, 0xa0, 0x87, 0x68,
    0xb5, 0x9c, 0x7e, 0xbd, 0xa1, 0x88, 0xb5, 0x98, 0x7f, 0xc3, 0xa9, 0x86,
    0xc5, 0xb3, 0x81, 0xb4, 0xae, 0x6e, 0xa2, 0xa4, 0x59, 0x9d, 0xa7, 0x55,
    0x9b, 0xa9, 0x54, 0x9d, 0xab, 0x55, 0x99, 0xa7, 0x50, 0x9a, 0xa8, 0x4f,
    0x9a, 0xa9, 0x4d, 0x9a, 0xaa, 0x4a, 0x9a, 0xa9, 0x4e, 0x9a, 0xa8, 0x50,
    0x9a, 0xa8, 0x50, 0x9a, 0xa8, 0x50, 0x9a, 0xa8, 0x50, 0x9a, 0xa8, 0x50,
    0x9a, 0xa9, 0x4f, 0x9a, 0xa9, 0x4d, 0x9a, 0xa9, 0x4c, 0x9a, 0xa9, 0x4c,
    0x99, 0xa8, 0x4b, 0x99, 0xa8, 0x4b, 0x99, 0xa8, 0x4b, 0x9b, 0xa6, 0x4d,
    0x9d, 0xa5, 0x4f, 0x9d, 0xa5, 0x4f, 0x9d, 0xa5, 0x4f, 0x9d, 0xa5, 0x4f,
    0x9d, 0xa5, 0x4f, 0x9d, 0xa5, 0x4f, 0x9d, 0xa5, 0x50, 0x9d, 0xa5, 0x50,
    0x9d, 0xa5, 0x50, 0x9e, 0xa6, 0x51, 0x9e, 0xa6, 0x51, 0x9e, 0xa6, 0x51,
    0x9f, 0xa7, 0x52, 0xa0, 0xa8, 0x53, 0xa0, 0xa8, 0x53, 0xa0, 0xa8, 0x53,
    0xa0, 0xa8, 0x53, 0xa0, 0xa8, 0x53, 0xa0, 0xa8, 0x53, 0xa1, 0xa9, 0x55,
    0xa1, 0xa9, 0x56, 0xa1, 0xa9, 0x56, 0xa2, 0xaa, 0x57, 0xa2, 0xaa, 0x57,
    0xa2, 0xaa, 0x57, 0xa2, 0xaa, 0x57, 0xa3, 0xab, 0x56, 0xa3, 0xab, 0x56,
    0xa3, 0xab, 0x56, 0xa4, 0xac, 0x57, 0xa4, 0xac, 0x57, 0xa4, 0xac, 0x57,
    0xa5, 0xab, 0x57, 0xa6, 0xab, 0x57, 0xa6, 0xab, 0x57, 0xa7, 0xac, 0x58,
    0xa7, 0xac, 0x58, 0xa7, 0xac, 0x58, 0xa7, 0xac, 0x58, 0xa7, 0xad, 0x57,
    0xa1, 0xb1, 0x58, 0xa1, 0xb1, 0x58, 0xa1, 0xb1, 0x58, 0xa1, 0xb1, 0x58,
    0xa1, 0xb1, 0x58, 0xa1, 0xb1, 0x58, 0xa0, 0xb1, 0x58, 0x9c, 0xaf, 0x61,
    0x97, 0xa9, 0x72, 0xa3, 0xb5, 0x8f, 0xa2, 0xb3, 0x8d, 0x83, 0x93, 0x5c,
    0x96, 0xa6, 0x5c, 0xa1, 0xb0, 0x55, 0xa0, 0xaf, 0x54, 0x9f, 0xad, 0x56,
    0x9f, 0xad, 0x57, 0x9f, 0xad, 0x57, 0x9f, 0xad, 0x55, 0x9e, 0xad, 0x55,
    0x9c, 0xac, 0x54, 0x9b, 0xab, 0x53, 0x9b, 0xab, 0x53, 0x9c, 0xac, 0x54,
    0x9c, 0xac, 0x54, 0x9c, 0xac, 0x54, 0x9c, 0xac, 0x54, 0x9c, 0xac, 0x54,
    0x9c, 0xac, 0x54, 0x9d, 0xad, 0x55, 0x9d, 0xad, 0x55, 0x9d, 0xad, 0x55,
    0x9d, 0xad, 0x55, 0x9d, 0xad, 0x55, 0x9d, 0xad, 0x55, 0x9d, 0xad, 0x55,
    0x9d, 0xad, 0x55, 0x9d, 0xad, 0x55, 0x9d, 0xad, 0x55, 0x9e, 0xac, 0x55,
    0x9e, 0xac, 0x55, 0x9e, 0xac, 0x55, 0x9e, 0xac, 0x55, 0x9e, 0xac, 0x55,
    0x9e, 0xac, 0x55, 0x9e, 0xac, 0x55, 0x9e, 0xac, 0x55, 0x9e, 0xac, 0x55,
    0x9e, 0xac, 0x55, 0x9e, 0xac, 0x55, 0x9e, 0xac, 0x55, 0x9e, 0xac, 0x55,
    0xa0, 0xae, 0x56, 0xa1, 0xaf, 0x57, 0xa1, 0xaf, 0x57, 0xa1, 0xaf, 0x57,
    0xa1, 0xaf, 0x57, 0xa1, 0xaf, 0x57, 0xa1, 0xaf, 0x57, 0xa1, 0xb0, 0x55,
    0xa3, 0xaf, 0x55, 0xa4, 0xae, 0x56, 0xa4, 0xae, 0x58, 0xa1, 0xae, 0x5a,
    0x98, 0xaa, 0x58, 0x79, 0x8c, 0x4e, 0x5f, 0x71, 0x49, 0x58, 0x69, 0x46,
    0x52, 0x63, 0x42, 0x42, 0x53, 0x33, 0x42, 0x53, 0x30, 0x5c, 0x6d, 0x47,
    0x5c, 0x6f, 0x41, 0x65, 0x7d, 0x4a, 0x58, 0x76, 0x3c, 0x65, 0x87, 0x48,
    0x4e, 0x70, 0x2c, 0x5d, 0x7d, 0x37, 0x58, 0x73, 0x2c, 0x73, 0x8d, 0x43,
    0x89, 0xa3, 0x5a, 0x78, 0x93, 0x4c, 0x70, 0x8d, 0x45, 0x7e, 0x9c, 0x56,
    0x75, 0x94, 0x4e, 0x65, 0x84, 0x42, 0x76, 0x95, 0x55, 0x77, 0x96, 0x55,
    0x69, 0x87, 0x47, 0x6b, 0x8a, 0x4a, 0x7f, 0x9d, 0x5d, 0x82, 0x9f, 0x5f,
    0x76, 0x8f, 0x4e, 0x79, 0x91, 0x50, 0x8f, 0xa6, 0x62, 0x82, 0x99, 0x53,
    0x7f, 0x95, 0x4d, 0x91, 0xa6, 0x5c, 0x91, 0xa7, 0x5c, 0x91, 0xa6, 0x5b,
    0x97, 0xad, 0x62, 0x98, 0xad, 0x63, 0x97, 0xac, 0x62, 0x99, 0xae, 0x64,
    0x98, 0xad, 0x62, 0x96, 0xac, 0x61, 0x9b, 0xb1, 0x66, 0x9b, 0xb1, 0x68,
    0x90, 0xa6, 0x5e, 0x91, 0xa6, 0x60, 0x90, 0xa5, 0x60, 0x84, 0x99, 0x55,
    0x7a, 0x93, 0x4e, 0x69, 0x83, 0x40, 0x79, 0x95, 0x52, 0x79, 0x98, 0x55,
    0x7a, 0x9d, 0x59, 0x7c, 0x9f, 0x5b, 0x6a, 0x8a, 0x47, 0x6c, 0x8b, 0x47,
    0x79, 0x99, 0x54, 0x64, 0x84, 0x3e, 0x5b, 0x7b, 0x33, 0x64, 0x84, 0x3c,
    0x66, 0x80, 0x3d, 0x55, 0x6a, 0x2b, 0x51, 0x65, 0x27, 0x5a, 0x6e, 0x31,
    0x54, 0x68, 0x2d, 0x4c, 0x5f, 0x26, 0x42, 0x55, 0x1d, 0x4e, 0x5f, 0x28,
    0x4b, 0x5c, 0x25, 0x40, 0x53, 0x1b, 0x3e, 0x52, 0x1c, 0x43, 0x57, 0x22,
    0x41, 0x57, 0x23, 0x40, 0x57, 0x23, 0x44, 0x5b, 0x27, 0x51, 0x68, 0x31,
    0x51, 0x68, 0x30, 0x4d, 0x64, 0x2d, 0x56, 0x6c, 0x3b, 0x4c, 0x61, 0x34,
    0x4a, 0x5b, 0x34, 0x4b, 0x5b, 0x34, 0x4e, 0x5d, 0x37, 0x4d, 0x5b, 0x34,
    0x4c, 0x56, 0x30, 0x54, 0x57, 0x34, 0x55, 0x4e, 0x2e, 0x5d, 0x4a, 0x2f,
    0x74, 0x60, 0x43, 0x88, 0x73, 0x56, 0x94, 0x7c, 0x5e, 0xa0, 0x87, 0x68,
    0xbd, 0xa4, 0x85, 0xcd, 0xb3, 0x96, 0xc6, 0xab, 0x8d, 0xc6, 0xac, 0x89,
    0xda, 0xc3, 0x98, 0xd6, 0xc6, 0x93, 0xb6, 0xae, 0x73, 0xa2, 0xa3, 0x61,
    0x9c, 0xa8, 0x5a, 0x9c, 0xaa, 0x54, 0x99, 0xa9, 0x4b, 0x9a, 0xaa, 0x48,
    0x9a, 0xa9, 0x4a, 0x9a, 0xa9, 0x4f, 0x9a, 0xa8, 0x50, 0x9a, 0xa8, 0x50,
    0x9a, 0xa8, 0x50, 0x9a, 0xa8, 0x50, 0x9a, 0xa8, 0x50, 0x9a, 0xa8, 0x50,
    0x9a, 0xa9, 0x4f, 0x9a, 0xa9, 0x4d, 0x9a, 0xa9, 0x4c, 0x9a, 0xa9, 0x4c,
    0x99, 0xa8, 0x4b, 0x99, 0xa8, 0x4b, 0x99, 0xa8, 0x4b, 0x9b, 0xa6, 0x4d,
    0x9d, 0xa5, 0x4f, 0x9d, 0xa5, 0x4f, 0x9d, 0xa5, 0x4f, 0x9d, 0xa5, 0x4f,
    0x9d, 0xa5, 0x4f, 0x9d, 0xa5, 0x4f, 0x9d, 0xa5, 0x50, 0x9d, 0xa5, 0x50,
    0x9d, 0xa5, 0x50, 0x9e, 0xa6, 0x51, 0x9e, 0xa6, 0x51, 0x9e, 0xa6, 0x51,
    0x9f, 0xa7, 0x52, 0xa0, 0xa8, 0x53, 0xa0, 0xa8, 0x53, 0xa0, 0xa8, 0x53,
    0xa0, 0xa8, 0x53, 0xa0, 0xa8, 0x53, 0xa0, 0xa8, 0x53, 0xa1, 0xa9, 0x55,
    0xa1, 0xa9, 0x56, 0xa1, 0xa9, 0x56, 0xa2, 0xaa, 0x57, 0xa2, 0xaa, 0x57,
    0xa2, 0xaa, 0x57, 0xa2, 0xaa, 0x56, 0xa2, 0xaa, 0x55, 0xa2, 0xaa, 0x55,
    0xa2, 0xaa, 0x55, 0xa3, 0xab, 0x56, 0xa3, 0xab, 0x56, 0xa3, 0xab, 0x56,
    0xa4, 0xaa, 0x56, 0xa5, 0xaa, 0x56, 0xa5, 0xaa, 0x56, 0xa6, 0xab, 0x57,
    0xa6, 0xab, 0x57, 0xa6, 0xab, 0x57, 0xa6, 0xac, 0x57, 0xa7, 0xad, 0x57,
    0xa1, 0xb1, 0x58, 0xa1, 0xb1, 0x58, 0xa1, 0xb1, 0x58, 0xa1, 0xb1, 0x58,
    0xa1, 0xb1, 0x58, 0xa1, 0xb1, 0x58, 0x9f, 0xb1, 0x57, 0x9c, 0xb0, 0x5d,
    0x92, 0xa5, 0x6a, 0xac, 0xbe, 0x95, 0xa8, 0xb9, 0x94, 0x86, 0x96, 0x63,
    0x92, 0xa1, 0x5e, 0x9f, 0xad, 0x59, 0xa0, 0xae, 0x56, 0x9f, 0xad, 0x55,
    0x9e, 0xac, 0x55, 0x9e, 0xac, 0x55, 0x9e, 0xac, 0x55, 0x9d, 0xac, 0x54,
    0x9c, 0xac, 0x54, 0x9b, 0xab, 0x53, 0x9a, 0xaa, 0x52, 0x9c, 0xac, 0x54,
    0x9c, 0xac, 0x54, 0x9c, 0xac, 0x54, 0x9c, 0xac, 0x54, 0x9c, 0xac, 0x54,
    0x9c, 0xac, 0x54, 0x9c, 0xac, 0x54, 0x9c, 0xac, 0x54, 0x9c, 0xac, 0x54,
    0x9c, 0xac, 0x54, 0x9c, 0xac, 0x54, 0x9c, 0xac, 0x54, 0x9c, 0xac, 0x54,
    0x9c, 0xac, 0x54, 0x9c, 0xac, 0x54, 0x9c, 0xac, 0x54, 0x9d, 0xab, 0x54,
    0x9d, 0xab, 0x54, 0x9d, 0xab, 0x54, 0x9d, 0xab, 0x54, 0x9e, 0xac, 0x55,
    0x9e, 0xac, 0x55, 0x9e, 0xac, 0x55, 0x9e, 0xac, 0x55, 0x9e, 0xac, 0x55,
    0x9e, 0xac, 0x55, 0x9d, 0xab, 0x54, 0x9d, 0xab, 0x54, 0x9d, 0xab, 0x54,
    0x9f, 0xad, 0x56, 0xa1, 0xaf, 0x57, 0xa1, 0xaf, 0x57, 0xa1, 0xaf, 0x57,
    0xa1, 0xaf, 0x57, 0xa1, 0xaf, 0x57, 0xa1, 0xaf, 0x57, 0xa1, 0xb0, 0x56,
    0xa3, 0xaf, 0x57, 0xa4, 0xad, 0x59, 0xa2, 0xad, 0x58, 0xa0, 0xae, 0x55,
    0x9f, 0xb3, 0x55, 0x84, 0x99, 0x51, 0x64, 0x77, 0x4c, 0x51, 0x62, 0x3e,
    0x44, 0x54, 0x36, 0x33, 0x43, 0x27, 0x40, 0x50, 0x31, 0x4f, 0x60, 0x3f,
    0x51, 0x62, 0x39, 0x5c, 0x72, 0x43, 0x48, 0x65, 0x2f, 0x4b, 0x6c, 0x30,
    0x53, 0x74, 0x33, 0x7d, 0x9c, 0x58, 0x75, 0x8f, 0x49, 0x74, 0x8d, 0x43,
    0x7e, 0x96, 0x4e, 0x6a, 0x84, 0x3b, 0x5d, 0x79, 0x2f, 0x63, 0x81, 0x38,
    0x61, 0x80, 0x36, 0x67, 0x86, 0x40, 0x7b, 0x9a, 0x56, 0x77, 0x96, 0x52,
    0x65, 0x84, 0x41, 0x79, 0x98, 0x54, 0x79, 0x98, 0x54, 0x71, 0x8e, 0x4d,
    0x73, 0x8d, 0x50, 0x84, 0x9f, 0x61, 0x88, 0xa2, 0x62, 0x77, 0x91, 0x50,
    0x7f, 0x99, 0x55, 0x91, 0xab, 0x67, 0x7f, 0x99, 0x55, 0x7f, 0x98, 0x54,
    0x95, 0xae, 0x6a, 0x8b, 0xa4, 0x61, 0x81, 0x9a, 0x56, 0x95, 0xae, 0x6a,
    0x92, 0xab, 0x67, 0x86, 0xa0, 0x5c, 0x91, 0xaa, 0x66, 0x90, 0xa9, 0x66,
    0x7e, 0x97, 0x54, 0x78, 0x91, 0x4f, 0x7c, 0x95, 0x52, 0x81, 0x9c, 0x59,
    0x75, 0x92, 0x50, 0x6d, 0x8b, 0x49, 0x6e, 0x8d, 0x49, 0x69, 0x8b, 0x45,
    0x79, 0x9e, 0x57, 0x6e, 0x92, 0x4b, 0x6c, 0x8a, 0x46, 0x7a, 0x97, 0x53,
    0x77, 0x94, 0x51, 0x64, 0x81, 0x3e, 0x5b, 0x78, 0x35, 0x6a, 0x87, 0x43,
    0x67, 0x7f, 0x3e, 0x57, 0x6b, 0x2f, 0x52, 0x65, 0x29, 0x5b, 0x6e, 0x34,
    0x53, 0x66, 0x2e, 0x43, 0x56, 0x1f, 0x39, 0x4c, 0x15, 0x3e, 0x4f, 0x18,
    0x3b, 0x4e, 0x16, 0x3e, 0x52, 0x1a, 0x42, 0x57, 0x20, 0x51, 0x68, 0x32,
    0x5c, 0x73, 0x3f, 0x5c, 0x73, 0x40, 0x5d, 0x73, 0x40, 0x69, 0x7f, 0x49,
    0x5c, 0x73, 0x3c, 0x4f, 0x65, 0x30, 0x56, 0x6b, 0x3b, 0x4c, 0x61, 0x35,
    0x55, 0x66, 0x3e, 0x50, 0x60, 0x39, 0x4c, 0x59, 0x33, 0x45, 0x4d, 0x28,
    0x4d, 0x51, 0x2e, 0x43, 0x43, 0x21, 0x46, 0x3e, 0x1f, 0x60, 0x4d, 0x32,
    0x72, 0x5d, 0x41, 0x80, 0x6b, 0x4d, 0x8f, 0x78, 0x59, 0xa8, 0x90, 0x71,
    0xb0, 0x97, 0x78, 0xdb, 0xc2, 0xa2, 0xd5, 0xbb, 0x9a, 0xd2, 0xb6, 0x94,
    0xd9, 0xbd, 0x9a, 0xd5, 0xbe, 0x97, 0xcf, 0xbe, 0x93, 0xc3, 0xbb, 0x89,
    0xa2, 0xa9, 0x67, 0x9b, 0xa6, 0x56, 0x9b, 0xa8, 0x4b, 0x9c, 0xaa, 0x47,
    0x9b, 0xa9, 0x4b, 0x9b, 0xa7, 0x52, 0x9a, 0xa8, 0x52, 0x9a, 0xa8, 0x50,
    0x9a, 0xa8, 0x50, 0x9a, 0xa8, 0x50, 0x9a, 0xa8, 0x50, 0x9a, 0xa8, 0x50,
    0x9a, 0xa9, 0x4f, 0x9a, 0xa9, 0x4d, 0x9a, 0xa9, 0x4c, 0x9a, 0xa9, 0x4c,
    0x99, 0xa8, 0x4b, 0x99, 0xa8, 0x4b, 0x99, 0xa8, 0x4b, 0x9b, 0xa6, 0x4d,
    0x9d, 0xa5, 0x4f, 0x9d, 0xa5, 0x4f, 0x9d, 0xa5, 0x4f, 0x9d, 0xa5, 0x4f,
    0x9d, 0xa5, 0x4f, 0x9d, 0xa5, 0x4f, 0x9d, 0xa5, 0x50, 0x9d, 0xa5, 0x50,
    0x9d, 0xa5, 0x50, 0x9e, 0xa6, 0x51, 0x9e, 0xa6, 0x51, 0x9e, 0xa6, 0x51,
    0x9f, 0xa7, 0x52, 0xa0, 0xa8, 0x53, 0xa0, 0xa8, 0x53, 0xa0, 0xa8, 0x53,
    0xa0, 0xa8, 0x53, 0xa0, 0xa8, 0x53, 0xa0, 0xa8, 0x53, 0xa1, 0xa9, 0x55,
    0xa1, 0xa9, 0x56, 0xa1, 0xa9, 0x56, 0xa2, 0xaa, 0x57, 0xa2, 0xaa, 0x57,
    0xa2, 0xaa, 0x57, 0xa2, 0xaa, 0x56, 0xa1, 0xa9, 0x54, 0xa1, 0xa9, 0x54,
    0xa1, 0xa9, 0x54, 0xa2, 0xaa, 0x55, 0xa2, 0xaa, 0x55, 0xa2, 0xaa, 0x55,
    0xa3, 0xa9, 0x55, 0xa4, 0xa9, 0x55, 0xa4, 0xa9, 0x55, 0xa5, 0xaa, 0x56,
    0xa5, 0xaa, 0x56, 0xa5, 0xaa, 0x56, 0xa6, 0xab, 0x56, 0xa7, 0xad, 0x57,
    0xa0, 0xb0, 0x57, 0xa0, 0xb0, 0x57, 0xa0, 0xb0, 0x57, 0xa0, 0xb0, 0x57,
    0xa0, 0xb0, 0x57, 0xa0, 0xb0, 0x57, 0x9f, 0xb1, 0x55, 0x9e, 0xb2, 0x5c,
    0x8e, 0xa1, 0x62, 0xa1, 0xb3, 0x88, 0xa9, 0xba, 0x95, 0x98, 0xa7, 0x79,
    0x8c, 0x9b, 0x5e, 0x9f, 0xad, 0x5d, 0xa0, 0xae, 0x58, 0x9f, 0xad, 0x56,
    0x9f, 0xad, 0x56, 0x9f, 0xad, 0x55, 0x9e, 0xac, 0x55, 0x9d, 0xab, 0x54,
    0x9b, 0xab, 0x53, 0x9b, 0xab, 0x53, 0x9b, 0xab, 0x53, 0x9b, 0xab, 0x53,
    0x9b, 0xab, 0x53, 0x9b, 0xab, 0x53, 0x9b, 0xab, 0x53, 0x9b, 0xab, 0x53,
    0x9b, 0xab, 0x53, 0x9b, 0xab, 0x53, 0x9b, 0xab, 0x53, 0x9b, 0xab, 0x53,
    0x9b, 0xab, 0x53, 0x9c, 0xac, 0x54, 0x9c, 0xac, 0x54, 0x9c, 0xac, 0x54,
    0x9d, 0xad, 0x55, 0x9d, 0xad, 0x55, 0x9e, 0xae, 0x56, 0x9e, 0xad, 0x55,
    0x9e, 0xac, 0x55, 0x9e, 0xac, 0x55, 0x9e, 0xac, 0x55, 0x9e, 0xac, 0x55,
    0x9e, 0xac, 0x55, 0x9e, 0xac, 0x55, 0x9e, 0xac, 0x55, 0x9e, 0xac, 0x55,
    0x9e, 0xac, 0x55, 0x9e, 0xac, 0x55, 0x9e, 0xac, 0x55, 0x9e, 0xac, 0x55,
    0x9f, 0xad, 0x56, 0xa0, 0xae, 0x56, 0xa0, 0xae, 0x56, 0xa0, 0xae, 0x56,
    0xa1, 0xaf, 0x57, 0xa1, 0xaf, 0x57, 0xa1, 0xaf, 0x57, 0xa0, 0xae, 0x56,
    0xa2, 0xad, 0x58, 0xa3, 0xac, 0x5a, 0xa1, 0xab, 0x57, 0xa0, 0xaf, 0x55,
    0x9d, 0xb1, 0x52, 0x94, 0xaa, 0x61, 0x70, 0x82, 0x57, 0x61, 0x72, 0x4e,
    0x4d, 0x5d, 0x40, 0x47, 0x57, 0x3c, 0x4a, 0x5a, 0x3e, 0x46, 0x56, 0x37,
    0x53, 0x64, 0x3c, 0x53, 0x68, 0x3a, 0x44, 0x5f, 0x2c, 0x5e, 0x7d, 0x43,
    0x62, 0x80, 0x43, 0x78, 0x95, 0x54, 0x78, 0x91, 0x4d, 0x65, 0x7b, 0x34,
    0x63, 0x7a, 0x33, 0x56, 0x70, 0x27, 0x6b, 0x87, 0x3d, 0x81, 0x9e, 0x53,
    0x73, 0x92, 0x47, 0x77, 0x96, 0x4f, 0x82, 0xa1, 0x5b, 0x76, 0x95, 0x4f,
    0x66, 0x85, 0x3f, 0x77, 0x96, 0x51, 0x76, 0x95, 0x50, 0x67, 0x84, 0x42,
    0x78, 0x92, 0x56, 0x7c, 0x98, 0x5b, 0x73, 0x90, 0x51, 0x6e, 0x8b, 0x4b,
    0x89, 0xa6, 0x65, 0x8c, 0xa9, 0x68, 0x76, 0x93, 0x51, 0x84, 0xa0, 0x5f,
    0x98, 0xb3, 0x72, 0x86, 0xa2, 0x61, 0x7d, 0x99, 0x58, 0x93, 0xaf, 0x6d,
    0x88, 0xa4, 0x63, 0x7b, 0x97, 0x56, 0x80, 0x9c, 0x5b, 0x81, 0x9d, 0x5c,
    0x7e, 0x99, 0x59, 0x6f, 0x8b, 0x49, 0x78, 0x94, 0x52, 0x7a, 0x97, 0x56,
    0x72, 0x90, 0x50, 0x7f, 0x9f, 0x5c, 0x6e, 0x8f, 0x4b, 0x62, 0x85, 0x3e,
    0x6c, 0x90, 0x48, 0x62, 0x84, 0x3c, 0x6e, 0x8a, 0x47, 0x76, 0x91, 0x4e,
    0x69, 0x84, 0x41, 0x5b, 0x75, 0x34, 0x58, 0x72, 0x31, 0x5c, 0x77, 0x35,
    0x51, 0x67, 0x29, 0x48, 0x5c, 0x20, 0x46, 0x59, 0x20, 0x43, 0x56, 0x1e,
    0x39, 0x4b, 0x15, 0x34, 0x47, 0x12, 0x33, 0x46, 0x10, 0x3f, 0x52, 0x1a,
    0x4f, 0x62, 0x2a, 0x51, 0x66, 0x2d, 0x4e, 0x64, 0x2d, 0x61, 0x79, 0x43,
    0x62, 0x7a, 0x46, 0x58, 0x6f, 0x3c, 0x56, 0x6a, 0x39, 0x5e, 0x73, 0x3e,
    0x52, 0x67, 0x31, 0x4b, 0x60, 0x2c, 0x4e, 0x62, 0x34, 0x47, 0x5a, 0x30,
    0x4d, 0x5d, 0x36, 0x45, 0x53, 0x2c, 0x4d, 0x56, 0x30, 0x4d, 0x4f, 0x2d,
    0x4a, 0x47, 0x26, 0x3a, 0x34, 0x14, 0x40, 0x35, 0x17, 0x63, 0x50, 0x34,
    0x7a, 0x65, 0x49, 0x81, 0x6b, 0x4e, 0x79, 0x62, 0x43, 0x9a, 0x81, 0x62,
    0xb7, 0x9f, 0x7f, 0xc5, 0xad, 0x8c, 0xd4, 0xbc, 0x9a, 0xd7, 0xba, 0x9a,
    0xe0, 0xc3, 0xa5, 0xcf, 0xb6, 0x98, 0xd6, 0xc2, 0xa2, 0xe4, 0xd8, 0xb4,
    0xc0, 0xc4, 0x8e, 0xa0, 0xa8, 0x62, 0x9c, 0xa5, 0x51, 0x9e, 0xa9, 0x4c,
    0x9b, 0xa6, 0x4c, 0x9c, 0xa6, 0x53, 0x99, 0xa6, 0x51, 0x99, 0xa7, 0x4f,
    0x99, 0xa7, 0x4f, 0x99, 0xa7, 0x4f, 0x99, 0xa7, 0x4f, 0x99, 0xa7, 0x4f,
    0x99, 0xa8, 0x4e, 0x99, 0xa8, 0x4c, 0x99, 0xa8, 0x4b, 0x99, 0xa8, 0x4b,
    0x99, 0xa8, 0x4b, 0x99, 0xa8, 0x4b, 0x99, 0xa8, 0x4b, 0x9b, 0xa6, 0x4d,
    0x9c, 0xa4, 0x4e, 0x9d, 0xa5, 0x4f, 0x9e, 0xa6, 0x50, 0x9d, 0xa5, 0x4f,
    0x9d, 0xa5, 0x4f, 0x9d, 0xa5, 0x4f, 0x9d, 0xa5, 0x50, 0x9d, 0xa5, 0x50,
    0x9d, 0xa5, 0x50, 0x9e, 0xa6, 0x51, 0x9e, 0xa6, 0x51, 0x9e, 0xa6, 0x51,
    0x9e, 0xa6, 0x51, 0x9e, 0xa6, 0x51, 0x9f, 0xa7, 0x52, 0xa0, 0xa8, 0x53,
    0xa0, 0xa8, 0x53, 0xa0, 0xa8, 0x53, 0xa0, 0xa8, 0x53, 0xa0, 0xa8, 0x55,
    0xa0, 0xa8, 0x55, 0xa0, 0xa8, 0x55, 0xa1, 0xa9, 0x56, 0xa1, 0xa9, 0x56,
    0xa1, 0xa9, 0x56, 0xa1, 0xa9, 0x55, 0xa1, 0xa9, 0x54, 0xa1, 0xa9, 0x54,
    0xa1, 0xa9, 0x54, 0xa1, 0xa9, 0x54, 0xa1, 0xa9, 0x54, 0xa1, 0xa9, 0x54,
    0xa2, 0xa8, 0x54, 0xa3, 0xa8, 0x54, 0xa3, 0xa8, 0x54, 0xa3, 0xa8, 0x54,
    0xa4, 0xa9, 0x55, 0xa5, 0xaa, 0x56, 0xa6, 0xab, 0x56, 0xa6, 0xac, 0x56,
    0xa0, 0xb0, 0x57, 0xa0, 0xb0, 0x57, 0xa0, 0xb0, 0x57, 0xa0, 0xb0, 0x57,
    0xa0, 0xb0, 0x57, 0xa0, 0xb0, 0x57, 0x9f, 0xb1, 0x54, 0x9c, 0xb1, 0x58,
    0x91, 0xa6, 0x63, 0x99, 0xac, 0x7e, 0xb2, 0xc2, 0x9d, 0x99, 0xa8, 0x7d,
    0x8c, 0x99, 0x63, 0xa0, 0xad, 0x62, 0xa1, 0xaf, 0x5c, 0x9f, 0xad, 0x56,
    0x9f, 0xad, 0x54, 0x9f, 0xad, 0x54, 0x9d, 0xab, 0x55, 0x9c, 0xab, 0x55,
    0x9b, 0xab, 0x53, 0x9b, 0xab, 0x53, 0x9b, 0xab, 0x53, 0x9b, 0xab, 0x53,
    0x9b, 0xab, 0x53, 0x9b, 0xab, 0x53, 0x9b, 0xab, 0x53, 0x9b, 0xab, 0x53,
    0x9b, 0xab, 0x53, 0x9b, 0xab, 0x53, 0x9b, 0xab, 0x53, 0x9b, 0xab, 0x53,
    0x9b, 0xab, 0x53, 0x9c, 0xac, 0x54, 0x9c, 0xac, 0x54, 0x9c, 0xac, 0x54,
    0x9c, 0xac, 0x54, 0x9d, 0xad, 0x55, 0x9e, 0xae, 0x56, 0x9e, 0xad, 0x55,
    0x9e, 0xac, 0x55, 0x9e, 0xac, 0x55, 0x9e, 0xac, 0x55, 0x9e, 0xac, 0x55,
    0x9e, 0xac, 0x55, 0x9e, 0xac, 0x55, 0x9e, 0xac, 0x55, 0x9e, 0xac, 0x55,
    0x9e, 0xac, 0x55, 0x9e, 0xac, 0x55, 0x9e, 0xac, 0x55, 0x9e, 0xac, 0x55,
    0x9f, 0xad, 0x55, 0x9f, 0xad, 0x55, 0x9f, 0xad, 0x55, 0x9f, 0xad, 0x55,
    0xa0, 0xae, 0x56, 0xa0, 0xae, 0x56, 0xa0, 0xae, 0x56, 0xa0, 0xae, 0x57,
    0xa2, 0xad, 0x57, 0xa3, 0xad, 0x56, 0xa3, 0xad, 0x57, 0xa0, 0xae, 0x57,
    0x9d, 0xb0, 0x58, 0x9a, 0xaf, 0x6c, 0x7d, 0x8f, 0x66, 0x5d, 0x6e, 0x4b,
    0x64, 0x74, 0x58, 0x5e, 0x6e, 0x54, 0x57, 0x67, 0x4b, 0x49, 0x5a, 0x3c,
    0x4a, 0x5a, 0x34, 0x41, 0x54, 0x2a, 0x48, 0x62, 0x31, 0x5d, 0x7a, 0x43,
    0x61, 0x7e, 0x42, 0x66, 0x81, 0x43, 0x6f, 0x86, 0x46, 0x60, 0x76, 0x32,
    0x70, 0x87, 0x42, 0x6a, 0x82, 0x3b, 0x77, 0x92, 0x4a, 0x84, 0xa0, 0x56,
    0x6e, 0x8b, 0x40, 0x5f, 0x7e, 0x36, 0x69, 0x88, 0x42, 0x65, 0x84, 0x3e,
    0x6d, 0x8c, 0x46, 0x84, 0xa3, 0x5d, 0x7f, 0x9e, 0x58, 0x68, 0x85, 0x42,
    0x7e, 0x97, 0x59, 0x77, 0x92, 0x53, 0x6d, 0x89, 0x49, 0x77, 0x94, 0x53,
    0x81, 0x9f, 0x5d, 0x7a, 0x9a, 0x58, 0x71, 0x8f, 0x4f, 0x82, 0xa0, 0x60,
    0x82, 0xa0, 0x60, 0x71, 0x8f, 0x4f, 0x76, 0x94, 0x54, 0x7e, 0x9b, 0x5b,
    0x7c, 0x9a, 0x5a, 0x70, 0x8e, 0x50, 0x75, 0x93, 0x54, 0x83, 0xa1, 0x60,
    0x80, 0x9f, 0x5d, 0x6b, 0x8a, 0x47, 0x6a, 0x89, 0x45, 0x6c, 0x8b, 0x49,
    0x7f, 0x9e, 0x5d, 0x7e, 0x9e, 0x5b, 0x6f, 0x8f, 0x4b, 0x72, 0x93, 0x4e,
    0x72, 0x94, 0x4c, 0x5b, 0x7b, 0x35, 0x5d, 0x78, 0x35, 0x63, 0x7d, 0x3b,
    0x55, 0x6f, 0x2d, 0x48, 0x61, 0x22, 0x4b, 0x64, 0x25, 0x4a, 0x62, 0x25,
    0x46, 0x5d, 0x22, 0x3c, 0x4f, 0x16, 0x37, 0x4a, 0x13, 0x3e, 0x51, 0x1b,
    0x41, 0x53, 0x20, 0x40, 0x52, 0x20, 0x42, 0x54, 0x21, 0x53, 0x65, 0x2e,
    0x54, 0x69, 0x30, 0x4a, 0x60, 0x27, 0x46, 0x5e, 0x27, 0x4b, 0x64, 0x2d,
    0x47, 0x62, 0x2d, 0x46, 0x5c, 0x2a, 0x49, 0x5c, 0x2c, 0x4d, 0x5f, 0x2d,
    0x46, 0x59, 0x25, 0x4d, 0x60, 0x2e, 0x49, 0x5b, 0x2e, 0x45, 0x56, 0x2e,
    0x48, 0x59, 0x32, 0x43, 0x4f, 0x29, 0x50, 0x55, 0x31, 0x53, 0x50, 0x2f,
    0x3a, 0x32, 0x14, 0x47, 0x3e, 0x1f, 0x42, 0x34, 0x16, 0x5a, 0x46, 0x2b,
    0x70, 0x5c, 0x3f, 0x7f, 0x6a, 0x4c, 0x83, 0x6c, 0x4d, 0x97, 0x7e, 0x5f,
    0xb6, 0x9d, 0x7e, 0xbd, 0xa6, 0x85, 0xcf, 0xb6, 0x97, 0xde, 0xc3, 0xa6,
    0xe9, 0xcd, 0xb4, 0xd3, 0xb8, 0xa2, 0xdb, 0xc6, 0xb0, 0xe9, 0xdd, 0xc4,
    0xdc, 0xdd, 0xb6, 0xc7, 0xcc, 0x97, 0xa2, 0xa9, 0x65, 0x9d, 0xa5, 0x56,
    0x9c, 0xa5, 0x52, 0x9c, 0xa5, 0x52, 0x9a, 0xa6, 0x50, 0x99, 0xa7, 0x4f,
    0x99, 0xa7, 0x4f, 0x99, 0xa7, 0x4f, 0x99, 0xa7, 0x4f, 0x99, 0xa7, 0x4f,
    0x99, 0xa8, 0x4e, 0x99, 0xa8, 0x4c, 0x99, 0xa8, 0x4b, 0x99, 0xa8, 0x4b,
    0x99, 0xa8, 0x4b, 0x99, 0xa8, 0x4b, 0x99, 0xa8, 0x4b, 0x9b, 0xa6, 0x4d,
    0x9c, 0xa4, 0x4e, 0x9d, 0xa5, 0x4f, 0x9e, 0xa6, 0x50, 0x9d, 0xa5, 0x4f,
    0x9d, 0xa5, 0x4f, 0x9d, 0xa5, 0x4f, 0x9d, 0xa5, 0x50, 0x9d, 0xa5, 0x50,
    0x9d, 0xa5, 0x50, 0x9e, 0xa6, 0x51, 0x9e, 0xa6, 0x51, 0x9e, 0xa6, 0x51,
    0x9e, 0xa6, 0x51, 0x9e, 0xa6, 0x51, 0x9f, 0xa7, 0x52, 0xa0, 0xa8, 0x53,
    0xa0, 0xa8, 0x53, 0xa0, 0xa8, 0x53, 0xa0, 0xa8, 0x53, 0xa0, 0xa8, 0x55,
    0xa0, 0xa8, 0x55, 0xa0, 0xa8, 0x55, 0xa1, 0xa9, 0x56, 0xa1, 0xa9, 0x56,
    0xa1, 0xa9, 0x56, 0xa1, 0xa9, 0x55, 0xa1, 0xa9, 0x54, 0xa1, 0xa9, 0x54,
    0xa1, 0xa9, 0x54, 0xa1, 0xa9, 0x54, 0xa1, 0xa9, 0x54, 0xa1, 0xa9, 0x54,
    0xa2, 0xa8, 0x54, 0xa3, 0xa8, 0x54, 0xa3, 0xa8, 0x54, 0xa3, 0xa8, 0x54,
    0xa3, 0xa8, 0x54, 0xa4, 0xa9, 0x55, 0xa5, 0xaa, 0x56, 0xa5, 0xab, 0x55,
    0xa0, 0xb0, 0x57, 0xa0, 0xb0, 0x57, 0xa0, 0xb0, 0x57, 0xa0, 0xb0, 0x57,
    0xa0, 0xb0, 0x57, 0xa0, 0xb0, 0x57, 0x9f, 0xb1, 0x52, 0x9b, 0xb0, 0x54,
    0x96, 0xaa, 0x64, 0x94, 0xa7, 0x77, 0xac, 0xbd, 0x97, 0xa7, 0xb5, 0x8e,
    0x94, 0xa0, 0x70, 0x9a, 0xa6, 0x5f, 0x9e, 0xab, 0x5b, 0x9f, 0xad, 0x57,
    0x9e, 0xad, 0x53, 0x9e, 0xac, 0x53, 0x9c, 0xaa, 0x54, 0x9c, 0xaa, 0x54,
    0x9b, 0xab, 0x53, 0x9b, 0xab, 0x53, 0x9b, 0xab, 0x53, 0x9b, 0xab, 0x53,
    0x9b, 0xab, 0x53, 0x9b, 0xab, 0x53, 0x9b, 0xab, 0x53, 0x9b, 0xab, 0x53,
    0x9b, 0xab, 0x53, 0x9b, 0xab, 0x53, 0x9b, 0xab, 0x53, 0x9b, 0xab, 0x53,
    0x9b, 0xab, 0x53, 0x9b, 0xab, 0x53, 0x9b, 0xab, 0x53, 0x9b, 0xab, 0x53,
    0x9b, 0xab, 0x53, 0x9c, 0xac, 0x54, 0x9d, 0xad, 0x55, 0x9d, 0xac, 0x54,
    0x9d, 0xab, 0x54, 0x9d, 0xab, 0x54, 0x9d, 0xab, 0x54, 0x9e, 0xac, 0x55,
    0x9e, 0xac, 0x55, 0x9e, 0xac, 0x55, 0x9e, 0xac, 0x55, 0x9e, 0xac, 0x55,
    0x9e, 0xac, 0x55, 0x9e, 0xac, 0x55, 0x9e, 0xac, 0x55, 0x9e, 0xac, 0x55,
    0x9e, 0xac, 0x54, 0x9e, 0xac, 0x54, 0x9e, 0xac, 0x54, 0x9e, 0xac, 0x54,
    0x9f, 0xad, 0x55, 0x9f, 0xad, 0x55, 0x9f, 0xad, 0x56, 0xa0, 0xad, 0x59,
    0xa2, 0xad, 0x56, 0xa3, 0xae, 0x51, 0xa2, 0xad, 0x52, 0x9e, 0xac, 0x59,
    0x9f, 0xb0, 0x65, 0x95, 0xa7, 0x70, 0x6c, 0x7e, 0x59, 0x5f, 0x70, 0x50,
    0x65, 0x75, 0x5a, 0x5e, 0x6e, 0x53, 0x57, 0x67, 0x4b, 0x49, 0x59, 0x3a,
    0x39, 0x48, 0x24, 0x34, 0x47, 0x1f, 0x55, 0x6d, 0x3e, 0x55, 0x71, 0x3c,
    0x65, 0x81, 0x47, 0x56, 0x70, 0x34, 0x50, 0x65, 0x28, 0x5b, 0x6f, 0x31,
    0x83, 0x98, 0x58, 0x78, 0x8f, 0x4b, 0x67, 0x81, 0x3a, 0x6b, 0x86, 0x3e,
    0x57, 0x74, 0x2a, 0x6e, 0x8d, 0x45, 0x85, 0xa4, 0x5e, 0x7b, 0x9a, 0x54,
    0x77, 0x96, 0x50, 0x7f, 0x9e, 0x58, 0x70, 0x8f, 0x49, 0x62, 0x7f, 0x3a,
    0x80, 0x98, 0x55, 0x81, 0x9b, 0x59, 0x6d, 0x89, 0x46, 0x78, 0x96, 0x52,
    0x7a, 0x99, 0x55, 0x7a, 0x9a, 0x56, 0x6f, 0x8f, 0x4c, 0x7a, 0x99, 0x57,
    0x7c, 0x9b, 0x59, 0x72, 0x90, 0x4e, 0x6e, 0x8d, 0x4b, 0x7c, 0x9a, 0x59,
    0x7e, 0x9c, 0x5b, 0x69, 0x87, 0x48, 0x6f, 0x8e, 0x4d, 0x7d, 0x9c, 0x5a,
    0x77, 0x96, 0x51, 0x7b, 0x9a, 0x54, 0x68, 0x88, 0x40, 0x63, 0x83, 0x3d,
    0x76, 0x95, 0x52, 0x6e, 0x8d, 0x4a, 0x6e, 0x8d, 0x4a, 0x7b, 0x9a, 0x56,
    0x74, 0x93, 0x4f, 0x5e, 0x7c, 0x38, 0x5b, 0x74, 0x31, 0x66, 0x7d, 0x3c,
    0x5f, 0x76, 0x35, 0x4b, 0x63, 0x24, 0x4f, 0x65, 0x29, 0x56, 0x6c, 0x31,
    0x51, 0x66, 0x2d, 0x45, 0x58, 0x21, 0x40, 0x53, 0x1d, 0x4a, 0x5c, 0x29,
    0x49, 0x5b, 0x29, 0x3f, 0x51, 0x20, 0x3d, 0x4f, 0x1e, 0x42, 0x56, 0x1f,
    0x3a, 0x50, 0x17, 0x39, 0x4f, 0x16, 0x38, 0x50, 0x19, 0x38, 0x53, 0x1c,
    0x39, 0x54, 0x1e, 0x39, 0x50, 0x1e, 0x44, 0x56, 0x28, 0x45, 0x57, 0x26,
    0x3d, 0x4f, 0x1c, 0x45, 0x57, 0x26, 0x43, 0x54, 0x29, 0x4a, 0x5a, 0x34,
    0x41, 0x51, 0x2a, 0x41, 0x4c, 0x27, 0x4d, 0x4f, 0x2d, 0x4e, 0x46, 0x27,
    0x35, 0x29, 0x0e, 0x46, 0x38, 0x1b, 0x4f, 0x40, 0x24, 0x55, 0x41, 0x26,
    0x57, 0x43, 0x26, 0x66, 0x51, 0x34, 0x9b, 0x83, 0x65, 0x9b, 0x82, 0x63,
    0xa6, 0x8d, 0x6e, 0xbd, 0xa5, 0x85, 0xda, 0xc0, 0xa3, 0xe8, 0xcc, 0xb3,
    0xf8, 0xdc, 0xc7, 0xef, 0xd7, 0xc5, 0xe8, 0xd6, 0xc5, 0xea, 0xdf, 0xcd,
    0xe7, 0xe5, 0xca, 0xe3, 0xe4, 0xc2, 0xc2, 0xc5, 0x96, 0x9f, 0xa4, 0x67,
    0x9c, 0xa4, 0x58, 0x9b, 0xa3, 0x4e, 0x9a, 0xa6, 0x4e, 0x99, 0xa7, 0x4f,
    0x99, 0xa7, 0x4f, 0x99, 0xa7, 0x4f, 0x99, 0xa7, 0x4f, 0x99, 0xa7, 0x4f,
    0x99, 0xa8, 0x4e, 0x99, 0xa8, 0x4c, 0x99, 0xa8, 0x4b, 0x99, 0xa8, 0x4b,
    0x99, 0xa8, 0x4b, 0x99, 0xa8, 0x4b, 0x99, 0xa8, 0x4b, 0x9b, 0xa6, 0x4d,
    0x9c, 0xa4, 0x4e, 0x9d, 0xa5, 0x4f, 0x9e, 0xa6, 0x50, 0x9d, 0xa5, 0x4f,
    0x9d, 0xa5, 0x4f, 0x9d, 0xa5, 0x4f, 0x9d, 0xa5, 0x50, 0x9d, 0xa5, 0x50,
    0x9d, 0xa5, 0x50, 0x9e, 0xa6, 0x51, 0x9e, 0xa6, 0x51, 0x9e, 0xa6, 0x51,
    0x9e, 0xa6, 0x51, 0x9e, 0xa6, 0x51, 0x9f, 0xa7, 0x52, 0xa0, 0xa8, 0x53,
    0xa0, 0xa8, 0x53, 0xa0, 0xa8, 0x53, 0xa0, 0xa8, 0x53, 0xa0, 0xa8, 0x55,
    0xa0, 0xa8, 0x55, 0xa0, 0xa8, 0x55, 0xa0, 0xa8, 0x55, 0xa0, 0xa8, 0x55,
    0xa0, 0xa8, 0x55, 0xa0, 0xa8, 0x54, 0xa0, 0xa8, 0x53, 0xa0, 0xa8, 0x53,
    0xa0, 0xa8, 0x53, 0xa0, 0xa8, 0x53, 0xa0, 0xa8, 0x53, 0xa0, 0xa8, 0x53,
    0xa1, 0xa7, 0x53, 0xa2, 0xa7, 0x53, 0xa2, 0xa7, 0x53, 0xa2, 0xa7, 0x53,
    0xa2, 0xa7, 0x53, 0xa3, 0xa8, 0x54, 0xa4, 0xa9, 0x55, 0xa4, 0xaa, 0x54,
    0xa0, 0xb0, 0x57, 0xa0, 0xb0, 0x57, 0xa0, 0xb0, 0x57, 0xa0, 0xb0, 0x57,
    0xa0, 0xb0, 0x57, 0xa0, 0xb0, 0x57, 0x9f, 0xb2, 0x52, 0x9c, 0xb1, 0x53,
    0x94, 0xa9, 0x61, 0x89, 0x9c, 0x6a, 0x9d, 0xae, 0x88, 0xa9, 0xb7, 0x93,
    0x8e, 0x99, 0x6d, 0x94, 0xa0, 0x5d, 0x9c, 0xa9, 0x5a, 0x9f, 0xad, 0x57,
    0x9e, 0xad, 0x53, 0x9d, 0xab, 0x53, 0x9c, 0xaa, 0x54, 0x9c, 0xaa, 0x55,
    0x9b, 0xab, 0x53, 0x9b, 0xab, 0x53, 0x9b, 0xab, 0x53, 0x9b, 0xab, 0x53,
    0x9b, 0xab, 0x53, 0x9b, 0xab, 0x53, 0x9b, 0xab, 0x53, 0x9b, 0xab, 0x53,
    0x9b, 0xab, 0x53, 0x9b, 0xab, 0x53, 0x9b, 0xab, 0x53, 0x9b, 0xab, 0x53,
    0x9b, 0xab, 0x53, 0x9a, 0xaa, 0x52, 0x9a, 0xaa, 0x52, 0x9a, 0xaa, 0x52,
    0x9b, 0xab, 0x53, 0x9b, 0xab, 0x53, 0x9c, 0xac, 0x54, 0x9d, 0xac, 0x54,
    0x9d, 0xab, 0x54, 0x9d, 0xab, 0x54, 0x9d, 0xab, 0x54, 0x9e, 0xac, 0x55,
    0x9e, 0xac, 0x55, 0x9e, 0xac, 0x55, 0x9e, 0xac, 0x55, 0x9e, 0xac, 0x55,
    0x9e, 0xac, 0x55, 0x9e, 0xac, 0x55, 0x9e, 0xac, 0x55, 0x9e, 0xac, 0x55,
    0x9e, 0xac, 0x54, 0x9e, 0xac, 0x54, 0x9e, 0xac, 0x54, 0x9e, 0xac, 0x54,
    0x9f, 0xad, 0x55, 0x9f, 0xad, 0x55, 0x9f, 0xad, 0x56, 0xa0, 0xad, 0x5b,
    0xa2, 0xae, 0x54, 0xa3, 0xaf, 0x4d, 0xa2, 0xae, 0x4f, 0x9f, 0xac, 0x5c,
    0x9e, 0xad, 0x6f, 0x84, 0x95, 0x68, 0x54, 0x65, 0x44, 0x46, 0x56, 0x39,
    0x59, 0x69, 0x4e, 0x52, 0x62, 0x48, 0x53, 0x63, 0x46, 0x44, 0x54, 0x34,
    0x28, 0x37, 0x16, 0x39, 0x4a, 0x25, 0x48, 0x5e, 0x32, 0x51, 0x6c, 0x39,
    0x5d, 0x78, 0x40, 0x4a, 0x63, 0x29, 0x66, 0x7b, 0x40, 0x69, 0x7b, 0x41,
    0x7c, 0x90, 0x53, 0x7c, 0x91, 0x51, 0x59, 0x71, 0x2e, 0x65, 0x7f, 0x39,
    0x64, 0x80, 0x38, 0x79, 0x97, 0x51, 0x84, 0xa3, 0x5e, 0x6e, 0x8d, 0x47,
    0x5e, 0x7d, 0x38, 0x6d, 0x8c, 0x46, 0x70, 0x8f, 0x4a, 0x72, 0x8f, 0x49,
    0x89, 0xa1, 0x5a, 0x7e, 0x97, 0x51, 0x69, 0x83, 0x3d, 0x7b, 0x98, 0x52,
    0x86, 0xa5, 0x5e, 0x7f, 0x9e, 0x59, 0x6a, 0x89, 0x44, 0x7e, 0x9c, 0x59,
    0x7f, 0x9e, 0x5a, 0x6d, 0x8c, 0x48, 0x6b, 0x89, 0x45, 0x7f, 0x9d, 0x5a,
    0x79, 0x97, 0x54, 0x75, 0x93, 0x51, 0x6e, 0x8d, 0x4a, 0x6f, 0x8e, 0x49,
    0x81, 0xa0, 0x59, 0x81, 0xa1, 0x56, 0x68, 0x88, 0x3d, 0x6a, 0x89, 0x41,
    0x6b, 0x8a, 0x45, 0x61, 0x80, 0x3c, 0x6e, 0x8b, 0x48, 0x72, 0x8f, 0x4d,
    0x67, 0x84, 0x42, 0x57, 0x71, 0x31, 0x5d, 0x73, 0x31, 0x63, 0x78, 0x37,
    0x5d, 0x72, 0x32, 0x4d, 0x63, 0x25, 0x50, 0x65, 0x2b, 0x57, 0x6c, 0x33,
    0x4c, 0x5f, 0x28, 0x40, 0x52, 0x1c, 0x39, 0x4b, 0x17, 0x3b, 0x4d, 0x1b,
    0x36, 0x48, 0x17, 0x33, 0x45, 0x15, 0x38, 0x49, 0x1b, 0x42, 0x57, 0x1f,
    0x4c, 0x62, 0x29, 0x4c, 0x64, 0x2b, 0x49, 0x61, 0x2a, 0x53, 0x6e, 0x37,
    0x52, 0x6d, 0x38, 0x49, 0x60, 0x2f, 0x52, 0x63, 0x36, 0x4c, 0x5e, 0x2f,
    0x41, 0x53, 0x21, 0x41, 0x53, 0x23, 0x40, 0x51, 0x27, 0x47, 0x57, 0x31,
    0x3b, 0x4c, 0x25, 0x42, 0x4c, 0x27, 0x4b, 0x4a, 0x29, 0x49, 0x3e, 0x20,
    0x42, 0x33, 0x16, 0x3f, 0x30, 0x13, 0x51, 0x41, 0x24, 0x62, 0x4f, 0x34,
    0x61, 0x4c, 0x30, 0x69, 0x54, 0x37, 0x89, 0x72, 0x53, 0x9b, 0x82, 0x63,
    0x9a, 0x81, 0x62, 0xb8, 0x9e, 0x81, 0xd1, 0xb5, 0x9c, 0xf0, 0xd5, 0xbe,
    0xf6, 0xdb, 0xc9, 0xf8, 0xe4, 0xd4, 0xf1, 0xe3, 0xd4, 0xf1, 0xe9, 0xda,
    0xf0, 0xed, 0xdc, 0xed, 0xeb, 0xd7, 0xe6, 0xe5, 0xc7, 0xc2, 0xc3, 0x95,
    0xa0, 0xa6, 0x61, 0x9e, 0xa7, 0x4f, 0x9a, 0xa6, 0x4c, 0x99, 0xa7, 0x4f,
    0x99, 0xa7, 0x4f, 0x99, 0xa7, 0x4f, 0x99, 0xa7, 0x4f, 0x99, 0xa7, 0x4f,
    0x99, 0xa8, 0x4e, 0x99, 0xa8, 0x4c, 0x99, 0xa8, 0x4b, 0x99, 0xa8, 0x4b,
    0x99, 0xa8, 0x4b, 0x99, 0xa8, 0x4b, 0x99, 0xa8, 0x4b, 0x9b, 0xa6, 0x4d,
    0x9c, 0xa4, 0x4e, 0x9d, 0xa5, 0x4f, 0x9e, 0xa6, 0x50, 0x9d, 0xa5, 0x4f,
    0x9d, 0xa5, 0x4f, 0x9d, 0xa5, 0x4f, 0x9d, 0xa5, 0x50, 0x9d, 0xa5, 0x50,
    0x9d, 0xa5, 0x50, 0x9e, 0xa6, 0x51, 0x9e, 0xa6, 0x51, 0x9e, 0xa6, 0x51,
    0x9e, 0xa6, 0x51, 0x9e, 0xa6, 0x51, 0x9f, 0xa7, 0x52, 0xa0, 0xa8, 0x53,
    0xa0, 0xa8, 0x53, 0xa0, 0xa8, 0x53, 0xa0, 0xa8, 0x53, 0xa0, 0xa8, 0x55,
    0xa0, 0xa8, 0x55, 0xa0, 0xa8, 0x55, 0x9f, 0xa7, 0x54, 0x9f, 0xa7, 0x54,
    0x9f, 0xa7, 0x54, 0x9f, 0xa7, 0x53, 0x9f, 0xa7, 0x52, 0x9f, 0xa7, 0x52,
    0x9f, 0xa7, 0x52, 0x9f, 0xa7, 0x52, 0x9f, 0xa7, 0x52, 0x9f, 0xa7, 0x52,
    0xa0, 0xa6, 0x52, 0xa1, 0xa6, 0x52, 0xa1, 0xa6, 0x52, 0xa2, 0xa7, 0x53,
    0xa2, 0xa7, 0x53, 0xa3, 0xa8, 0x54, 0xa4, 0xa9, 0x54, 0xa4, 0xaa, 0x54,
    0xa0, 0xb0, 0x57, 0xa0, 0xb0, 0x57, 0xa0, 0xb0, 0x57, 0xa0, 0xb0, 0x57,
    0xa0, 0xb0, 0x57, 0xa0, 0xb0, 0x57, 0x9e, 0xb1, 0x51, 0x9e, 0xb2, 0x53,
    0x9a, 0xaf, 0x61, 0x8d, 0xa2, 0x67, 0x9d, 0xaf, 0x84, 0xb4, 0xc2, 0x9e,
    0xa3, 0xb0, 0x89, 0x98, 0xa4, 0x69, 0x9d, 0xab, 0x61, 0x9f, 0xac, 0x59,
    0x9d, 0xac, 0x51, 0x9d, 0xab, 0x50, 0x9c, 0xaa, 0x52, 0x9b, 0xa9, 0x54,
    0x9b, 0xaa, 0x55, 0x9b, 0xaa, 0x54, 0x9b, 0xab, 0x53, 0x9b, 0xab, 0x53,
    0x9b, 0xab, 0x53, 0x9b, 0xab, 0x53, 0x9b, 0xab, 0x53, 0x9b, 0xab, 0x53,
    0x9b, 0xab, 0x53, 0x9b, 0xab, 0x53, 0x9b, 0xab, 0x53, 0x9b, 0xab, 0x53,
    0x9b, 0xab, 0x53, 0x9a, 0xaa, 0x52, 0x9a, 0xaa, 0x52, 0x9a, 0xaa, 0x52,
    0x9a, 0xaa, 0x52, 0x9b, 0xab, 0x53, 0x9c, 0xac, 0x54, 0x9c, 0xab, 0x53,
    0x9c, 0xaa, 0x53, 0x9c, 0xaa, 0x53, 0x9d, 0xab, 0x54, 0x9e, 0xac, 0x55,
    0x9e, 0xac, 0x55, 0x9e, 0xac, 0x55, 0x9e, 0xac, 0x55, 0x9e, 0xac, 0x55,
    0x9e, 0xac, 0x55, 0x9e, 0xac, 0x55, 0x9e, 0xac, 0x55, 0x9e, 0xac, 0x55,
    0x9d, 0xab, 0x54, 0x9d, 0xab, 0x54, 0x9d, 0xab, 0x54, 0x9d, 0xab, 0x54,
    0x9e, 0xac, 0x55, 0x9e, 0xac, 0x55, 0x9e, 0xac, 0x56, 0xa1, 0xad, 0x57,
    0xa3, 0xae, 0x51, 0xa3, 0xaf, 0x4d, 0xa3, 0xae, 0x55, 0x9f, 0xac, 0x64,
    0x95, 0xa2, 0x6e, 0x6f, 0x7d, 0x56, 0x46, 0x54, 0x33, 0x33, 0x41, 0x23,
    0x4a, 0x59, 0x3d, 0x52, 0x62, 0x47, 0x4f, 0x5f, 0x41, 0x38, 0x4a, 0x27,
    0x39, 0x49, 0x25, 0x44, 0x56, 0x30, 0x3e, 0x54, 0x2a, 0x4c, 0x64, 0x34,
    0x42, 0x5b, 0x28, 0x46, 0x5e, 0x28, 0x64, 0x78, 0x41, 0x6e, 0x81, 0x49,
    0x64, 0x79, 0x3d, 0x63, 0x79, 0x3a, 0x55, 0x6d, 0x2b, 0x81, 0x9b, 0x56,
    0x7b, 0x96, 0x4f, 0x69, 0x87, 0x43, 0x6c, 0x8b, 0x47, 0x5a, 0x79, 0x35,
    0x67, 0x85, 0x41, 0x88, 0xa7, 0x61, 0x85, 0xa3, 0x5d, 0x65, 0x82, 0x3a,
    0x6d, 0x85, 0x3c, 0x75, 0x8e, 0x44, 0x70, 0x8b, 0x41, 0x7d, 0x99, 0x50,
    0x78, 0x96, 0x4d, 0x6c, 0x8a, 0x42, 0x6b, 0x89, 0x42, 0x7e, 0x9b, 0x55,
    0x74, 0x91, 0x4c, 0x6d, 0x8a, 0x45, 0x70, 0x8c, 0x47, 0x6f, 0x8c, 0x46,
    0x7c, 0x99, 0x54, 0x86, 0xa4, 0x5f, 0x6f, 0x8c, 0x47, 0x68, 0x84, 0x3d,
    0x7b, 0x98, 0x4f, 0x72, 0x90, 0x45, 0x6d, 0x8c, 0x40, 0x79, 0x98, 0x4f,
    0x72, 0x90, 0x49, 0x54, 0x71, 0x2d, 0x5e, 0x79, 0x37, 0x60, 0x79, 0x3a,
    0x57, 0x6f, 0x31, 0x47, 0x5e, 0x21, 0x4f, 0x63, 0x25, 0x4e, 0x62, 0x23,
    0x49, 0x5c, 0x20, 0x3f, 0x53, 0x18, 0x41, 0x53, 0x1c, 0x39, 0x4c, 0x14,
    0x34, 0x47, 0x11, 0x31, 0x43, 0x0f, 0x30, 0x42, 0x0e, 0x39, 0x4b, 0x19,
    0x40, 0x52, 0x22, 0x42, 0x54, 0x26, 0x48, 0x59, 0x2b, 0x5f, 0x74, 0x3d,
    0x65, 0x7b, 0x43, 0x58, 0x6f, 0x37, 0x4f, 0x66, 0x30, 0x5d, 0x75, 0x41,
    0x55, 0x6d, 0x39, 0x47, 0x5c, 0x2d, 0x4e, 0x5f, 0x33, 0x49, 0x5a, 0x2f,
    0x48, 0x59, 0x2d, 0x49, 0x5a, 0x2f, 0x41, 0x51, 0x29, 0x3a, 0x4a, 0x22,
    0x37, 0x46, 0x1b, 0x40, 0x48, 0x1f, 0x44, 0x40, 0x1e, 0x4a, 0x3d, 0x20,
    0x47, 0x36, 0x1a, 0x3e, 0x2d, 0x11, 0x48, 0x38, 0x1a, 0x54, 0x3f, 0x23,
    0x5c, 0x47, 0x2a, 0x65, 0x4f, 0x31, 0x79, 0x60, 0x42, 0x90, 0x77, 0x58,
    0xa2, 0x87, 0x69, 0xb9, 0x9d, 0x83, 0xd5, 0xb9, 0xa1, 0xed, 0xd2, 0xbc,
    0xf9, 0xe0, 0xce, 0xf6, 0xe1, 0xcf, 0xf0, 0xe1, 0xd1, 0xf5, 0xeb, 0xdc,
    0xf7, 0xf0, 0xe2, 0xf3, 0xeb, 0xdd, 0xef, 0xe9, 0xd3, 0xe4, 0xe0, 0xba,
    0xc5, 0xc6, 0x8a, 0xa0, 0xa4, 0x56, 0x9b, 0xa5, 0x50, 0x99, 0xa7, 0x51,
    0x98, 0xa6, 0x4e, 0x99, 0xa8, 0x4d, 0x99, 0xa8, 0x4d, 0x99, 0xa7, 0x4e,
    0x99, 0xa8, 0x4e, 0x99, 0xa8, 0x4b, 0x99, 0xa8, 0x4b, 0x99, 0xa8, 0x4b,
    0x99, 0xa8, 0x4b, 0x99, 0xa8, 0x4b, 0x99, 0xa8, 0x4b, 0x9a, 0xa6, 0x4d,
    0x9c, 0xa5, 0x4e, 0x9d, 0xa5, 0x4f, 0x9e, 0xa6, 0x50, 0x9d, 0xa5, 0x4f,
    0x9d, 0xa5, 0x4f, 0x9d, 0xa5, 0x4f, 0x9d, 0xa5, 0x50, 0x9d, 0xa5, 0x50,
    0x9d, 0xa5, 0x50, 0x9e, 0xa6, 0x51, 0x9e, 0xa6, 0x51, 0x9e, 0xa6, 0x51,
    0x9e, 0xa6, 0x51, 0x9e, 0xa6, 0x51, 0x9f, 0xa7, 0x52, 0xa0, 0xa8, 0x53,
    0xa0, 0xa8, 0x53, 0xa0, 0xa8, 0x53, 0xa0, 0xa8, 0x53, 0xa0, 0xa8, 0x55,
    0xa0, 0xa8, 0x55, 0xa0, 0xa8, 0x55, 0x9f, 0xa7, 0x54, 0x9f, 0xa7, 0x54,
    0x9f, 0xa7, 0x54, 0x9f, 0xa7, 0x53, 0x9f, 0xa7, 0x52, 0x9f, 0xa7, 0x52,
    0x9f, 0xa7, 0x52, 0x9f, 0xa7, 0x52, 0x9f, 0xa7, 0x52, 0x9f, 0xa7, 0x52,
    0xa0, 0xa6, 0x52, 0xa1, 0xa6, 0x52, 0xa1, 0xa6, 0x52, 0xa1, 0xa6, 0x52,
    0xa1, 0xa6, 0x52, 0xa2, 0xa7, 0x53, 0xa2, 0xa8, 0x54, 0xa3, 0xa9, 0x53,
    0x9f, 0xaf, 0x56, 0x9f, 0xaf, 0x56, 0x9f, 0xaf, 0x56, 0xa0, 0xb0, 0x57,
    0xa0, 0xb0, 0x57, 0xa0, 0xb0, 0x57, 0x9e, 0xb1, 0x52, 0x9d, 0xb2, 0x51,
    0x9a, 0xaf, 0x57, 0x8a, 0x9f, 0x56, 0x89, 0x9b, 0x66, 0xa1, 0xb1, 0x8b,
    0xa3, 0xb3, 0x93, 0x95, 0xa3, 0x75, 0x9a, 0xa7, 0x69, 0x9d, 0xac, 0x5c,
    0x9c, 0xac, 0x51, 0x9e, 0xad, 0x4e, 0x9f, 0xac, 0x52, 0x9c, 0xaa, 0x55,
    0x9b, 0xaa, 0x57, 0x9b, 0xaa, 0x56, 0x9b, 0xaa, 0x55, 0x9a, 0xa9, 0x54,
    0x9a, 0xaa, 0x52, 0x9a, 0xaa, 0x51, 0x9a, 0xaa, 0x53, 0x9a, 0xa9, 0x54,
    0x9a, 0xa9, 0x54, 0x9a, 0xa9, 0x54, 0x9a, 0xa9, 0x54, 0x9a, 0xa9, 0x54,
    0x9a, 0xa9, 0x54, 0x9a, 0xa9, 0x54, 0x9a, 0xa9, 0x54, 0x9a, 0xa9, 0x54,
    0x9a, 0xa9, 0x54, 0x9a, 0xa9, 0x54, 0x9a, 0xa9, 0x54, 0x9b, 0xaa, 0x55,
    0x9c, 0xab, 0x56, 0x9c, 0xab, 0x56, 0x9c, 0xab, 0x56, 0x9b, 0xaa, 0x55,
    0x9b, 0xaa, 0x55, 0x9b, 0xaa, 0x55, 0x9c, 0xaa, 0x55, 0x9d, 0xab, 0x56,
    0x9e, 0xac, 0x57, 0x9e, 0xac, 0x57, 0x9e, 0xac, 0x57, 0x9e, 0xac, 0x57,
    0x9d, 0xab, 0x56, 0x9d, 0xab, 0x56, 0x9d, 0xab, 0x57, 0x9d, 0xab, 0x57,
    0x9d, 0xaa, 0x58, 0x9d, 0xaa, 0x59, 0x9e, 0xab, 0x56, 0xa2, 0xad, 0x4e,
    0xa2, 0xac, 0x4e, 0xa2, 0xac, 0x57, 0x9e, 0xa9, 0x61, 0x9d, 0xa9, 0x70,
    0x7c, 0x87, 0x5c, 0x4d, 0x56, 0x2f, 0x40, 0x48, 0x21, 0x41, 0x4b, 0x27,
    0x38, 0x44, 0x23, 0x54, 0x63, 0x43, 0x5b, 0x6d, 0x4c, 0x48, 0x5c, 0x3a,
    0x4b, 0x5f, 0x3c, 0x47, 0x5c, 0x36, 0x41, 0x56, 0x2e, 0x3b, 0x4f, 0x23,
    0x3b, 0x50, 0x23, 0x5b, 0x6f, 0x42, 0x57, 0x6c, 0x3a, 0x69, 0x81, 0x47,
    0x53, 0x6c, 0x2f, 0x56, 0x70, 0x30, 0x65, 0x80, 0x3c, 0x78, 0x92, 0x4c,
    0x7e, 0x99, 0x51, 0x60, 0x7d, 0x3a, 0x5f, 0x7c, 0x3b, 0x66, 0x84, 0x41,
    0x6f, 0x8d, 0x48, 0x81, 0x9f, 0x57, 0x71, 0x8f, 0x45, 0x5e, 0x7c, 0x30,
    0x85, 0x9f, 0x55, 0x85, 0xa0, 0x55, 0x6f, 0x8b, 0x40, 0x68, 0x84, 0x39,
    0x7a, 0x96, 0x4b, 0x7f, 0x9c, 0x51, 0x73, 0x8e, 0x47, 0x70, 0x8b, 0x44,
    0x7e, 0x99, 0x52, 0x88, 0xa3, 0x5c, 0x78, 0x92, 0x4b, 0x6f, 0x89, 0x42,
    0x85, 0xa1, 0x59, 0x7e, 0x9d, 0x55, 0x6d, 0x89, 0x42, 0x74, 0x8d, 0x46,
    0x71, 0x8a, 0x43, 0x64, 0x7f, 0x37, 0x72, 0x91, 0x47, 0x76, 0x95, 0x4e,
    0x6c, 0x89, 0x45, 0x55, 0x71, 0x2f, 0x61, 0x7b, 0x3b, 0x64, 0x7c, 0x3f,
    0x56, 0x6c, 0x30, 0x40, 0x55, 0x1c, 0x46, 0x58, 0x20, 0x45, 0x56, 0x1f,
    0x42, 0x53, 0x1c, 0x38, 0x49, 0x12, 0x3b, 0x4c, 0x16, 0x39, 0x4a, 0x14,
    0x3d, 0x4f, 0x1a, 0x3a, 0x4c, 0x18, 0x3e, 0x50, 0x1d, 0x49, 0x5b, 0x29,
    0x46, 0x58, 0x29, 0x42, 0x53, 0x26, 0x46, 0x58, 0x29, 0x52, 0x68, 0x33,
    0x52, 0x68, 0x32, 0x4c, 0x60, 0x2b, 0x46, 0x5a, 0x27, 0x4f, 0x61, 0x31,
    0x4b, 0x5d, 0x2e, 0x46, 0x56, 0x29, 0x4a, 0x59, 0x30, 0x43, 0x52, 0x2e,
    0x46, 0x54, 0x32, 0x42, 0x51, 0x2e, 0x3e, 0x4d, 0x26, 0x3c, 0x4b, 0x1f,
    0x38, 0x45, 0x11, 0x46, 0x4a, 0x1a, 0x47, 0x3f, 0x1b, 0x48, 0x37, 0x1b,
    0x47, 0x34, 0x1a, 0x42, 0x31, 0x13, 0x4b, 0x3b, 0x1a, 0x5a, 0x43, 0x24,
    0x5d, 0x46, 0x27, 0x66, 0x4e, 0x2f, 0x77, 0x5d, 0x3f, 0xa0, 0x85, 0x67,
    0xa0, 0x84, 0x66, 0xb5, 0x99, 0x7f, 0xca, 0xae, 0x97, 0xe4, 0xc9, 0xb2,
    0xf6, 0xdd, 0xc6, 0xf6, 0xdf, 0xc8, 0xf3, 0xde, 0xc8, 0xf7, 0xe6, 0xd1,
    0xee, 0xde, 0xcb, 0xf1, 0xe1, 0xcc, 0xd8, 0xc9, 0xae, 0xd6, 0xca, 0xa6,
    0xd3, 0xca, 0x9b, 0xc9, 0xc2, 0x8b, 0xa0, 0xa5, 0x5e, 0x9b, 0xa8, 0x56,
    0x99, 0xa7, 0x4e, 0x99, 0xa8, 0x4a, 0x9b, 0xaa, 0x4b, 0x9b, 0xaa, 0x4e,
    0x9b, 0xa9, 0x50, 0x9b, 0xa8, 0x4b, 0x9a, 0xa7, 0x4a, 0x99, 0xa6, 0x4a,
    0x9a, 0xa7, 0x4b, 0x9a, 0xa7, 0x4d, 0x9a, 0xa7, 0x4d, 0x9a, 0xa7, 0x4e,
    0x9b, 0xa6, 0x4f, 0x9c, 0xa6, 0x4f, 0x9c, 0xa6, 0x4f, 0x9d, 0xa5, 0x4f,
    0x9e, 0xa5, 0x4f, 0x9f, 0xa5, 0x4f, 0xa0, 0xa5, 0x51, 0xa0, 0xa5, 0x51,
    0xa0, 0xa5, 0x51, 0xa0, 0xa5, 0x51, 0xa0, 0xa5, 0x51, 0xa0, 0xa5, 0x51,
    0xa0, 0xa5, 0x51, 0xa0, 0xa5, 0x51, 0xa0, 0xa5, 0x51, 0xa0, 0xa5, 0x51,
    0xa1, 0xa6, 0x52, 0xa1, 0xa6, 0x52, 0xa0, 0xa6, 0x52, 0x9f, 0xa8, 0x54,
    0x9f, 0xa8, 0x55, 0x9f, 0xa8, 0x55, 0x9e, 0xa7, 0x54, 0x9e, 0xa7, 0x54,
    0x9e, 0xa7, 0x54, 0x9f, 0xa7, 0x54, 0xa1, 0xa6, 0x54, 0xa1, 0xa6, 0x54,
    0xa1, 0xa6, 0x54, 0xa1, 0xa6, 0x54, 0xa1, 0xa6, 0x54, 0xa1, 0xa6, 0x54,
    0xa0, 0xa7, 0x53, 0x9f, 0xa7, 0x52, 0x9f, 0xa7, 0x52, 0x9f, 0xa7, 0x52,
    0x9f, 0xa7, 0x52, 0x9f, 0xa7, 0x52, 0x9f, 0xa7, 0x52, 0xa0, 0xa8, 0x53,
    0xa0, 0xb0, 0x57, 0xa0, 0xb0, 0x57, 0xa0, 0xb0, 0x57, 0x9f, 0xaf, 0x56,
    0x9f, 0xaf, 0x56, 0x9f, 0xaf, 0x56, 0x9d, 0xb0, 0x52, 0x9b, 0xb0, 0x4f,
    0x9b, 0xb0, 0x56, 0x91, 0xa5, 0x58, 0x85, 0x98, 0x5d, 0xa4, 0xb5, 0x8b,
    0xb0, 0xbf, 0xa0, 0xa3, 0xb1, 0x8b, 0x95, 0xa3, 0x6e, 0x9a, 0xa9, 0x60,
    0x9c, 0xac, 0x54, 0x9d, 0xad, 0x50, 0x9e, 0xad, 0x52, 0x9c, 0xaa, 0x54,
    0x9b, 0xaa, 0x57, 0x9b, 0xaa, 0x56, 0x9b, 0xaa, 0x55, 0x9a, 0xa9, 0x54,
    0x9a, 0xaa, 0x52, 0x9a, 0xaa, 0x52, 0x9a, 0xa9, 0x54, 0x9a, 0xa9, 0x54,
    0x9a, 0xa9, 0x54, 0x9a, 0xa9, 0x54, 0x9a, 0xa9, 0x54, 0x9a, 0xa9, 0x54,
    0x9a, 0xa9, 0x54, 0x9a, 0xa9, 0x54, 0x9a, 0xa9, 0x54, 0x9a, 0xa9, 0x54,
    0x9a, 0xa9, 0x54, 0x9a, 0xa9, 0x54, 0x9a, 0xa9, 0x54, 0x9b, 0xaa, 0x55,
    0x9c, 0xab, 0x56, 0x9c, 0xab, 0x56, 0x9c, 0xab, 0x56, 0x9b, 0xaa, 0x55,
    0x9b, 0xaa, 0x55, 0x9b, 0xaa, 0x55, 0x9c, 0xaa, 0x55, 0x9d, 0xab, 0x56,
    0x9e, 0xac, 0x57, 0x9e, 0xac, 0x57, 0x9e, 0xac, 0x57, 0x9e, 0xac, 0x57,
    0x9d, 0xab, 0x56, 0x9d, 0xab, 0x56, 0x9d, 0xab, 0x56, 0x9d, 0xab, 0x56,
    0x9d, 0xab, 0x57, 0x9d, 0xaa, 0x57, 0x9f, 0xab, 0x56, 0xa1, 0xad, 0x4f,
    0x9f, 0xaa, 0x52, 0x9f, 0xaa, 0x5d, 0x9f, 0xab, 0x6b, 0x92, 0x9e, 0x6a,
    0x6d, 0x79, 0x4e, 0x56, 0x5f, 0x32, 0x43, 0x4b, 0x1a, 0x36, 0x3e, 0x14,
    0x27, 0x32, 0x0e, 0x32, 0x41, 0x21, 0x5a, 0x6a, 0x4d, 0x57, 0x69, 0x4d,
    0x56, 0x69, 0x4b, 0x4d, 0x60, 0x3e, 0x42, 0x56, 0x2f, 0x30, 0x43, 0x1b,
    0x37, 0x49, 0x21, 0x52, 0x65, 0x3c, 0x55, 0x6a, 0x3b, 0x55, 0x6e, 0x35,
    0x45, 0x5f, 0x24, 0x62, 0x7c, 0x3e, 0x6e, 0x88, 0x47, 0x64, 0x7f, 0x3b,
    0x6c, 0x87, 0x41, 0x53, 0x6f, 0x2f, 0x78, 0x94, 0x55, 0x7e, 0x9b, 0x59,
    0x62, 0x80, 0x3b, 0x65, 0x83, 0x3b, 0x62, 0x80, 0x35, 0x65, 0x84, 0x39,
    0x82, 0x9f, 0x55, 0x7d, 0x9b, 0x51, 0x60, 0x7e, 0x34, 0x6b, 0x89, 0x3f,
    0x8a, 0xa8, 0x5e, 0x81, 0x9f, 0x55, 0x6b, 0x87, 0x40, 0x6f, 0x8a, 0x43,
    0x89, 0xa4, 0x5d, 0x8a, 0xa4, 0x5e, 0x74, 0x8f, 0x48, 0x6c, 0x87, 0x40,
    0x72, 0x8d, 0x46, 0x69, 0x88, 0x40, 0x75, 0x90, 0x4a, 0x81, 0x99, 0x53,
    0x75, 0x8c, 0x46, 0x5a, 0x74, 0x2e, 0x63, 0x81, 0x3a, 0x64, 0x81, 0x3d,
    0x58, 0x72, 0x31, 0x53, 0x6c, 0x2c, 0x64, 0x7a, 0x3d, 0x65, 0x7a, 0x3f,
    0x59, 0x6d, 0x34, 0x47, 0x59, 0x22, 0x52, 0x63, 0x2c, 0x53, 0x64, 0x2e,
    0x4c, 0x5d, 0x27, 0x3c, 0x4d, 0x17, 0x46, 0x57, 0x21, 0x44, 0x55, 0x1f,
    0x41, 0x52, 0x1d, 0x36, 0x48, 0x15, 0x3d, 0x4f, 0x1d, 0x41, 0x53, 0x21,
    0x36, 0x47, 0x19, 0x33, 0x44, 0x17, 0x35, 0x48, 0x19, 0x37, 0x4d, 0x18,
    0x39, 0x4f, 0x1a, 0x36, 0x4a, 0x17, 0x39, 0x4c, 0x1b, 0x3e, 0x4e, 0x20,
    0x3b, 0x4a, 0x1d, 0x3f, 0x4e, 0x23, 0x42, 0x51, 0x2b, 0x40, 0x4e, 0x2b,
    0x41, 0x4f, 0x2e, 0x37, 0x46, 0x22, 0x38, 0x47, 0x1d, 0x3d, 0x4d, 0x1b,
    0x40, 0x4a, 0x11, 0x51, 0x52, 0x1e, 0x5a, 0x51, 0x29, 0x55, 0x44, 0x25,
    0x3c, 0x28, 0x0c, 0x48, 0x36, 0x17, 0x49, 0x37, 0x16, 0x58, 0x42, 0x21,
    0x68, 0x50, 0x31, 0x76, 0x5d, 0x3e, 0x76, 0x5c, 0x3d, 0x9c, 0x81, 0x63,
    0xa3, 0x85, 0x68, 0xbe, 0xa1, 0x86, 0xc0, 0xa4, 0x8b, 0xd7, 0xbc, 0xa2,
    0xf2, 0xd9, 0xbe, 0xeb, 0xd3, 0xb8, 0xdd, 0xc8, 0xac, 0xe5, 0xd0, 0xb6,
    0xef, 0xd9, 0xc3, 0xd9, 0xc4, 0xab, 0xca, 0xb9, 0x9c, 0xd5, 0xc5, 0xa4,
    0xc5, 0xb7, 0x91, 0xe3, 0xd8, 0xad, 0xbf, 0xbe, 0x83, 0x9c, 0xa5, 0x5b,
    0x9e, 0xa9, 0x54, 0x99, 0xa7, 0x4b, 0x9a, 0xab, 0x4a, 0x9a, 0xab, 0x4c,
    0x9b, 0xaa, 0x4d, 0x9b, 0xa8, 0x4c, 0x9a, 0xa7, 0x4b, 0x99, 0xa6, 0x4a,
    0x9a, 0xa7, 0x4b, 0x9a, 0xa7, 0x4d, 0x9a, 0xa7, 0x4d, 0x9a, 0xa7, 0x4e,
    0x9a, 0xa7, 0x4f, 0x9c, 0xa6, 0x4f, 0x9c, 0xa6, 0x4f, 0x9d, 0xa5, 0x4f,
    0x9e, 0xa5, 0x4f, 0x9f, 0xa5, 0x4f, 0xa0, 0xa5, 0x51, 0xa0, 0xa5, 0x51,
    0xa0, 0xa5, 0x51, 0xa0, 0xa5, 0x51, 0xa0, 0xa5, 0x51, 0xa0, 0xa5, 0x51,
    0xa0, 0xa5, 0x51, 0xa0, 0xa5, 0x51, 0xa0, 0xa5, 0x51, 0xa0, 0xa5, 0x51,
    0xa1, 0xa6, 0x52, 0xa1, 0xa6, 0x52, 0xa0, 0xa6, 0x52, 0x9f, 0xa8, 0x54,
    0x9f, 0xa8, 0x55, 0x9f, 0xa8, 0x55, 0x9e, 0xa7, 0x54, 0x9e, 0xa7, 0x54,
    0x9e, 0xa7, 0x54, 0x9f, 0xa7, 0x54, 0xa1, 0xa6, 0x54, 0xa1, 0xa6, 0x54,
    0xa1, 0xa6, 0x54, 0xa1, 0xa6, 0x54, 0xa1, 0xa6, 0x54, 0xa1, 0xa6, 0x54,
    0xa0, 0xa7, 0x53, 0x9f, 0xa7, 0x52, 0x9f, 0xa7, 0x52, 0x9f, 0xa7, 0x52,
    0x9f, 0xa7, 0x52, 0x9f, 0xa7, 0x52, 0x9f, 0xa7, 0x52, 0xa0, 0xa8, 0x53,
    0xa0, 0xb0, 0x57, 0xa0, 0xb0, 0x57, 0xa0, 0xb0, 0x57, 0x9f, 0xaf, 0x56,
    0x9e, 0xae, 0x55, 0x9e, 0xae, 0x55, 0x9e, 0xb1, 0x53, 0x9d, 0xb1, 0x51,
    0x9c, 0xaf, 0x55, 0x98, 0xab, 0x5d, 0x82, 0x94, 0x56, 0x8e, 0x9f, 0x71,
    0xa8, 0xb8, 0x95, 0xaa, 0xb7, 0x97, 0x96, 0xa3, 0x77, 0x98, 0xa6, 0x68,
    0x9b, 0xaa, 0x5b, 0x9d, 0xac, 0x54, 0x9e, 0xad, 0x52, 0x9c, 0xab, 0x52,
    0x9b, 0xab, 0x55, 0x9b, 0xab, 0x54, 0x9b, 0xaa, 0x55, 0x9a, 0xa9, 0x55,
    0x9a, 0xa9, 0x55, 0x9a, 0xa9, 0x54, 0x9a, 0xa9, 0x54, 0x9a, 0xa9, 0x54,
    0x9a, 0xa9, 0x54, 0x9a, 0xa9, 0x54, 0x9a, 0xa9, 0x54, 0x9a, 0xa9, 0x54,
    0x9a, 0xa9, 0x54, 0x9a, 0xa9, 0x54, 0x9a, 0xa9, 0x54, 0x9a, 0xa9, 0x54,
    0x9a, 0xa9, 0x54, 0x9a, 0xa9, 0x54, 0x9a, 0xa9, 0x54, 0x9b, 0xaa, 0x55,
    0x9b, 0xaa, 0x55, 0x9b, 0xaa, 0x55, 0x9b, 0xaa, 0x55, 0x9b, 0xaa, 0x55,
    0x9b, 0xaa, 0x55, 0x9b, 0xaa, 0x55, 0x9b, 0xa9, 0x54, 0x9c, 0xaa, 0x55,
    0x9d, 0xab, 0x56, 0x9d, 0xab, 0x56, 0x9d, 0xab, 0x56, 0x9d, 0xab, 0x56,
    0x9d, 0xab, 0x55, 0x9d, 0xab, 0x55, 0x9d, 0xab, 0x54, 0x9d, 0xab, 0x54,
    0x9d, 0xab, 0x53, 0x9d, 0xab, 0x53, 0x9d, 0xab, 0x53, 0x9e, 0xab, 0x57,
    0x9f, 0xac, 0x5d, 0x9f, 0xac, 0x66, 0x95, 0xa3, 0x66, 0x68, 0x75, 0x41,
    0x52, 0x60, 0x33, 0x5c, 0x67, 0x33, 0x51, 0x59, 0x1f, 0x27, 0x2f, 0x04,
    0x1d, 0x27, 0x02, 0x23, 0x32, 0x0f, 0x57, 0x66, 0x48, 0x58, 0x67, 0x4d,
    0x54, 0x65, 0x48, 0x48, 0x5a, 0x3a, 0x3f, 0x51, 0x2e, 0x2f, 0x40, 0x1c,
    0x37, 0x49, 0x23, 0x40, 0x52, 0x2a, 0x4e, 0x62, 0x36, 0x43, 0x5a, 0x28,
    0x4e, 0x65, 0x30, 0x56, 0x6e, 0x37, 0x6c, 0x84, 0x49, 0x5d, 0x76, 0x38,
    0x54, 0x6d, 0x2d, 0x5a, 0x74, 0x38, 0x6b, 0x85, 0x49, 0x7c, 0x97, 0x58,
    0x62, 0x7d, 0x3b, 0x5f, 0x7b, 0x36, 0x7e, 0x9a, 0x52, 0x7a, 0x98, 0x4f,
    0x65, 0x84, 0x3c, 0x64, 0x84, 0x3c, 0x68, 0x88, 0x40, 0x6f, 0x8f, 0x46,
    0x73, 0x94, 0x4b, 0x6a, 0x8a, 0x42, 0x6c, 0x89, 0x44, 0x6f, 0x8c, 0x47,
    0x6f, 0x8c, 0x47, 0x6b, 0x87, 0x43, 0x72, 0x8f, 0x4a, 0x75, 0x91, 0x4c,
    0x65, 0x82, 0x3d, 0x5e, 0x7c, 0x36, 0x75, 0x8f, 0x4b, 0x77, 0x8d, 0x4a,
    0x72, 0x88, 0x45, 0x58, 0x71, 0x2e, 0x5e, 0x7a, 0x36, 0x5d, 0x77, 0x36,
    0x49, 0x60, 0x21, 0x45, 0x5b, 0x1d, 0x51, 0x64, 0x29, 0x4d, 0x5e, 0x26,
    0x47, 0x57, 0x21, 0x42, 0x51, 0x1c, 0x49, 0x5a, 0x24, 0x44, 0x55, 0x1f,
    0x3d, 0x4e, 0x18, 0x2f, 0x40, 0x0a, 0x37, 0x48, 0x12, 0x37, 0x48, 0x12,
    0x33, 0x45, 0x10, 0x2e, 0x40, 0x0c, 0x31, 0x43, 0x11, 0x3b, 0x4d, 0x1b,
    0x41, 0x53, 0x24, 0x3f, 0x50, 0x23, 0x3f, 0x51, 0x22, 0x47, 0x5c, 0x28,
    0x44, 0x59, 0x25, 0x3b, 0x4f, 0x1d, 0x41, 0x53, 0x23, 0x42, 0x52, 0x25,
    0x3b, 0x48, 0x1d, 0x3d, 0x4a, 0x21, 0x3e, 0x4a, 0x26, 0x43, 0x4f, 0x2c,
    0x3e, 0x4b, 0x26, 0x34, 0x42, 0x17, 0x3c, 0x4b, 0x18, 0x4e, 0x5c, 0x23,
    0x6e, 0x77, 0x38, 0x4a, 0x4b, 0x14, 0x55, 0x4e, 0x1e, 0x54, 0x45, 0x1e,
    0x46, 0x33, 0x10, 0x42, 0x2f, 0x0c, 0x4f, 0x3b, 0x19, 0x60, 0x4b, 0x2b,
    0x6a, 0x54, 0x34, 0x7f, 0x68, 0x48, 0x6e, 0x54, 0x35, 0x83, 0x68, 0x4a,
    0x9e, 0x82, 0x64, 0xb7, 0x9a, 0x7d, 0xc0, 0xa3, 0x87, 0xc4, 0xa9, 0x8c,
    0xd7, 0xbe, 0xa0, 0xdd, 0xc6, 0xa7, 0xe1, 0xca, 0xab, 0xd8, 0xc3, 0xa6,
    0xef, 0xdb, 0xc2, 0xd7, 0xc2, 0xa9, 0xd3, 0xbf, 0xa4, 0xdc, 0xcb, 0xad,
    0xce, 0xbe, 0x9e, 0xdf, 0xd0, 0xaf, 0xe1, 0xdb, 0xac, 0xb0, 0xb1, 0x73,
    0x9e, 0xa3, 0x5a, 0x9d, 0xa7, 0x52, 0x9a, 0xaa, 0x4a, 0x98, 0xab, 0x48,
    0x98, 0xab, 0x48, 0x9a, 0xa8, 0x4b, 0x9a, 0xa7, 0x4b, 0x99, 0xa6, 0x4a,
    0x9a, 0xa7, 0x4b, 0x9a, 0xa7, 0x4c, 0x9a, 0xa7, 0x4c, 0x9a, 0xa7, 0x4e,
    0x9a, 0xa7, 0x4f, 0x9c, 0xa6, 0x4f, 0x9c, 0xa6, 0x4f, 0x9d, 0xa5, 0x4f,
    0x9e, 0xa5, 0x4f, 0x9f, 0xa5, 0x4f, 0xa0, 0xa5, 0x51, 0xa0, 0xa5, 0x51,
    0xa0, 0xa5, 0x51, 0xa0, 0xa5, 0x51, 0xa0, 0xa5, 0x51, 0xa0, 0xa5, 0x51,
    0xa0, 0xa5, 0x51, 0xa0, 0xa5, 0x51, 0xa0, 0xa5, 0x51, 0xa0, 0xa5, 0x51,
    0xa1, 0xa6, 0x52, 0xa1, 0xa6, 0x52, 0xa1, 0xa6, 0x52, 0xa0, 0xa8, 0x54,
    0xa0, 0xa8, 0x55, 0xa0, 0xa8, 0x55, 0x9f, 0xa7, 0x54, 0x9f, 0xa7, 0x54,
    0x9f, 0xa7, 0x54, 0xa0, 0xa7, 0x54, 0xa1, 0xa6, 0x54, 0xa1, 0xa6, 0x54,
    0xa1, 0xa6, 0x54, 0xa1, 0xa6, 0x54, 0xa1, 0xa6, 0x54, 0xa1, 0xa6, 0x54,
    0xa0, 0xa7, 0x53, 0x9f, 0xa7, 0x52, 0x9f, 0xa7, 0x52, 0x9f, 0xa7, 0x52,
    0x9f, 0xa7, 0x52, 0x9f, 0xa7, 0x52, 0x9f, 0xa7, 0x52, 0x9f, 0xa7, 0x52,
    0x9e, 0xae, 0x55, 0x9e, 0xae, 0x55, 0x9e, 0xae, 0x55, 0x9e, 0xae, 0x55,
    0x9e, 0xae, 0x55, 0x9e, 0xae, 0x55, 0x9e, 0xb0, 0x53, 0x9d, 0xb0, 0x53,
    0x9b, 0xae, 0x55, 0x9b, 0xae, 0x5e, 0x84, 0x96, 0x54, 0x86, 0x97, 0x64,
    0xac, 0xbb, 0x94, 0xb2, 0xbe, 0xa2, 0xa3, 0xb0, 0x8d, 0x99, 0xa6, 0x72,
    0x9a, 0xa8, 0x63, 0x9d, 0xab, 0x5a, 0x9e, 0xac, 0x55, 0x9c, 0xab, 0x52,
    0x9b, 0xab, 0x53, 0x9b, 0xab, 0x53, 0x9b, 0xaa, 0x55, 0x9a, 0xa9, 0x55,
    0x9a, 0xa9, 0x56, 0x9a, 0xa9, 0x56, 0x9a, 0xa9, 0x54, 0x9a, 0xa9, 0x54,
    0x9a, 0xa9, 0x54, 0x9a, 0xa9, 0x54, 0x9a, 0xa9, 0x54, 0x9a, 0xa9, 0x54,
    0x9a, 0xa9, 0x54, 0x9a, 0xa9, 0x54, 0x9a, 0xa9, 0x54, 0x9a, 0xa9, 0x54,
    0x9a, 0xa9, 0x54, 0x9a, 0xa9, 0x54, 0x9a, 0xa9, 0x54, 0x9a, 0xa9, 0x54,
    0x9a, 0xa9, 0x54, 0x9a, 0xa9, 0x54, 0x9a, 0xa9, 0x54, 0x9b, 0xaa, 0x55,
    0x9b, 0xaa, 0x55, 0x9b, 0xaa, 0x55, 0x9b, 0xa9, 0x54, 0x9b, 0xa9, 0x54,
    0x9c, 0xaa, 0x55, 0x9d, 0xab, 0x56, 0x9d, 0xab, 0x56, 0x9d, 0xab, 0x56,
    0x9d, 0xab, 0x55, 0x9d, 0xab, 0x54, 0x9d, 0xab, 0x53, 0x9d, 0xab, 0x52,
    0x9d, 0xab, 0x52, 0x9d, 0xac, 0x51, 0x9d, 0xac, 0x54, 0x9d, 0xac, 0x60,
    0x9b, 0xaa, 0x66, 0x99, 0xa8, 0x68, 0x81, 0x8f, 0x56, 0x59, 0x68, 0x34,
    0x53, 0x62, 0x32, 0x47, 0x52, 0x1e, 0x4b, 0x53, 0x19, 0x29, 0x31, 0x03,
    0x25, 0x2f, 0x02, 0x43, 0x50, 0x24, 0x74, 0x82, 0x5a, 0x60, 0x6e, 0x4b,
    0x4e, 0x5c, 0x3d, 0x41, 0x51, 0x32, 0x36, 0x46, 0x27, 0x30, 0x41, 0x1f,
    0x41, 0x52, 0x2e, 0x3e, 0x50, 0x29, 0x40, 0x54, 0x2a, 0x38, 0x4d, 0x21,
    0x51, 0x67, 0x39, 0x52, 0x68, 0x36, 0x5a, 0x71, 0x3c, 0x55, 0x6c, 0x34,
    0x50, 0x68, 0x2e, 0x68, 0x80, 0x47, 0x5d, 0x76, 0x3c, 0x69, 0x82, 0x46,
    0x57, 0x71, 0x32, 0x61, 0x7c, 0x39, 0x84, 0x9f, 0x5a, 0x7b, 0x99, 0x54,
    0x60, 0x81, 0x3b, 0x6a, 0x8b, 0x45, 0x7f, 0xa0, 0x59, 0x7b, 0x9c, 0x56,
    0x62, 0x83, 0x3d, 0x64, 0x85, 0x3f, 0x78, 0x97, 0x53, 0x78, 0x96, 0x53,
    0x60, 0x7d, 0x3b, 0x67, 0x84, 0x42, 0x7b, 0x99, 0x57, 0x7b, 0x99, 0x57,
    0x65, 0x82, 0x40, 0x55, 0x72, 0x30, 0x62, 0x7a, 0x39, 0x65, 0x7a, 0x3a,
    0x5d, 0x71, 0x32, 0x58, 0x6f, 0x2f, 0x65, 0x80, 0x3f, 0x66, 0x7e, 0x3e,
    0x4e, 0x62, 0x26, 0x43, 0x55, 0x1a, 0x49, 0x58, 0x20, 0x44, 0x52, 0x1c,
    0x3e, 0x4a, 0x16, 0x38, 0x44, 0x10, 0x38, 0x48, 0x12, 0x35, 0x46, 0x10,
    0x34, 0x45, 0x0f, 0x2f, 0x40, 0x0a, 0x32, 0x43, 0x0d, 0x3c, 0x4d, 0x17,
    0x46, 0x57, 0x22, 0x43, 0x55, 0x21, 0x44, 0x56, 0x24, 0x52, 0x64, 0x33,
    0x56, 0x67, 0x39, 0x4f, 0x60, 0x33, 0x51, 0x63, 0x34, 0x5d, 0x71, 0x3e,
    0x55, 0x69, 0x36, 0x47, 0x59, 0x29, 0x49, 0x59, 0x2b, 0x48, 0x57, 0x2a,
    0x44, 0x50, 0x26, 0x44, 0x50, 0x29, 0x3b, 0x47, 0x23, 0x3e, 0x4a, 0x25,
    0x3b, 0x48, 0x1d, 0x37, 0x46, 0x13, 0x47, 0x57, 0x1b, 0x72, 0x82, 0x40,
    0x95, 0x9e, 0x59, 0x79, 0x7b, 0x3b, 0x5a, 0x54, 0x1c, 0x52, 0x44, 0x15,
    0x4c, 0x3a, 0x11, 0x48, 0x35, 0x0d, 0x54, 0x40, 0x1b, 0x61, 0x4d, 0x2c,
    0x7a, 0x65, 0x44, 0x8c, 0x75, 0x55, 0x8e, 0x75, 0x56, 0x90, 0x76, 0x57,
    0xa8, 0x8d, 0x6f, 0xb8, 0x9c, 0x7c, 0xb6, 0x99, 0x7a, 0xc0, 0xa5, 0x85,
    0xc9, 0xb0, 0x8f, 0xd4, 0xbc, 0x9b, 0xdd, 0xc6, 0xa5, 0xda, 0xc3, 0xa4,
    0xf0, 0xda, 0xbf, 0xeb, 0xd6, 0xbc, 0xe2, 0xcd, 0xb3, 0xe6, 0xd3, 0xb9,
    0xe5, 0xd4, 0xba, 0xe1, 0xd1, 0xb6, 0xe0, 0xd4, 0xb0, 0xcb, 0xc3, 0x93,
    0xaf, 0xad, 0x71, 0x9d, 0xa3, 0x56, 0x9a, 0xa8, 0x4d, 0x97, 0xab, 0x47,
    0x96, 0xab, 0x46, 0x9a, 0xa8, 0x4b, 0x9a, 0xa7, 0x4c, 0x99, 0xa6, 0x4a,
    0x9a, 0xa7, 0x4b, 0x9a, 0xa7, 0x4b, 0x9a, 0xa7, 0x4a, 0x9a, 0xa7, 0x4c,
    0x9a, 0xa7, 0x4f, 0x9c, 0xa6, 0x4f, 0x9c, 0xa6, 0x4f, 0x9d, 0xa5, 0x4f,
    0x9e, 0xa5, 0x4f, 0x9f, 0xa5, 0x4f, 0xa0, 0xa5, 0x51, 0xa0, 0xa5, 0x51,
    0xa0, 0xa5, 0x51, 0xa0, 0xa5, 0x51, 0xa0, 0xa5, 0x51, 0xa0, 0xa5, 0x51,
    0xa0, 0xa5, 0x51, 0xa0, 0xa5, 0x51, 0xa0, 0xa5, 0x51, 0xa0, 0xa5, 0x51,
    0xa1, 0xa6, 0x52, 0xa1, 0xa6, 0x52, 0xa1, 0xa6, 0x52, 0xa0, 0xa8, 0x54,
    0xa0, 0xa8, 0x55, 0xa0, 0xa8, 0x55, 0x9f, 0xa7, 0x54, 0x9f, 0xa7, 0x54,
    0x9f, 0xa7, 0x54, 0xa0, 0xa7, 0x54, 0xa1, 0xa6, 0x54, 0xa1, 0xa6, 0x54,
    0xa1, 0xa6, 0x54, 0xa1, 0xa6, 0x54, 0xa1, 0xa6, 0x54, 0xa1, 0xa6, 0x54,
    0xa0, 0xa7, 0x53, 0x9f, 0xa7, 0x52, 0x9f, 0xa7, 0x52, 0x9f, 0xa7, 0x52,
    0x9f, 0xa7, 0x52, 0x9f, 0xa7, 0x52, 0x9f, 0xa7, 0x52, 0x9e, 0xa6, 0x51,
    0x9c, 0xac, 0x53, 0x9c, 0xac, 0x53, 0x9c, 0xac, 0x53, 0x9d, 0xad, 0x54,
    0x9d, 0xad, 0x54, 0x9d, 0xad, 0x54, 0x9d, 0xad, 0x52, 0x9d, 0xae, 0x52,
    0x9d, 0xae, 0x55, 0x9b, 0xad, 0x5a, 0x90, 0xa2, 0x5b, 0x7d, 0x8e, 0x54,
    0x8f, 0xa0, 0x71, 0xa2, 0xaf, 0x94, 0xa5, 0xb2, 0x95, 0x96, 0xa3, 0x78,
    0x9b, 0xa9, 0x6e, 0x9b, 0xa9, 0x61, 0x9d, 0xac, 0x5a, 0x9b, 0xaa, 0x54,
    0x9b, 0xab, 0x52, 0x9b, 0xab, 0x53, 0x9b, 0xaa, 0x55, 0x9a, 0xa9, 0x55,
    0x9a, 0xa9, 0x57, 0x9a, 0xa9, 0x57, 0x9a, 0xa9, 0x55, 0x9a, 0xa9, 0x54,
    0x9a, 0xa9, 0x54, 0x9a, 0xa9, 0x54, 0x9a, 0xa9, 0x54, 0x9a, 0xa9, 0x54,
    0x9a, 0xa9, 0x54, 0x9a, 0xa9, 0x54, 0x9a, 0xa9, 0x54, 0x9a, 0xa9, 0x54,
    0x9a, 0xa9, 0x54, 0x9a, 0xa9, 0x54, 0x9a, 0xa9, 0x54, 0x9a, 0xa9, 0x54,
    0x9a, 0xa9, 0x54, 0x9a, 0xa9, 0x54, 0x9a, 0xa9, 0x54, 0x9b, 0xaa, 0x55,
    0x9b, 0xaa, 0x55, 0x9b, 0xaa, 0x55, 0x9a, 0xa8, 0x53, 0x9b, 0xa9, 0x54,
    0x9c, 0xaa, 0x55, 0x9c, 0xaa, 0x55, 0x9c, 0xaa, 0x55, 0x9c, 0xaa, 0x55,
    0x9d, 0xab, 0x54, 0x9c, 0xaa, 0x52, 0x9d, 0xab, 0x53, 0x9d, 0xab, 0x52,
    0x9d, 0xab, 0x53, 0x9e, 0xac, 0x53, 0x9c, 0xab, 0x56, 0x9a, 0xa9, 0x69,
    0x9e, 0xae, 0x73, 0x7e, 0x8d, 0x55, 0x64, 0x72, 0x3c, 0x56, 0x66, 0x33,
    0x63, 0x72, 0x40, 0x40, 0x49, 0x19, 0x34, 0x3a, 0x0a, 0x26, 0x2d, 0x01,
    0x3a, 0x43, 0x0d, 0x7d, 0x88, 0x4c, 0x97, 0xa5, 0x69, 0x76, 0x84, 0x4d,
    0x5b, 0x68, 0x40, 0x4e, 0x5c, 0x3c, 0x3d, 0x4c, 0x2e, 0x43, 0x53, 0x35,
    0x46, 0x57, 0x36, 0x42, 0x54, 0x2f, 0x32, 0x46, 0x20, 0x32, 0x46, 0x20,
    0x44, 0x58, 0x30, 0x51, 0x67, 0x3b, 0x49, 0x5e, 0x30, 0x45, 0x5b, 0x2a,
    0x49, 0x60, 0x2c, 0x66, 0x7d, 0x48, 0x67, 0x80, 0x4a, 0x51, 0x6a, 0x32,
    0x57, 0x71, 0x34, 0x63, 0x7d, 0x3d, 0x6c, 0x86, 0x45, 0x6e, 0x8a, 0x48,
    0x52, 0x72, 0x2f, 0x63, 0x83, 0x40, 0x78, 0x98, 0x55, 0x7a, 0x9a, 0x57,
    0x5e, 0x7e, 0x3b, 0x69, 0x89, 0x46, 0x7c, 0x9b, 0x5a, 0x78, 0x96, 0x57,
    0x58, 0x76, 0x37, 0x5f, 0x7c, 0x3e, 0x6d, 0x8a, 0x4b, 0x6d, 0x8a, 0x4c,
    0x57, 0x74, 0x36, 0x5d, 0x77, 0x39, 0x64, 0x7a, 0x3e, 0x58, 0x6b, 0x30,
    0x48, 0x5a, 0x1f, 0x4e, 0x64, 0x27, 0x53, 0x6c, 0x2f, 0x55, 0x6b, 0x2f,
    0x4b, 0x5b, 0x22, 0x4b, 0x59, 0x23, 0x56, 0x63, 0x2e, 0x53, 0x5e, 0x2b,
    0x48, 0x50, 0x1f, 0x38, 0x41, 0x10, 0x41, 0x51, 0x1c, 0x44, 0x55, 0x1f,
    0x3f, 0x50, 0x1a, 0x3a, 0x4b, 0x15, 0x47, 0x58, 0x22, 0x4e, 0x5f, 0x29,
    0x4a, 0x5c, 0x27, 0x3f, 0x51, 0x1d, 0x46, 0x58, 0x25, 0x53, 0x65, 0x34,
    0x4b, 0x5d, 0x2e, 0x3f, 0x50, 0x23, 0x46, 0x58, 0x2a, 0x4e, 0x61, 0x30,
    0x48, 0x5b, 0x29, 0x3d, 0x4e, 0x1f, 0x44, 0x53, 0x26, 0x41, 0x4d, 0x22,
    0x42, 0x4e, 0x24, 0x48, 0x53, 0x2d, 0x37, 0x43, 0x1e, 0x32, 0x3f, 0x15,
    0x35, 0x42, 0x0f, 0x40, 0x4f, 0x12, 0x67, 0x78, 0x33, 0x92, 0xa2, 0x57,
    0x97, 0x9f, 0x54, 0x9b, 0x9e, 0x56, 0x7a, 0x77, 0x37, 0x54, 0x4a, 0x13,
    0x51, 0x43, 0x12, 0x47, 0x35, 0x0a, 0x54, 0x40, 0x1a, 0x71, 0x5e, 0x3d,
    0x7f, 0x6c, 0x4b, 0x95, 0x7f, 0x5f, 0xa9, 0x91, 0x72, 0xa6, 0x8e, 0x6e,
    0x99, 0x7f, 0x60, 0xb0, 0x94, 0x73, 0xbd, 0x9f, 0x7e, 0xbf, 0xa2, 0x80,
    0xc6, 0xab, 0x88, 0xcc, 0xb3, 0x90, 0xe9, 0xd2, 0xad, 0xe0, 0xc9, 0xa7,
    0xd9, 0xc2, 0xa4, 0xe3, 0xcd, 0xb1, 0xe2, 0xcc, 0xb4, 0xf8, 0xe3, 0xcb,
    0xfc, 0xea, 0xd5, 0xef, 0xde, 0xc9, 0xe6, 0xd4, 0xbb, 0xea, 0xdb, 0xb8,
    0xd0, 0xc8, 0x99, 0xa8, 0xa9, 0x69, 0x9c, 0xa6, 0x56, 0x99, 0xaa, 0x4c,
    0x98, 0xab, 0x49, 0x9a, 0xa8, 0x4d, 0x9a, 0xa7, 0x4d, 0x99, 0xa6, 0x4c,
    0x9a, 0xa7, 0x4b, 0x9a, 0xa8, 0x4a, 0x9a, 0xa8, 0x49, 0x9a, 0xa7, 0x4c,
    0x9a, 0xa7, 0x4f, 0x9c, 0xa6, 0x4f, 0x9c, 0xa6, 0x4f, 0x9d, 0xa5, 0x4f,
    0x9e, 0xa5, 0x4f, 0x9f, 0xa5, 0x4f, 0xa0, 0xa5, 0x51, 0xa0, 0xa5, 0x51,
    0xa0, 0xa5, 0x51, 0xa0, 0xa5, 0x51, 0xa0, 0xa5, 0x51, 0xa0, 0xa5, 0x51,
    0xa0, 0xa5, 0x51, 0xa0, 0xa5, 0x51, 0xa0, 0xa5, 0x51, 0xa0, 0xa5, 0x51,
    0xa1, 0xa6, 0x52, 0xa1, 0xa6, 0x52, 0xa1, 0xa6, 0x52, 0xa0, 0xa8, 0x54,
    0xa0, 0xa8, 0x55, 0xa0, 0xa8, 0x55, 0x9f, 0xa7, 0x54, 0x9f, 0xa7, 0x54,
    0x9f, 0xa7, 0x54, 0xa0, 0xa7, 0x54, 0xa1, 0xa6, 0x54, 0xa1, 0xa6, 0x54,
    0xa1, 0xa6, 0x54, 0xa1, 0xa6, 0x54, 0xa1, 0xa6, 0x54, 0xa1, 0xa6, 0x54,
    0xa0, 0xa7, 0x53, 0x9f, 0xa7, 0x52, 0x9f, 0xa7, 0x52, 0x9f, 0xa7, 0x52,
    0x9f, 0xa7, 0x52, 0x9f, 0xa7, 0x52, 0x9f, 0xa7, 0x52, 0x9e, 0xa6, 0x51,
    0x9c, 0xac, 0x53, 0x9c, 0xac, 0x53, 0x9c, 0xac, 0x53, 0x9c, 0xac, 0x53,
    0x9c, 0xac, 0x53, 0x9c, 0xac, 0x53, 0x9d, 0xad, 0x54, 0x9e, 0xae, 0x53,
    0x9d, 0xad, 0x54, 0x9b, 0xad, 0x58, 0x96, 0xa8, 0x5c, 0x7e, 0x90, 0x4d,
    0x7f, 0x91, 0x59, 0x9e, 0xad, 0x8b, 0xb4, 0xc2, 0xa4, 0x9e, 0xac, 0x87,
    0xa1, 0xad, 0x7d, 0x9a, 0xa9, 0x6b, 0x9b, 0xaa, 0x61, 0x9c, 0xaa, 0x59,
    0x9a, 0xa9, 0x53, 0x9b, 0xaa, 0x54, 0x9a, 0xa9, 0x54, 0x9a, 0xa9, 0x54,
    0x9a, 0xa9, 0x55, 0x9a, 0xa9, 0x55, 0x9a, 0xa9, 0x54, 0x9a, 0xa9, 0x54,
    0x9a, 0xa9, 0x54, 0x99, 0xa8, 0x53, 0x99, 0xa8, 0x53, 0x99, 0xa8, 0x53,
    0x99, 0xa8, 0x53, 0x99, 0xa8, 0x53, 0x99, 0xa8, 0x53, 0x99, 0xa8, 0x53,
    0x99, 0xa8, 0x53, 0x99, 0xa8, 0x53, 0x99, 0xa8, 0x53, 0x99, 0xa8, 0x53,
    0x99, 0xa8, 0x53, 0x99, 0xa8, 0x53, 0x99, 0xa8, 0x53, 0x9a, 0xa9, 0x54,
    0x9a, 0xa9, 0x54, 0x9a, 0xa9, 0x54, 0x9b, 0xa9, 0x54, 0x9b, 0xa9, 0x54,
    0x9b, 0xa9, 0x54, 0x9c, 0xaa, 0x55, 0x9c, 0xaa, 0x55, 0x9c, 0xaa, 0x55,
    0x9d, 0xab, 0x54, 0x9b, 0xa9, 0x52, 0x9d, 0xab, 0x55, 0x9b, 0xa9, 0x54,
    0x9c, 0xaa, 0x56, 0x9d, 0xaa, 0x58, 0x9b, 0xa9, 0x5b, 0x97, 0xa7, 0x6e,
    0x8b, 0x9b, 0x67, 0x74, 0x84, 0x4f, 0x63, 0x71, 0x3d, 0x50, 0x5e, 0x2b,
    0x58, 0x65, 0x33, 0x40, 0x47, 0x1e, 0x2f, 0x32, 0x0c, 0x2c, 0x32, 0x06,
    0x69, 0x72, 0x32, 0x99, 0xa4, 0x59, 0xa0, 0xad, 0x5c, 0x92, 0x9f, 0x52,
    0x65, 0x71, 0x3e, 0x5b, 0x67, 0x41, 0x58, 0x65, 0x45, 0x54, 0x63, 0x47,
    0x4b, 0x5b, 0x3d, 0x3d, 0x51, 0x2e, 0x2e, 0x41, 0x1e, 0x31, 0x42, 0x22,
    0x40, 0x50, 0x2d, 0x3e, 0x50, 0x2a, 0x40, 0x52, 0x2a, 0x47, 0x5a, 0x2e,
    0x5b, 0x6f, 0x41, 0x52, 0x68, 0x37, 0x60, 0x77, 0x45, 0x48, 0x5f, 0x2b,
    0x5c, 0x74, 0x3b, 0x6c, 0x84, 0x48, 0x58, 0x71, 0x33, 0x51, 0x6c, 0x2c,
    0x4d, 0x6d, 0x2d, 0x5b, 0x7a, 0x3b, 0x5f, 0x7e, 0x3f, 0x64, 0x83, 0x44,
    0x52, 0x72, 0x32, 0x5a, 0x7a, 0x3b, 0x62, 0x7e, 0x42, 0x64, 0x7f, 0x45,
    0x58, 0x73, 0x38, 0x5f, 0x7a, 0x3f, 0x57, 0x72, 0x37, 0x4f, 0x6a, 0x2f,
    0x4a, 0x64, 0x29, 0x5e, 0x76, 0x3c, 0x67, 0x7c, 0x43, 0x5c, 0x6d, 0x36,
    0x42, 0x54, 0x1c, 0x44, 0x58, 0x20, 0x41, 0x59, 0x1f, 0x40, 0x53, 0x1b,
    0x3c, 0x4a, 0x14, 0x41, 0x4e, 0x1a, 0x48, 0x53, 0x21, 0x47, 0x50, 0x20,
    0x3e, 0x46, 0x17, 0x37, 0x40, 0x11, 0x3a, 0x4a, 0x15, 0x37, 0x48, 0x12,
    0x34, 0x45, 0x0f, 0x2f, 0x40, 0x0a, 0x39, 0x4a, 0x14, 0x3b, 0x4c, 0x16,
    0x37, 0x49, 0x14, 0x31, 0x43, 0x0f, 0x36, 0x48, 0x16, 0x3a, 0x4c, 0x1a,
    0x32, 0x44, 0x15, 0x2f, 0x40, 0x13, 0x38, 0x49, 0x1c, 0x39, 0x4b, 0x1c,
    0x39, 0x4b, 0x1b, 0x3a, 0x4a, 0x1c, 0x40, 0x4e, 0x22, 0x3d, 0x48, 0x1e,
    0x3f, 0x4a, 0x22, 0x3c, 0x47, 0x1f, 0x33, 0x3e, 0x15, 0x3a, 0x46, 0x16,
    0x38, 0x46, 0x0a, 0x5c, 0x6b, 0x26, 0x8e, 0x9f, 0x52, 0x96, 0xa7, 0x55,
    0x99, 0xa2, 0x52, 0x9b, 0xa1, 0x54, 0x94, 0x97, 0x4f, 0x5d, 0x5a, 0x1a,
    0x4f, 0x45, 0x0f, 0x4b, 0x3b, 0x0e, 0x61, 0x4d, 0x26, 0x72, 0x60, 0x3f,
    0x7c, 0x69, 0x48, 0x87, 0x73, 0x52, 0xb1, 0x9b, 0x7b, 0xbf, 0xa7, 0x88,
    0xa5, 0x8c, 0x6d, 0x8f, 0x72, 0x51, 0xc2, 0xa4, 0x82, 0xb8, 0x9b, 0x79,
    0xbe, 0xa1, 0x7f, 0xc8, 0xae, 0x8b, 0xca, 0xb1, 0x8e, 0xd6, 0xbd, 0x9b,
    0xca, 0xb2, 0x93, 0xd3, 0xbb, 0x9f, 0xd7, 0xc0, 0xa7, 0xee, 0xd9, 0xc2,
    0xf4, 0xe0, 0xcb, 0xf5, 0xe3, 0xd1, 0xf0, 0xdb, 0xc9, 0xf0, 0xdd, 0xc5,
    0xd4, 0xc6, 0xa3, 0xb8, 0xb4, 0x82, 0xa5, 0xa8, 0x67, 0x9b, 0xa7, 0x56,
    0x9a, 0xa8, 0x50, 0x99, 0xa5, 0x4f, 0x99, 0xa6, 0x4e, 0x99, 0xa6, 0x4d,
    0x9a, 0xa8, 0x4c, 0x9a, 0xa8, 0x48, 0x9a, 0xa8, 0x47, 0x9a, 0xa7, 0x4b,
    0x9a, 0xa7, 0x4f, 0x9c, 0xa6, 0x4f, 0x9c, 0xa6, 0x4f, 0x9d, 0xa5, 0x4f,
    0x9e, 0xa5, 0x4f, 0x9f, 0xa5, 0x4f, 0x9f, 0xa4, 0x50, 0x9f, 0xa4, 0x50,
    0x9f, 0xa4, 0x50, 0x9f, 0xa4, 0x50, 0x9f, 0xa4, 0x50, 0x9f, 0xa4, 0x50,
    0x9f, 0xa4, 0x50, 0x9e, 0xa3, 0x4f, 0x9f, 0xa4, 0x50, 0xa0, 0xa5, 0x51,
    0xa1, 0xa6, 0x52, 0xa1, 0xa6, 0x52, 0xa1, 0xa6, 0x52, 0xa1, 0xa6, 0x54,
    0xa1, 0xa6, 0x54, 0xa1, 0xa6, 0x54, 0xa1, 0xa6, 0x54, 0xa1, 0xa6, 0x54,
    0xa1, 0xa6, 0x54, 0xa1, 0xa6, 0x54, 0xa1, 0xa6, 0x54, 0xa1, 0xa6, 0x54,
    0xa1, 0xa6, 0x54, 0xa1, 0xa6, 0x54, 0xa1, 0xa6, 0x54, 0xa1, 0xa6, 0x54,
    0xa0, 0xa7, 0x53, 0x9f, 0xa7, 0x52, 0x9f, 0xa7, 0x52, 0x9e, 0xa6, 0x51,
    0x9e, 0xa6, 0x51, 0x9e, 0xa6, 0x51, 0x9e, 0xa6, 0x51, 0x9e, 0xa6, 0x51,
    0x9c, 0xac, 0x53, 0x9c, 0xac, 0x53, 0x9c, 0xac, 0x53, 0x9c, 0xac, 0x53,
    0x9c, 0xac, 0x53, 0x9c, 0xac, 0x53, 0x9d, 0xac, 0x54, 0x9f, 0xad, 0x55,
    0x9d, 0xac, 0x54, 0x9b, 0xac, 0x56, 0x9a, 0xad, 0x5c, 0x8e, 0xa0, 0x57,
    0x7a, 0x8b, 0x4d, 0x85, 0x96, 0x6a, 0x9f, 0xae, 0x8a, 0x9f, 0xad, 0x8a,
    0x9a, 0xa6, 0x7e, 0x9e, 0xab, 0x78, 0x98, 0xa6, 0x67, 0x9b, 0xa9, 0x61,
    0x9a, 0xa8, 0x57, 0x9b, 0xaa, 0x57, 0x9a, 0xa9, 0x55, 0x9a, 0xa9, 0x53,
    0x9a, 0xaa, 0x52, 0x9a, 0xaa, 0x52, 0x9a, 0xa9, 0x53, 0x9a, 0xa9, 0x54,
    0x9a, 0xa9, 0x54, 0x99, 0xa8, 0x53, 0x99, 0xa8, 0x53, 0x99, 0xa8, 0x53,
    0x99, 0xa8, 0x53, 0x99, 0xa8, 0x53, 0x99, 0xa8, 0x53, 0x99, 0xa8, 0x53,
    0x99, 0xa8, 0x53, 0x99, 0xa8, 0x53, 0x99, 0xa8, 0x53, 0x99, 0xa8, 0x53,
    0x99, 0xa8, 0x53, 0x99, 0xa8, 0x53, 0x99, 0xa8, 0x53, 0x9a, 0xa9, 0x54,
    0x9a, 0xa9, 0x54, 0x9a, 0xa9, 0x54, 0x9b, 0xa9, 0x54, 0x9b, 0xa9, 0x54,
    0x9b, 0xa9, 0x54, 0x9c, 0xaa, 0x55, 0x9c, 0xaa, 0x55, 0x9c, 0xaa, 0x55,
    0x9b, 0xa9, 0x53, 0x9d, 0xab, 0x54, 0x9c, 0xa9, 0x56, 0x9c, 0xa9, 0x5a,
    0x9c, 0xa8, 0x5f, 0x9d, 0xa8, 0x62, 0xa5, 0xb0, 0x6f, 0x8a, 0x99, 0x66,
    0x60, 0x6f, 0x3e, 0x64, 0x71, 0x40, 0x68, 0x74, 0x42, 0x55, 0x60, 0x2e,
    0x42, 0x4c, 0x1a, 0x33, 0x39, 0x11, 0x34, 0x36, 0x11, 0x50, 0x55, 0x20,
    0x93, 0x9b, 0x53, 0x9d, 0xa8, 0x52, 0x9e, 0xa9, 0x4d, 0x9f, 0xab, 0x52,
    0x7e, 0x8a, 0x4c, 0x58, 0x63, 0x34, 0x56, 0x61, 0x3d, 0x51, 0x5f, 0x42,
    0x44, 0x54, 0x38, 0x41, 0x54, 0x35, 0x32, 0x45, 0x25, 0x3b, 0x4b, 0x2d,
    0x46, 0x55, 0x36, 0x39, 0x49, 0x26, 0x34, 0x45, 0x1e, 0x3e, 0x50, 0x26,
    0x57, 0x69, 0x3c, 0x4e, 0x63, 0x35, 0x4b, 0x61, 0x32, 0x42, 0x58, 0x27,
    0x4a, 0x60, 0x2c, 0x63, 0x7a, 0x42, 0x5e, 0x75, 0x3b, 0x44, 0x5e, 0x22,
    0x5b, 0x77, 0x3c, 0x66, 0x82, 0x47, 0x54, 0x70, 0x34, 0x4c, 0x68, 0x2c,
    0x57, 0x73, 0x37, 0x63, 0x7f, 0x44, 0x55, 0x6f, 0x36, 0x4b, 0x63, 0x2c,
    0x56, 0x6d, 0x36, 0x6c, 0x83, 0x4c, 0x61, 0x79, 0x42, 0x4a, 0x62, 0x2b,
    0x42, 0x59, 0x22, 0x4e, 0x64, 0x2e, 0x55, 0x68, 0x32, 0x53, 0x62, 0x2e,
    0x44, 0x53, 0x1f, 0x50, 0x63, 0x2d, 0x4b, 0x61, 0x2b, 0x43, 0x56, 0x1f,
    0x35, 0x45, 0x10, 0x35, 0x43, 0x10, 0x36, 0x42, 0x12, 0x33, 0x3e, 0x0f,
    0x30, 0x38, 0x0c, 0x2e, 0x37, 0x0a, 0x30, 0x40, 0x0b, 0x32, 0x43, 0x0d,
    0x34, 0x45, 0x0f, 0x2f, 0x40, 0x0a, 0x39, 0x4a, 0x14, 0x40, 0x51, 0x1b,
    0x43, 0x54, 0x20, 0x3e, 0x50, 0x1c, 0x3d, 0x4f, 0x1c, 0x3a, 0x4c, 0x1b,
    0x2f, 0x41, 0x12, 0x2f, 0x40, 0x13, 0x37, 0x48, 0x1b, 0x36, 0x48, 0x18,
    0x2e, 0x3e, 0x10, 0x37, 0x46, 0x1a, 0x3a, 0x46, 0x1b, 0x40, 0x4b, 0x23,
    0x41, 0x49, 0x22, 0x33, 0x3d, 0x15, 0x32, 0x3e, 0x10, 0x39, 0x47, 0x0f,
    0x53, 0x62, 0x1f, 0x84, 0x95, 0x47, 0x98, 0xa9, 0x57, 0x96, 0xa7, 0x52,
    0x9a, 0xa5, 0x52, 0x9a, 0xa3, 0x52, 0x9a, 0xa2, 0x54, 0x80, 0x83, 0x3c,
    0x4d, 0x48, 0x0e, 0x48, 0x3b, 0x0d, 0x5b, 0x4a, 0x23, 0x62, 0x52, 0x2f,
    0x6e, 0x5b, 0x3a, 0x78, 0x64, 0x43, 0x99, 0x84, 0x64, 0xbc, 0xa5, 0x85,
    0xb8, 0x9f, 0x80, 0x9d, 0x7f, 0x5e, 0xb4, 0x93, 0x72, 0xc0, 0xa2, 0x80,
    0xb6, 0x99, 0x77, 0xbc, 0xa1, 0x7f, 0xbe, 0xa5, 0x81, 0xd7, 0xbf, 0x9d,
    0xd9, 0xc0, 0xa1, 0xd6, 0xbd, 0xa1, 0xd7, 0xbf, 0xa5, 0xdb, 0xc5, 0xad,
    0xe9, 0xd5, 0xbf, 0xf6, 0xe2, 0xcd, 0xef, 0xda, 0xc9, 0xf2, 0xdd, 0xcb,
    0xe3, 0xd2, 0xb9, 0xd5, 0xcb, 0xa7, 0xc3, 0xc1, 0x8f, 0xa5, 0xa8, 0x69,
    0x98, 0xa0, 0x56, 0x9a, 0xa5, 0x51, 0x9a, 0xa7, 0x50, 0x9b, 0xa8, 0x4f,
    0x9a, 0xa8, 0x4b, 0x9a, 0xa8, 0x48, 0x9a, 0xa8, 0x46, 0x9a, 0xa7, 0x4a,
    0x9a, 0xa7, 0x4f, 0x9c, 0xa6, 0x4f, 0x9c, 0xa6, 0x4f, 0x9d, 0xa5, 0x4f,
    0x9e, 0xa5, 0x4f, 0x9f, 0xa5, 0x4f, 0x9f, 0xa4, 0x50, 0x9f, 0xa4, 0x50,
    0x9f, 0xa4, 0x50, 0x9f, 0xa4, 0x50, 0x9f, 0xa4, 0x50, 0x9f, 0xa4, 0x50,
    0x9f, 0xa4, 0x50, 0x9e, 0xa3, 0x4f, 0x9f, 0xa4, 0x50, 0xa0, 0xa5, 0x51,
    0xa1, 0xa6, 0x52, 0xa1, 0xa6, 0x52, 0xa1, 0xa6, 0x52, 0xa2, 0xa5, 0x54,
    0xa2, 0xa5, 0x54, 0xa2, 0xa5, 0x54, 0xa2, 0xa5, 0x54, 0xa2, 0xa5, 0x54,
    0xa2, 0xa5, 0x54, 0xa2, 0xa5, 0x54, 0xa1, 0xa6, 0x54, 0xa1, 0xa6, 0x54,
    0xa1, 0xa6, 0x54, 0xa1, 0xa6, 0x54, 0xa1, 0xa6, 0x54, 0xa1, 0xa6, 0x54,
    0xa0, 0xa7, 0x53, 0x9f, 0xa7, 0x52, 0x9f, 0xa7, 0x52, 0x9e, 0xa6, 0x51,
    0x9e, 0xa6, 0x51, 0x9e, 0xa6, 0x51, 0x9e, 0xa6, 0x51, 0x9e, 0xa6, 0x51,
    0x9c, 0xac, 0x53, 0x9c, 0xac, 0x53, 0x9c, 0xac, 0x53, 0x9c, 0xac, 0x53,
    0x9c, 0xac, 0x53, 0x9c, 0xac, 0x53, 0x9d, 0xac, 0x54, 0x9e, 0xab, 0x55,
    0x9d, 0xab, 0x53, 0x9b, 0xab, 0x53, 0x99, 0xaa, 0x55, 0x96, 0xa8, 0x59,
    0x78, 0x8a, 0x43, 0x71, 0x84, 0x4b, 0x8b, 0x9d, 0x6f, 0xaf, 0xbe, 0x99,
    0xa3, 0xb0, 0x8d, 0xa4, 0xb1, 0x88, 0x9d, 0xaa, 0x76, 0x9a, 0xa8, 0x68,
    0x9a, 0xa8, 0x5d, 0x9c, 0xaa, 0x5b, 0x9b, 0xaa, 0x56, 0x9a, 0xaa, 0x52,
    0x9a, 0xab, 0x4f, 0x9a, 0xab, 0x4d, 0x9a, 0xaa, 0x51, 0x9a, 0xa9, 0x54,
    0x9a, 0xa9, 0x54, 0x99, 0xa8, 0x53, 0x99, 0xa8, 0x53, 0x99, 0xa8, 0x53,
    0x99, 0xa8, 0x53, 0x99, 0xa8, 0x53, 0x99, 0xa8, 0x53, 0x99, 0xa8, 0x53,
    0x99, 0xa8, 0x53, 0x99, 0xa8, 0x53, 0x99, 0xa8, 0x53, 0x99, 0xa8, 0x53,
    0x99, 0xa8, 0x53, 0x99, 0xa8, 0x53, 0x99, 0xa8, 0x53, 0x9a, 0xa9, 0x54,
    0x9a, 0xa9, 0x54, 0x9a, 0xa9, 0x54, 0x9b, 0xa9, 0x54, 0x9b, 0xa9, 0x54,
    0x9b, 0xa9, 0x54, 0x9c, 0xaa, 0x55, 0x9c, 0xaa, 0x55, 0x9c, 0xaa, 0x55,
    0x9a, 0xa8, 0x52, 0x9c, 0xaa, 0x55, 0x9a, 0xa7, 0x58, 0x9b, 0xa7, 0x61,
    0x9f, 0xa9, 0x6a, 0x9b, 0xa4, 0x6c, 0x8a, 0x94, 0x5f, 0x7a, 0x88, 0x57,
    0x6f, 0x7b, 0x4c, 0x66, 0x71, 0x40, 0x5d, 0x67, 0x35, 0x56, 0x5d, 0x2c,
    0x37, 0x3d, 0x0d, 0x2c, 0x30, 0x05, 0x43, 0x47, 0x18, 0x8a, 0x90, 0x4f,
    0x9e, 0xa6, 0x55, 0xa0, 0xaa, 0x4e, 0x9f, 0xa8, 0x4b, 0xa2, 0xaa, 0x52,
    0x9a, 0xa5, 0x5d, 0x79, 0x84, 0x4b, 0x5d, 0x68, 0x3e, 0x46, 0x52, 0x35,
    0x3f, 0x4f, 0x34, 0x2c, 0x3f, 0x24, 0x2b, 0x3d, 0x21, 0x3e, 0x4d, 0x30,
    0x47, 0x56, 0x37, 0x3b, 0x4b, 0x28, 0x2d, 0x3d, 0x18, 0x3d, 0x4e, 0x26,
    0x44, 0x55, 0x2b, 0x49, 0x5b, 0x30, 0x34, 0x48, 0x1c, 0x4a, 0x5e, 0x30,
    0x51, 0x66, 0x35, 0x4b, 0x60, 0x2b, 0x52, 0x68, 0x30, 0x42, 0x58, 0x20,
    0x4e, 0x65, 0x2e, 0x5e, 0x75, 0x3e, 0x58, 0x6f, 0x38, 0x45, 0x5c, 0x24,
    0x56, 0x6d, 0x36, 0x65, 0x7b, 0x45, 0x60, 0x75, 0x40, 0x43, 0x56, 0x23,
    0x49, 0x5c, 0x29, 0x59, 0x6c, 0x3a, 0x60, 0x73, 0x40, 0x55, 0x68, 0x35,
    0x48, 0x5d, 0x29, 0x45, 0x5a, 0x27, 0x41, 0x54, 0x21, 0x3e, 0x4c, 0x1b,
    0x3c, 0x4a, 0x18, 0x49, 0x5a, 0x28, 0x46, 0x5a, 0x27, 0x45, 0x59, 0x24,
    0x37, 0x48, 0x15, 0x3b, 0x4b, 0x1a, 0x43, 0x50, 0x22, 0x41, 0x4d, 0x20,
    0x3c, 0x46, 0x1b, 0x3c, 0x46, 0x1a, 0x48, 0x58, 0x23, 0x4c, 0x5d, 0x27,
    0x45, 0x56, 0x20, 0x3c, 0x4d, 0x17, 0x4f, 0x60, 0x2a, 0x5c, 0x6d, 0x37,
    0x5a, 0x6c, 0x37, 0x49, 0x5b, 0x27, 0x51, 0x63, 0x30, 0x4f, 0x61, 0x30,
    0x39, 0x4b, 0x1c, 0x38, 0x49, 0x1c, 0x45, 0x56, 0x29, 0x43, 0x54, 0x27,
    0x34, 0x43, 0x16, 0x3a, 0x47, 0x1b, 0x34, 0x40, 0x16, 0x41, 0x4a, 0x23,
    0x3e, 0x46, 0x20, 0x31, 0x3a, 0x10, 0x3c, 0x46, 0x12, 0x56, 0x63, 0x24,
    0x88, 0x96, 0x4b, 0x97, 0xa7, 0x54, 0x97, 0xa7, 0x50, 0x97, 0xa6, 0x50,
    0x97, 0xa5, 0x50, 0x97, 0xa6, 0x51, 0x94, 0xa3, 0x50, 0x9a, 0xa3, 0x58,
    0x62, 0x63, 0x27, 0x3e, 0x35, 0x06, 0x4c, 0x3b, 0x17, 0x5c, 0x4c, 0x2a,
    0x5e, 0x4d, 0x2c, 0x5d, 0x4b, 0x2a, 0x75, 0x60, 0x40, 0x9a, 0x84, 0x63,
    0xa0, 0x88, 0x68, 0x85, 0x67, 0x48, 0x81, 0x60, 0x41, 0xaf, 0x8f, 0x6f,
    0xc8, 0xaa, 0x8b, 0xd0, 0xb4, 0x93, 0xc4, 0xaa, 0x89, 0xc3, 0xa9, 0x88,
    0xcb, 0xb1, 0x93, 0xd2, 0xb9, 0x9c, 0xb1, 0x99, 0x7c, 0xc2, 0xab, 0x90,
    0xe8, 0xd3, 0xb9, 0xf1, 0xde, 0xc5, 0xec, 0xd9, 0xc5, 0xea, 0xd7, 0xc7,
    0xf9, 0xe8, 0xd7, 0xf5, 0xe6, 0xd0, 0xe9, 0xdf, 0xbe, 0xc9, 0xc3, 0x97,
    0xa7, 0xa7, 0x6e, 0x99, 0xa3, 0x53, 0x99, 0xa5, 0x4f, 0x99, 0xa6, 0x4d,
    0x99, 0xa7, 0x4a, 0x9a, 0xa8, 0x47, 0x9a, 0xa8, 0x46, 0x9a, 0xa8, 0x4a,
    0x9a, 0xa7, 0x4f, 0x9c, 0xa6, 0x4f, 0x9c, 0xa6, 0x4f, 0x9d, 0xa5, 0x4f,
    0x9e, 0xa5, 0x4f, 0x9f, 0xa5, 0x4f, 0x9f, 0xa4, 0x50, 0x9f, 0xa4, 0x50,
    0x9f, 0xa4, 0x50, 0x9f, 0xa4, 0x50, 0x9f, 0xa4, 0x50, 0x9f, 0xa4, 0x50,
    0x9f, 0xa4, 0x50, 0x9e, 0xa3, 0x4f, 0x9f, 0xa4, 0x50, 0xa0, 0xa5, 0x51,
    0xa1, 0xa6, 0x52, 0xa1, 0xa6, 0x52, 0xa1, 0xa6, 0x52, 0xa2, 0xa5, 0x54,
    0xa2, 0xa5, 0x54, 0xa2, 0xa5, 0x54, 0xa2, 0xa5, 0x54, 0xa2, 0xa5, 0x54,
    0xa2, 0xa5, 0x54, 0xa2, 0xa5, 0x54, 0xa1, 0xa6, 0x54, 0xa1, 0xa6, 0x54,
    0xa1, 0xa6, 0x54, 0xa1, 0xa6, 0x54, 0xa1, 0xa6, 0x54, 0xa1, 0xa6, 0x54,
    0xa0, 0xa7, 0x53, 0x9f, 0xa7, 0x52, 0x9f, 0xa7, 0x52, 0x9e, 0xa6, 0x51,
    0x9e, 0xa6, 0x51, 0x9e, 0xa6, 0x51, 0x9e, 0xa6, 0x51, 0x9e, 0xa6, 0x51,
    0x9c, 0xac, 0x53, 0x9c, 0xac, 0x53, 0x9c, 0xac, 0x53, 0x9c, 0xac, 0x53,
    0x9c, 0xac, 0x53, 0x9c, 0xac, 0x53, 0x9d, 0xab, 0x54, 0x9e, 0xab, 0x54,
    0x9c, 0xaa, 0x52, 0x9b, 0xaa, 0x51, 0x97, 0xa8, 0x51, 0x99, 0xac, 0x59,
    0x8c, 0xa0, 0x53, 0x72, 0x87, 0x44, 0x78, 0x8c, 0x55, 0x95, 0xa5, 0x7c,
    0x99, 0xa7, 0x87, 0x9d, 0xa9, 0x86, 0xa1, 0xad, 0x82, 0xa2, 0xaf, 0x76,
    0x9d, 0xa9, 0x63, 0x9b, 0xa9, 0x5e, 0x9c, 0xab, 0x59, 0x9a, 0xaa, 0x51,
    0x9a, 0xab, 0x4c, 0x9a, 0xac, 0x4a, 0x9a, 0xaa, 0x51, 0x9a, 0xa9, 0x54,
    0x9a, 0xa9, 0x54, 0x99, 0xa8, 0x53, 0x99, 0xa8, 0x53, 0x99, 0xa8, 0x53,
    0x99, 0xa8, 0x53, 0x99, 0xa8, 0x53, 0x99, 0xa8, 0x53, 0x99, 0xa8, 0x53,
    0x99, 0xa8, 0x53, 0x99, 0xa8, 0x53, 0x99, 0xa8, 0x53, 0x99, 0xa8, 0x53,
    0x99, 0xa8, 0x53, 0x99, 0xa8, 0x53, 0x99, 0xa8, 0x53, 0x9a, 0xa9, 0x54,
    0x9a, 0xa9, 0x54, 0x9a, 0xa9, 0x54, 0x9b, 0xa9, 0x54, 0x9b, 0xa9, 0x54,
    0x9b, 0xa9, 0x54, 0x9c, 0xaa, 0x55, 0x9c, 0xaa, 0x55, 0x9c, 0xaa, 0x55,
    0x9d, 0xab, 0x55, 0x9c, 0xaa, 0x57, 0x9d, 0xa9, 0x5e, 0xa2, 0xae, 0x6c,
    0xa6, 0xaf, 0x79, 0x98, 0xa0, 0x72, 0x69, 0x71, 0x46, 0x6b, 0x77, 0x47,
    0x7a, 0x86, 0x55, 0x72, 0x7c, 0x4b, 0x42, 0x4a, 0x19, 0x3e, 0x42, 0x14,
    0x35, 0x38, 0x0a, 0x3b, 0x3f, 0x0c, 0x7a, 0x80, 0x40, 0x9e, 0xa5, 0x58,
    0xa0, 0xa9, 0x51, 0x9f, 0xa7, 0x4d, 0xa0, 0xa6, 0x50, 0xa0, 0xa4, 0x54,
    0x9e, 0xa7, 0x59, 0x90, 0x9b, 0x5a, 0x72, 0x7d, 0x4e, 0x4f, 0x5b, 0x3c,
    0x40, 0x4f, 0x35, 0x35, 0x47, 0x2d, 0x3e, 0x50, 0x34, 0x44, 0x53, 0x35,
    0x41, 0x50, 0x32, 0x40, 0x4f, 0x2d, 0x37, 0x47, 0x22, 0x39, 0x4a, 0x22,
    0x3d, 0x4e, 0x24, 0x39, 0x4a, 0x22, 0x30, 0x42, 0x18, 0x41, 0x54, 0x28,
    0x54, 0x67, 0x38, 0x49, 0x5d, 0x2a, 0x40, 0x54, 0x1e, 0x46, 0x5a, 0x25,
    0x4b, 0x5e, 0x2a, 0x4a, 0x5e, 0x2a, 0x56, 0x69, 0x35, 0x44, 0x58, 0x24,
    0x49, 0x5c, 0x28, 0x4b, 0x5e, 0x2b, 0x54, 0x66, 0x34, 0x44, 0x55, 0x25,
    0x44, 0x55, 0x24, 0x44, 0x55, 0x25, 0x47, 0x58, 0x28, 0x48, 0x5a, 0x29,
    0x54, 0x66, 0x35, 0x55, 0x6a, 0x38, 0x4a, 0x5b, 0x2b, 0x3a, 0x48, 0x18,
    0x32, 0x40, 0x10, 0x34, 0x45, 0x15, 0x2c, 0x40, 0x0e, 0x2b, 0x40, 0x0c,
    0x28, 0x3b, 0x08, 0x32, 0x43, 0x12, 0x32, 0x41, 0x13, 0x33, 0x40, 0x14,
    0x30, 0x3c, 0x11, 0x35, 0x40, 0x15, 0x3c, 0x4c, 0x18, 0x38, 0x49, 0x13,
    0x36, 0x47, 0x11, 0x37, 0x48, 0x13, 0x44, 0x55, 0x1f, 0x4a, 0x5b, 0x25,
    0x49, 0x5a, 0x25, 0x3d, 0x4f, 0x1b, 0x46, 0x58, 0x25, 0x4b, 0x5d, 0x2b,
    0x3f, 0x50, 0x21, 0x36, 0x47, 0x1a, 0x3f, 0x50, 0x23, 0x3c, 0x4c, 0x1f,
    0x3b, 0x4a, 0x1e, 0x41, 0x4d, 0x22, 0x33, 0x3e, 0x15, 0x37, 0x40, 0x19,
    0x35, 0x3d, 0x17, 0x33, 0x3c, 0x0f, 0x4f, 0x5a, 0x20, 0x83, 0x90, 0x4b,
    0x97, 0xa6, 0x56, 0x98, 0xa8, 0x52, 0x98, 0xa8, 0x50, 0x98, 0xa7, 0x51,
    0x97, 0xa6, 0x51, 0x95, 0xa6, 0x50, 0x95, 0xa7, 0x51, 0x95, 0xa3, 0x55,
    0x7b, 0x80, 0x41, 0x44, 0x3e, 0x0f, 0x44, 0x36, 0x12, 0x4e, 0x3e, 0x1c,
    0x5e, 0x4e, 0x2c, 0x6c, 0x59, 0x38, 0x68, 0x54, 0x33, 0x86, 0x71, 0x51,
    0x8c, 0x74, 0x54, 0x98, 0x7a, 0x5b, 0x7e, 0x5c, 0x3f, 0x88, 0x67, 0x49,
    0xb2, 0x94, 0x76, 0xd7, 0xb9, 0x9a, 0xc1, 0xa7, 0x87, 0xc0, 0xa6, 0x87,
    0xb7, 0x9c, 0x7f, 0xbf, 0xa6, 0x88, 0xc3, 0xab, 0x8d, 0xd1, 0xba, 0x9b,
    0xdd, 0xc9, 0xaa, 0xda, 0xc7, 0xa8, 0xc5, 0xb3, 0x9c, 0xd8, 0xc6, 0xb6,
    0xec, 0xda, 0xcd, 0xf9, 0xe8, 0xda, 0xf1, 0xe1, 0xcd, 0xe9, 0xdb, 0xbf,
    0xce, 0xc8, 0x9b, 0xa7, 0xb0, 0x63, 0x96, 0xa2, 0x4d, 0x98, 0xa5, 0x4c,
    0x9a, 0xa7, 0x4a, 0x9a, 0xa8, 0x47, 0x9a, 0xa8, 0x46, 0x9a, 0xa8, 0x4a,
    0x9a, 0xa7, 0x4f, 0x9c, 0xa6, 0x4f, 0x9c, 0xa6, 0x4f, 0x9d, 0xa5, 0x4f,
    0x9e, 0xa5, 0x4f, 0x9f, 0xa5, 0x4f, 0x9f, 0xa4, 0x50, 0x9f, 0xa4, 0x50,
    0x9f, 0xa4, 0x50, 0x9f, 0xa4, 0x50, 0x9f, 0xa4, 0x50, 0x9f, 0xa4, 0x50,
    0x9f, 0xa4, 0x50, 0x9e, 0xa3, 0x4f, 0x9f, 0xa4, 0x50, 0xa0, 0xa5, 0x51,
    0xa1, 0xa6, 0x52, 0xa1, 0xa6, 0x52, 0xa1, 0xa6, 0x52, 0xa2, 0xa5, 0x54,
    0xa2, 0xa5, 0x54, 0xa2, 0xa5, 0x54, 0xa2, 0xa5, 0x54, 0xa2, 0xa5, 0x54,
    0xa2, 0xa5, 0x54, 0xa2, 0xa5, 0x54, 0xa1, 0xa6, 0x54, 0xa1, 0xa6, 0x54,
    0xa1, 0xa6, 0x54, 0xa1, 0xa6, 0x54, 0xa1, 0xa6, 0x54, 0xa1, 0xa6, 0x54,
    0xa0, 0xa7, 0x53, 0x9f, 0xa7, 0x52, 0x9f, 0xa7, 0x52, 0x9e, 0xa6, 0x51,
    0x9e, 0xa6, 0x51, 0x9e, 0xa6, 0x51, 0x9e, 0xa6, 0x51, 0x9e, 0xa6, 0x51,
    0x9c, 0xac, 0x53, 0x9c, 0xac, 0x53, 0x9c, 0xac, 0x53, 0x9c, 0xac, 0x53,
    0x9c, 0xac, 0x53, 0x9c, 0xac, 0x53, 0x9d, 0xab, 0x53, 0x9e, 0xaa, 0x53,
    0x9c, 0xaa, 0x51, 0x9a, 0xa9, 0x4f, 0x9b, 0xab, 0x53, 0x9a, 0xaa, 0x54,
    0x9c, 0xae, 0x5c, 0x7f, 0x93, 0x4a, 0x64, 0x78, 0x3b, 0x7d, 0x8e, 0x5f,
    0x9e, 0xab, 0x87, 0xa8, 0xb4, 0x8f, 0xa4, 0xb0, 0x87, 0x9b, 0xa8, 0x75,
    0x9e, 0xac, 0x70, 0x9b, 0xa9, 0x68, 0x9a, 0xa9, 0x5f, 0x9b, 0xab, 0x57,
    0x98, 0xaa, 0x4e, 0x98, 0xab, 0x4b, 0x99, 0xa9, 0x51, 0x9b, 0xa9, 0x55,
    0x9a, 0xa8, 0x54, 0x9a, 0xa7, 0x54, 0x9a, 0xa7, 0x54, 0x9a, 0xa7, 0x54,
    0x9a, 0xa7, 0x54, 0x9b, 0xa7, 0x54, 0x9b, 0xa7, 0x54, 0x9b, 0xa7, 0x54,
    0x9a, 0xa7, 0x54, 0x9a, 0xa7, 0x54, 0x9a, 0xa7, 0x54, 0x9a, 0xa7, 0x54,
    0x9a, 0xa7, 0x54, 0x9a, 0xa7, 0x54, 0x9b, 0xa7, 0x54, 0x9c, 0xa8, 0x55,
    0x9c, 0xa8, 0x55, 0x9b, 0xa8, 0x55, 0x9b, 0xa9, 0x57, 0x9b, 0xa8, 0x57,
    0x9c, 0xa9, 0x57, 0x9a, 0xa8, 0x55, 0x9d, 0xab, 0x56, 0x9b, 0xa9, 0x54,
    0x9b, 0xa8, 0x5b, 0x9b, 0xa8, 0x63, 0xa6, 0xb2, 0x72, 0xa3, 0xae, 0x76,
    0x84, 0x8d, 0x5d, 0x7d, 0x84, 0x5b, 0x7c, 0x82, 0x5b, 0x7a, 0x83, 0x54,
    0x63, 0x6b, 0x39, 0x62, 0x68, 0x37, 0x42, 0x48, 0x15, 0x2f, 0x31, 0x05,
    0x32, 0x34, 0x06, 0x6b, 0x6f, 0x31, 0x9a, 0xa1, 0x53, 0x9f, 0xa6, 0x52,
    0x9f, 0xa6, 0x4e, 0xa1, 0xa7, 0x4f, 0xa2, 0xa7, 0x55, 0xa4, 0xa7, 0x5a,
    0xa0, 0xa8, 0x56, 0xa0, 0xa9, 0x5d, 0x84, 0x8e, 0x52, 0x5f, 0x6b, 0x3e,
    0x57, 0x65, 0x44, 0x4c, 0x5b, 0x41, 0x4f, 0x5f, 0x44, 0x47, 0x57, 0x37,
    0x3f, 0x4e, 0x2e, 0x36, 0x45, 0x23, 0x3b, 0x4a, 0x25, 0x40, 0x4f, 0x29,
    0x3c, 0x4a, 0x23, 0x37, 0x46, 0x1f, 0x2f, 0x3e, 0x16, 0x3c, 0x4d, 0x23,
    0x3e, 0x4f, 0x23, 0x47, 0x5a, 0x2a, 0x37, 0x4a, 0x19, 0x46, 0x59, 0x27,
    0x54, 0x66, 0x35, 0x46, 0x58, 0x28, 0x3c, 0x4e, 0x1e, 0x44, 0x56, 0x26,
    0x4f, 0x62, 0x31, 0x41, 0x53, 0x23, 0x3e, 0x4e, 0x1f, 0x42, 0x50, 0x22,
    0x53, 0x62, 0x33, 0x4f, 0x5d, 0x31, 0x41, 0x4e, 0x23, 0x3c, 0x4a, 0x1e,
    0x48, 0x57, 0x2b, 0x46, 0x57, 0x28, 0x44, 0x53, 0x25, 0x3a, 0x47, 0x1a,
    0x35, 0x42, 0x14, 0x3b, 0x4c, 0x1d, 0x3a, 0x4d, 0x1d, 0x31, 0x45, 0x13,
    0x26, 0x39, 0x07, 0x31, 0x42, 0x12, 0x33, 0x43, 0x14, 0x34, 0x42, 0x15,
    0x30, 0x3d, 0x11, 0x32, 0x3f, 0x11, 0x35, 0x45, 0x11, 0x36, 0x46, 0x12,
    0x33, 0x44, 0x0f, 0x2e, 0x3f, 0x0a, 0x30, 0x41, 0x0c, 0x2f, 0x40, 0x0c,
    0x30, 0x3f, 0x0e, 0x33, 0x42, 0x13, 0x3b, 0x4b, 0x1c, 0x41, 0x50, 0x22,
    0x3f, 0x4e, 0x21, 0x3a, 0x49, 0x1d, 0x3d, 0x4c, 0x20, 0x36, 0x44, 0x1b,
    0x3b, 0x49, 0x20, 0x38, 0x44, 0x19, 0x31, 0x3c, 0x10, 0x32, 0x3d, 0x0f,
    0x30, 0x3b, 0x0c, 0x47, 0x52, 0x1a, 0x81, 0x8e, 0x49, 0x99, 0xa7, 0x5b,
    0x99, 0xa7, 0x55, 0x98, 0xa7, 0x50, 0x99, 0xa8, 0x51, 0x98, 0xa7, 0x52,
    0x97, 0xa6, 0x53, 0x93, 0xa5, 0x4e, 0x94, 0xa6, 0x4f, 0x96, 0xa4, 0x54,
    0x7d, 0x82, 0x42, 0x51, 0x4c, 0x1d, 0x42, 0x36, 0x11, 0x43, 0x33, 0x12,
    0x68, 0x57, 0x37, 0x76, 0x63, 0x44, 0x75, 0x60, 0x41, 0x84, 0x6e, 0x4e,
    0x8d, 0x75, 0x53, 0x94, 0x75, 0x56, 0x94, 0x72, 0x55, 0x8c, 0x6b, 0x4f,
    0xa4, 0x85, 0x68, 0xab, 0x8f, 0x70, 0xb3, 0x9a, 0x78, 0xbf, 0xa7, 0x85,
    0xc3, 0xa9, 0x8a, 0xb3, 0x9a, 0x7b, 0xc4, 0xab, 0x8b, 0xd5, 0xbd, 0x9c,
    0xdd, 0xc7, 0xa6, 0xd4, 0xbf, 0x9e, 0xbb, 0xa8, 0x8c, 0xd1, 0xbf, 0xab,
    0xec, 0xda, 0xcb, 0xfa, 0xe9, 0xde, 0xfb, 0xec, 0xde, 0xeb, 0xdd, 0xc8,
    0xe6, 0xdc, 0xba, 0xca, 0xcd, 0x8c, 0xa1, 0xa7, 0x5b, 0x9d, 0xa4, 0x50,
    0x9d, 0xa6, 0x4b, 0x9d, 0xa8, 0x48, 0x9c, 0xa8, 0x47, 0x9b, 0xa8, 0x4b,
    0x9b, 0xa7, 0x4f, 0x9d, 0xa6, 0x50, 0x9d, 0xa6, 0x51, 0x9e, 0xa5, 0x50,
    0x9e, 0xa5, 0x50, 0x9f, 0xa4, 0x50, 0xa0, 0xa4, 0x50, 0xa0, 0xa4, 0x50,
    0xa0, 0xa4, 0x50, 0x9f, 0xa4, 0x50, 0x9f, 0xa4, 0x50, 0x9f, 0xa4, 0x50,
    0x9f, 0xa4, 0x50, 0x9f, 0xa3, 0x4f, 0xa0, 0xa4, 0x50, 0xa1, 0xa5, 0x51,
    0xa1, 0xa6, 0x52, 0xa1, 0xa6, 0x52, 0xa1, 0xa6, 0x52, 0xa2, 0xa5, 0x53,
    0xa2, 0xa5, 0x53, 0xa2, 0xa5, 0x53, 0xa2, 0xa5, 0x53, 0xa2, 0xa5, 0x53,
    0xa2, 0xa5, 0x53, 0xa2, 0xa5, 0x53, 0xa1, 0xa6, 0x53, 0xa1, 0xa6, 0x53,
    0xa1, 0xa6, 0x53, 0xa1, 0xa6, 0x53, 0xa1, 0xa6, 0x53, 0xa1, 0xa6, 0x53,
    0xa0, 0xa7, 0x52, 0x9f, 0xa7, 0x52, 0x9f, 0xa7, 0x52, 0x9e, 0xa6, 0x51,
    0x9e, 0xa6, 0x51, 0x9e, 0xa6, 0x51, 0x9e, 0xa6, 0x51, 0x9d, 0xa6, 0x51,
    0x9b, 0xab, 0x53, 0x9b, 0xab, 0x53, 0x9b, 0xab, 0x53, 0x9c, 0xac, 0x54,
    0x9c, 0xac, 0x54, 0x9c, 0xac, 0x54, 0x9c, 0xac, 0x53, 0x9d, 0xac, 0x51,
    0x9c, 0xab, 0x50, 0x9b, 0xaa, 0x4f, 0x9c, 0xab, 0x50, 0x9c, 0xab, 0x51,
    0x9c, 0xab, 0x53, 0x95, 0xa6, 0x5a, 0x6f, 0x80, 0x40, 0x70, 0x7e, 0x48,
    0x7c, 0x8a, 0x5c, 0x90, 0x9d, 0x6f, 0xa9, 0xb6, 0x86, 0xa3, 0xb1, 0x84,
    0xa2, 0xae, 0x86, 0x9a, 0xa7, 0x77, 0x9d, 0xac, 0x72, 0x96, 0xa7, 0x61,
    0x94, 0xa7, 0x56, 0x95, 0xa8, 0x52, 0x99, 0xa8, 0x54, 0x9b, 0xa7, 0x56,
    0x98, 0xa4, 0x53, 0x99, 0xa5, 0x55, 0x9a, 0xa5, 0x55, 0x9a, 0xa5, 0x54,
    0x9b, 0xa6, 0x55, 0x9d, 0xa6, 0x55, 0x9d, 0xa5, 0x55, 0x9d, 0xa5, 0x55,
    0x9c, 0xa5, 0x54, 0x9c, 0xa5, 0x54, 0x9c, 0xa5, 0x54, 0x9c, 0xa5, 0x54,
    0x9c, 0xa5, 0x54, 0x9c, 0xa5, 0x54, 0x9c, 0xa5, 0x54, 0x9d, 0xa6, 0x54,
    0x9e, 0xa7, 0x56, 0x9d, 0xa7, 0x56, 0x9c, 0xaa, 0x5c, 0x9a, 0xa8, 0x5b,
    0x9b, 0xa9, 0x5b, 0x9a, 0xa9, 0x5a, 0x9b, 0xa9, 0x5a, 0x96, 0xa5, 0x56,
    0x9d, 0xab, 0x6d, 0x9d, 0xab, 0x7b, 0x91, 0x9e, 0x6f, 0x8e, 0x9a, 0x6c,
    0x7d, 0x87, 0x59, 0x71, 0x7a, 0x4d, 0x7d, 0x84, 0x57, 0x7f, 0x82, 0x53,
    0x4e, 0x51, 0x20, 0x40, 0x43, 0x13, 0x38, 0x3b, 0x08, 0x3d, 0x40, 0x09,
    0x66, 0x69, 0x31, 0x9a, 0x9f, 0x57, 0x9f, 0xa4, 0x51, 0xa0, 0xa5, 0x51,
    0xa1, 0xa6, 0x52, 0xa2, 0xa7, 0x53, 0xa2, 0xa7, 0x53, 0xa2, 0xa7, 0x54,
    0xa2, 0xa6, 0x52, 0xa2, 0xa8, 0x53, 0x9c, 0xa4, 0x54, 0x7b, 0x85, 0x41,
    0x53, 0x5e, 0x2d, 0x51, 0x5c, 0x3c, 0x48, 0x55, 0x3a, 0x52, 0x62, 0x41,
    0x35, 0x44, 0x22, 0x2c, 0x3a, 0x18, 0x38, 0x45, 0x22, 0x47, 0x54, 0x2f,
    0x40, 0x4d, 0x28, 0x33, 0x3f, 0x19, 0x34, 0x41, 0x19, 0x3b, 0x48, 0x20,
    0x3b, 0x49, 0x20, 0x31, 0x41, 0x17, 0x30, 0x41, 0x16, 0x38, 0x48, 0x1d,
    0x40, 0x53, 0x24, 0x49, 0x5c, 0x2d, 0x36, 0x48, 0x1a, 0x36, 0x48, 0x1a,
    0x49, 0x5c, 0x2e, 0x4b, 0x5e, 0x30, 0x40, 0x4e, 0x20, 0x37, 0x43, 0x15,
    0x46, 0x51, 0x26, 0x4c, 0x58, 0x2e, 0x44, 0x4e, 0x28, 0x3d, 0x48, 0x23,
    0x44, 0x4e, 0x29, 0x37, 0x43, 0x18, 0x33, 0x3f, 0x13, 0x2c, 0x39, 0x0d,
    0x2c, 0x3b, 0x0f, 0x35, 0x46, 0x19, 0x35, 0x46, 0x19, 0x30, 0x41, 0x11,
    0x2a, 0x3c, 0x0a, 0x3c, 0x4e, 0x1c, 0x43, 0x52, 0x21, 0x43, 0x50, 0x21,
    0x3b, 0x48, 0x18, 0x41, 0x4e, 0x1d, 0x52, 0x62, 0x30, 0x55, 0x65, 0x33,
    0x49, 0x59, 0x28, 0x40, 0x51, 0x1f, 0x46, 0x57, 0x25, 0x44, 0x54, 0x23,
    0x38, 0x45, 0x18, 0x38, 0x41, 0x19, 0x3c, 0x45, 0x1b, 0x30, 0x39, 0x10,
    0x32, 0x3b, 0x11, 0x38, 0x42, 0x18, 0x39, 0x43, 0x1a, 0x3b, 0x46, 0x24,
    0x39, 0x45, 0x20, 0x2e, 0x3b, 0x0e, 0x2f, 0x3d, 0x08, 0x35, 0x45, 0x08,
    0x48, 0x58, 0x15, 0x78, 0x87, 0x3b, 0x98, 0xa6, 0x54, 0x98, 0xa5, 0x52,
    0x9a, 0xa7, 0x53, 0x99, 0xa7, 0x52, 0x99, 0xa7, 0x52, 0x98, 0xa6, 0x52,
    0x97, 0xa7, 0x55, 0x97, 0xa6, 0x52, 0x98, 0xa5, 0x4d, 0x9c, 0xa4, 0x51,
    0x8d, 0x8f, 0x4b, 0x50, 0x4c, 0x17, 0x43, 0x38, 0x10, 0x43, 0x32, 0x12,
    0x6a, 0x57, 0x39, 0x6c, 0x58, 0x3d, 0x76, 0x5f, 0x44, 0x7e, 0x67, 0x48,
    0x88, 0x70, 0x4d, 0x8d, 0x6d, 0x4c, 0x96, 0x73, 0x55, 0x92, 0x71, 0x55,
    0x97, 0x7a, 0x5d, 0x90, 0x77, 0x55, 0x82, 0x6d, 0x45, 0x8a, 0x75, 0x4c,
    0xb9, 0xa1, 0x7f, 0xc4, 0xac, 0x8b, 0xc3, 0xab, 0x89, 0xc7, 0xaf, 0x8d,
    0xc6, 0xae, 0x8c, 0xce, 0xb6, 0x94, 0xcf, 0xb9, 0x99, 0xde, 0xca, 0xae,
    0xe8, 0xd7, 0xc2, 0xfb, 0xef, 0xdf, 0xfd, 0xf1, 0xe2, 0xf3, 0xe8, 0xd5,
    0xe6, 0xdc, 0xc2, 0xe1, 0xd7, 0xae, 0xc8, 0xc1, 0x8a, 0xb2, 0xb0, 0x69,
    0xa3, 0xa5, 0x51, 0xa4, 0xaa, 0x4e, 0x9e, 0xa7, 0x49, 0x9e, 0xa7, 0x4d,
    0x9d, 0xa7, 0x4f, 0x9e, 0xa6, 0x52, 0x9e, 0xa5, 0x53, 0x9f, 0xa4, 0x53,
    0x9f, 0xa4, 0x52, 0x9f, 0xa4, 0x51, 0xa1, 0xa5, 0x50, 0xa1, 0xa5, 0x50,
    0xa1, 0xa5, 0x50, 0xa0, 0xa4, 0x4f, 0xa0, 0xa4, 0x4f, 0xa0, 0xa4, 0x4f,
    0xa0, 0xa4, 0x4f, 0xa0, 0xa4, 0x50, 0xa1, 0xa5, 0x51, 0xa2, 0xa6, 0x52,
    0xa1, 0xa5, 0x51, 0xa1, 0xa5, 0x51, 0xa1, 0xa5, 0x51, 0xa2, 0xa6, 0x52,
    0xa2, 0xa6, 0x52, 0xa2, 0xa6, 0x52, 0xa2, 0xa6, 0x52, 0xa2, 0xa6, 0x52,
    0xa2, 0xa6, 0x52, 0xa2, 0xa6, 0x52, 0xa1, 0xa6, 0x52, 0xa1, 0xa6, 0x52,
    0xa1, 0xa6, 0x52, 0xa1, 0xa6, 0x52, 0xa1, 0xa6, 0x52, 0xa1, 0xa6, 0x52,
    0x9f, 0xa6, 0x51, 0x9e, 0xa6, 0x51, 0x9e, 0xa6, 0x51, 0x9e, 0xa6, 0x51,
    0x9e, 0xa6, 0x51, 0x9e, 0xa6, 0x51, 0x9d, 0xa7, 0x51, 0x9c, 0xa7, 0x51,
    0x9b, 0xab, 0x53, 0x9b, 0xab, 0x53, 0x9b, 0xab, 0x53, 0x9c, 0xac, 0x54,
    0x9c, 0xac, 0x54, 0x9c, 0xac, 0x54, 0x9c, 0xac, 0x53, 0x9c, 0xab, 0x51,
    0x9b, 0xaa, 0x4f, 0x9b, 0xaa, 0x4f, 0x9c, 0xab, 0x50, 0x9c, 0xab, 0x50,
    0x9b, 0xab, 0x51, 0x99, 0xaa, 0x5b, 0x89, 0x9a, 0x55, 0x68, 0x77, 0x3c,
    0x6c, 0x7a, 0x45, 0x8a, 0x98, 0x65, 0xa3, 0xb1, 0x7f, 0x9f, 0xac, 0x81,
    0xa4, 0xb0, 0x8f, 0x9d, 0xa9, 0x83, 0xa5, 0xb2, 0x82, 0x9c, 0xaa, 0x70,
    0x97, 0xa8, 0x65, 0x94, 0xa6, 0x5c, 0x96, 0xa4, 0x56, 0x99, 0xa6, 0x56,
    0x99, 0xa6, 0x56, 0x98, 0xa6, 0x55, 0x99, 0xa6, 0x54, 0x99, 0xa7, 0x53,
    0x99, 0xa5, 0x52, 0x9a, 0xa6, 0x52, 0x9b, 0xa5, 0x52, 0x9b, 0xa5, 0x52,
    0x9a, 0xa6, 0x51, 0x9a, 0xa6, 0x51, 0x9b, 0xa6, 0x51, 0x9b, 0xa6, 0x51,
    0x9b, 0xa6, 0x51, 0x9a, 0xa6, 0x51, 0x9a, 0xa5, 0x51, 0x9a, 0xa5, 0x52,
    0x9c, 0xa7, 0x54, 0x9b, 0xa8, 0x55, 0x9a, 0xab, 0x59, 0x99, 0xaa, 0x5a,
    0x9a, 0xaa, 0x5f, 0x97, 0xa6, 0x61, 0x9c, 0xaa, 0x68, 0xa0, 0xae, 0x70,
    0x9f, 0xad, 0x75, 0x9b, 0xa9, 0x75, 0x7d, 0x8a, 0x56, 0x84, 0x90, 0x5d,
    0x94, 0x9e, 0x6c, 0x83, 0x8c, 0x5a, 0x5b, 0x62, 0x30, 0x64, 0x67, 0x36,
    0x49, 0x4b, 0x19, 0x38, 0x3c, 0x0a, 0x33, 0x37, 0x03, 0x5f, 0x63, 0x26,
    0x95, 0x9b, 0x59, 0xa2, 0xa7, 0x5c, 0xa1, 0xa6, 0x52, 0xa1, 0xa6, 0x52,
    0x9f, 0xa4, 0x50, 0xa2, 0xa7, 0x53, 0xa2, 0xa7, 0x53, 0xa2, 0xa7, 0x53,
    0xa2, 0xa6, 0x52, 0xa0, 0xa5, 0x4f, 0x9f, 0xa8, 0x54, 0x95, 0x9f, 0x55,
    0x6a, 0x75, 0x3c, 0x54, 0x5f, 0x38, 0x42, 0x4e, 0x32, 0x40, 0x4e, 0x34,
    0x32, 0x41, 0x25, 0x35, 0x44, 0x24, 0x43, 0x51, 0x2e, 0x48, 0x56, 0x2e,
    0x43, 0x52, 0x28, 0x37, 0x46, 0x1d, 0x33, 0x41, 0x19, 0x37, 0x46, 0x1d,
    0x37, 0x45, 0x1c, 0x32, 0x41, 0x18, 0x2f, 0x3d, 0x14, 0x3f, 0x4e, 0x24,
    0x3a, 0x4b, 0x1e, 0x37, 0x48, 0x1b, 0x31, 0x42, 0x15, 0x33, 0x45, 0x18,
    0x36, 0x47, 0x1a, 0x3b, 0x4c, 0x1f, 0x38, 0x46, 0x18, 0x36, 0x42, 0x14,
    0x3d, 0x48, 0x1d, 0x37, 0x42, 0x19, 0x33, 0x3e, 0x17, 0x37, 0x41, 0x1d,
    0x49, 0x53, 0x2e, 0x43, 0x4e, 0x24, 0x3c, 0x48, 0x1d, 0x2c, 0x39, 0x0d,
    0x27, 0x37, 0x0a, 0x2b, 0x3c, 0x0f, 0x2b, 0x3c, 0x0f, 0x27, 0x39, 0x0a,
    0x23, 0x35, 0x05, 0x2f, 0x41, 0x11, 0x31, 0x40, 0x11, 0x33, 0x40, 0x11,
    0x30, 0x3c, 0x0e, 0x3f, 0x4b, 0x1d, 0x49, 0x58, 0x29, 0x4b, 0x5b, 0x2c,
    0x45, 0x55, 0x26, 0x46, 0x56, 0x26, 0x50, 0x60, 0x31, 0x50, 0x60, 0x31,
    0x43, 0x4f, 0x24, 0x47, 0x4f, 0x28, 0x47, 0x4f, 0x28, 0x36, 0x3e, 0x15,
    0x35, 0x3d, 0x14, 0x37, 0x40, 0x16, 0x32, 0x3b, 0x11, 0x3a, 0x45, 0x20,
    0x32, 0x3e, 0x16, 0x2c, 0x39, 0x09, 0x30, 0x40, 0x06, 0x49, 0x59, 0x16,
    0x78, 0x89, 0x40, 0x97, 0xa7, 0x56, 0x9a, 0xa8, 0x54, 0x99, 0xa7, 0x52,
    0x9a, 0xa8, 0x53, 0x99, 0xa7, 0x52, 0x99, 0xa7, 0x52, 0x98, 0xa6, 0x52,
    0x98, 0xa6, 0x55, 0x97, 0xa6, 0x52, 0x98, 0xa5, 0x4d, 0x9b, 0xa3, 0x4f,
    0x98, 0x9a, 0x52, 0x71, 0x6f, 0x34, 0x4e, 0x45, 0x17, 0x3d, 0x2f, 0x0c,
    0x6b, 0x5b, 0x39, 0x69, 0x56, 0x3a, 0x5f, 0x4a, 0x2f, 0x6f, 0x5a, 0x3b,
    0x81, 0x6a, 0x48, 0x76, 0x57, 0x36, 0x80, 0x5d, 0x3f, 0x8f, 0x6e, 0x51,
    0x95, 0x78, 0x5b, 0xa8, 0x8f, 0x6e, 0x99, 0x83, 0x5b, 0x97, 0x81, 0x59,
    0xa4, 0x8c, 0x6a, 0xb3, 0x9b, 0x79, 0xbb, 0xa3, 0x81, 0xca, 0xb2, 0x90,
    0xc3, 0xab, 0x89, 0xc5, 0xad, 0x8b, 0xdf, 0xc9, 0xa8, 0xee, 0xda, 0xbd,
    0xe3, 0xd0, 0xba, 0xee, 0xde, 0xce, 0xf1, 0xe3, 0xd3, 0xe8, 0xdd, 0xca,
    0xe4, 0xdb, 0xc2, 0xe8, 0xdc, 0xbb, 0xe2, 0xda, 0xae, 0xd0, 0xca, 0x92,
    0xad, 0xac, 0x67, 0xa1, 0xa4, 0x53, 0xa2, 0xa8, 0x50, 0x9e, 0xa5, 0x4b,
    0x9e, 0xa7, 0x4e, 0x9e, 0xa6, 0x50, 0x9e, 0xa5, 0x51, 0x9f, 0xa4, 0x52,
    0x9f, 0xa4, 0x52, 0x9f, 0xa4, 0x50, 0xa1, 0xa5, 0x50, 0xa1, 0xa5, 0x50,
    0xa1, 0xa5, 0x50, 0xa0, 0xa4, 0x4f, 0xa0, 0xa4, 0x4f, 0xa0, 0xa4, 0x4f,
    0xa0, 0xa4, 0x4f, 0xa0, 0xa4, 0x50, 0xa1, 0xa5, 0x51, 0xa2, 0xa6, 0x52,
    0xa1, 0xa5, 0x51, 0xa1, 0xa5, 0x51, 0xa1, 0xa5, 0x51, 0xa2, 0xa6, 0x52,
    0xa2, 0xa6, 0x52, 0xa2, 0xa6, 0x52, 0xa2, 0xa6, 0x52, 0xa2, 0xa6, 0x52,
    0xa2, 0xa6, 0x52, 0xa2, 0xa6, 0x52, 0xa1, 0xa6, 0x52, 0xa1, 0xa6, 0x52,
    0xa1, 0xa6, 0x52, 0xa1, 0xa6, 0x52, 0xa1, 0xa6, 0x52, 0xa1, 0xa6, 0x52,
    0x9f, 0xa6, 0x51, 0x9e, 0xa6, 0x51, 0x9e, 0xa6, 0x51, 0x9e, 0xa6, 0x51,
    0x9e, 0xa6, 0x51, 0x9e, 0xa6, 0x51, 0x9d, 0xa7, 0x51, 0x9c, 0xa7, 0x51,
    0x9b, 0xab, 0x53, 0x9b, 0xab, 0x53, 0x9b, 0xab, 0x53, 0x9b, 0xab, 0x53,
    0x9b, 0xab, 0x53, 0x9b, 0xab, 0x53, 0x9b, 0xab, 0x53, 0x9b, 0xa9, 0x51,
    0x9b, 0xa9, 0x50, 0x9a, 0xa8, 0x4f, 0x9b, 0xa9, 0x50, 0x9b, 0xa9, 0x50,
    0x9b, 0xaa, 0x51, 0x99, 0xab, 0x56, 0x97, 0xa8, 0x5b, 0x81, 0x90, 0x4c,
    0x63, 0x71, 0x35, 0x6e, 0x7b, 0x45, 0x79, 0x86, 0x51, 0x92, 0x9e, 0x73,
    0xb0, 0xb9, 0x9c, 0xa2, 0xab, 0x8b, 0x9a, 0xa6, 0x7f, 0x9e, 0xaa, 0x7d,
    0xa7, 0xb4, 0x81, 0x9e, 0xac, 0x75, 0x97, 0xa6, 0x61, 0x97, 0xa6, 0x5b,
    0x97, 0xa6, 0x5a, 0x96, 0xa6, 0x57, 0x97, 0xa7, 0x55, 0x97, 0xa7, 0x54,
    0x97, 0xa7, 0x52, 0x98, 0xa8, 0x50, 0x99, 0xa7, 0x50, 0x99, 0xa7, 0x50,
    0x98, 0xa8, 0x51, 0x98, 0xa8, 0x51, 0x99, 0xa8, 0x51, 0x99, 0xa8, 0x4f,
    0x99, 0xa8, 0x50, 0x98, 0xa7, 0x51, 0x99, 0xa7, 0x53, 0x9a, 0xa7, 0x55,
    0x99, 0xa7, 0x58, 0x99, 0xa8, 0x58, 0x97, 0xaa, 0x58, 0x96, 0xa7, 0x5a,
    0x9b, 0xac, 0x67, 0x9f, 0xae, 0x74, 0x9f, 0xad, 0x7b, 0x9f, 0xab, 0x80,
    0x7d, 0x8a, 0x58, 0x85, 0x94, 0x59, 0x95, 0xa2, 0x68, 0x96, 0xa1, 0x69,
    0x80, 0x89, 0x53, 0x7a, 0x82, 0x4c, 0x4f, 0x55, 0x21, 0x45, 0x48, 0x16,
    0x3b, 0x3e, 0x0c, 0x3a, 0x3e, 0x09, 0x5f, 0x64, 0x26, 0x92, 0x98, 0x51,
    0x9f, 0xa5, 0x5c, 0xa0, 0xa6, 0x57, 0xa0, 0xa5, 0x52, 0x9e, 0xa3, 0x4f,
    0xa0, 0xa5, 0x51, 0xa1, 0xa6, 0x52, 0xa1, 0xa6, 0x52, 0xa1, 0xa6, 0x52,
    0xa1, 0xa5, 0x52, 0x9f, 0xa5, 0x50, 0x9b, 0xa4, 0x4f, 0x9c, 0xa6, 0x57,
    0x92, 0x9d, 0x5b, 0x6d, 0x78, 0x44, 0x55, 0x62, 0x3e, 0x46, 0x54, 0x3e,
    0x46, 0x54, 0x3b, 0x3e, 0x4d, 0x2f, 0x51, 0x60, 0x3c, 0x3f, 0x4f, 0x26,
    0x3c, 0x4d, 0x21, 0x31, 0x43, 0x19, 0x36, 0x48, 0x20, 0x3a, 0x4a, 0x23,
    0x3b, 0x49, 0x22, 0x2e, 0x3a, 0x13, 0x2e, 0x38, 0x13, 0x35, 0x3f, 0x17,
    0x39, 0x47, 0x1b, 0x36, 0x45, 0x18, 0x2a, 0x39, 0x0d, 0x36, 0x45, 0x18,
    0x3b, 0x4a, 0x1d, 0x35, 0x44, 0x17, 0x2d, 0x3a, 0x0e, 0x37, 0x43, 0x17,
    0x42, 0x4e, 0x23, 0x3e, 0x4a, 0x20, 0x36, 0x41, 0x1a, 0x2a, 0x35, 0x0f,
    0x30, 0x3c, 0x15, 0x30, 0x3c, 0x11, 0x2f, 0x3b, 0x0f, 0x2b, 0x38, 0x0c,
    0x33, 0x43, 0x16, 0x3a, 0x4b, 0x1e, 0x3f, 0x50, 0x23, 0x37, 0x48, 0x1a,
    0x2f, 0x41, 0x11, 0x3d, 0x4e, 0x1f, 0x43, 0x52, 0x23, 0x41, 0x4e, 0x20,
    0x34, 0x40, 0x12, 0x35, 0x41, 0x13, 0x35, 0x42, 0x14, 0x36, 0x43, 0x15,
    0x34, 0x41, 0x13, 0x39, 0x47, 0x19, 0x42, 0x4f, 0x21, 0x42, 0x50, 0x22,
    0x3b, 0x47, 0x1d, 0x43, 0x4b, 0x25, 0x40, 0x48, 0x20, 0x36, 0x3e, 0x15,
    0x3d, 0x45, 0x1b, 0x36, 0x3f, 0x14, 0x2a, 0x33, 0x07, 0x2c, 0x37, 0x0c,
    0x2e, 0x3b, 0x0b, 0x33, 0x40, 0x09, 0x51, 0x60, 0x21, 0x7e, 0x8e, 0x46,
    0x97, 0xa8, 0x59, 0x98, 0xa8, 0x56, 0x9a, 0xa8, 0x53, 0x9a, 0xa8, 0x53,
    0x9a, 0xa8, 0x53, 0x9a, 0xa8, 0x53, 0x99, 0xa7, 0x52, 0x98, 0xa6, 0x52,
    0x98, 0xa6, 0x55, 0x97, 0xa6, 0x52, 0x98, 0xa5, 0x4d, 0x99, 0xa2, 0x4b,
    0x9c, 0xa0, 0x52, 0x9c, 0x9c, 0x58, 0x63, 0x5f, 0x26, 0x3c, 0x31, 0x07,
    0x61, 0x55, 0x2d, 0x67, 0x57, 0x36, 0x45, 0x34, 0x16, 0x4d, 0x3b, 0x1c,
    0x6b, 0x56, 0x35, 0x89, 0x6d, 0x4a, 0x91, 0x70, 0x50, 0x8d, 0x6c, 0x4f,
    0x91, 0x72, 0x56, 0xa4, 0x88, 0x6a, 0xbc, 0xa2, 0x7e, 0xb6, 0x9d, 0x78,
    0xab, 0x93, 0x70, 0x9f, 0x87, 0x65, 0xa8, 0x90, 0x6e, 0xce, 0xb6, 0x94,
    0xcd, 0xb5, 0x93, 0xc4, 0xac, 0x8a, 0xe7, 0xd0, 0xb0, 0xec, 0xd7, 0xbb,
    0xdf, 0xca, 0xb3, 0xda, 0xc9, 0xb7, 0xe5, 0xd6, 0xc6, 0xe6, 0xda, 0xc7,
    0xec, 0xe1, 0xcc, 0xe5, 0xd9, 0xc0, 0xe2, 0xd7, 0xbb, 0xe1, 0xd8, 0xb6,
    0xcf, 0xca, 0x9d, 0xad, 0xad, 0x6e, 0x9f, 0xa3, 0x54, 0xa0, 0xa5, 0x4e,
    0xa0, 0xa6, 0x4d, 0xa0, 0xa6, 0x4d, 0xa0, 0xa6, 0x4e, 0xa0, 0xa6, 0x50,
    0xa0, 0xa6, 0x50, 0xa0, 0xa6, 0x50, 0xa1, 0xa5, 0x50, 0xa1, 0xa5, 0x50,
    0xa1, 0xa5, 0x50, 0xa0, 0xa4, 0x4f, 0xa0, 0xa4, 0x4f, 0xa0, 0xa4, 0x4f,
    0xa0, 0xa4, 0x4f, 0xa0, 0xa4, 0x50, 0xa1, 0xa5, 0x51, 0xa2, 0xa6, 0x52,
    0xa1, 0xa5, 0x51, 0xa1, 0xa5, 0x51, 0xa1, 0xa5, 0x51, 0xa2, 0xa6, 0x52,
    0xa2, 0xa6, 0x52, 0xa2, 0xa6, 0x52, 0xa2, 0xa6, 0x52, 0xa2, 0xa6, 0x52,
    0xa2, 0xa6, 0x52, 0xa2, 0xa6, 0x52, 0xa1, 0xa6, 0x52, 0xa1, 0xa6, 0x52,
    0xa1, 0xa6, 0x52, 0xa1, 0xa6, 0x52, 0xa1, 0xa6, 0x52, 0xa1, 0xa6, 0x52,
    0x9f, 0xa6, 0x51, 0x9e, 0xa6, 0x51, 0x9e, 0xa6, 0x51, 0x9e, 0xa6, 0x51,
    0x9e, 0xa6, 0x51, 0x9e, 0xa6, 0x51, 0x9d, 0xa7, 0x51, 0x9c, 0xa7, 0x51,
    0x9b, 0xab, 0x53, 0x9b, 0xab, 0x53, 0x9b, 0xab, 0x53, 0x9a, 0xaa, 0x52,
    0x9a, 0xaa, 0x52, 0x9a, 0xaa, 0x52, 0x9a, 0xaa, 0x52, 0x9b, 0xa9, 0x51,
    0x9a, 0xa8, 0x50, 0x99, 0xa7, 0x4f, 0x9a, 0xa8, 0x50, 0x9a, 0xa8, 0x50,
    0x9a, 0xa8, 0x50, 0x97, 0xa9, 0x4e, 0x9b, 0xae, 0x58, 0x98, 0xa8, 0x5b,
    0x7e, 0x8d, 0x49, 0x55, 0x64, 0x27, 0x6f, 0x7c, 0x44, 0x7b, 0x87, 0x58,
    0x93, 0x9c, 0x7a, 0x9a, 0xa4, 0x81, 0xb2, 0xbc, 0x97, 0xa4, 0xaf, 0x86,
    0x9c, 0xa7, 0x7d, 0x9f, 0xab, 0x7f, 0xa5, 0xb3, 0x7b, 0x9d, 0xac, 0x6e,
    0x97, 0xa7, 0x67, 0x96, 0xa6, 0x62, 0x94, 0xa5, 0x5d, 0x93, 0xa5, 0x5b,
    0x96, 0xa8, 0x5b, 0x95, 0xa7, 0x56, 0x95, 0xa6, 0x56, 0x95, 0xa7, 0x56,
    0x96, 0xa7, 0x57, 0x96, 0xa8, 0x57, 0x96, 0xa8, 0x57, 0x96, 0xa8, 0x55,
    0x96, 0xa8, 0x55, 0x96, 0xa7, 0x57, 0x96, 0xa7, 0x5b, 0x98, 0xa7, 0x5e,
    0x9a, 0xa9, 0x63, 0x9b, 0xab, 0x65, 0x9d, 0xb0, 0x6a, 0x9f, 0xb1, 0x6f,
    0xa1, 0xb2, 0x78, 0x9c, 0xab, 0x7b, 0x80, 0x8e, 0x66, 0x89, 0x96, 0x72,
    0x8d, 0x99, 0x6a, 0x91, 0x9d, 0x63, 0x91, 0x9c, 0x63, 0x85, 0x8e, 0x57,
    0x55, 0x5c, 0x27, 0x55, 0x5a, 0x26, 0x4a, 0x4f, 0x1a, 0x3f, 0x42, 0x0e,
    0x35, 0x38, 0x06, 0x62, 0x67, 0x27, 0x94, 0x9b, 0x53, 0x9c, 0xa2, 0x54,
    0x9c, 0xa4, 0x51, 0xa0, 0xa7, 0x52, 0xa0, 0xa5, 0x51, 0x9f, 0xa4, 0x50,
    0xa1, 0xa6, 0x52, 0xa0, 0xa5, 0x51, 0xa0, 0xa5, 0x51, 0xa0, 0xa5, 0x51,
    0x9f, 0xa4, 0x52, 0xa1, 0xa7, 0x53, 0x9f, 0xa7, 0x51, 0x9a, 0xa4, 0x50,
    0x97, 0xa2, 0x57, 0x8a, 0x95, 0x55, 0x66, 0x73, 0x42, 0x49, 0x57, 0x37,
    0x4d, 0x5c, 0x3d, 0x46, 0x55, 0x35, 0x48, 0x58, 0x35, 0x41, 0x52, 0x2c,
    0x32, 0x43, 0x1c, 0x31, 0x45, 0x1d, 0x38, 0x4d, 0x24, 0x41, 0x53, 0x2b,
    0x37, 0x44, 0x1e, 0x32, 0x3c, 0x16, 0x31, 0x37, 0x13, 0x3d, 0x44, 0x1e,
    0x37, 0x43, 0x18, 0x2e, 0x39, 0x0f, 0x2b, 0x36, 0x0c, 0x30, 0x3c, 0x11,
    0x2e, 0x39, 0x0f, 0x39, 0x44, 0x1a, 0x31, 0x3e, 0x12, 0x2f, 0x3c, 0x11,
    0x32, 0x3f, 0x14, 0x30, 0x3d, 0x13, 0x2e, 0x3a, 0x12, 0x31, 0x3d, 0x16,
    0x3d, 0x49, 0x20, 0x3a, 0x45, 0x1a, 0x32, 0x3e, 0x13, 0x24, 0x32, 0x06,
    0x29, 0x38, 0x0b, 0x2d, 0x3d, 0x10, 0x2c, 0x3d, 0x10, 0x2b, 0x3c, 0x0f,
    0x32, 0x44, 0x16, 0x48, 0x5a, 0x2c, 0x51, 0x60, 0x32, 0x50, 0x5d, 0x30,
    0x48, 0x54, 0x28, 0x4b, 0x56, 0x2a, 0x4a, 0x57, 0x2a, 0x3f, 0x4c, 0x1f,
    0x33, 0x40, 0x13, 0x34, 0x41, 0x15, 0x32, 0x3f, 0x12, 0x2d, 0x3a, 0x0d,
    0x35, 0x3f, 0x16, 0x3a, 0x42, 0x1b, 0x33, 0x3b, 0x12, 0x33, 0x3c, 0x12,
    0x38, 0x41, 0x14, 0x33, 0x3c, 0x0d, 0x31, 0x3b, 0x0b, 0x2f, 0x3b, 0x06,
    0x30, 0x3e, 0x06, 0x57, 0x66, 0x27, 0x87, 0x96, 0x4f, 0x97, 0xa7, 0x5a,
    0x95, 0xa7, 0x55, 0x97, 0xa7, 0x52, 0x99, 0xa7, 0x52, 0x99, 0xa7, 0x52,
    0x9a, 0xa8, 0x53, 0x9a, 0xa8, 0x53, 0x99, 0xa7, 0x52, 0x98, 0xa6, 0x52,
    0x98, 0xa6, 0x56, 0x98, 0xa5, 0x53, 0x97, 0xa5, 0x4e, 0x9a, 0xa4, 0x4b,
    0x9c, 0xa3, 0x4e, 0x9e, 0xa2, 0x54, 0x8e, 0x8e, 0x49, 0x67, 0x63, 0x2d,
    0x5f, 0x58, 0x28, 0x61, 0x57, 0x2e, 0x48, 0x3b, 0x18, 0x42, 0x33, 0x11,
    0x53, 0x44, 0x1f, 0x71, 0x58, 0x31, 0x92, 0x74, 0x4f, 0xa8, 0x8a, 0x6b,
    0x93, 0x74, 0x57, 0x93, 0x74, 0x57, 0xc3, 0xa5, 0x85, 0xc5, 0xa9, 0x87,
    0xae, 0x96, 0x74, 0x94, 0x7c, 0x5a, 0x8c, 0x74, 0x52, 0xcd, 0xb5, 0x93,
    0xdd, 0xc5, 0xa3, 0xce, 0xb6, 0x94, 0xda, 0xc2, 0xa2, 0xe5, 0xce, 0xb2,
    0xdc, 0xc7, 0xaf, 0xd8, 0xc6, 0xb1, 0xee, 0xdf, 0xcd, 0xf5, 0xe9, 0xd6,
    0xfd, 0xf3, 0xdf, 0xf8, 0xec, 0xda, 0xf5, 0xe9, 0xdb, 0xf3, 0xe8, 0xdc,
    0xf2, 0xea, 0xd2, 0xd2, 0xce, 0xa2, 0xac, 0xac, 0x6a, 0xa3, 0xa5, 0x56,
    0xa1, 0xa5, 0x50, 0xa1, 0xa5, 0x4d, 0xa1, 0xa6, 0x4c, 0xa1, 0xa7, 0x4e,
    0xa1, 0xa7, 0x4e, 0xa0, 0xa7, 0x50, 0xa1, 0xa5, 0x50, 0xa1, 0xa5, 0x50,
    0xa1, 0xa5, 0x50, 0xa0, 0xa4, 0x4f, 0xa0, 0xa4, 0x4f, 0xa0, 0xa4, 0x4f,
    0xa0, 0xa4, 0x4f, 0xa0, 0xa4, 0x50, 0xa1, 0xa5, 0x51, 0xa2, 0xa6, 0x52,
    0xa1, 0xa5, 0x51, 0xa1, 0xa5, 0x51, 0xa1, 0xa5, 0x51, 0xa2, 0xa6, 0x52,
    0xa2, 0xa6, 0x52, 0xa2, 0xa6, 0x52, 0xa2, 0xa6, 0x52, 0xa2, 0xa6, 0x52,
    0xa2, 0xa6, 0x52, 0xa2, 0xa6, 0x52, 0xa1, 0xa6, 0x52, 0xa1, 0xa6, 0x52,
    0xa1, 0xa6, 0x52, 0xa1, 0xa6, 0x52, 0xa1, 0xa6, 0x52, 0xa1, 0xa6, 0x52,
    0x9f, 0xa6, 0x51, 0x9e, 0xa6, 0x51, 0x9e, 0xa6, 0x51, 0x9e, 0xa6, 0x51,
    0x9e, 0xa6, 0x51, 0x9e, 0xa6, 0x51, 0x9d, 0xa7, 0x51, 0x9c, 0xa7, 0x51,
    0x9b, 0xab, 0x53, 0x9b, 0xab, 0x53, 0x9b, 0xab, 0x53, 0x9a, 0xaa, 0x52,
    0x9a, 0xaa, 0x52, 0x9a, 0xaa, 0x52, 0x9a, 0xaa, 0x52, 0x9a, 0xa8, 0x50,
    0x9a, 0xa8, 0x50, 0x99, 0xa7, 0x50, 0x9a, 0xa8, 0x50, 0x9a, 0xa8, 0x50,
    0x9a, 0xa8, 0x50, 0x99, 0xab, 0x4e, 0x98, 0xaa, 0x4f, 0x97, 0xa8, 0x54,
    0x95, 0xa4, 0x5a, 0x73, 0x81, 0x3f, 0x5f, 0x6c, 0x2f, 0x60, 0x6d, 0x38,
    0x73, 0x7d, 0x50, 0x8b, 0x95, 0x69, 0xa4, 0xae, 0x82, 0x9f, 0xa9, 0x7e,
    0xab, 0xb5, 0x8b, 0xa3, 0xae, 0x83, 0xa0, 0xad, 0x7f, 0xa8, 0xb6, 0x86,
    0xa7, 0xb5, 0x82, 0x9f, 0xad, 0x77, 0x9b, 0xaa, 0x70, 0x98, 0xa8, 0x6c,
    0x97, 0xa7, 0x67, 0x92, 0xa4, 0x60, 0x91, 0xa3, 0x5f, 0x93, 0xa4, 0x60,
    0x94, 0xa5, 0x60, 0x94, 0xa5, 0x60, 0x93, 0xa5, 0x61, 0x93, 0xa5, 0x5f,
    0x94, 0xa6, 0x60, 0x93, 0xa5, 0x61, 0x98, 0xa9, 0x68, 0x9c, 0xac, 0x6f,
    0x9f, 0xaf, 0x75, 0x9e, 0xae, 0x76, 0xa3, 0xb3, 0x7f, 0x9b, 0xab, 0x78,
    0x87, 0x97, 0x67, 0x8d, 0x9c, 0x6f, 0x8b, 0x99, 0x70, 0x8e, 0x9c, 0x75,
    0x9b, 0xa6, 0x77, 0x8f, 0x99, 0x64, 0x6b, 0x74, 0x40, 0x68, 0x6e, 0x3b,
    0x53, 0x59, 0x26, 0x3f, 0x43, 0x11, 0x38, 0x3c, 0x09, 0x3f, 0x42, 0x0c,
    0x69, 0x6e, 0x2f, 0x93, 0x99, 0x52, 0x9f, 0xa6, 0x58, 0xa0, 0xa8, 0x54,
    0x9c, 0xa5, 0x4d, 0x9b, 0xa3, 0x4b, 0xa0, 0xa5, 0x51, 0xa1, 0xa6, 0x52,
    0xa0, 0xa5, 0x51, 0xa0, 0xa5, 0x51, 0xa0, 0xa5, 0x51, 0xa0, 0xa5, 0x51,
    0xa0, 0xa5, 0x53, 0xa0, 0xa6, 0x53, 0x9e, 0xa5, 0x50, 0x9d, 0xa5, 0x50,
    0x9a, 0xa4, 0x52, 0x9b, 0xa6, 0x5a, 0x86, 0x92, 0x52, 0x55, 0x64, 0x32,
    0x3f, 0x4f, 0x21, 0x42, 0x50, 0x29, 0x38, 0x49, 0x25, 0x3f, 0x50, 0x32,
    0x33, 0x44, 0x29, 0x3b, 0x51, 0x2c, 0x3e, 0x55, 0x2c, 0x3a, 0x4d, 0x26,
    0x38, 0x46, 0x20, 0x2e, 0x37, 0x13, 0x3f, 0x44, 0x21, 0x3f, 0x46, 0x21,
    0x3d, 0x47, 0x1e, 0x35, 0x40, 0x16, 0x2c, 0x37, 0x0d, 0x39, 0x44, 0x1b,
    0x39, 0x44, 0x1b, 0x34, 0x3f, 0x16, 0x29, 0x36, 0x0c, 0x33, 0x41, 0x16,
    0x3b, 0x49, 0x1f, 0x36, 0x44, 0x19, 0x2c, 0x39, 0x0f, 0x2d, 0x3a, 0x11,
    0x37, 0x43, 0x19, 0x3b, 0x46, 0x1b, 0x39, 0x45, 0x1a, 0x31, 0x3e, 0x12,
    0x3c, 0x4c, 0x1f, 0x3e, 0x4f, 0x22, 0x39, 0x4a, 0x1d, 0x2d, 0x3e, 0x11,
    0x2c, 0x3d, 0x10, 0x36, 0x47, 0x1a, 0x39, 0x48, 0x1c, 0x40, 0x4d, 0x21,
    0x40, 0x4c, 0x20, 0x4b, 0x56, 0x2b, 0x4f, 0x5b, 0x2f, 0x45, 0x52, 0x26,
    0x3a, 0x47, 0x1b, 0x41, 0x4e, 0x22, 0x36, 0x43, 0x17, 0x2c, 0x38, 0x0d,
    0x32, 0x3c, 0x13, 0x2b, 0x33, 0x0c, 0x2b, 0x34, 0x0a, 0x34, 0x3d, 0x10,
    0x31, 0x3b, 0x0b, 0x31, 0x3a, 0x08, 0x34, 0x3f, 0x09, 0x3a, 0x47, 0x09,
    0x5b, 0x69, 0x26, 0x86, 0x94, 0x4d, 0x97, 0xa7, 0x5a, 0x9b, 0xab, 0x59,
    0x99, 0xaa, 0x54, 0x98, 0xa7, 0x52, 0x9a, 0xa8, 0x53, 0x99, 0xa7, 0x52,
    0x9a, 0xa8, 0x53, 0x99, 0xa7, 0x52, 0x99, 0xa7, 0x52, 0x98, 0xa6, 0x52,
    0x98, 0xa6, 0x55, 0x98, 0xa5, 0x53, 0x97, 0xa5, 0x4e, 0x9a, 0xa6, 0x4c,
    0x99, 0xa3, 0x4b, 0x9d, 0xa5, 0x50, 0x9c, 0xa1, 0x54, 0x9d, 0x9d, 0x5d,
    0x92, 0x90, 0x57, 0x5c, 0x58, 0x28, 0x42, 0x3a, 0x12, 0x3c, 0x33, 0x10,
    0x60, 0x56, 0x2b, 0x60, 0x4d, 0x1f, 0x76, 0x5d, 0x32, 0xa3, 0x87, 0x63,
    0x97, 0x79, 0x5a, 0x9e, 0x7f, 0x62, 0x96, 0x77, 0x58, 0x97, 0x7a, 0x59,
    0x99, 0x80, 0x5f, 0x98, 0x80, 0x5e, 0x84, 0x6c, 0x4a, 0xb9, 0xa1, 0x7f,
    0xdd, 0xc5, 0xa3, 0xce, 0xb6, 0x95, 0xc5, 0xad, 0x8e, 0xd1, 0xba, 0x9d,
    0xdf, 0xc8, 0xaf, 0xe2, 0xcf, 0xb7, 0xf4, 0xe5, 0xd1, 0xf8, 0xeb, 0xd8,
    0xfa, 0xef, 0xdd, 0xfb, 0xf1, 0xe3, 0xf9, 0xed, 0xe8, 0xfa, 0xee, 0xee,
    0xf7, 0xed, 0xe5, 0xe6, 0xde, 0xc1, 0xd0, 0xcc, 0x97, 0xb0, 0xae, 0x6a,
    0xa3, 0xa3, 0x57, 0xa2, 0xa3, 0x52, 0xa1, 0xa5, 0x4d, 0xa1, 0xa6, 0x4b,
    0xa1, 0xa7, 0x4d, 0xa0, 0xa7, 0x4f, 0xa1, 0xa5, 0x50, 0xa1, 0xa5, 0x50,
    0xa1, 0xa5, 0x50, 0xa1, 0xa5, 0x50, 0xa1, 0xa5, 0x50, 0xa1, 0xa5, 0x50,
    0xa1, 0xa5, 0x50, 0xa1, 0xa5, 0x51, 0xa1, 0xa5, 0x51, 0xa2, 0xa6, 0x52,
    0xa1, 0xa5, 0x51, 0xa1, 0xa5, 0x51, 0xa1, 0xa5, 0x51, 0xa2, 0xa6, 0x52,
    0xa2, 0xa6, 0x52, 0xa2, 0xa6, 0x52, 0xa2, 0xa6, 0x52, 0xa2, 0xa6, 0x52,
    0xa2, 0xa6, 0x52, 0xa2, 0xa6, 0x52, 0xa1, 0xa6, 0x52, 0xa1, 0xa6, 0x52,
    0xa1, 0xa6, 0x52, 0xa1, 0xa6, 0x52, 0xa1, 0xa6, 0x52, 0xa1, 0xa6, 0x52,
    0x9f, 0xa6, 0x51, 0x9e, 0xa6, 0x51, 0x9e, 0xa6, 0x51, 0x9e, 0xa6, 0x51,
    0x9e, 0xa6, 0x51, 0x9e, 0xa6, 0x51, 0x9d, 0xa6, 0x51, 0x9b, 0xa6, 0x50,
    0x9a, 0xaa, 0x52, 0x9a, 0xaa, 0x52, 0x9a, 0xaa, 0x52, 0x9b, 0xab, 0x53,
    0x9b, 0xab, 0x53, 0x99, 0xa9, 0x51, 0x99, 0xa9, 0x51, 0x9a, 0xa8, 0x51,
    0x9a, 0xa8, 0x51, 0x9a, 0xa8, 0x51, 0x99, 0xa7, 0x50, 0x99, 0xa7, 0x50,
    0x99, 0xa7, 0x50, 0x98, 0xa9, 0x4c, 0x98, 0xa9, 0x4d, 0x98, 0xa8, 0x50,
    0x9a, 0xa8, 0x58, 0x97, 0xa4, 0x5b, 0x77, 0x83, 0x40, 0x58, 0x63, 0x24,
    0x67, 0x73, 0x36, 0x6b, 0x76, 0x3b, 0x79, 0x83, 0x4b, 0x92, 0x9b, 0x67,
    0xa9, 0xb3, 0x82, 0xab, 0xb4, 0x85, 0xae, 0xba, 0x92, 0x9f, 0xab, 0x86,
    0x97, 0xa3, 0x7c, 0xa4, 0xb0, 0x88, 0xa2, 0xaf, 0x84, 0xa2, 0xae, 0x82,
    0xa8, 0xb6, 0x86, 0xa5, 0xb5, 0x80, 0xa3, 0xb4, 0x7e, 0x9d, 0xae, 0x78,
    0xa1, 0xb2, 0x7c, 0x9b, 0xab, 0x76, 0xa1, 0xb1, 0x7c, 0x9d, 0xae, 0x77,
    0xa7, 0xb7, 0x81, 0x9f, 0xaf, 0x7b, 0xa3, 0xb2, 0x80, 0x9b, 0xab, 0x7a,
    0x9b, 0xaa, 0x7b, 0x90, 0x9e, 0x73, 0x8b, 0x96, 0x72, 0x95, 0xa0, 0x7a,
    0x93, 0x9e, 0x76, 0x88, 0x94, 0x67, 0xa0, 0xad, 0x7c, 0x8b, 0x98, 0x65,
    0x78, 0x82, 0x53, 0x6e, 0x75, 0x48, 0x5a, 0x5f, 0x31, 0x3d, 0x40, 0x17,
    0x47, 0x4a, 0x18, 0x3a, 0x3c, 0x0c, 0x45, 0x46, 0x13, 0x74, 0x79, 0x39,
    0x9b, 0xa1, 0x5a, 0x9e, 0xa4, 0x58, 0xa0, 0xa7, 0x56, 0x9f, 0xa7, 0x52,
    0x9d, 0xa6, 0x4c, 0x9d, 0xa4, 0x4c, 0x9f, 0xa4, 0x50, 0x9f, 0xa4, 0x50,
    0x9f, 0xa4, 0x50, 0x9f, 0xa4, 0x50, 0x9f, 0xa4, 0x50, 0x9f, 0xa4, 0x50,
    0x9f, 0xa4, 0x52, 0x9f, 0xa4, 0x52, 0x9e, 0xa4, 0x50, 0x9d, 0xa5, 0x4f,
    0x9c, 0xa6, 0x50, 0x9c, 0xa5, 0x52, 0x99, 0xa5, 0x55, 0x86, 0x93, 0x49,
    0x53, 0x61, 0x20, 0x4f, 0x5d, 0x2a, 0x3d, 0x4b, 0x26, 0x3b, 0x49, 0x31,
    0x3b, 0x4a, 0x37, 0x36, 0x4a, 0x2a, 0x4d, 0x63, 0x3c, 0x38, 0x4a, 0x25,
    0x34, 0x42, 0x1e, 0x30, 0x39, 0x17, 0x41, 0x46, 0x25, 0x45, 0x4c, 0x29,
    0x3d, 0x48, 0x20, 0x2f, 0x3a, 0x12, 0x32, 0x3d, 0x15, 0x3b, 0x47, 0x1f,
    0x36, 0x41, 0x19, 0x33, 0x3e, 0x16, 0x29, 0x37, 0x0f, 0x32, 0x41, 0x18,
    0x2d, 0x3c, 0x12, 0x32, 0x42, 0x17, 0x2c, 0x3b, 0x10, 0x32, 0x41, 0x16,
    0x3f, 0x4d, 0x22, 0x39, 0x45, 0x19, 0x2f, 0x3b, 0x10, 0x29, 0x37, 0x0b,
    0x3e, 0x4d, 0x21, 0x47, 0x58, 0x2b, 0x4b, 0x5c, 0x2f, 0x3d, 0x4e, 0x21,
    0x38, 0x49, 0x1c, 0x3b, 0x4c, 0x1f, 0x33, 0x42, 0x16, 0x2f, 0x3c, 0x10,
    0x31, 0x3c, 0x11, 0x38, 0x43, 0x18, 0x3d, 0x48, 0x1d, 0x37, 0x42, 0x17,
    0x37, 0x42, 0x17, 0x3f, 0x4a, 0x1f, 0x36, 0x41, 0x16, 0x37, 0x42, 0x17,
    0x3a, 0x44, 0x19, 0x28, 0x31, 0x07, 0x27, 0x30, 0x04, 0x31, 0x3b, 0x09,
    0x2e, 0x38, 0x03, 0x35, 0x40, 0x08, 0x44, 0x4f, 0x12, 0x6c, 0x79, 0x31,
    0x8e, 0x9c, 0x51, 0x98, 0xa6, 0x58, 0x99, 0xa7, 0x56, 0x98, 0xa7, 0x52,
    0x98, 0xa8, 0x50, 0x98, 0xa8, 0x51, 0x99, 0xa7, 0x52, 0x99, 0xa7, 0x52,
    0x99, 0xa7, 0x52, 0x98, 0xa6, 0x51, 0x98, 0xa6, 0x51, 0x98, 0xa6, 0x51,
    0x98, 0xa5, 0x54, 0x98, 0xa5, 0x53, 0x98, 0xa6, 0x4f, 0x99, 0xa6, 0x4e,
    0x99, 0xa6, 0x4d, 0x9a, 0xa5, 0x4d, 0x9a, 0xa4, 0x50, 0x9c, 0xa3, 0x59,
    0x9c, 0xa0, 0x5d, 0x6c, 0x6e, 0x37, 0x3c, 0x3b, 0x11, 0x6b, 0x69, 0x39,
    0x98, 0x93, 0x5d, 0x77, 0x6a, 0x32, 0x67, 0x56, 0x20, 0x7d, 0x68, 0x3b,
    0x8c, 0x73, 0x4e, 0x96, 0x79, 0x59, 0x8b, 0x6b, 0x4c, 0x99, 0x7b, 0x5b,
    0x9f, 0x86, 0x64, 0x88, 0x70, 0x4e, 0x77, 0x5f, 0x3d, 0xa3, 0x8b, 0x69,
    0xbf, 0xa7, 0x85, 0xc5, 0xad, 0x8b, 0xc9, 0xb0, 0x92, 0xd1, 0xb7, 0x9c,
    0xdf, 0xc8, 0xab, 0xe1, 0xcd, 0xb3, 0xe5, 0xd4, 0xbc, 0xf3, 0xe4, 0xd0,
    0xf1, 0xe5, 0xd4, 0xfb, 0xf2, 0xe6, 0xfa, 0xef, 0xec, 0xf9, 0xed, 0xf0,
    0xfa, 0xee, 0xed, 0xf9, 0xee, 0xdd, 0xed, 0xe5, 0xc0, 0xda, 0xd4, 0xa1,
    0xb3, 0xad, 0x71, 0xa3, 0xa1, 0x5a, 0xa2, 0xa4, 0x51, 0xa0, 0xa5, 0x4b,
    0x9e, 0xa6, 0x4b, 0xa0, 0xa8, 0x4f, 0xa2, 0xa7, 0x51, 0xa2, 0xa6, 0x51,
    0xa2, 0xa6, 0x51, 0xa2, 0xa6, 0x51, 0xa2, 0xa6, 0x51, 0xa2, 0xa6, 0x51,
    0xa2, 0xa6, 0x51, 0xa2, 0xa6, 0x52, 0xa2, 0xa6, 0x52, 0xa2, 0xa6, 0x52,
    0xa2, 0xa6, 0x52, 0xa2, 0xa6, 0x52, 0xa2, 0xa6, 0x52, 0xa2, 0xa6, 0x52,
    0xa2, 0xa6, 0x52, 0xa2, 0xa6, 0x52, 0xa2, 0xa6, 0x52, 0xa2, 0xa6, 0x52,
    0xa2, 0xa6, 0x52, 0xa2, 0xa6, 0x52, 0xa1, 0xa6, 0x52, 0xa1, 0xa6, 0x52,
    0xa1, 0xa6, 0x52, 0xa0, 0xa5, 0x51, 0xa0, 0xa5, 0x51, 0xa0, 0xa5, 0x51,
    0x9f, 0xa6, 0x51, 0x9e, 0xa6, 0x51, 0x9e, 0xa6, 0x51, 0x9d, 0xa5, 0x50,
    0x9d, 0xa5, 0x50, 0x9d, 0xa5, 0x50, 0x9c, 0xa5, 0x50, 0x9a, 0xa5, 0x4f,
    0x9a, 0xaa, 0x52, 0x9a, 0xaa, 0x52, 0x9a, 0xaa, 0x52, 0x9b, 0xab, 0x53,
    0x9b, 0xab, 0x53, 0x99, 0xa9, 0x51, 0x99, 0xa9, 0x52, 0x9a, 0xa8, 0x53,
    0x9a, 0xa8, 0x53, 0x9a, 0xa8, 0x53, 0x99, 0xa7, 0x52, 0x99, 0xa7, 0x52,
    0x99, 0xa7, 0x51, 0x99, 0xa7, 0x4f, 0x99, 0xa7, 0x4f, 0x99, 0xa7, 0x50,
    0x9a, 0xa7, 0x54, 0x9a, 0xa6, 0x58, 0x95, 0xa1, 0x59, 0x7b, 0x86, 0x41,
    0x57, 0x63, 0x1e, 0x50, 0x5b, 0x18, 0x6e, 0x78, 0x39, 0x6a, 0x73, 0x38,
    0x76, 0x7f, 0x47, 0x8f, 0x98, 0x64, 0xa7, 0xb1, 0x87, 0xa0, 0xaa, 0x85,
    0xb6, 0xc0, 0x9c, 0xa3, 0xad, 0x89, 0x9f, 0xa9, 0x85, 0xa1, 0xaa, 0x87,
    0x95, 0x9f, 0x79, 0x9c, 0xa9, 0x7d, 0xa4, 0xb1, 0x85, 0x9f, 0xac, 0x80,
    0xaa, 0xb8, 0x8b, 0x9d, 0xaa, 0x7e, 0xa9, 0xb6, 0x89, 0x96, 0xa3, 0x77,
    0xa3, 0xb0, 0x83, 0x85, 0x92, 0x66, 0x90, 0x9d, 0x71, 0x8e, 0x9b, 0x6e,
    0x93, 0xa0, 0x74, 0x98, 0xa4, 0x7b, 0x9f, 0xa7, 0x86, 0x93, 0x9b, 0x78,
    0xa5, 0xae, 0x85, 0x87, 0x90, 0x61, 0x7d, 0x88, 0x51, 0x6f, 0x7a, 0x40,
    0x51, 0x58, 0x28, 0x43, 0x47, 0x1e, 0x47, 0x4a, 0x1d, 0x41, 0x42, 0x14,
    0x36, 0x37, 0x05, 0x55, 0x55, 0x1d, 0x88, 0x89, 0x4b, 0x9e, 0xa4, 0x5a,
    0x9f, 0xa6, 0x59, 0x9e, 0xa5, 0x56, 0x9f, 0xa6, 0x54, 0x9e, 0xa6, 0x51,
    0x9e, 0xa7, 0x4f, 0x9e, 0xa5, 0x4f, 0x9f, 0xa4, 0x50, 0x9f, 0xa4, 0x50,
    0x9f, 0xa4, 0x50, 0x9f, 0xa4, 0x50, 0x9f, 0xa4, 0x50, 0x9f, 0xa4, 0x50,
    0x9f, 0xa4, 0x52, 0x9f, 0xa4, 0x51, 0x9e, 0xa4, 0x50, 0x9d, 0xa5, 0x50,
    0x9d, 0xa5, 0x4f, 0x9d, 0xa5, 0x50, 0x9c, 0xa6, 0x4e, 0x9b, 0xa6, 0x4e,
    0x8a, 0x95, 0x48, 0x5f, 0x6b, 0x2e, 0x50, 0x5c, 0x30, 0x43, 0x4f, 0x32,
    0x47, 0x54, 0x3e, 0x3b, 0x4c, 0x2c, 0x3e, 0x50, 0x2c, 0x40, 0x50, 0x2d,
    0x27, 0x33, 0x13, 0x3f, 0x49, 0x27, 0x4f, 0x56, 0x35, 0x3c, 0x44, 0x22,
    0x39, 0x46, 0x1e, 0x2c, 0x39, 0x11, 0x33, 0x40, 0x18, 0x44, 0x51, 0x29,
    0x41, 0x4e, 0x26, 0x31, 0x3e, 0x16, 0x2a, 0x38, 0x11, 0x40, 0x50, 0x28,
    0x3f, 0x50, 0x27, 0x37, 0x48, 0x1d, 0x25, 0x36, 0x0a, 0x32, 0x43, 0x16,
    0x48, 0x57, 0x2b, 0x50, 0x5c, 0x30, 0x44, 0x50, 0x25, 0x31, 0x3e, 0x12,
    0x31, 0x41, 0x14, 0x32, 0x43, 0x16, 0x3a, 0x4b, 0x1e, 0x38, 0x49, 0x1c,
    0x42, 0x53, 0x27, 0x4d, 0x5d, 0x31, 0x40, 0x4f, 0x24, 0x34, 0x41, 0x16,
    0x35, 0x40, 0x16, 0x33, 0x3e, 0x14, 0x2b, 0x36, 0x0c, 0x2c, 0x37, 0x0d,
    0x36, 0x41, 0x17, 0x32, 0x3d, 0x13, 0x30, 0x3b, 0x11, 0x38, 0x42, 0x18,
    0x37, 0x41, 0x14, 0x2b, 0x34, 0x05, 0x2a, 0x34, 0x03, 0x2b, 0x36, 0x01,
    0x31, 0x3c, 0x02, 0x4b, 0x57, 0x16, 0x79, 0x85, 0x40, 0x97, 0xa4, 0x56,
    0x9a, 0xa7, 0x58, 0x99, 0xa6, 0x55, 0x99, 0xa7, 0x53, 0x99, 0xa7, 0x51,
    0x99, 0xa7, 0x50, 0x99, 0xa7, 0x51, 0x99, 0xa7, 0x52, 0x99, 0xa7, 0x52,
    0x99, 0xa7, 0x52, 0x98, 0xa6, 0x51, 0x98, 0xa6, 0x51, 0x98, 0xa6, 0x51,
    0x98, 0xa6, 0x52, 0x98, 0xa5, 0x52, 0x98, 0xa6, 0x51, 0x98, 0xa6, 0x50,
    0x98, 0xa6, 0x4f, 0x98, 0xa6, 0x4f, 0x98, 0xa6, 0x4f, 0x9b, 0xa6, 0x54,
    0x9a, 0xa4, 0x58, 0x95, 0x9d, 0x58, 0x8c, 0x90, 0x50, 0x9d, 0xa1, 0x5e,
    0xa0, 0xa2, 0x5d, 0x99, 0x95, 0x50, 0x6c, 0x62, 0x23, 0x71, 0x62, 0x2d,
    0x7f, 0x6b, 0x3f, 0x8a, 0x6f, 0x4a, 0x87, 0x69, 0x46, 0xa1, 0x84, 0x62,
    0xad, 0x94, 0x72, 0x9e, 0x86, 0x64, 0x93, 0x7b, 0x59, 0xa3, 0x8b, 0x69,
    0xbe, 0xa6, 0x84, 0xb3, 0x9b, 0x79, 0xb5, 0x9a, 0x7d, 0xcb, 0xb1, 0x96,
    0xd8, 0xc1, 0xa2, 0xd2, 0xbd, 0xa0, 0xdb, 0xc9, 0xb0, 0xeb, 0xdb, 0xc6,
    0xf0, 0xe2, 0xd2, 0xf8, 0xef, 0xe3, 0xf9, 0xf1, 0xea, 0xf8, 0xed, 0xec,
    0xf6, 0xe8, 0xe6, 0xf6, 0xea, 0xde, 0xf9, 0xec, 0xd6, 0xf6, 0xe9, 0xcb,
    0xd2, 0xc6, 0x9d, 0xb1, 0xab, 0x71, 0xa4, 0xa4, 0x58, 0xa3, 0xa8, 0x51,
    0x9f, 0xa7, 0x4c, 0x9f, 0xa8, 0x4f, 0xa1, 0xa7, 0x51, 0xa2, 0xa6, 0x51,
    0xa2, 0xa6, 0x51, 0xa2, 0xa6, 0x51, 0xa2, 0xa6, 0x51, 0xa2, 0xa6, 0x51,
    0xa2, 0xa6, 0x51, 0xa2, 0xa6, 0x52, 0xa2, 0xa6, 0x52, 0xa2, 0xa6, 0x52,
    0xa2, 0xa6, 0x52, 0xa2, 0xa6, 0x52, 0xa2, 0xa6, 0x52, 0xa2, 0xa6, 0x52,
    0xa2, 0xa6, 0x52, 0xa2, 0xa6, 0x52, 0xa2, 0xa6, 0x52, 0xa2, 0xa6, 0x52,
    0xa2, 0xa6, 0x52, 0xa2, 0xa6, 0x52, 0xa1, 0xa6, 0x52, 0xa1, 0xa6, 0x52,
    0xa1, 0xa6, 0x52, 0xa0, 0xa5, 0x51, 0xa0, 0xa5, 0x51, 0xa0, 0xa5, 0x51,
    0x9e, 0xa5, 0x50, 0x9d, 0xa5, 0x50, 0x9d, 0xa5, 0x50, 0x9c, 0xa4, 0x4f,
    0x9c, 0xa4, 0x4f, 0x9c, 0xa4, 0x4f, 0x9b, 0xa5, 0x4f, 0x9a, 0xa5, 0x4f,
    0x9a, 0xaa, 0x52, 0x9a, 0xaa, 0x52, 0x9a, 0xaa, 0x52, 0x9b, 0xab, 0x53,
    0x9b, 0xab, 0x53, 0x99, 0xa9, 0x51, 0x99, 0xa9, 0x52, 0x9a, 0xa8, 0x53,
    0x9a, 0xa8, 0x53, 0x9a, 0xa8, 0x53, 0x99, 0xa7, 0x52, 0x99, 0xa7, 0x52,
    0x99, 0xa7, 0x52, 0x99, 0xa6, 0x54, 0x99, 0xa7, 0x52, 0x99, 0xa7, 0x50,
    0x99, 0xa7, 0x51, 0x9a, 0xa8, 0x56, 0x99, 0xa5, 0x5a, 0x94, 0xa0, 0x58,
    0x81, 0x8d, 0x44, 0x5a, 0x66, 0x21, 0x54, 0x5f, 0x1d, 0x51, 0x5b, 0x1d,
    0x68, 0x71, 0x37, 0x6c, 0x75, 0x3e, 0x7a, 0x84, 0x53, 0x8a, 0x92, 0x64,
    0xa1, 0xa9, 0x7f, 0x9d, 0xa4, 0x7c, 0xb6, 0xbd, 0x98, 0xa4, 0xaa, 0x87,
    0xaa, 0xb3, 0x8d, 0xa3, 0xae, 0x84, 0xa6, 0xb2, 0x87, 0x9e, 0xa9, 0x7e,
    0xa0, 0xac, 0x81, 0x9e, 0xaa, 0x7f, 0x9d, 0xa9, 0x7e, 0x9d, 0xa8, 0x80,
    0x95, 0xa1, 0x78, 0x99, 0xa5, 0x7a, 0x97, 0xa3, 0x75, 0xa0, 0xac, 0x7c,
    0xa0, 0xad, 0x7b, 0x93, 0x9e, 0x6d, 0xa1, 0xa8, 0x7c, 0x7d, 0x84, 0x57,
    0x84, 0x8b, 0x5c, 0x6c, 0x73, 0x41, 0x56, 0x5e, 0x27, 0x4d, 0x55, 0x1d,
    0x56, 0x5b, 0x2b, 0x36, 0x39, 0x0d, 0x37, 0x38, 0x0b, 0x40, 0x41, 0x0c,
    0x68, 0x69, 0x29, 0x92, 0x92, 0x4b, 0x9f, 0xa1, 0x55, 0xa1, 0xa8, 0x57,
    0x9f, 0xa6, 0x56, 0x9d, 0xa5, 0x52, 0x9d, 0xa5, 0x52, 0x9e, 0xa6, 0x52,
    0x9f, 0xa7, 0x52, 0x9e, 0xa5, 0x51, 0x9f, 0xa4, 0x50, 0x9f, 0xa4, 0x50,
    0x9f, 0xa4, 0x50, 0x9f, 0xa4, 0x50, 0x9f, 0xa4, 0x50, 0x9f, 0xa4, 0x50,
    0x9d, 0xa5, 0x50, 0x9e, 0xa5, 0x51, 0x9f, 0xa4, 0x52, 0x9f, 0xa4, 0x51,
    0x9f, 0xa4, 0x50, 0x9f, 0xa5, 0x4f, 0x9e, 0xa4, 0x4b, 0x9c, 0xa2, 0x49,
    0x9a, 0xa1, 0x50, 0x8b, 0x94, 0x4f, 0x5f, 0x69, 0x32, 0x41, 0x4c, 0x1f,
    0x39, 0x46, 0x20, 0x3b, 0x49, 0x25, 0x2b, 0x3a, 0x17, 0x36, 0x45, 0x22,
    0x31, 0x3f, 0x1d, 0x37, 0x44, 0x21, 0x4e, 0x5a, 0x38, 0x44, 0x51, 0x2c,
    0x2b, 0x3b, 0x14, 0x36, 0x46, 0x1f, 0x41, 0x50, 0x29, 0x39, 0x48, 0x21,
    0x3f, 0x4e, 0x26, 0x35, 0x45, 0x1d, 0x2e, 0x3d, 0x18, 0x32, 0x42, 0x1c,
    0x40, 0x50, 0x28, 0x44, 0x55, 0x2a, 0x34, 0x45, 0x18, 0x36, 0x47, 0x18,
    0x32, 0x43, 0x14, 0x3f, 0x4a, 0x1f, 0x40, 0x4c, 0x21, 0x3f, 0x4c, 0x20,
    0x45, 0x55, 0x28, 0x37, 0x48, 0x1b, 0x2b, 0x3c, 0x0f, 0x29, 0x3a, 0x0d,
    0x35, 0x46, 0x1a, 0x3f, 0x4f, 0x23, 0x38, 0x47, 0x1c, 0x31, 0x3e, 0x13,
    0x3d, 0x48, 0x1e, 0x3d, 0x48, 0x1e, 0x2e, 0x37, 0x0e, 0x2e, 0x37, 0x0e,
    0x2a, 0x32, 0x0a, 0x24, 0x2c, 0x05, 0x30, 0x39, 0x0f, 0x37, 0x40, 0x17,
    0x31, 0x3a, 0x0c, 0x30, 0x3a, 0x05, 0x34, 0x3f, 0x07, 0x3b, 0x46, 0x09,
    0x53, 0x5f, 0x1c, 0x83, 0x90, 0x49, 0x98, 0xa5, 0x5a, 0x99, 0xa6, 0x55,
    0x99, 0xa6, 0x53, 0x9b, 0xa8, 0x55, 0x9a, 0xa8, 0x53, 0x99, 0xa7, 0x52,
    0x99, 0xa7, 0x51, 0x99, 0xa7, 0x51, 0x99, 0xa7, 0x52, 0x99, 0xa7, 0x52,
    0x99, 0xa7, 0x52, 0x98, 0xa6, 0x51, 0x98, 0xa6, 0x51, 0x98, 0xa6, 0x51,
    0x98, 0xa6, 0x51, 0x98, 0xa6, 0x51, 0x98, 0xa5, 0x53, 0x98, 0xa5, 0x53,
    0x97, 0xa6, 0x52, 0x97, 0xa6, 0x51, 0x98, 0xa7, 0x51, 0x98, 0xa6, 0x50,
    0x98, 0xa6, 0x53, 0x9d, 0xa9, 0x5b, 0x98, 0xa2, 0x55, 0x9d, 0xa6, 0x57,
    0x9e, 0xa7, 0x54, 0x9f, 0xa2, 0x52, 0x96, 0x94, 0x4b, 0x6e, 0x66, 0x28,
    0x71, 0x62, 0x30, 0x8c, 0x75, 0x4b, 0x8a, 0x6e, 0x47, 0xa2, 0x86, 0x62,
    0xaa, 0x92, 0x70, 0xaf, 0x97, 0x75, 0xa6, 0x8e, 0x6c, 0xa7, 0x8f, 0x6d,
    0xb4, 0x9c, 0x7a, 0xc5, 0xad, 0x8b, 0xaf, 0x95, 0x79, 0xd3, 0xb9, 0x9e,
    0xe1, 0xca, 0xab, 0xe4, 0xd0, 0xb0, 0xde, 0xcc, 0xb1, 0xe3, 0xd2, 0xbe,
    0xf3, 0xe6, 0xd5, 0xf5, 0xed, 0xdd, 0xf9, 0xf3, 0xe4, 0xf7, 0xee, 0xe2,
    0xf6, 0xea, 0xdf, 0xf8, 0xeb, 0xe0, 0xfd, 0xf0, 0xe5, 0xf7, 0xe6, 0xd9,
    0xee, 0xde, 0xc8, 0xd5, 0xcb, 0x9f, 0xad, 0xaa, 0x68, 0xa2, 0xa5, 0x53,
    0xa0, 0xa8, 0x4f, 0x9f, 0xa8, 0x4f, 0xa1, 0xa6, 0x50, 0xa2, 0xa6, 0x51,
    0xa2, 0xa6, 0x51, 0xa2, 0xa6, 0x51, 0xa2, 0xa6, 0x51, 0xa2, 0xa6, 0x51,
    0xa2, 0xa6, 0x51, 0xa2, 0xa6, 0x52, 0xa2, 0xa6, 0x52, 0xa2, 0xa6, 0x52,
    0xa2, 0xa6, 0x52, 0xa2, 0xa6, 0x52, 0xa2, 0xa6, 0x52, 0xa2, 0xa6, 0x52,
    0xa2, 0xa6, 0x52, 0xa2, 0xa6, 0x52, 0xa2, 0xa6, 0x52, 0xa2, 0xa6, 0x52,
    0xa2, 0xa6, 0x52, 0xa2, 0xa6, 0x52, 0xa1, 0xa6, 0x52, 0xa1, 0xa6, 0x52,
    0xa1, 0xa6, 0x52, 0xa0, 0xa5, 0x51, 0xa0, 0xa5, 0x51, 0xa0, 0xa5, 0x51,
    0x9e, 0xa5, 0x50, 0x9d, 0xa5, 0x50, 0x9d, 0xa5, 0x50, 0x9c, 0xa4, 0x4f,
    0x9b, 0xa3, 0x4e, 0x9b, 0xa3, 0x4e, 0x9b, 0xa4, 0x4e, 0x99, 0xa5, 0x4f,
    0x9a, 0xaa, 0x52, 0x9a, 0xaa, 0x52, 0x9a, 0xaa, 0x52, 0x9b, 0xab, 0x53,
    0x9b, 0xab, 0x53, 0x99, 0xa9, 0x51, 0x99, 0xa9, 0x52, 0x9a, 0xa8, 0x53,
    0x9a, 0xa8, 0x53, 0x9a, 0xa8, 0x53, 0x99, 0xa7, 0x52, 0x99, 0xa7, 0x52,
    0x99, 0xa7, 0x53, 0x99, 0xa5, 0x58, 0x99, 0xa6, 0x56, 0x99, 0xa7, 0x51,
    0x9a, 0xa8, 0x51, 0x95, 0xa3, 0x4e, 0x99, 0xa6, 0x57, 0x98, 0xa4, 0x5a,
    0x96, 0xa2, 0x5b, 0x8f, 0x9a, 0x56, 0x6a, 0x74, 0x33, 0x4c, 0x56, 0x19,
    0x53, 0x5c, 0x22, 0x52, 0x5b, 0x23, 0x65, 0x6d, 0x34, 0x6b, 0x73, 0x3a,
    0x6f, 0x76, 0x41, 0x7b, 0x81, 0x51, 0x91, 0x96, 0x6b, 0x8b, 0x90, 0x69,
    0xa4, 0xaa, 0x82, 0x96, 0x9f, 0x73, 0xa4, 0xad, 0x80, 0xa6, 0xb0, 0x83,
    0xa1, 0xaa, 0x7e, 0xae, 0xb8, 0x8b, 0x9a, 0xa3, 0x76, 0xa9, 0xb2, 0x89,
    0x92, 0x9b, 0x71, 0x9e, 0xa8, 0x7a, 0x8c, 0x97, 0x64, 0x8a, 0x95, 0x5d,
    0x88, 0x94, 0x58, 0x6a, 0x75, 0x38, 0x79, 0x7e, 0x43, 0x60, 0x65, 0x2c,
    0x57, 0x5b, 0x24, 0x50, 0x54, 0x21, 0x51, 0x55, 0x22, 0x37, 0x3a, 0x0b,
    0x3f, 0x42, 0x12, 0x3b, 0x3e, 0x0d, 0x55, 0x57, 0x22, 0x87, 0x89, 0x45,
    0x9e, 0xa1, 0x51, 0xa3, 0xa6, 0x4f, 0xa1, 0xa5, 0x4a, 0x9f, 0xa6, 0x4f,
    0x9c, 0xa4, 0x4f, 0x9e, 0xa6, 0x53, 0x9e, 0xa6, 0x54, 0x9f, 0xa6, 0x56,
    0x9e, 0xa5, 0x56, 0x9e, 0xa4, 0x53, 0x9f, 0xa4, 0x50, 0x9f, 0xa4, 0x50,
    0x9f, 0xa4, 0x50, 0x9f, 0xa4, 0x50, 0x9f, 0xa4, 0x50, 0x9f, 0xa4, 0x50,
    0x9d, 0xa5, 0x4f, 0x9e, 0xa5, 0x51, 0x9f, 0xa4, 0x53, 0x9f, 0xa4, 0x53,
    0xa0, 0xa4, 0x51, 0xa0, 0xa4, 0x4f, 0xa2, 0xa4, 0x50, 0xa1, 0xa1, 0x50,
    0xa0, 0xa3, 0x55, 0x9d, 0xa2, 0x59, 0x91, 0x9a, 0x56, 0x68, 0x73, 0x34,
    0x3e, 0x4b, 0x10, 0x43, 0x4e, 0x24, 0x35, 0x40, 0x1d, 0x35, 0x41, 0x1e,
    0x42, 0x50, 0x2c, 0x3a, 0x48, 0x25, 0x39, 0x48, 0x25, 0x3e, 0x4d, 0x29,
    0x2a, 0x3b, 0x14, 0x33, 0x44, 0x1c, 0x47, 0x58, 0x31, 0x44, 0x55, 0x2e,
    0x2f, 0x40, 0x19, 0x2b, 0x3c, 0x15, 0x43, 0x53, 0x2d, 0x42, 0x52, 0x2c,
    0x33, 0x43, 0x1c, 0x30, 0x41, 0x16, 0x37, 0x48, 0x1b, 0x4a, 0x5b, 0x2c,
    0x42, 0x52, 0x24, 0x34, 0x3f, 0x14, 0x2a, 0x37, 0x0b, 0x3c, 0x49, 0x1d,
    0x44, 0x53, 0x27, 0x46, 0x57, 0x2a, 0x35, 0x46, 0x19, 0x30, 0x41, 0x16,
    0x31, 0x41, 0x17, 0x2b, 0x3b, 0x11, 0x2a, 0x38, 0x0e, 0x32, 0x3e, 0x15,
    0x38, 0x43, 0x1a, 0x33, 0x3d, 0x14, 0x31, 0x39, 0x11, 0x37, 0x3f, 0x17,
    0x32, 0x3a, 0x12, 0x24, 0x2c, 0x05, 0x2c, 0x34, 0x0b, 0x2e, 0x36, 0x0d,
    0x30, 0x39, 0x09, 0x3a, 0x45, 0x0b, 0x4f, 0x5a, 0x1d, 0x72, 0x7f, 0x3b,
    0x91, 0x9e, 0x55, 0x9a, 0xa8, 0x5a, 0x9b, 0xaa, 0x59, 0x9a, 0xa8, 0x53,
    0x99, 0xa7, 0x50, 0x9a, 0xa8, 0x52, 0x9a, 0xa8, 0x53, 0x99, 0xa7, 0x52,
    0x99, 0xa7, 0x52, 0x99, 0xa7, 0x52, 0x99, 0xa7, 0x52, 0x99, 0xa7, 0x52,
    0x99, 0xa7, 0x52, 0x98, 0xa6, 0x51, 0x98, 0xa6, 0x51, 0x98, 0xa6, 0x51,
    0x99, 0xa6, 0x4f, 0x99, 0xa5, 0x51, 0x98, 0xa5, 0x53, 0x97, 0xa5, 0x55,
    0x97, 0xa5, 0x55, 0x97, 0xa6, 0x55, 0x96, 0xa7, 0x52, 0x97, 0xa8, 0x4f,
    0x96, 0xa7, 0x4f, 0x98, 0xa7, 0x52, 0x97, 0xa5, 0x4f, 0x99, 0xa6, 0x4e,
    0x9a, 0xa6, 0x4a, 0x9e, 0xa7, 0x4e, 0xa0, 0xa5, 0x54, 0x89, 0x88, 0x42,
    0x6d, 0x63, 0x2b, 0x86, 0x73, 0x45, 0x97, 0x7e, 0x55, 0x97, 0x7c, 0x56,
    0xa9, 0x90, 0x6e, 0xbc, 0xa3, 0x81, 0xaa, 0x92, 0x70, 0x97, 0x7f, 0x5d,
    0x8a, 0x72, 0x4f, 0xbd, 0xa5, 0x83, 0xba, 0xa0, 0x83, 0xc3, 0xa8, 0x8d,
    0xca, 0xb1, 0x92, 0xd4, 0xc0, 0xa0, 0xe5, 0xd3, 0xb7, 0xe0, 0xcf, 0xba,
    0xe5, 0xd7, 0xc7, 0xeb, 0xe5, 0xd1, 0xec, 0xe6, 0xd0, 0xf0, 0xe9, 0xd1,
    0xf7, 0xec, 0xd8, 0xfd, 0xef, 0xe3, 0xfe, 0xee, 0xea, 0xfa, 0xe6, 0xe8,
    0xfc, 0xe9, 0xe1, 0xee, 0xe1, 0xc1, 0xca, 0xc5, 0x8b, 0xac, 0xaf, 0x62,
    0xa0, 0xa8, 0x51, 0x9e, 0xa7, 0x50, 0xa1, 0xa6, 0x51, 0xa2, 0xa6, 0x52,
    0xa2, 0xa6, 0x52, 0xa2, 0xa6, 0x51, 0xa2, 0xa6, 0x51, 0xa2, 0xa6, 0x51,
    0xa2, 0xa6, 0x51, 0xa2, 0xa6, 0x52, 0xa2, 0xa6, 0x52, 0xa2, 0xa6, 0x52,
    0xa2, 0xa6, 0x52, 0xa2, 0xa6, 0x52, 0xa2, 0xa6, 0x52, 0xa2, 0xa6, 0x52,
    0xa2, 0xa6, 0x52, 0xa2, 0xa6, 0x52, 0xa2, 0xa6, 0x52, 0xa2, 0xa6, 0x52,
    0xa2, 0xa6, 0x52, 0xa2, 0xa6, 0x52, 0xa1, 0xa6, 0x52, 0xa1, 0xa6, 0x52,
    0xa1, 0xa6, 0x52, 0xa0, 0xa5, 0x51, 0xa0, 0xa5, 0x51, 0xa0, 0xa5, 0x51,
    0x9d, 0xa4, 0x50, 0x9c, 0xa4, 0x4f, 0x9c, 0xa4, 0x4f, 0x9b, 0xa3, 0x4e,
    0x9b, 0xa3, 0x4e, 0x9b, 0xa3, 0x4e, 0x9b, 0xa4, 0x4e, 0x99, 0xa5, 0x4f,
    0x9a, 0xa8, 0x53, 0x9c, 0xaa, 0x55, 0x9b, 0xa9, 0x53, 0x9a, 0xa8, 0x52,
    0x9b, 0xaa, 0x53, 0x99, 0xa8, 0x50, 0x9a, 0xa7, 0x51, 0x9a, 0xa7, 0x52,
    0x9a, 0xa8, 0x52, 0x99, 0xa7, 0x50, 0x99, 0xa6, 0x4f, 0x9a, 0xa7, 0x50,
    0x9a, 0xa8, 0x51, 0x98, 0xa7, 0x55, 0x98, 0xa6, 0x54, 0x98, 0xa7, 0x51,
    0x97, 0xa7, 0x4f, 0x99, 0xa8, 0x52, 0x97, 0xa6, 0x54, 0x97, 0xa4, 0x56,
    0x98, 0xa5, 0x56, 0x9b, 0xa6, 0x5b, 0x97, 0xa2, 0x5a, 0x7b, 0x85, 0x43,
    0x5e, 0x68, 0x29, 0x47, 0x4f, 0x14, 0x50, 0x55, 0x1a, 0x59, 0x5d, 0x23,
    0x5f, 0x62, 0x2b, 0x6b, 0x6e, 0x39, 0x5c, 0x5e, 0x2f, 0x72, 0x73, 0x47,
    0x77, 0x7a, 0x4e, 0x72, 0x79, 0x47, 0x7c, 0x83, 0x51, 0x81, 0x88, 0x55,
    0x7f, 0x85, 0x53, 0x8d, 0x94, 0x61, 0x76, 0x7d, 0x4b, 0x86, 0x8c, 0x5f,
    0x6f, 0x76, 0x49, 0x7b, 0x83, 0x53, 0x68, 0x70, 0x3e, 0x62, 0x6a, 0x34,
    0x64, 0x6d, 0x34, 0x5a, 0x63, 0x28, 0x51, 0x56, 0x1c, 0x58, 0x5c, 0x22,
    0x47, 0x4b, 0x14, 0x3d, 0x41, 0x0b, 0x3e, 0x41, 0x0e, 0x36, 0x39, 0x0a,
    0x4e, 0x52, 0x1b, 0x77, 0x7d, 0x3b, 0x9b, 0xa0, 0x5a, 0xa0, 0xa5, 0x58,
    0xa0, 0xa6, 0x52, 0x9d, 0xa4, 0x4b, 0x9f, 0xa5, 0x4b, 0xa1, 0xa7, 0x51,
    0x9f, 0xa6, 0x52, 0x9f, 0xa6, 0x53, 0x9f, 0xa6, 0x55, 0xa0, 0xa6, 0x56,
    0x9f, 0xa5, 0x57, 0x9f, 0xa5, 0x53, 0x9f, 0xa4, 0x51, 0x9f, 0xa4, 0x51,
    0x9f, 0xa4, 0x51, 0x9f, 0xa4, 0x51, 0x9f, 0xa4, 0x51, 0x9f, 0xa4, 0x51,
    0x9f, 0xa5, 0x52, 0x9f, 0xa5, 0x52, 0x9f, 0xa4, 0x53, 0x9f, 0xa4, 0x53,
    0xa0, 0xa4, 0x52, 0xa0, 0xa4, 0x51, 0xa0, 0xa4, 0x51, 0x9f, 0xa0, 0x50,
    0xa0, 0xa2, 0x54, 0x9f, 0xa3, 0x57, 0x9c, 0xa4, 0x58, 0x94, 0x9d, 0x52,
    0x75, 0x7f, 0x36, 0x4f, 0x5a, 0x22, 0x48, 0x54, 0x25, 0x3f, 0x4b, 0x20,
    0x3d, 0x4a, 0x23, 0x39, 0x47, 0x24, 0x28, 0x36, 0x18, 0x2d, 0x3b, 0x1c,
    0x35, 0x45, 0x1f, 0x33, 0x43, 0x1d, 0x38, 0x47, 0x20, 0x42, 0x52, 0x2a,
    0x32, 0x42, 0x1a, 0x29, 0x39, 0x11, 0x3c, 0x4b, 0x24, 0x4a, 0x58, 0x31,
    0x41, 0x50, 0x28, 0x29, 0x38, 0x0f, 0x32, 0x41, 0x16, 0x41, 0x51, 0x24,
    0x49, 0x57, 0x2c, 0x3b, 0x47, 0x1f, 0x2d, 0x39, 0x11, 0x31, 0x3e, 0x16,
    0x36, 0x43, 0x1a, 0x3d, 0x4c, 0x22, 0x33, 0x41, 0x17, 0x36, 0x44, 0x1d,
    0x36, 0x44, 0x1d, 0x2b, 0x39, 0x10, 0x25, 0x31, 0x08, 0x2b, 0x37, 0x0c,
    0x2e, 0x3a, 0x0e, 0x31, 0x3c, 0x10, 0x34, 0x3c, 0x12, 0x34, 0x3c, 0x12,
    0x2e, 0x36, 0x0b, 0x28, 0x30, 0x03, 0x2c, 0x34, 0x05, 0x2b, 0x33, 0x03,
    0x3a, 0x45, 0x0a, 0x5d, 0x68, 0x23, 0x88, 0x94, 0x4c, 0x9a, 0xa6, 0x5c,
    0x9c, 0xa9, 0x5a, 0x9b, 0xa8, 0x57, 0x9c, 0xa9, 0x56, 0x9d, 0xaa, 0x55,
    0x9b, 0xa8, 0x53, 0x9b, 0xa8, 0x53, 0x9b, 0xa8, 0x53, 0x9a, 0xa7, 0x52,
    0x9a, 0xa7, 0x52, 0x9a, 0xa7, 0x52, 0x99, 0xa7, 0x52, 0x99, 0xa7, 0x52,
    0x99, 0xa7, 0x52, 0x99, 0xa6, 0x51, 0x99, 0xa6, 0x51, 0x99, 0xa6, 0x51,
    0x99, 0xa6, 0x4f, 0x99, 0xa5, 0x4f, 0x98, 0xa5, 0x52, 0x98, 0xa5, 0x53,
    0x99, 0xa5, 0x54, 0x98, 0xa6, 0x54, 0x97, 0xa6, 0x51, 0x98, 0xa9, 0x50,
    0x98, 0xa7, 0x4f, 0x98, 0xa7, 0x50, 0x9a, 0xa9, 0x51, 0x9a, 0xa8, 0x4f,
    0x9c, 0xa9, 0x4e, 0x98, 0xa8, 0x4c, 0x9e, 0xac, 0x55, 0x9c, 0xa3, 0x55,
    0x86, 0x83, 0x40, 0x6b, 0x5f, 0x27, 0x8c, 0x79, 0x4a, 0x9b, 0x83, 0x5c,
    0xa1, 0x85, 0x66, 0xb5, 0x9a, 0x78, 0xa8, 0x8e, 0x69, 0x9a, 0x82, 0x5c,
    0x90, 0x78, 0x54, 0xaa, 0x92, 0x70, 0xc3, 0xa8, 0x8a, 0xca, 0xac, 0x90,
    0xca, 0xae, 0x8f, 0xcc, 0xb4, 0x95, 0xe4, 0xcd, 0xb1, 0xe0, 0xcd, 0xb5,
    0xd4, 0xc3, 0xad, 0xdc, 0xd0, 0xb6, 0xd7, 0xcb, 0xb1, 0xdc, 0xd0, 0xb5,
    0xe8, 0xda, 0xc5, 0xfa, 0xeb, 0xdc, 0xfc, 0xea, 0xe3, 0xfd, 0xec, 0xea,
    0xfa, 0xe6, 0xdf, 0xf1, 0xe1, 0xca, 0xe0, 0xd7, 0xac, 0xc8, 0xc6, 0x8b,
    0xac, 0xaf, 0x68, 0x9e, 0xa4, 0x58, 0x9f, 0xa4, 0x5a, 0xa1, 0xa4, 0x5b,
    0xa3, 0xa5, 0x5b, 0xa3, 0xa5, 0x57, 0xa3, 0xa7, 0x54, 0xa1, 0xa7, 0x4f,
    0xa2, 0xa8, 0x50, 0xa2, 0xa6, 0x53, 0xa2, 0xa6, 0x53, 0xa2, 0xa6, 0x53,
    0xa2, 0xa6, 0x53, 0xa2, 0xa6, 0x53, 0xa2, 0xa6, 0x53, 0xa2, 0xa6, 0x52,
    0xa2, 0xa6, 0x52, 0xa2, 0xa6, 0x52, 0xa2, 0xa6, 0x52, 0xa2, 0xa6, 0x52,
    0xa2, 0xa6, 0x52, 0xa2, 0xa6, 0x52, 0xa1, 0xa6, 0x52, 0xa1, 0xa6, 0x52,
    0xa1, 0xa6, 0x52, 0xa0, 0xa5, 0x51, 0xa0, 0xa5, 0x51, 0xa0, 0xa5, 0x51,
    0x9e, 0xa4, 0x50, 0x9d, 0xa4, 0x4f, 0x9c, 0xa4, 0x4f, 0x9b, 0xa4, 0x4e,
    0x9b, 0xa3, 0x4e, 0x9a, 0xa3, 0x4e, 0x99, 0xa4, 0x4e, 0x99, 0xa5, 0x4f,
    0x9b, 0xa6, 0x5a, 0x9c, 0xa6, 0x5a, 0x9c, 0xa7, 0x5a, 0x9b, 0xa6, 0x57,
    0x9b, 0xa7, 0x56, 0x99, 0xa5, 0x53, 0x9b, 0xa6, 0x53, 0x9c, 0xa7, 0x54,
    0x9b, 0xa7, 0x53, 0x9a, 0xa5, 0x51, 0x99, 0xa5, 0x4f, 0x99, 0xa5, 0x4d,
    0x98, 0xa4, 0x4c, 0x97, 0xa7, 0x4f, 0x98, 0xa7, 0x51, 0x98, 0xa7, 0x51,
    0x97, 0xa6, 0x51, 0x97, 0xa6, 0x52, 0x98, 0xa7, 0x54, 0x98, 0xa6, 0x52,
    0x99, 0xa5, 0x4d, 0x99, 0xa4, 0x4f, 0x9a, 0xa5, 0x55, 0x9a, 0xa4, 0x59,
    0x94, 0x9d, 0x57, 0x7c, 0x85, 0x43, 0x60, 0x62, 0x25, 0x4b, 0x4c, 0x11,
    0x4d, 0x4d, 0x14, 0x56, 0x56, 0x20, 0x4d, 0x4c, 0x19, 0x64, 0x63, 0x31,
    0x50, 0x50, 0x1d, 0x68, 0x6b, 0x35, 0x57, 0x5a, 0x25, 0x65, 0x68, 0x32,
    0x63, 0x65, 0x30, 0x5e, 0x61, 0x2b, 0x64, 0x67, 0x32, 0x54, 0x57, 0x27,
    0x61, 0x66, 0x34, 0x54, 0x59, 0x27, 0x50, 0x54, 0x22, 0x50, 0x55, 0x23,
    0x42, 0x46, 0x15, 0x52, 0x56, 0x24, 0x3d, 0x41, 0x10, 0x3b, 0x40, 0x0d,
    0x39, 0x3e, 0x08, 0x38, 0x3d, 0x0a, 0x53, 0x59, 0x1d, 0x77, 0x7e, 0x3d,
    0x99, 0xa0, 0x57, 0x9c, 0xa4, 0x55, 0x99, 0xa2, 0x52, 0x9b, 0xa3, 0x53,
    0x9d, 0xa6, 0x55, 0x9d, 0xa6, 0x54, 0x9d, 0xa6, 0x54, 0xa0, 0xa5, 0x53,
    0xa0, 0xa5, 0x53, 0xa0, 0xa5, 0x53, 0xa1, 0xa6, 0x54, 0xa1, 0xa6, 0x54,
    0xa1, 0xa6, 0x54, 0xa1, 0xa6, 0x54, 0xa0, 0xa5, 0x53, 0xa0, 0xa5, 0x53,
    0xa0, 0xa5, 0x53, 0xa0, 0xa5, 0x53, 0xa0, 0xa5, 0x53, 0xa0, 0xa5, 0x53,
    0xa1, 0xa6, 0x54, 0xa0, 0xa5, 0x53, 0x9f, 0xa4, 0x52, 0x9f, 0xa4, 0x52,
    0x9f, 0xa4, 0x52, 0x9f, 0xa4, 0x52, 0x9f, 0xa4, 0x52, 0x9f, 0xa4, 0x52,
    0x9f, 0xa4, 0x52, 0x9f, 0xa4, 0x52, 0x9e, 0xa3, 0x51, 0x9f, 0xa5, 0x53,
    0x99, 0x9f, 0x4f, 0x80, 0x8b, 0x41, 0x58, 0x64, 0x21, 0x40, 0x4d, 0x12,
    0x31, 0x3d, 0x0d, 0x3f, 0x4c, 0x26, 0x33, 0x3f, 0x21, 0x31, 0x3e, 0x20,
    0x3a, 0x46, 0x23, 0x3c, 0x49, 0x25, 0x2f, 0x3c, 0x16, 0x2c, 0x39, 0x13,
    0x31, 0x3e, 0x18, 0x35, 0x42, 0x1b, 0x32, 0x3e, 0x17, 0x32, 0x3e, 0x16,
    0x36, 0x42, 0x1a, 0x33, 0x3f, 0x17, 0x35, 0x42, 0x19, 0x31, 0x3d, 0x14,
    0x37, 0x42, 0x1b, 0x34, 0x3f, 0x1d, 0x37, 0x43, 0x20, 0x35, 0x40, 0x1d,
    0x2c, 0x38, 0x12, 0x26, 0x32, 0x0d, 0x31, 0x3d, 0x16, 0x39, 0x44, 0x21,
    0x33, 0x3d, 0x1b, 0x2f, 0x39, 0x13, 0x32, 0x3c, 0x13, 0x2c, 0x37, 0x0b,
    0x26, 0x31, 0x03, 0x33, 0x3e, 0x0e, 0x3a, 0x42, 0x14, 0x2e, 0x36, 0x08,
    0x2b, 0x33, 0x03, 0x36, 0x40, 0x08, 0x3b, 0x45, 0x0a, 0x50, 0x5a, 0x1c,
    0x72, 0x7e, 0x36, 0x95, 0xa1, 0x4f, 0x9f, 0xab, 0x58, 0x9d, 0xa9, 0x56,
    0x9c, 0xa8, 0x55, 0x9c, 0xa8, 0x54, 0x9c, 0xa8, 0x54, 0x9c, 0xa8, 0x54,
    0x9c, 0xa8, 0x54, 0x9c, 0xa8, 0x54, 0x9b, 0xa7, 0x53, 0x9b, 0xa7, 0x53,
    0x9b, 0xa7, 0x53, 0x9b, 0xa7, 0x53, 0x9a, 0xa6, 0x52, 0x9a, 0xa6, 0x52,
    0x9a, 0xa6, 0x52, 0x9a, 0xa6, 0x52, 0x9a, 0xa6, 0x52, 0x9a, 0xa6, 0x52,
    0x99, 0xa5, 0x50, 0x99, 0xa5, 0x4f, 0x99, 0xa5, 0x4f, 0x9a, 0xa6, 0x50,
    0x9a, 0xa6, 0x50, 0x9a, 0xa6, 0x50, 0x9a, 0xa6, 0x50, 0x99, 0xa7, 0x50,
    0x99, 0xa7, 0x50, 0x99, 0xa7, 0x50, 0x9a, 0xa8, 0x51, 0x9a, 0xa8, 0x51,
    0x9a, 0xa8, 0x51, 0x96, 0xaa, 0x50, 0x97, 0xab, 0x51, 0x99, 0xa8, 0x50,
    0x9d, 0xa3, 0x54, 0x8b, 0x89, 0x45, 0x7b, 0x72, 0x3a, 0x96, 0x85, 0x59,
    0x96, 0x7a, 0x5a, 0x94, 0x76, 0x55, 0x90, 0x74, 0x4e, 0x97, 0x7e, 0x56,
    0xa0, 0x89, 0x63, 0xa8, 0x90, 0x6e, 0xa7, 0x8b, 0x6b, 0xc5, 0xa5, 0x86,
    0xd2, 0xb4, 0x95, 0xd4, 0xb7, 0x9a, 0xdd, 0xc4, 0xa6, 0xe3, 0xcb, 0xaf,
    0xd6, 0xc0, 0xa3, 0xcf, 0xba, 0x9c, 0xd0, 0xbc, 0x9e, 0xd7, 0xc3, 0xa8,
    0xdc, 0xc9, 0xb2, 0xed, 0xdb, 0xc8, 0xfd, 0xec, 0xdc, 0xfd, 0xeb, 0xdd,
    0xf8, 0xe6, 0xd8, 0xf3, 0xe3, 0xd1, 0xe9, 0xdc, 0xc1, 0xe6, 0xde, 0xb7,
    0xcf, 0xcc, 0x98, 0xb1, 0xb0, 0x76, 0xae, 0xb0, 0x79, 0xba, 0xbb, 0x84,
    0xaf, 0xad, 0x74, 0xa3, 0xa2, 0x60, 0xa2, 0xa4, 0x57, 0xa3, 0xaa, 0x52,
    0xa1, 0xa8, 0x50, 0xa3, 0xa6, 0x55, 0xa3, 0xa6, 0x55, 0xa3, 0xa6, 0x55,
    0xa2, 0xa5, 0x54, 0xa2, 0xa5, 0x54, 0xa2, 0xa5, 0x54, 0xa3, 0xa7, 0x53,
    0xa3, 0xa7, 0x53, 0xa3, 0xa7, 0x53, 0xa3, 0xa7, 0x53, 0xa3, 0xa7, 0x53,
    0xa3, 0xa7, 0x53, 0xa3, 0xa7, 0x53, 0xa2, 0xa7, 0x53, 0xa1, 0xa6, 0x52,
    0xa0, 0xa5, 0x51, 0x9f, 0xa4, 0x50, 0x9f, 0xa4, 0x50, 0x9f, 0xa4, 0x50,
    0x9f, 0xa4, 0x50, 0x9f, 0xa4, 0x50, 0x9d, 0xa5, 0x50, 0x9c, 0xa5, 0x4f,
    0x9b, 0xa5, 0x4f, 0x99, 0xa5, 0x4f, 0x99, 0xa5, 0x4f, 0x98, 0xa4, 0x4e,
    0xbe, 0xc2, 0x88, 0xbb, 0xbf, 0x84, 0xac, 0xb0, 0x74, 0xb5, 0xba, 0x7c,
    0xb7, 0xbc, 0x7d, 0xa5, 0xaa, 0x69, 0x9d, 0xa3, 0x5f, 0x9b, 0xa2, 0x5a,
    0x9b, 0xa2, 0x59, 0x9c, 0xa3, 0x58, 0x9a, 0xa1, 0x55, 0x9b, 0xa2, 0x55,
    0x9b, 0xa4, 0x55, 0x9a, 0xa4, 0x53, 0x99, 0xa4, 0x52, 0x99, 0xa4, 0x53,
    0x9a, 0xa4, 0x54, 0x9a, 0xa4, 0x55, 0x9b, 0xa5, 0x56, 0x9b, 0xa4, 0x54,
    0x9b, 0xa4, 0x50, 0x9b, 0xa4, 0x52, 0x9c, 0xa3, 0x54, 0x9c, 0xa3, 0x57,
    0x9d, 0xa4, 0x5c, 0x9d, 0xa4, 0x5d, 0x9b, 0xa0, 0x5c, 0x89, 0x8c, 0x4a,
    0x6e, 0x70, 0x31, 0x55, 0x57, 0x1a, 0x47, 0x49, 0x0e, 0x48, 0x49, 0x10,
    0x42, 0x42, 0x0e, 0x4d, 0x4d, 0x1a, 0x43, 0x43, 0x10, 0x4f, 0x4f, 0x1c,
    0x4f, 0x4f, 0x1c, 0x49, 0x49, 0x15, 0x51, 0x52, 0x1f, 0x3e, 0x41, 0x10,
    0x4d, 0x51, 0x1b, 0x3e, 0x43, 0x10, 0x3d, 0x41, 0x0f, 0x3f, 0x43, 0x0d,
    0x33, 0x37, 0x04, 0x3e, 0x43, 0x0c, 0x3e, 0x43, 0x0d, 0x4d, 0x52, 0x1a,
    0x62, 0x68, 0x2c, 0x83, 0x89, 0x47, 0x9a, 0xa1, 0x5b, 0x9e, 0xa6, 0x5e,
    0x9e, 0xa6, 0x59, 0x9e, 0xa7, 0x56, 0x9b, 0xa4, 0x53, 0x9e, 0xa7, 0x56,
    0x9e, 0xa7, 0x56, 0x9e, 0xa7, 0x56, 0x9e, 0xa7, 0x56, 0xa1, 0xa6, 0x54,
    0xa1, 0xa6, 0x54, 0xa1, 0xa6, 0x54, 0xa1, 0xa6, 0x54, 0xa1, 0xa6, 0x54,
    0xa1, 0xa6, 0x54, 0xa1, 0xa6, 0x54, 0xa0, 0xa5, 0x53, 0xa0, 0xa5, 0x53,
    0xa0, 0xa5, 0x53, 0xa0, 0xa5, 0x53, 0xa0, 0xa5, 0x53, 0xa0, 0xa5, 0x53,
    0xa1, 0xa6, 0x54, 0xa0, 0xa5, 0x53, 0x9f, 0xa4, 0x52, 0x9f, 0xa4, 0x52,
    0x9f, 0xa4, 0x52, 0x9f, 0xa4, 0x52, 0x9f, 0xa4, 0x52, 0x9f, 0xa4, 0x52,
    0x9f, 0xa4, 0x52, 0x9f, 0xa4, 0x52, 0x9d, 0xa2, 0x50, 0x9e, 0xa3, 0x51,
    0x9f, 0xa4, 0x52, 0x99, 0xa3, 0x52, 0x92, 0x9d, 0x50, 0x6d, 0x79, 0x32,
    0x4f, 0x5a, 0x1d, 0x49, 0x55, 0x1f, 0x47, 0x54, 0x24, 0x3b, 0x47, 0x1d,
    0x2e, 0x39, 0x14, 0x32, 0x3e, 0x18, 0x2f, 0x3b, 0x16, 0x25, 0x30, 0x0d,
    0x31, 0x3c, 0x19, 0x3b, 0x46, 0x24, 0x35, 0x41, 0x1b, 0x28, 0x33, 0x0b,
    0x24, 0x30, 0x08, 0x32, 0x3e, 0x16, 0x3a, 0x46, 0x1e, 0x2c, 0x38, 0x10,
    0x25, 0x31, 0x0a, 0x2b, 0x36, 0x13, 0x37, 0x42, 0x1f, 0x38, 0x44, 0x1f,
    0x2d, 0x39, 0x12, 0x1e, 0x2a, 0x04, 0x26, 0x32, 0x0a, 0x2b, 0x34, 0x11,
    0x31, 0x38, 0x17, 0x34, 0x3c, 0x18, 0x36, 0x3f, 0x17, 0x32, 0x3a, 0x0f,
    0x28, 0x31, 0x04, 0x2c, 0x35, 0x04, 0x2c, 0x35, 0x02, 0x2c, 0x35, 0x01,
    0x3b, 0x45, 0x0a, 0x52, 0x5c, 0x1d, 0x73, 0x7e, 0x3a, 0x92, 0x9e, 0x58,
    0x9f, 0xab, 0x5e, 0x9e, 0xaa, 0x56, 0x9e, 0xaa, 0x56, 0x9e, 0xaa, 0x56,
    0x9c, 0xa8, 0x54, 0x9c, 0xa8, 0x54, 0x9c, 0xa8, 0x54, 0x9c, 0xa8, 0x54,
    0x9c, 0xa8, 0x54, 0x9c, 0xa8, 0x54, 0x9b, 0xa7, 0x53, 0x9b, 0xa7, 0x53,
    0x9b, 0xa7, 0x53, 0x9b, 0xa7, 0x53, 0x9a, 0xa6, 0x52, 0x9a, 0xa6, 0x52,
    0x9a, 0xa6, 0x52, 0x9a, 0xa6, 0x52, 0x9a, 0xa6, 0x52, 0x9a, 0xa6, 0x52,
    0x9a, 0xa6, 0x50, 0x9a, 0xa6, 0x50, 0x9a, 0xa6, 0x50, 0x9a, 0xa6, 0x50,
    0x9a, 0xa6, 0x50, 0x9a, 0xa6, 0x50, 0x9a, 0xa6, 0x50, 0x99, 0xa7, 0x50,
    0x99, 0xa7, 0x50, 0x99, 0xa7, 0x50, 0x9a, 0xa8, 0x51, 0x9a, 0xa8, 0x51,
    0x9a, 0xa8, 0x51, 0x97, 0xa9, 0x51, 0x98, 0xaa, 0x51, 0x9a, 0xa7, 0x4f,
    0x9e, 0xa6, 0x53, 0xa2, 0xa4, 0x59, 0x8c, 0x8a, 0x48, 0x81, 0x76, 0x40,
    0x7c, 0x64, 0x3b, 0x7f, 0x65, 0x41, 0x97, 0x7d, 0x5a, 0x96, 0x7c, 0x5a,
    0xaa, 0x8f, 0x6c, 0xa6, 0x8a, 0x67, 0xa4, 0x86, 0x63, 0xae, 0x8f, 0x6f,
    0xc2, 0xa4, 0x85, 0xd4, 0xb7, 0x9a, 0xd7, 0xbd, 0x9f, 0xd0, 0xb8, 0x9b,
    0xd8, 0xc1, 0xa3, 0xc6, 0xaf, 0x90, 0xcc, 0xb6, 0x98, 0xd8, 0xc4, 0xa8,
    0xdf, 0xcb, 0xb3, 0xdc, 0xc9, 0xb5, 0xf9, 0xea, 0xd8, 0xf8, 0xe7, 0xd7,
    0xf2, 0xe1, 0xd2, 0xe9, 0xda, 0xc9, 0xea, 0xdc, 0xc5, 0xec, 0xe2, 0xbf,
    0xd5, 0xcd, 0xa0, 0xd1, 0xcb, 0x98, 0xc1, 0xbf, 0x94, 0xc9, 0xc5, 0x9b,
    0xca, 0xc3, 0x96, 0xc0, 0xba, 0x83, 0xa7, 0xa5, 0x61, 0xa0, 0xa5, 0x55,
    0xa2, 0xa8, 0x53, 0xa3, 0xa7, 0x53, 0xa3, 0xa7, 0x53, 0xa3, 0xa7, 0x53,
    0xa3, 0xa7, 0x53, 0xa3, 0xa7, 0x53, 0xa3, 0xa7, 0x53, 0xa3, 0xa7, 0x53,
    0xa3, 0xa7, 0x53, 0xa3, 0xa7, 0x53, 0xa3, 0xa7, 0x53, 0xa3, 0xa7, 0x53,
    0xa3, 0xa7, 0x53, 0xa3, 0xa7, 0x53, 0xa2, 0xa7, 0x53, 0xa1, 0xa6, 0x52,
    0xa0, 0xa5, 0x51, 0x9f, 0xa4, 0x50, 0x9f, 0xa4, 0x50, 0x9f, 0xa4, 0x50,
    0x9f, 0xa4, 0x50, 0x9f, 0xa4, 0x50, 0x9d, 0xa5, 0x50, 0x9c, 0xa5, 0x4f,
    0x9b, 0xa5, 0x4f, 0x99, 0xa5, 0x4f, 0x99, 0xa5, 0x4f, 0x98, 0xa4, 0x4e,
    0xe6, 0xe3, 0xba, 0xd8, 0xd5, 0xab, 0xbf, 0xbd, 0x91, 0xd3, 0xd1, 0xa5,
    0xdd, 0xdc, 0xad, 0xbc, 0xbb, 0x8b, 0xab, 0xaa, 0x76, 0xa1, 0xa1, 0x67,
    0x9b, 0x9b, 0x60, 0x9c, 0x9d, 0x60, 0xa1, 0xa2, 0x63, 0xa2, 0xa4, 0x63,
    0xa1, 0xa4, 0x61, 0x9f, 0xa4, 0x5b, 0x9c, 0xa1, 0x56, 0x9d, 0xa3, 0x58,
    0x9e, 0xa3, 0x58, 0x9d, 0xa2, 0x57, 0x9c, 0xa1, 0x56, 0x9b, 0xa1, 0x55,
    0x9d, 0xa1, 0x55, 0x9c, 0xa0, 0x54, 0x9b, 0x9f, 0x54, 0x9b, 0xa0, 0x54,
    0x9c, 0xa1, 0x55, 0x9e, 0xa3, 0x59, 0x9b, 0xa1, 0x56, 0x9d, 0xa3, 0x5a,
    0x9a, 0xa0, 0x58, 0x91, 0x97, 0x50, 0x7d, 0x82, 0x3e, 0x69, 0x6e, 0x2b,
    0x59, 0x5c, 0x1f, 0x4e, 0x4f, 0x19, 0x45, 0x45, 0x10, 0x41, 0x41, 0x0b,
    0x3d, 0x3e, 0x09, 0x38, 0x38, 0x05, 0x3b, 0x3b, 0x08, 0x39, 0x3c, 0x02,
    0x3c, 0x40, 0x04, 0x3c, 0x41, 0x07, 0x43, 0x48, 0x10, 0x51, 0x56, 0x1b,
    0x5d, 0x62, 0x23, 0x6d, 0x72, 0x33, 0x82, 0x87, 0x47, 0x93, 0x99, 0x57,
    0x9d, 0xa2, 0x5e, 0xa0, 0xa6, 0x5e, 0x9e, 0xa5, 0x5a, 0x9f, 0xa6, 0x59,
    0x9f, 0xa6, 0x57, 0xa0, 0xa7, 0x57, 0x9f, 0xa6, 0x56, 0x9f, 0xa7, 0x57,
    0x9f, 0xa6, 0x56, 0x9f, 0xa6, 0x56, 0x9f, 0xa6, 0x56, 0xa1, 0xa6, 0x54,
    0xa1, 0xa6, 0x54, 0xa1, 0xa6, 0x54, 0xa1, 0xa6, 0x54, 0xa1, 0xa6, 0x54,
    0xa1, 0xa6, 0x54, 0xa1, 0xa6, 0x54, 0xa0, 0xa5, 0x53, 0xa0, 0xa5, 0x53,
    0xa0, 0xa5, 0x53, 0xa0, 0xa5, 0x53, 0xa0, 0xa5, 0x53, 0xa0, 0xa5, 0x53,
    0xa1, 0xa6, 0x54, 0xa0, 0xa5, 0x53, 0x9f, 0xa4, 0x52, 0x9f, 0xa4, 0x52,
    0x9f, 0xa4, 0x52, 0x9f, 0xa4, 0x52, 0x9f, 0xa4, 0x52, 0x9f, 0xa4, 0x52,
    0x9f, 0xa4, 0x52, 0x9f, 0xa4, 0x52, 0x9e, 0xa3, 0x51, 0x9c, 0xa1, 0x4f,
    0x9d, 0xa3, 0x50, 0x9b, 0xa3, 0x4e, 0x9c, 0xa4, 0x51, 0x97, 0xa1, 0x52,
    0x8b, 0x94, 0x4b, 0x69, 0x74, 0x2e, 0x4b, 0x57, 0x16, 0x3a, 0x47, 0x0e,
    0x2b, 0x36, 0x0a, 0x36, 0x41, 0x17, 0x41, 0x4d, 0x24, 0x39, 0x43, 0x1e,
    0x31, 0x3a, 0x19, 0x2f, 0x39, 0x18, 0x30, 0x3b, 0x16, 0x2b, 0x36, 0x0e,
    0x29, 0x34, 0x0b, 0x30, 0x3b, 0x13, 0x33, 0x3e, 0x15, 0x30, 0x3b, 0x13,
    0x2a, 0x36, 0x0e, 0x2f, 0x3a, 0x14, 0x29, 0x34, 0x0e, 0x2d, 0x38, 0x10,
    0x2b, 0x36, 0x0c, 0x2b, 0x37, 0x0b, 0x28, 0x33, 0x08, 0x20, 0x29, 0x04,
    0x2e, 0x35, 0x11, 0x36, 0x3e, 0x17, 0x2f, 0x38, 0x0e, 0x2d, 0x36, 0x09,
    0x2f, 0x39, 0x0a, 0x32, 0x3c, 0x08, 0x35, 0x3f, 0x05, 0x44, 0x4e, 0x12,
    0x6b, 0x76, 0x32, 0x89, 0x95, 0x4e, 0x98, 0xa4, 0x5a, 0x9e, 0xaa, 0x5d,
    0xa1, 0xac, 0x5c, 0x9e, 0xaa, 0x57, 0x9e, 0xaa, 0x56, 0x9c, 0xa8, 0x54,
    0x9c, 0xa8, 0x54, 0x9c, 0xa8, 0x54, 0x9c, 0xa8, 0x54, 0x9c, 0xa8, 0x54,
    0x9c, 0xa8, 0x54, 0x9c, 0xa8, 0x54, 0x9b, 0xa7, 0x53, 0x9b, 0xa7, 0x53,
    0x9b, 0xa7, 0x53, 0x9b, 0xa7, 0x53, 0x9a, 0xa6, 0x52, 0x9a, 0xa6, 0x52,
    0x9a, 0xa6, 0x52, 0x9a, 0xa6, 0x52, 0x9a, 0xa6, 0x52, 0x9a, 0xa6, 0x52,
    0x9a, 0xa6, 0x50, 0x9a, 0xa6, 0x50, 0x9a, 0xa6, 0x50, 0x9a, 0xa6, 0x50,
    0x9a, 0xa6, 0x50, 0x9a, 0xa6, 0x50, 0x9a, 0xa6, 0x50, 0x99, 0xa7, 0x50,
    0x99, 0xa7, 0x50, 0x99, 0xa7, 0x50, 0x9a, 0xa8, 0x51, 0x9a, 0xa8, 0x51,
    0x9a, 0xa8, 0x51, 0x99, 0xa8, 0x51, 0x9b, 0xa9, 0x51, 0x9b, 0xa7, 0x4f,
    0x9d, 0xa6, 0x50, 0x9e, 0xa5, 0x53, 0x9c, 0xa0, 0x55, 0x84, 0x80, 0x3e,
    0x5f, 0x4d, 0x1a, 0x6a, 0x55, 0x2b, 0x90, 0x77, 0x57, 0x91, 0x75, 0x58,
    0x9d, 0x7f, 0x5f, 0xaa, 0x8b, 0x66, 0xa5, 0x87, 0x63, 0xaa, 0x8c, 0x6b,
    0xba, 0x9d, 0x7d, 0xd3, 0xb7, 0x97, 0xdc, 0xc2, 0xa4, 0xbc, 0xa3, 0x85,
    0xda, 0xc2, 0xa4, 0xd5, 0xbc, 0x9d, 0xd8, 0xc0, 0xa1, 0xe0, 0xca, 0xae,
    0xe8, 0xd3, 0xba, 0xd9, 0xc5, 0xae, 0xe7, 0xd4, 0xc0, 0xf1, 0xe1, 0xd0,
    0xf5, 0xe6, 0xd8, 0xee, 0xe1, 0xd0, 0xec, 0xdd, 0xc9, 0xdf, 0xd1, 0xb2,
    0xc7, 0xbb, 0x92, 0xd1, 0xc7, 0x9a, 0xcf, 0xc8, 0xa6, 0xcd, 0xc5, 0xa4,
    0xca, 0xbe, 0x99, 0xcb, 0xbf, 0x91, 0xb3, 0xae, 0x71, 0xa3, 0xa3, 0x5a,
    0xa4, 0xa8, 0x56, 0xa3, 0xa7, 0x52, 0xa3, 0xa7, 0x52, 0xa3, 0xa7, 0x52,
    0xa3, 0xa7, 0x52, 0xa3, 0xa7, 0x52, 0xa3, 0xa7, 0x52, 0xa3, 0xa7, 0x53,
    0xa3, 0xa7, 0x53, 0xa3, 0xa7, 0x53, 0xa3, 0xa7, 0x53, 0xa3, 0xa7, 0x53,
    0xa3, 0xa7, 0x53, 0xa3, 0xa7, 0x53, 0xa2, 0xa7, 0x53, 0xa1, 0xa6, 0x52,
    0xa0, 0xa5, 0x51, 0x9f, 0xa4, 0x50, 0x9f, 0xa4, 0x50, 0x9f, 0xa4, 0x50,
    0x9f, 0xa4, 0x50, 0x9f, 0xa4, 0x50, 0x9d, 0xa5, 0x50, 0x9c, 0xa5, 0x4f,
    0x9b, 0xa5, 0x4f, 0x99, 0xa5, 0x4f, 0x99, 0xa5, 0x4f, 0x98, 0xa4, 0x4e,
    0xe6, 0xdd, 0xc1, 0xcb, 0xc3, 0xa5, 0xb7, 0xaf, 0x90, 0xc7, 0xbe, 0x9e,
    0xcf, 0xc7, 0xa5, 0xc4, 0xbb, 0x98, 0xb7, 0xaf, 0x89, 0xac, 0xa5, 0x7b,
    0xa8, 0xa1, 0x76, 0xab, 0xa5, 0x78, 0xa6, 0xa0, 0x71, 0xa3, 0x9d, 0x6d,
    0xa0, 0x9b, 0x68, 0x9f, 0x9b, 0x5f, 0x9d, 0x99, 0x59, 0x9e, 0x9a, 0x5a,
    0xa1, 0x9d, 0x5d, 0xa3, 0xa0, 0x5e, 0xa5, 0xa2, 0x5f, 0xa4, 0xa2, 0x60,
    0xa0, 0xa0, 0x5d, 0x9f, 0x9f, 0x5a, 0x9d, 0x9e, 0x57, 0x9f, 0xa0, 0x57,
    0x9f, 0xa0, 0x56, 0x9c, 0x9e, 0x52, 0x97, 0x9c, 0x4f, 0x9c, 0xa3, 0x55,
    0x9b, 0xa2, 0x54, 0x9b, 0xa2, 0x54, 0x9d, 0xa3, 0x56, 0x9e, 0xa5, 0x59,
    0x9a, 0x9f, 0x58, 0x96, 0x97, 0x57, 0x91, 0x92, 0x53, 0x89, 0x8a, 0x4b,
    0x85, 0x86, 0x48, 0x83, 0x84, 0x47, 0x83, 0x84, 0x47, 0x85, 0x8a, 0x44,
    0x87, 0x8d, 0x44, 0x89, 0x8f, 0x46, 0x93, 0x99, 0x50, 0x9a, 0xa0, 0x57,
    0x9d, 0xa3, 0x5a, 0xa0, 0xa6, 0x5d, 0xa1, 0xa8, 0x5e, 0xa0, 0xa7, 0x5b,
    0xa1, 0xa7, 0x5b, 0xa2, 0xaa, 0x5a, 0xa0, 0xa8, 0x56, 0xa0, 0xa8, 0x55,
    0xa0, 0xa8, 0x56, 0x9e, 0xa5, 0x55, 0x9e, 0xa5, 0x55, 0xa1, 0xa8, 0x58,
    0xa0, 0xa7, 0x57, 0xa0, 0xa7, 0x57, 0xa0, 0xa7, 0x57, 0xa2, 0xa7, 0x55,
    0xa2, 0xa7, 0x55, 0xa2, 0xa7, 0x55, 0xa1, 0xa6, 0x54, 0xa1, 0xa6, 0x54,
    0xa1, 0xa6, 0x54, 0xa1, 0xa6, 0x54, 0xa0, 0xa5, 0x53, 0xa0, 0xa5, 0x53,
    0xa0, 0xa5, 0x53, 0xa0, 0xa5, 0x53, 0xa0, 0xa5, 0x53, 0xa0, 0xa5, 0x53,
    0xa1, 0xa6, 0x54, 0xa0, 0xa5, 0x53, 0x9f, 0xa4, 0x52, 0x9f, 0xa4, 0x52,
    0x9f, 0xa4, 0x52, 0x9f, 0xa4, 0x52, 0x9f, 0xa4, 0x52, 0x9f, 0xa4, 0x52,
    0x9f, 0xa4, 0x52, 0x9f, 0xa4, 0x52, 0x9f, 0xa4, 0x52, 0x9e, 0xa3, 0x51,
    0x9f, 0xa4, 0x51, 0x9f, 0xa5, 0x4f, 0x9e, 0xa3, 0x4f, 0x9e, 0xa5, 0x52,
    0x99, 0xa1, 0x51, 0x9b, 0xa5, 0x55, 0x88, 0x93, 0x45, 0x68, 0x74, 0x2d,
    0x4e, 0x5c, 0x21, 0x3f, 0x4c, 0x15, 0x3d, 0x4a, 0x16, 0x3c, 0x48, 0x19,
    0x31, 0x3d, 0x12, 0x2a, 0x34, 0x0c, 0x3c, 0x47, 0x1d, 0x3b, 0x46, 0x1c,
    0x34, 0x3f, 0x14, 0x2c, 0x37, 0x0d, 0x28, 0x33, 0x09, 0x37, 0x42, 0x18,
    0x36, 0x41, 0x17, 0x30, 0x3c, 0x10, 0x21, 0x2d, 0x02, 0x25, 0x30, 0x04,
    0x31, 0x3c, 0x0d, 0x2f, 0x3b, 0x0a, 0x29, 0x35, 0x03, 0x27, 0x31, 0x02,
    0x2a, 0x33, 0x03, 0x2b, 0x34, 0x03, 0x30, 0x39, 0x05, 0x39, 0x43, 0x0c,
    0x48, 0x52, 0x19, 0x59, 0x64, 0x26, 0x75, 0x81, 0x39, 0x8e, 0x9b, 0x50,
    0x99, 0xa5, 0x57, 0x9b, 0xa8, 0x57, 0x9f, 0xad, 0x5a, 0x9e, 0xac, 0x58,
    0x9d, 0xa9, 0x55, 0x9e, 0xaa, 0x57, 0x9f, 0xab, 0x57, 0x9d, 0xa9, 0x55,
    0x9c, 0xa8, 0x54, 0x9c, 0xa8, 0x54, 0x9c, 0xa8, 0x54, 0x9c, 0xa8, 0x54,
    0x9c, 0xa8, 0x54, 0x9c, 0xa8, 0x54, 0x9b, 0xa7, 0x53, 0x9b, 0xa7, 0x53,
    0x9b, 0xa7, 0x53, 0x9b, 0xa7, 0x53, 0x9a, 0xa6, 0x52, 0x9a, 0xa6, 0x52,
    0x9a, 0xa6, 0x52, 0x9a, 0xa6, 0x52, 0x9a, 0xa6, 0x52, 0x9a, 0xa6, 0x52,
    0x9b, 0xa7, 0x51, 0x9b, 0xa7, 0x51, 0x9b, 0xa7, 0x51, 0x9a, 0xa6, 0x50,
    0x9a, 0xa6, 0x50, 0x9a, 0xa6, 0x50, 0x9a, 0xa6, 0x50, 0x99, 0xa7, 0x50,
    0x99, 0xa7, 0x50, 0x99, 0xa7, 0x50, 0x9a, 0xa8, 0x51, 0x9a, 0xa8, 0x51,
    0x9a, 0xa8, 0x51, 0x9b, 0xa6, 0x52, 0x9d, 0xa7, 0x52, 0x9c, 0xa6, 0x4e,
    0x9d, 0xa8, 0x4e, 0x9c, 0xa7, 0x4e, 0x9e, 0xa7, 0x53, 0x9e, 0xa2, 0x55,
    0x81, 0x79, 0x3b, 0x60, 0x52, 0x22, 0x7a, 0x65, 0x43, 0x85, 0x68, 0x4d,
    0x8f, 0x6f, 0x50, 0x9e, 0x7d, 0x55, 0xa6, 0x87, 0x60, 0xa0, 0x83, 0x61,
    0xc2, 0xa5, 0x84, 0xd2, 0xb7, 0x97, 0xc5, 0xaa, 0x8b, 0xb6, 0x9c, 0x7e,
    0xd9, 0xbe, 0xa1, 0xd6, 0xbc, 0x9e, 0xd6, 0xbc, 0x9e, 0xdc, 0xc4, 0xa6,
    0xee, 0xd7, 0xbd, 0xe9, 0xd4, 0xba, 0xda, 0xc5, 0xad, 0xe9, 0xd9, 0xc6,
    0xf7, 0xea, 0xdc, 0xf9, 0xec, 0xdd, 0xf0, 0xe1, 0xce, 0xdc, 0xcb, 0xb2,
    0xbd, 0xab, 0x88, 0xb6, 0xa7, 0x7f, 0xcb, 0xc1, 0xa3, 0xd0, 0xc4, 0xa7,
    0xb8, 0xa9, 0x88, 0xb2, 0xa4, 0x79, 0xae, 0xa5, 0x6c, 0xa9, 0xa5, 0x60,
    0xa4, 0xa6, 0x56, 0xa3, 0xa7, 0x52, 0xa3, 0xa7, 0x52, 0xa3, 0xa7, 0x52,
    0xa4, 0xa8, 0x53, 0xa4, 0xa8, 0x53, 0xa4, 0xa8, 0x53, 0xa3, 0xa7, 0x53,
    0xa3, 0xa7, 0x53, 0xa3, 0xa7, 0x53, 0xa3, 0xa7, 0x53, 0xa3, 0xa7, 0x53,
    0xa3, 0xa7, 0x53, 0xa3, 0xa7, 0x53, 0xa2, 0xa7, 0x53, 0xa1, 0xa6, 0x52,
    0xa0, 0xa5, 0x51, 0x9f, 0xa4, 0x50, 0x9f, 0xa4, 0x50, 0x9f, 0xa4, 0x50,
    0x9f, 0xa4, 0x50, 0x9f, 0xa4, 0x50, 0x9d, 0xa5, 0x50, 0x9c, 0xa5, 0x4f,
    0x9b, 0xa5, 0x4f, 0x99, 0xa5, 0x4f, 0x99, 0xa5, 0x4f, 0x98, 0xa4, 0x4e,
    0xee, 0xe0, 0xc9, 0xd8, 0xcb, 0xb2, 0xc2, 0xb5, 0x9b, 0xc5, 0xb8, 0x9d,
    0xca, 0xbd, 0xa0, 0xd1, 0xc5, 0xa7, 0xc0, 0xb3, 0x96, 0xae, 0xa1, 0x85,
    0xb9, 0xad, 0x8f, 0xcf, 0xc3, 0xa3, 0xd7, 0xcb, 0xaa, 0xcf, 0xc4, 0xa1,
    0xbb, 0xb0, 0x8a, 0xa7, 0x9c, 0x6a, 0xa1, 0x96, 0x61, 0xa2, 0x97, 0x61,
    0xa2, 0x98, 0x60, 0xa2, 0x98, 0x5e, 0xa8, 0x9f, 0x63, 0xaa, 0xa2, 0x68,
    0xa6, 0xa0, 0x66, 0xa7, 0xa1, 0x65, 0xa6, 0xa1, 0x61, 0xa5, 0xa0, 0x5d,
    0xa5, 0xa1, 0x5b, 0xa4, 0xa1, 0x58, 0x9e, 0xa1, 0x54, 0x9d, 0xa1, 0x53,
    0x9c, 0xa1, 0x52, 0x9f, 0xa4, 0x54, 0x9f, 0xa4, 0x54, 0x9e, 0xa3, 0x54,
    0x9f, 0xa2, 0x55, 0x9f, 0xa1, 0x57, 0xa0, 0xa3, 0x59, 0xa1, 0xa3, 0x59,
    0xa1, 0xa3, 0x59, 0xa2, 0xa4, 0x5a, 0xa1, 0xa3, 0x59, 0xa2, 0xa6, 0x5a,
    0xa2, 0xa7, 0x59, 0xa3, 0xa8, 0x5a, 0xa3, 0xa9, 0x5a, 0xa1, 0xa7, 0x59,
    0xa2, 0xa8, 0x5a, 0xa2, 0xa8, 0x5a, 0xa3, 0xa9, 0x58, 0xa3, 0xa9, 0x57,
    0xa2, 0xa8, 0x56, 0xa1, 0xa7, 0x53, 0xa3, 0xaa, 0x55, 0xa2, 0xa9, 0x53,
    0xa0, 0xa7, 0x54, 0xa1, 0xa7, 0x57, 0xa1, 0xa6, 0x56, 0xa1, 0xa7, 0x57,
    0xa1, 0xa7, 0x57, 0xa1, 0xa7, 0x57, 0xa1, 0xa7, 0x57, 0xa2, 0xa7, 0x55,
    0xa2, 0xa7, 0x55, 0xa2, 0xa7, 0x55, 0xa2, 0xa7, 0x55, 0xa2, 0xa7, 0x55,
    0xa2, 0xa7, 0x55, 0xa2, 0xa7, 0x55, 0xa1, 0xa6, 0x54, 0xa1, 0xa6, 0x54,
    0xa1, 0xa6, 0x54, 0xa1, 0xa6, 0x54, 0xa1, 0xa6, 0x54, 0xa1, 0xa6, 0x54,
    0xa2, 0xa7, 0x55, 0xa1, 0xa6, 0x54, 0xa0, 0xa5, 0x53, 0xa0, 0xa5, 0x53,
    0xa0, 0xa5, 0x53, 0xa0, 0xa5, 0x53, 0xa0, 0xa5, 0x53, 0xa0, 0xa5, 0x53,
    0xa0, 0xa5, 0x53, 0xa0, 0xa5, 0x53, 0x9f, 0xa4, 0x52, 0xa0, 0xa5, 0x53,
    0xa0, 0xa5, 0x53, 0x9f, 0xa3, 0x52, 0xa0, 0xa3, 0x54, 0x9e, 0xa3, 0x53,
    0xa0, 0xa7, 0x56, 0x9b, 0xa3, 0x52, 0x9d, 0xa6, 0x55, 0x9a, 0xa6, 0x57,
    0x8b, 0x99, 0x4e, 0x78, 0x86, 0x3f, 0x61, 0x6f, 0x2b, 0x4d, 0x5a, 0x1b,
    0x3f, 0x4b, 0x12, 0x39, 0x45, 0x0f, 0x3b, 0x47, 0x14, 0x37, 0x42, 0x11,
    0x35, 0x40, 0x10, 0x2f, 0x3a, 0x0b, 0x2d, 0x38, 0x09, 0x3a, 0x45, 0x15,
    0x36, 0x41, 0x10, 0x30, 0x3b, 0x08, 0x2c, 0x38, 0x04, 0x2e, 0x39, 0x05,
    0x2f, 0x3b, 0x03, 0x2f, 0x3b, 0x02, 0x35, 0x41, 0x06, 0x3d, 0x48, 0x09,
    0x44, 0x4f, 0x0e, 0x4c, 0x57, 0x16, 0x58, 0x63, 0x1f, 0x6e, 0x79, 0x34,
    0x85, 0x91, 0x49, 0x95, 0xa1, 0x57, 0x9b, 0xa9, 0x58, 0x9c, 0xaa, 0x57,
    0x9d, 0xaa, 0x55, 0x9e, 0xac, 0x55, 0x9d, 0xab, 0x53, 0x9c, 0xaa, 0x52,
    0x9e, 0xaa, 0x54, 0x9e, 0xaa, 0x56, 0x9e, 0xaa, 0x56, 0x9d, 0xa9, 0x55,
    0x9c, 0xa8, 0x54, 0x9c, 0xa8, 0x54, 0x9c, 0xa8, 0x54, 0x9c, 0xa8, 0x54,
    0x9c, 0xa8, 0x54, 0x9c, 0xa8, 0x54, 0x9c, 0xa8, 0x54, 0x9c, 0xa8, 0x54,
    0x9c, 0xa8, 0x54, 0x9c, 0xa8, 0x54, 0x9b, 0xa7, 0x53, 0x9b, 0xa7, 0x53,
    0x9b, 0xa7, 0x53, 0x9b, 0xa7, 0x53, 0x9b, 0xa7, 0x53, 0x9b, 0xa7, 0x53,
    0x9b, 0xa7, 0x51, 0x9b, 0xa7, 0x51, 0x9b, 0xa7, 0x51, 0x9b, 0xa7, 0x51,
    0x9b, 0xa7, 0x51, 0x9b, 0xa7, 0x51, 0x9b, 0xa7, 0x51, 0x9a, 0xa8, 0x51,
    0x9a, 0xa8, 0x51, 0x9a, 0xa8, 0x51, 0x9a, 0xa8, 0x51, 0x9b, 0xa9, 0x52,
    0x9b, 0xa9, 0x52, 0x9e, 0xa7, 0x55, 0x9f, 0xa8, 0x53, 0x9d, 0xa7, 0x4f,
    0x9b, 0xa8, 0x4c, 0x9d, 0xab, 0x4e, 0x9a, 0xa8, 0x4e, 0x9b, 0xa6, 0x50,
    0x9e, 0x9e, 0x55, 0x71, 0x69, 0x30, 0x69, 0x59, 0x30, 0x84, 0x6c, 0x4c,
    0x8c, 0x6e, 0x4d, 0x97, 0x77, 0x4e, 0x93, 0x76, 0x4e, 0x9c, 0x81, 0x5d,
    0xa2, 0x87, 0x64, 0xaf, 0x95, 0x73, 0x99, 0x7e, 0x5e, 0xac, 0x90, 0x71,
    0xd4, 0xb8, 0x9a, 0xcb, 0xae, 0x90, 0xc8, 0xac, 0x8e, 0xcb, 0xb1, 0x93,
    0xe1, 0xc8, 0xab, 0xf4, 0xdd, 0xc1, 0xee, 0xd7, 0xbc, 0xef, 0xde, 0xc9,
    0xf4, 0xe9, 0xd9, 0xfd, 0xf1, 0xe2, 0xf1, 0xe1, 0xd0, 0xe0, 0xce, 0xb6,
    0xc8, 0xb3, 0x94, 0xa4, 0x91, 0x6c, 0x9d, 0x91, 0x6f, 0xa2, 0x95, 0x73,
    0xab, 0x9b, 0x77, 0xb8, 0xa9, 0x7c, 0xa8, 0x9d, 0x63, 0xa9, 0xa4, 0x5e,
    0xa6, 0xa5, 0x56, 0xa3, 0xa7, 0x52, 0xa3, 0xa7, 0x52, 0xa4, 0xa8, 0x53,
    0xa4, 0xa8, 0x53, 0xa4, 0xa8, 0x53, 0xa4, 0xa8, 0x53, 0xa4, 0xa8, 0x54,
    0xa3, 0xa7, 0x53, 0xa4, 0xa8, 0x54, 0xa4, 0xa8, 0x54, 0xa4, 0xa8, 0x54,
    0xa3, 0xa7, 0x53, 0xa2, 0xa7, 0x53, 0xa1, 0xa6, 0x52, 0xa1, 0xa6, 0x52,
    0xa1, 0xa6, 0x52, 0x9f, 0xa4, 0x50, 0x9f, 0xa4, 0x50, 0x9f, 0xa4, 0x50,
    0x9f, 0xa4, 0x50, 0x9f, 0xa4, 0x50, 0x9d, 0xa5, 0x50, 0x9c, 0xa5, 0x4f,
    0x9b, 0xa5, 0x4f, 0x99, 0xa5, 0x4f, 0x99, 0xa5, 0x4f, 0x98, 0xa4, 0x4e,
    0xf1, 0xe2, 0xcb, 0xea, 0xdc, 0xc3, 0xe7, 0xd9, 0xbf, 0xe7, 0xd9, 0xbe,
    0xe4, 0xd6, 0xb9, 0xec, 0xde, 0xc0, 0xdb, 0xcc, 0xb2, 0xc2, 0xb3, 0x9f,
    0xd4, 0xc5, 0xaf, 0xe7, 0xd8, 0xc1, 0xf1, 0xe2, 0xc9, 0xf3, 0xe5, 0xcb,
    0xe6, 0xd8, 0xbb, 0xc8, 0xb9, 0x90, 0xc1, 0xb3, 0x86, 0xbb, 0xad, 0x7e,
    0xb1, 0xa3, 0x73, 0xa3, 0x95, 0x62, 0x9f, 0x92, 0x5c, 0xa1, 0x95, 0x61,
    0xaa, 0x9f, 0x6d, 0xa9, 0x9e, 0x6a, 0xa5, 0x9b, 0x64, 0x9f, 0x95, 0x5b,
    0x95, 0x8c, 0x4e, 0x9c, 0x95, 0x54, 0x9f, 0x9d, 0x57, 0x9d, 0x9e, 0x54,
    0x9e, 0x9f, 0x55, 0xa1, 0xa2, 0x57, 0x9e, 0x9f, 0x53, 0x9d, 0x9f, 0x51,
    0x9d, 0x9f, 0x51, 0x9e, 0xa0, 0x4f, 0xa0, 0xa3, 0x51, 0xa1, 0xa4, 0x52,
    0xa1, 0xa4, 0x52, 0xa1, 0xa4, 0x52, 0xa3, 0xa5, 0x54, 0xa4, 0xa7, 0x57,
    0xa2, 0xa6, 0x57, 0xa1, 0xa6, 0x56, 0xa1, 0xa6, 0x56, 0xa2, 0xa6, 0x57,
    0xa3, 0xa7, 0x58, 0xa3, 0xa7, 0x58, 0xa3, 0xa7, 0x55, 0xa3, 0xa7, 0x54,
    0xa3, 0xa7, 0x53, 0xa3, 0xa9, 0x53, 0xa3, 0xa9, 0x53, 0xa3, 0xa9, 0x53,
    0xa3, 0xa8, 0x55, 0xa3, 0xa7, 0x57, 0xa3, 0xa7, 0x57, 0xa3, 0xa7, 0x57,
    0xa2, 0xa7, 0x57, 0xa2, 0xa7, 0x57, 0xa2, 0xa7, 0x57, 0xa2, 0xa7, 0x55,
    0xa2, 0xa7, 0x55, 0xa2, 0xa7, 0x55, 0xa2, 0xa7, 0x55, 0xa2, 0xa7, 0x55,
    0xa2, 0xa7, 0x55, 0xa2, 0xa7, 0x55, 0xa1, 0xa6, 0x54, 0xa1, 0xa6, 0x54,
    0xa1, 0xa6, 0x54, 0xa1, 0xa6, 0x54, 0xa1, 0xa6, 0x54, 0xa1, 0xa6, 0x54,
    0xa2, 0xa7, 0x55, 0xa1, 0xa6, 0x54, 0xa0, 0xa5, 0x53, 0xa0, 0xa5, 0x53,
    0xa0, 0xa5, 0x53, 0xa0, 0xa5, 0x53, 0xa0, 0xa5, 0x53, 0xa0, 0xa5, 0x53,
    0xa0, 0xa5, 0x53, 0xa0, 0xa5, 0x53, 0xa0, 0xa5, 0x53, 0xa0, 0xa5, 0x53,
    0xa0, 0xa5, 0x54, 0xa0, 0xa3, 0x57, 0xa0, 0xa2, 0x58, 0x9f, 0xa3, 0x57,
    0x9e, 0xa4, 0x57, 0x9c, 0xa3, 0x55, 0x9c, 0xa5, 0x56, 0x9d, 0xa9, 0x57,
    0x98, 0xa7, 0x52, 0x9a, 0xa8, 0x56, 0x95, 0xa3, 0x54, 0x8a, 0x97, 0x4c,
    0x76, 0x83, 0x3c, 0x6c, 0x78, 0x34, 0x5d, 0x68, 0x2c, 0x52, 0x5c, 0x24,
    0x49, 0x53, 0x1b, 0x45, 0x50, 0x17, 0x45, 0x4f, 0x17, 0x40, 0x4a, 0x12,
    0x3c, 0x47, 0x0f, 0x3e, 0x49, 0x0c, 0x44, 0x4f, 0x11, 0x4a, 0x55, 0x16,
    0x4e, 0x5a, 0x1a, 0x54, 0x60, 0x1e, 0x5f, 0x6b, 0x27, 0x70, 0x7c, 0x32,
    0x7e, 0x8b, 0x3b, 0x8a, 0x96, 0x46, 0x91, 0x9e, 0x4d, 0x9a, 0xa6, 0x55,
    0x9e, 0xab, 0x59, 0x9e, 0xab, 0x58, 0x9d, 0xab, 0x54, 0x9d, 0xab, 0x54,
    0x9d, 0xab, 0x53, 0x9c, 0xaa, 0x52, 0x9c, 0xab, 0x51, 0x9c, 0xab, 0x51,
    0x9d, 0xaa, 0x53, 0x9d, 0xa9, 0x55, 0x9d, 0xa9, 0x55, 0x9d, 0xa9, 0x55,
    0x9c, 0xa8, 0x54, 0x9c, 0xa8, 0x54, 0x9c, 0xa8, 0x54, 0x9c, 0xa8, 0x54,
    0x9c, 0xa8, 0x54, 0x9c, 0xa8, 0x54, 0x9c, 0xa8, 0x54, 0x9c, 0xa8, 0x54,
    0x9c, 0xa8, 0x54, 0x9c, 0xa8, 0x54, 0x9b, 0xa7, 0x53, 0x9b, 0xa7, 0x53,
    0x9b, 0xa7, 0x53, 0x9b, 0xa7, 0x53, 0x9b, 0xa7, 0x53, 0x9b, 0xa7, 0x53,
    0x9b, 0xa7, 0x51, 0x9b, 0xa7, 0x51, 0x9b, 0xa7, 0x51, 0x9c, 0xa8, 0x52,
    0x9c, 0xa8, 0x52, 0x9c, 0xa8, 0x52, 0x9b, 0xa8, 0x52, 0x9a, 0xa8, 0x51,
    0x9a, 0xa8, 0x51, 0x9a, 0xa8, 0x51, 0x9a, 0xa8, 0x51, 0x9b, 0xa9, 0x52,
    0x9c, 0xaa, 0x53, 0x9f, 0xa8, 0x56, 0x9e, 0xa8, 0x54, 0x9c, 0xa8, 0x4f,
    0x9b, 0xa9, 0x4c, 0x9b, 0xaa, 0x4d, 0x9a, 0xab, 0x4f, 0x9c, 0xa9, 0x51,
    0xa0, 0xa5, 0x54, 0x8e, 0x8d, 0x49, 0x73, 0x6b, 0x35, 0x8b, 0x7a, 0x4e,
    0x8a, 0x73, 0x4a, 0x9b, 0x80, 0x55, 0x9c, 0x83, 0x5a, 0x9f, 0x86, 0x60,
    0xa4, 0x8b, 0x66, 0xa8, 0x8d, 0x6b, 0x95, 0x79, 0x59, 0xa3, 0x85, 0x66,
    0xc0, 0xa3, 0x85, 0xc4, 0xa6, 0x87, 0xd1, 0xb4, 0x96, 0xc6, 0xaa, 0x8b,
    0xc4, 0xaa, 0x8a, 0xe7, 0xce, 0xb0, 0xf6, 0xdf, 0xc1, 0xf6, 0xe4, 0xcc,
    0xf6, 0xe9, 0xd7, 0xf9, 0xeb, 0xdb, 0xf2, 0xe0, 0xcf, 0xe2, 0xd0, 0xb8,
    0xd3, 0xbf, 0xa0, 0xbc, 0xaa, 0x84, 0x9e, 0x93, 0x6b, 0x98, 0x8c, 0x64,
    0xa8, 0x99, 0x6f, 0xcc, 0xbd, 0x8d, 0xbf, 0xb4, 0x7a, 0xaa, 0xa4, 0x60,
    0xa8, 0xa8, 0x5a, 0xa5, 0xa8, 0x55, 0xa5, 0xa8, 0x55, 0xa5, 0xa9, 0x55,
    0xa4, 0xa8, 0x54, 0xa4, 0xa7, 0x53, 0xa5, 0xa9, 0x55, 0xa5, 0xa9, 0x55,
    0xa4, 0xa8, 0x54, 0xa2, 0xa6, 0x52, 0xa3, 0xa7, 0x53, 0xa3, 0xa7, 0x53,
    0xa2, 0xa6, 0x52, 0xa1, 0xa6, 0x52, 0xa1, 0xa6, 0x52, 0xa1, 0xa6, 0x52,
    0xa1, 0xa6, 0x52, 0x9f, 0xa4, 0x50, 0x9f, 0xa4, 0x50, 0x9f, 0xa4, 0x50,
    0x9f, 0xa4, 0x50, 0x9f, 0xa4, 0x50, 0x9d, 0xa5, 0x50, 0x9c, 0xa5, 0x4f,
    0x9b, 0xa5, 0x4f, 0x99, 0xa5, 0x4f, 0x99, 0xa5, 0x4f, 0x98, 0xa4, 0x4e,
    0xe6, 0xd8, 0xc2, 0xeb, 0xdd, 0xc7, 0xf6, 0xe8, 0xcf, 0xee, 0xe0, 0xc7,
    0xe5, 0xd8, 0xbd, 0xed, 0xdf, 0xc3, 0xeb, 0xdc, 0xc6, 0xe3, 0xd4, 0xc5,
    0xf4, 0xe5, 0xd4, 0xf9, 0xeb, 0xd8, 0xf6, 0xe7, 0xd3, 0xf5, 0xe7, 0xd1,
    0xe2, 0xd4, 0xbb, 0xcf, 0xbd, 0x9e, 0xc9, 0xb7, 0x93, 0xc0, 0xae, 0x88,
    0xc5, 0xb3, 0x8a, 0xc1, 0xb0, 0x83, 0xbe, 0xad, 0x7d, 0xbe, 0xae, 0x80,
    0xc8, 0xb9, 0x8d, 0xbe, 0xaf, 0x82, 0xb0, 0xa0, 0x71, 0xa1, 0x92, 0x60,
    0x8c, 0x7e, 0x4a, 0x99, 0x8b, 0x56, 0xa1, 0x99, 0x5d, 0x9b, 0x96, 0x56,
    0x9f, 0x9a, 0x5a, 0xa6, 0xa1, 0x5f, 0xa7, 0xa2, 0x5e, 0xa5, 0xa1, 0x5b,
    0xa5, 0xa4, 0x59, 0xa4, 0xa4, 0x54, 0xa2, 0xa3, 0x52, 0xa0, 0xa2, 0x50,
    0xa3, 0xa5, 0x53, 0xa3, 0xa5, 0x54, 0xa4, 0xa6, 0x55, 0xa1, 0xa3, 0x54,
    0xa1, 0xa4, 0x55, 0xa3, 0xa6, 0x57, 0xa4, 0xa7, 0x59, 0xa5, 0xa8, 0x5a,
    0xa4, 0xa7, 0x58, 0xa3, 0xa6, 0x57, 0xa4, 0xa8, 0x55, 0xa4, 0xa8, 0x55,
    0xa4, 0xa7, 0x55, 0xa4, 0xa7, 0x55, 0xa4, 0xa7, 0x56, 0xa4, 0xa7, 0x56,
    0xa4, 0xa7, 0x57, 0xa4, 0xa7, 0x58, 0xa4, 0xa7, 0x58, 0xa4, 0xa7, 0x58,
    0xa3, 0xa6, 0x57, 0xa3, 0xa6, 0x57, 0xa3, 0xa6, 0x57, 0xa2, 0xa7, 0x55,
    0xa2, 0xa7, 0x55, 0xa2, 0xa7, 0x55, 0xa2, 0xa7, 0x55, 0xa2, 0xa7, 0x55,
    0xa2, 0xa7, 0x55, 0xa2, 0xa7, 0x55, 0xa1, 0xa6, 0x54, 0xa1, 0xa6, 0x54,
    0xa1, 0xa6, 0x54, 0xa1, 0xa6, 0x54, 0xa1, 0xa6, 0x54, 0xa1, 0xa6, 0x54,
    0xa2, 0xa7, 0x55, 0xa1, 0xa6, 0x54, 0xa0, 0xa5, 0x53, 0xa0, 0xa5, 0x53,
    0xa0, 0xa5, 0x53, 0xa0, 0xa5, 0x53, 0xa0, 0xa5, 0x53, 0xa0, 0xa5, 0x53,
    0xa0, 0xa5, 0x53, 0xa0, 0xa5, 0x53, 0xa0, 0xa5, 0x53, 0xa0, 0xa5, 0x53,
    0xa0, 0xa5, 0x54, 0xa1, 0xa3, 0x58, 0xa0, 0xa4, 0x5a, 0x9f, 0xa4, 0x59,
    0x9c, 0xa3, 0x57, 0x9c, 0xa5, 0x58, 0x9d, 0xa7, 0x59, 0x9c, 0xa8, 0x57,
    0x9b, 0xa8, 0x52, 0x99, 0xa7, 0x51, 0x9a, 0xa8, 0x55, 0x98, 0xa5, 0x55,
    0x99, 0xa6, 0x57, 0x98, 0xa4, 0x57, 0x95, 0xa1, 0x5a, 0x92, 0x9d, 0x59,
    0x8c, 0x97, 0x53, 0x88, 0x93, 0x50, 0x87, 0x92, 0x4e, 0x87, 0x92, 0x4e,
    0x87, 0x92, 0x4d, 0x87, 0x93, 0x4c, 0x8b, 0x97, 0x4e, 0x8f, 0x9a, 0x51,
    0x92, 0x9e, 0x53, 0x94, 0xa1, 0x54, 0x9a, 0xa6, 0x58, 0x9c, 0xa8, 0x54,
    0x9b, 0xa8, 0x51, 0x9c, 0xa9, 0x51, 0x9c, 0xa8, 0x52, 0x9b, 0xa7, 0x51,
    0x9a, 0xa6, 0x50, 0x9c, 0xa8, 0x52, 0x9c, 0xaa, 0x52, 0x9c, 0xaa, 0x52,
    0x9c, 0xaa, 0x52, 0x9c, 0xaa, 0x52, 0x9c, 0xaa, 0x52, 0x9c, 0xaa, 0x53,
    0x9d, 0xa9, 0x54, 0x9d, 0xa9, 0x55, 0x9d, 0xa9, 0x55, 0x9d, 0xa9, 0x55,
    0x9c, 0xa8, 0x54, 0x9c, 0xa8, 0x54, 0x9c, 0xa8, 0x54, 0x9c, 0xa8, 0x54,
    0x9c, 0xa8, 0x54, 0x9c, 0xa8, 0x54, 0x9c, 0xa8, 0x54, 0x9c, 0xa8, 0x54,
    0x9c, 0xa8, 0x54, 0x9c, 0xa8, 0x54, 0x9b, 0xa7, 0x53, 0x9b, 0xa7, 0x53,
    0x9b, 0xa7, 0x53, 0x9b, 0xa7, 0x53, 0x9b, 0xa7, 0x53, 0x9b, 0xa7, 0x53,
    0x9b, 0xa7, 0x51, 0x9b, 0xa7, 0x51, 0x9b, 0xa7, 0x51, 0x9c, 0xa8, 0x52,
    0x9c, 0xa8, 0x52, 0x9c, 0xa8, 0x52, 0x9c, 0xa8, 0x52, 0x9b, 0xa9, 0x52,
    0x9b, 0xa9, 0x52, 0x9b, 0xa9, 0x52, 0x9a, 0xa8, 0x51, 0x9b, 0xa9, 0x52,
    0x9c, 0xaa, 0x53, 0x9d, 0xa9, 0x56, 0x9c, 0xa9, 0x54, 0x9b, 0xa8, 0x50,
    0x9b, 0xa9, 0x4d, 0x9b, 0xaa, 0x4f, 0x9a, 0xaa, 0x52, 0x9b, 0xa8, 0x51,
    0x9c, 0xa6, 0x50, 0xa1, 0xa6, 0x56, 0x9e, 0x9e, 0x56, 0x80, 0x78, 0x3b,
    0x7c, 0x6e, 0x3a, 0x93, 0x80, 0x53, 0xa1, 0x8b, 0x62, 0x99, 0x82, 0x59,
    0x8f, 0x77, 0x50, 0x94, 0x79, 0x55, 0x95, 0x78, 0x58, 0xad, 0x8e, 0x6f,
    0xb1, 0x91, 0x74, 0xb9, 0x99, 0x7a, 0xd0, 0xb1, 0x92, 0xcb, 0xad, 0x8d,
    0xc1, 0xa4, 0x84, 0xd3, 0xb9, 0x98, 0xdf, 0xc6, 0xa6, 0xe5, 0xd0, 0xb6,
    0xf3, 0xe0, 0xce, 0xf0, 0xdd, 0xcc, 0xe5, 0xd2, 0xbf, 0xe0, 0xce, 0xb4,
    0xdc, 0xca, 0xa9, 0xc4, 0xb5, 0x8c, 0xaf, 0xa7, 0x78, 0x9b, 0x92, 0x66,
    0xa5, 0x97, 0x6c, 0xbf, 0xb2, 0x84, 0xcc, 0xc2, 0x8d, 0xb1, 0xac, 0x70,
    0xa8, 0xa7, 0x60, 0xa4, 0xa7, 0x57, 0xa4, 0xa7, 0x57, 0xa4, 0xa8, 0x57,
    0xa5, 0xa8, 0x58, 0xa4, 0xa7, 0x56, 0xa4, 0xa7, 0x57, 0xa4, 0xa8, 0x54,
    0xa5, 0xa9, 0x55, 0xa4, 0xa8, 0x54, 0xa3, 0xa7, 0x53, 0xa4, 0xa8, 0x54,
    0xa2, 0xa6, 0x52, 0xa2, 0xa6, 0x52, 0xa1, 0xa6, 0x52, 0xa1, 0xa6, 0x52,
    0xa1, 0xa6, 0x52, 0x9f, 0xa4, 0x50, 0x9f, 0xa4, 0x50, 0x9f, 0xa4, 0x50,
    0x9f, 0xa4, 0x50, 0x9f, 0xa4, 0x50, 0x9d, 0xa5, 0x50, 0x9c, 0xa5, 0x4f,
    0x9b, 0xa5, 0x4f, 0x99, 0xa5, 0x4f, 0x99, 0xa5, 0x4f, 0x98, 0xa4, 0x4e,
    0xeb, 0xde, 0xcc, 0xf0, 0xe3, 0xd1, 0xf5, 0xe8, 0xd5, 0xed, 0xe0, 0xcb,
    0xe9, 0xdd, 0xc6, 0xe8, 0xdc, 0xc4, 0xe2, 0xd5, 0xc2, 0xe4, 0xd6, 0xc7,
    0xf0, 0xe3, 0xd3, 0xf8, 0xeb, 0xda, 0xf5, 0xe8, 0xd5, 0xe6, 0xda, 0xc5,
    0xd2, 0xc5, 0xae, 0xd4, 0xc1, 0xa6, 0xc2, 0xae, 0x90, 0xb8, 0xa4, 0x83,
    0xc7, 0xb4, 0x90, 0xce, 0xbb, 0x92, 0xca, 0xb7, 0x8c, 0xc6, 0xb3, 0x8a,
    0xc8, 0xb6, 0x8f, 0xca, 0xb7, 0x90, 0xc1, 0xae, 0x86, 0xb9, 0xa7, 0x7d,
    0xb2, 0xa0, 0x75, 0xb8, 0xa5, 0x7a, 0xaa, 0x9d, 0x6c, 0x9e, 0x94, 0x5e,
    0xa5, 0x9a, 0x64, 0xac, 0xa2, 0x69, 0xb2, 0xa8, 0x6c, 0xab, 0xa2, 0x65,
    0xa4, 0x9d, 0x5c, 0x9d, 0x9d, 0x55, 0x9e, 0x9d, 0x55, 0xa2, 0xa1, 0x59,
    0xa5, 0xa5, 0x5d, 0xa7, 0xa7, 0x5f, 0xa8, 0xa8, 0x60, 0xa3, 0xa5, 0x59,
    0xa3, 0xa6, 0x59, 0xa2, 0xa5, 0x58, 0xa2, 0xa5, 0x59, 0xa4, 0xa6, 0x5a,
    0xa3, 0xa5, 0x59, 0xa3, 0xa5, 0x58, 0xa5, 0xa8, 0x58, 0xa5, 0xa8, 0x58,
    0xa5, 0xa8, 0x58, 0xa4, 0xa7, 0x58, 0xa4, 0xa7, 0x59, 0xa4, 0xa7, 0x59,
    0xa5, 0xa7, 0x59, 0xa5, 0xa8, 0x59, 0xa5, 0xa8, 0x59, 0xa4, 0xa7, 0x58,
    0xa3, 0xa6, 0x57, 0xa3, 0xa6, 0x57, 0xa3, 0xa6, 0x57, 0xa2, 0xa7, 0x55,
    0xa2, 0xa7, 0x55, 0xa2, 0xa7, 0x55, 0xa2, 0xa7, 0x55, 0xa2, 0xa7, 0x55,
    0xa2, 0xa7, 0x55, 0xa2, 0xa7, 0x55, 0xa1, 0xa6, 0x54, 0xa1, 0xa6, 0x54,
    0xa1, 0xa6, 0x54, 0xa1, 0xa6, 0x54, 0xa1, 0xa6, 0x54, 0xa1, 0xa6, 0x54,
    0xa2, 0xa7, 0x55, 0xa1, 0xa6, 0x54, 0xa0, 0xa5, 0x53, 0xa0, 0xa5, 0x53,
    0xa0, 0xa5, 0x53, 0xa0, 0xa5, 0x53, 0xa0, 0xa5, 0x53, 0xa0, 0xa5, 0x53,
    0xa0, 0xa5, 0x53, 0xa0, 0xa5, 0x53, 0xa0, 0xa5, 0x53, 0xa0, 0xa5, 0x53,
    0xa0, 0xa5, 0x54, 0xa0, 0xa5, 0x56, 0x9f, 0xa5, 0x57, 0x9e, 0xa6, 0x57,
    0x9b, 0xa5, 0x56, 0x9b, 0xa7, 0x57, 0x9c, 0xa8, 0x57, 0x9a, 0xa7, 0x56,
    0x9a, 0xa7, 0x57, 0x9b, 0xa8, 0x57, 0x99, 0xa6, 0x56, 0x96, 0xa3, 0x53,
    0x9a, 0xa7, 0x57, 0x98, 0xa5, 0x55, 0x98, 0xa5, 0x56, 0x9a, 0xa6, 0x58,
    0x9b, 0xa7, 0x59, 0x9b, 0xa7, 0x59, 0x9a, 0xa7, 0x58, 0x9a, 0xa6, 0x58,
    0x99, 0xa6, 0x57, 0x9a, 0xa7, 0x57, 0x9b, 0xa8, 0x56, 0x9a, 0xa8, 0x55,
    0x9b, 0xa8, 0x55, 0x9b, 0xa8, 0x53, 0x99, 0xa8, 0x50, 0x9b, 0xa8, 0x51,
    0x9b, 0xa7, 0x52, 0x9a, 0xa6, 0x51, 0x9a, 0xa6, 0x52, 0x9b, 0xa7, 0x53,
    0x9c, 0xa8, 0x54, 0x9b, 0xa7, 0x54, 0x9c, 0xaa, 0x53, 0x9c, 0xaa, 0x53,
    0x9c, 0xaa, 0x53, 0x9c, 0xaa, 0x54, 0x9c, 0xaa, 0x54, 0x9c, 0xaa, 0x55,
    0x9d, 0xa9, 0x55, 0x9d, 0xa9, 0x55, 0x9d, 0xa9, 0x55, 0x9d, 0xa9, 0x55,
    0x9c, 0xa8, 0x54, 0x9c, 0xa8, 0x54, 0x9c, 0xa8, 0x54, 0x9c, 0xa8, 0x54,
    0x9c, 0xa8, 0x54, 0x9c, 0xa8, 0x54, 0x9c, 0xa8, 0x54, 0x9c, 0xa8, 0x54,
    0x9c, 0xa8, 0x54, 0x9c, 0xa8, 0x54, 0x9b, 0xa7, 0x53, 0x9b, 0xa7, 0x53,
    0x9b, 0xa7, 0x53, 0x9b, 0xa7, 0x53, 0x9b, 0xa7, 0x53, 0x9b, 0xa7, 0x53,
    0x9b, 0xa7, 0x51, 0x9b, 0xa7, 0x51, 0x9b, 0xa7, 0x51, 0x9c, 0xa8, 0x52,
    0x9c, 0xa8, 0x52, 0x9c, 0xa8, 0x52, 0x9c, 0xa8, 0x52, 0x9b, 0xa9, 0x52,
    0x9b, 0xa9, 0x52, 0x9b, 0xa9, 0x52, 0x9a, 0xa8, 0x51, 0x9b, 0xa9, 0x52,
    0x9c, 0xaa, 0x53, 0x9c, 0xa9, 0x55, 0x9b, 0xaa, 0x54, 0x9a, 0xa9, 0x50,
    0x9a, 0xa9, 0x4e, 0x9b, 0xa9, 0x51, 0x9b, 0xa9, 0x55, 0x9a, 0xa8, 0x55,
    0x9c, 0xaa, 0x52, 0x9c, 0xa7, 0x4d, 0xa0, 0xa7, 0x4e, 0x94, 0x95, 0x46,
    0x78, 0x72, 0x35, 0x76, 0x6c, 0x3f, 0x92, 0x80, 0x57, 0x99, 0x83, 0x5a,
    0x89, 0x71, 0x4a, 0x98, 0x7d, 0x59, 0xa0, 0x82, 0x60, 0xaa, 0x8b, 0x6c,
    0xb1, 0x90, 0x71, 0xba, 0x98, 0x79, 0xbb, 0x9a, 0x7b, 0xcc, 0xae, 0x8d,
    0xc6, 0xa8, 0x87, 0xc0, 0xa4, 0x81, 0xca, 0xb0, 0x8d, 0xd7, 0xbf, 0xa3,
    0xea, 0xd4, 0xbf, 0xf2, 0xdc, 0xc9, 0xe0, 0xcd, 0xb6, 0xd6, 0xc5, 0xa9,
    0xc9, 0xba, 0x96, 0xb0, 0xa4, 0x79, 0xa6, 0xa0, 0x72, 0xaa, 0xa2, 0x78,
    0xb7, 0xaa, 0x84, 0xbe, 0xb0, 0x8a, 0xc4, 0xb9, 0x8e, 0xb6, 0xaf, 0x7f,
    0xaa, 0xa9, 0x69, 0xa6, 0xa8, 0x5c, 0xa6, 0xa8, 0x5c, 0xa5, 0xa8, 0x5b,
    0xa6, 0xa8, 0x5b, 0xa7, 0xaa, 0x5d, 0xa3, 0xa6, 0x58, 0xa4, 0xa7, 0x55,
    0xa4, 0xa8, 0x54, 0xa5, 0xa9, 0x55, 0xa2, 0xa6, 0x52, 0xa3, 0xa7, 0x53,
    0xa2, 0xa6, 0x52, 0xa2, 0xa6, 0x52, 0xa1, 0xa6, 0x52, 0xa1, 0xa6, 0x52,
    0xa1, 0xa6, 0x52, 0x9f, 0xa4, 0x50, 0x9f, 0xa4, 0x50, 0x9f, 0xa4, 0x50,
    0x9f, 0xa4, 0x50, 0x9f, 0xa4, 0x50, 0x9d, 0xa5, 0x50, 0x9c, 0xa5, 0x4f,
    0x9b, 0xa5, 0x4f, 0x99, 0xa5, 0x4f, 0x99, 0xa5, 0x4f, 0x98, 0xa4, 0x4e,
    0xee, 0xe0, 0xd4, 0xec, 0xde, 0xd2, 0xf0, 0xe2, 0xd5, 0xf0, 0xe3, 0xd3,
    0xf2, 0xe5, 0xd4, 0xed, 0xe0, 0xce, 0xe1, 0xd4, 0xc3, 0xde, 0xd0, 0xc1,
    0xe5, 0xd8, 0xc7, 0xe2, 0xd5, 0xc4, 0xd8, 0xcb, 0xb8, 0xcb, 0xbf, 0xa9,
    0xc9, 0xbb, 0xa5, 0xda, 0xc8, 0xaf, 0xc8, 0xb4, 0x9a, 0xb6, 0xa3, 0x85,
    0xbe, 0xab, 0x89, 0xc7, 0xb5, 0x8f, 0xcc, 0xba, 0x91, 0xd0, 0xbd, 0x96,
    0xca, 0xb4, 0x92, 0xc9, 0xb3, 0x91, 0xc6, 0xb0, 0x8f, 0xcb, 0xb5, 0x94,
    0xd8, 0xc3, 0xa1, 0xd9, 0xc4, 0xa0, 0xb7, 0xa6, 0x7e, 0xaf, 0x9f, 0x73,
    0xb5, 0xa6, 0x78, 0xb7, 0xa8, 0x77, 0xbc, 0xae, 0x7a, 0xb3, 0xa5, 0x70,
    0xa8, 0x9e, 0x66, 0x90, 0x8b, 0x4e, 0x8a, 0x86, 0x49, 0x8f, 0x8b, 0x4d,
    0x95, 0x91, 0x53, 0x9d, 0x99, 0x5b, 0xad, 0xa9, 0x6c, 0xa7, 0xa7, 0x62,
    0xa6, 0xa7, 0x5e, 0xa4, 0xa5, 0x5d, 0xa4, 0xa6, 0x5d, 0xa5, 0xa6, 0x5e,
    0xa6, 0xa7, 0x5e, 0xa6, 0xa7, 0x5d, 0xa5, 0xa8, 0x5b, 0xa5, 0xa8, 0x5b,
    0xa5, 0xa8, 0x5b, 0xa4, 0xa7, 0x5b, 0xa4, 0xa6, 0x5b, 0xa4, 0xa6, 0x5c,
    0xa5, 0xa7, 0x5b, 0xa5, 0xa8, 0x59, 0xa5, 0xa8, 0x59, 0xa4, 0xa7, 0x58,
    0xa3, 0xa6, 0x57, 0xa3, 0xa6, 0x57, 0xa3, 0xa6, 0x57, 0xa2, 0xa7, 0x55,
    0xa2, 0xa7, 0x55, 0xa2, 0xa7, 0x55, 0xa2, 0xa7, 0x55, 0xa2, 0xa7, 0x55,
    0xa2, 0xa7, 0x55, 0xa2, 0xa7, 0x55, 0xa1, 0xa6, 0x54, 0xa1, 0xa6, 0x54,
    0xa1, 0xa6, 0x54, 0xa1, 0xa6, 0x54, 0xa1, 0xa6, 0x54, 0xa1, 0xa6, 0x54,
    0xa2, 0xa7, 0x55, 0xa1, 0xa6, 0x54, 0xa0, 0xa5, 0x53, 0xa0, 0xa5, 0x53,
    0xa0, 0xa5, 0x53, 0xa0, 0xa5, 0x53, 0xa0, 0xa5, 0x53, 0xa0, 0xa5, 0x53,
    0xa0, 0xa5, 0x53, 0xa0, 0xa5, 0x53, 0xa0, 0xa5, 0x53, 0xa0, 0xa5, 0x53,
    0xa0, 0xa5, 0x53, 0x9f, 0xa7, 0x52, 0x9e, 0xa8, 0x53, 0x9e, 0xa8, 0x53,
    0x9c, 0xa7, 0x53, 0x9b, 0xa8, 0x54, 0x9a, 0xa8, 0x54, 0x99, 0xa7, 0x57,
    0x9a, 0xa6, 0x5e, 0x9a, 0xa6, 0x5d, 0x98, 0xa4, 0x5b, 0x9a, 0xa6, 0x5b,
    0x9a, 0xa6, 0x5a, 0x98, 0xa5, 0x58, 0x98, 0xa6, 0x52, 0x99, 0xa6, 0x50,
    0x98, 0xa6, 0x4f, 0x98, 0xa6, 0x4f, 0x99, 0xa6, 0x50, 0x9a, 0xa8, 0x51,
    0x99, 0xa7, 0x51, 0x98, 0xa6, 0x4f, 0x99, 0xa7, 0x4f, 0x99, 0xa7, 0x4f,
    0x98, 0xa7, 0x4d, 0x99, 0xa8, 0x4d, 0x99, 0xa8, 0x4c, 0x9a, 0xa7, 0x51,
    0x9a, 0xa4, 0x54, 0x9b, 0xa5, 0x55, 0x9d, 0xa6, 0x58, 0x9d, 0xa6, 0x58,
    0x9e, 0xa7, 0x5a, 0x9c, 0xa6, 0x58, 0x9b, 0xa8, 0x55, 0x9b, 0xa9, 0x54,
    0x9b, 0xa9, 0x55, 0x9c, 0xa9, 0x57, 0x9c, 0xa9, 0x57, 0x9c, 0xa9, 0x58,
    0x9d, 0xa9, 0x56, 0x9d, 0xa9, 0x55, 0x9d, 0xa9, 0x55, 0x9d, 0xa9, 0x55,
    0x9c, 0xa8, 0x54, 0x9c, 0xa8, 0x54, 0x9c, 0xa8, 0x54, 0x9c, 0xa8, 0x54,
    0x9c, 0xa8, 0x54, 0x9c, 0xa8, 0x54, 0x9c, 0xa8, 0x54, 0x9c, 0xa8, 0x54,
    0x9c, 0xa8, 0x54, 0x9c, 0xa8, 0x54, 0x9b, 0xa7, 0x53, 0x9b, 0xa7, 0x53,
    0x9b, 0xa7, 0x53, 0x9b, 0xa7, 0x53, 0x9b, 0xa7, 0x53, 0x9b, 0xa7, 0x53,
    0x9b, 0xa7, 0x51, 0x9b, 0xa7, 0x51, 0x9b, 0xa7, 0x51, 0x9c, 0xa8, 0x52,
    0x9c, 0xa8, 0x52, 0x9c, 0xa8, 0x52, 0x9c, 0xa9, 0x52, 0x9c, 0xaa, 0x53,
    0x9c, 0xaa, 0x53, 0x9c, 0xaa, 0x53, 0x9a, 0xa8, 0x51, 0x9b, 0xa9, 0x52,
    0x9c, 0xaa, 0x53, 0x9a, 0xab, 0x54, 0x99, 0xab, 0x53, 0x99, 0xaa, 0x50,
    0x9a, 0xa9, 0x51, 0x9c, 0xa8, 0x54, 0x9c, 0xa7, 0x57, 0x9c, 0xa7, 0x58,
    0x9a, 0xa9, 0x50, 0x9d, 0xab, 0x4a, 0x9e, 0xab, 0x46, 0xa0, 0xa8, 0x4d,
    0x96, 0x98, 0x53, 0x7a, 0x76, 0x46, 0x87, 0x79, 0x4e, 0x9e, 0x89, 0x5f,
    0x94, 0x7d, 0x54, 0x8d, 0x73, 0x4f, 0x98, 0x7b, 0x59, 0xab, 0x8c, 0x6c,
    0xab, 0x8a, 0x6b, 0xb6, 0x93, 0x75, 0xb0, 0x8e, 0x6f, 0xc0, 0x9f, 0x7e,
    0xc5, 0xa7, 0x85, 0xc4, 0xa8, 0x83, 0xcb, 0xaf, 0x8b, 0xd8, 0xbe, 0xa0,
    0xda, 0xc1, 0xa9, 0xe4, 0xcd, 0xb6, 0xe3, 0xcf, 0xb7, 0xcf, 0xbf, 0xa0,
    0xb2, 0xa4, 0x7e, 0x9d, 0x94, 0x68, 0xad, 0xa9, 0x7f, 0xbe, 0xb7, 0x92,
    0xbd, 0xb1, 0x92, 0xb8, 0xab, 0x8e, 0xa3, 0x97, 0x7a, 0x92, 0x8c, 0x69,
    0xa2, 0xa0, 0x6c, 0xa4, 0xa6, 0x60, 0xa4, 0xa6, 0x60, 0xa5, 0xa7, 0x60,
    0xa2, 0xa4, 0x5e, 0xa4, 0xa5, 0x5f, 0x9e, 0xa1, 0x59, 0xa0, 0xa3, 0x55,
    0xa4, 0xa8, 0x58, 0xa5, 0xa9, 0x58, 0xa5, 0xa9, 0x57, 0xa5, 0xa9, 0x56,
    0xa4, 0xa8, 0x54, 0xa3, 0xa7, 0x53, 0xa1, 0xa6, 0x52, 0xa1, 0xa6, 0x52,
    0xa1, 0xa6, 0x52, 0x9f, 0xa4, 0x50, 0x9f, 0xa4, 0x50, 0x9f, 0xa4, 0x4f,
    0x9f, 0xa4, 0x50, 0x9f, 0xa4, 0x50, 0x9d, 0xa5, 0x50, 0x9c, 0xa5, 0x4f,
    0x9b, 0xa5, 0x4f, 0x99, 0xa5, 0x4f, 0x99, 0xa5, 0x4f, 0x98, 0xa4, 0x4e,
    0xf3, 0xe3, 0xd7, 0xec, 0xdd, 0xcf, 0xef, 0xe0, 0xcf, 0xef, 0xe1, 0xce,
    0xf2, 0xe3, 0xd0, 0xee, 0xe0, 0xce, 0xe7, 0xd9, 0xc5, 0xe8, 0xd9, 0xc4,
    0xe8, 0xda, 0xc3, 0xdc, 0xcd, 0xb5, 0xd5, 0xc7, 0xae, 0xda, 0xcb, 0xb2,
    0xd4, 0xc5, 0xac, 0xd1, 0xc0, 0xa9, 0xcd, 0xbc, 0xa4, 0xc2, 0xb1, 0x96,
    0xc2, 0xb2, 0x94, 0xc8, 0xb7, 0x97, 0xc9, 0xba, 0x97, 0xd2, 0xc2, 0xa0,
    0xc9, 0xb9, 0x99, 0xc5, 0xb5, 0x97, 0xd6, 0xc4, 0xaa, 0xda, 0xc8, 0xaf,
    0xe7, 0xd5, 0xbb, 0xe0, 0xce, 0xb3, 0xc2, 0xaf, 0x93, 0xc2, 0xae, 0x8d,
    0xc3, 0xb0, 0x8b, 0xc3, 0xb0, 0x87, 0xc1, 0xae, 0x83, 0xc3, 0xb1, 0x85,
    0xc2, 0xb2, 0x87, 0xb4, 0xa5, 0x79, 0xaf, 0xa1, 0x73, 0xa7, 0x9a, 0x6b,
    0x97, 0x89, 0x58, 0x95, 0x88, 0x56, 0xa0, 0x93, 0x60, 0x9f, 0x96, 0x5f,
    0xa2, 0x9a, 0x60, 0xa7, 0x9f, 0x65, 0xaa, 0xa3, 0x67, 0xab, 0xa4, 0x68,
    0xb0, 0xa9, 0x6b, 0xb0, 0xab, 0x6b, 0xa7, 0xa6, 0x63, 0xa2, 0xa2, 0x5d,
    0xa2, 0xa1, 0x5c, 0xa6, 0xa4, 0x5e, 0xa8, 0xa5, 0x5f, 0xa6, 0xa3, 0x5d,
    0xa6, 0xa5, 0x5b, 0xa7, 0xa7, 0x5a, 0xa7, 0xa8, 0x5a, 0xa6, 0xa7, 0x58,
    0xa5, 0xa5, 0x57, 0xa5, 0xa5, 0x58, 0xa4, 0xa5, 0x57, 0xa4, 0xa5, 0x56,
    0xa5, 0xa7, 0x57, 0xa4, 0xa7, 0x56, 0xa2, 0xa7, 0x54, 0xa2, 0xa8, 0x53,
    0xa1, 0xa8, 0x53, 0xa2, 0xa7, 0x54, 0xa2, 0xa6, 0x56, 0xa3, 0xa5, 0x56,
    0xa2, 0xa5, 0x56, 0xa2, 0xa5, 0x55, 0xa3, 0xa4, 0x55, 0xa3, 0xa4, 0x55,
    0xa4, 0xa6, 0x57, 0xa3, 0xa6, 0x56, 0xa2, 0xa5, 0x56, 0xa1, 0xa5, 0x55,
    0xa1, 0xa6, 0x55, 0x9f, 0xa6, 0x55, 0xa0, 0xa6, 0x54, 0xa1, 0xa6, 0x54,
    0xa1, 0xa6, 0x54, 0xa1, 0xa6, 0x54, 0xa0, 0xa5, 0x53, 0xa0, 0xa5, 0x53,
    0xa0, 0xa5, 0x53, 0x9f, 0xa7, 0x52, 0x9f, 0xa7, 0x52, 0x9f, 0xa7, 0x53,
    0x9e, 0xa7, 0x55, 0x9d, 0xa7, 0x55, 0x9d, 0xa7, 0x56, 0x9c, 0xa7, 0x58,
    0x9b, 0xa6, 0x5c, 0x9c, 0xa7, 0x5c, 0x9c, 0xa8, 0x5d, 0x9a, 0xa6, 0x5a,
    0x9a, 0xa5, 0x59, 0x9b, 0xa6, 0x5a, 0x99, 0xa6, 0x54, 0x99, 0xa7, 0x51,
    0x9a, 0xa8, 0x53, 0x9b, 0xa9, 0x53, 0x9a, 0xa8, 0x52, 0x99, 0xa7, 0x51,
    0x99, 0xa7, 0x51, 0x9a, 0xa8, 0x52, 0x9a, 0xa8, 0x52, 0x99, 0xa7, 0x52,
    0x99, 0xa7, 0x51, 0x99, 0xa7, 0x50, 0x99, 0xa7, 0x4f, 0x9a, 0xa7, 0x53,
    0x9a, 0xa6, 0x55, 0x9b, 0xa7, 0x55, 0x9b, 0xa7, 0x57, 0x9b, 0xa6, 0x55,
    0x9b, 0xa7, 0x57, 0x9c, 0xa7, 0x57, 0x9b, 0xa9, 0x54, 0x9b, 0xa9, 0x54,
    0x9b, 0xa9, 0x54, 0x9c, 0xaa, 0x56, 0x9c, 0xaa, 0x56, 0x9c, 0xaa, 0x57,
    0x9c, 0xa9, 0x55, 0x9c, 0xa9, 0x54, 0x9c, 0xa9, 0x54, 0x9c, 0xa9, 0x54,
    0x9b, 0xa9, 0x54, 0x9b, 0xa9, 0x54, 0x9b, 0xa9, 0x54, 0x9b, 0xa9, 0x53,
    0x9b, 0xa9, 0x53, 0x9b, 0xa9, 0x53, 0x9b, 0xa9, 0x53, 0x9b, 0xa9, 0x53,
    0x9b, 0xa9, 0x53, 0x9b, 0xa9, 0x53, 0x9b, 0xa8, 0x52, 0x9b, 0xa8, 0x52,
    0x9b, 0xa8, 0x52, 0x9b, 0xa8, 0x52, 0x9b, 0xa8, 0x52, 0x9b, 0xa8, 0x52,
    0x9b, 0xa8, 0x52, 0x9b, 0xa8, 0x52, 0x9b, 0xa8, 0x52, 0x9b, 0xa8, 0x51,
    0x9b, 0xa8, 0x51, 0x9c, 0xa9, 0x53, 0x9c, 0xaa, 0x53, 0x9c, 0xaa, 0x53,
    0x9c, 0xaa, 0x53, 0x9c, 0xaa, 0x53, 0x9b, 0xa9, 0x52, 0x9c, 0xaa, 0x53,
    0x9c, 0xaa, 0x53, 0x9b, 0xab, 0x53, 0x9a, 0xab, 0x52, 0x9b, 0xaa, 0x51,
    0x9b, 0xaa, 0x52, 0x9c, 0xa9, 0x53, 0x9c, 0xa9, 0x54, 0x9c, 0xa9, 0x55,
    0x9b, 0xa9, 0x51, 0x9a, 0xa9, 0x4c, 0x9c, 0xaa, 0x4b, 0xa0, 0xac, 0x51,
    0x9e, 0xa8, 0x57, 0x8f, 0x95, 0x4e, 0x84, 0x7c, 0x41, 0x95, 0x83, 0x51,
    0x97, 0x82, 0x58, 0x92, 0x79, 0x56, 0x9b, 0x80, 0x61, 0x9d, 0x7f, 0x62,
    0x9b, 0x7d, 0x5e, 0xac, 0x89, 0x6b, 0xbb, 0x99, 0x79, 0xbd, 0x9c, 0x7b,
    0xcd, 0xaf, 0x8d, 0xda, 0xbf, 0x9c, 0xda, 0xbf, 0x9c, 0xda, 0xc1, 0x9f,
    0xd4, 0xbc, 0x9b, 0xcf, 0xb6, 0x98, 0xe1, 0xca, 0xaf, 0xd8, 0xc4, 0xaa,
    0xc9, 0xb9, 0x9e, 0xb2, 0xa7, 0x8a, 0xa7, 0xa2, 0x84, 0xa7, 0xa1, 0x87,
    0xa9, 0xa1, 0x8b, 0xa7, 0xa1, 0x8e, 0x7f, 0x7b, 0x6a, 0x80, 0x7f, 0x6d,
    0x9c, 0x9a, 0x7f, 0x96, 0x95, 0x6f, 0x93, 0x91, 0x6a, 0x8c, 0x8b, 0x64,
    0x94, 0x93, 0x6c, 0x98, 0x96, 0x6f, 0x98, 0x97, 0x6f, 0x88, 0x8a, 0x5b,
    0x8b, 0x8e, 0x5b, 0x94, 0x97, 0x5f, 0x9b, 0xa0, 0x60, 0x9d, 0xa3, 0x5a,
    0x9e, 0xa6, 0x55, 0x9e, 0xa6, 0x50, 0xa0, 0xa7, 0x50, 0xa0, 0xa5, 0x51,
    0xa2, 0xa7, 0x53, 0xa0, 0xa5, 0x4f, 0xa0, 0xa7, 0x4c, 0x9e, 0xa5, 0x47,
    0x9b, 0xa4, 0x4d, 0x9b, 0xa5, 0x4e, 0x9a, 0xa5, 0x4c, 0x9b, 0xa6, 0x50,
    0x9b, 0xa5, 0x53, 0x9a, 0xa6, 0x4f, 0x98, 0xa5, 0x4b, 0x99, 0xa5, 0x4f,
    0xf1, 0xe1, 0xd3, 0xed, 0xde, 0xcc, 0xed, 0xde, 0xc8, 0xf1, 0xe3, 0xc9,
    0xec, 0xde, 0xc5, 0xe5, 0xd6, 0xc0, 0xe5, 0xd6, 0xbe, 0xec, 0xdd, 0xc3,
    0xe5, 0xd5, 0xbb, 0xda, 0xca, 0xb0, 0xdd, 0xcd, 0xb3, 0xe3, 0xd3, 0xb9,
    0xe0, 0xd0, 0xb6, 0xda, 0xca, 0xb3, 0xd7, 0xc7, 0xaf, 0xd2, 0xc2, 0xa9,
    0xd0, 0xc0, 0xa6, 0xd1, 0xc2, 0xa5, 0xd0, 0xc1, 0xa3, 0xd1, 0xc2, 0xa3,
    0xcc, 0xbf, 0xa0, 0xcf, 0xc1, 0xa6, 0xe1, 0xd2, 0xbc, 0xe1, 0xd1, 0xbe,
    0xe3, 0xd4, 0xbe, 0xda, 0xcb, 0xb2, 0xcc, 0xb8, 0xa0, 0xcf, 0xba, 0x9f,
    0xc9, 0xb5, 0x94, 0xc6, 0xb3, 0x8e, 0xc1, 0xad, 0x87, 0xc5, 0xb1, 0x8b,
    0xc8, 0xb4, 0x90, 0xc6, 0xb3, 0x8f, 0xd4, 0xc0, 0x9b, 0xd2, 0xbf, 0x97,
    0xc6, 0xb3, 0x88, 0xbf, 0xad, 0x7f, 0xb9, 0xa7, 0x79, 0xb5, 0xa6, 0x77,
    0xaf, 0xa2, 0x72, 0xaf, 0xa2, 0x72, 0xaf, 0xa2, 0x6f, 0xb4, 0xa7, 0x73,
    0xb5, 0xa9, 0x73, 0xae, 0xa3, 0x6c, 0x9f, 0x9b, 0x5f, 0x97, 0x94, 0x57,
    0x95, 0x90, 0x51, 0xa4, 0x9e, 0x5e, 0xaa, 0xa2, 0x62, 0xa9, 0xa1, 0x5f,
    0xa7, 0xa1, 0x5a, 0xa9, 0xa6, 0x5b, 0xab, 0xa7, 0x5c, 0xa9, 0xa6, 0x5b,
    0xa8, 0xa5, 0x5a, 0xa8, 0xa4, 0x59, 0xa6, 0xa3, 0x58, 0xa6, 0xa4, 0x57,
    0xa5, 0xa4, 0x57, 0xa3, 0xa4, 0x55, 0xa3, 0xa6, 0x54, 0xa2, 0xa8, 0x53,
    0xa2, 0xa8, 0x53, 0xa2, 0xa7, 0x54, 0xa4, 0xa5, 0x56, 0xa4, 0xa5, 0x56,
    0xa4, 0xa5, 0x56, 0xa3, 0xa4, 0x55, 0xa3, 0xa4, 0x55, 0xa3, 0xa4, 0x55,
    0xa6, 0xa5, 0x57, 0xa4, 0xa5, 0x56, 0xa3, 0xa5, 0x56, 0xa2, 0xa5, 0x55,
    0xa1, 0xa6, 0x55, 0x9f, 0xa6, 0x55, 0xa0, 0xa6, 0x55, 0xa1, 0xa6, 0x54,
    0xa1, 0xa6, 0x54, 0xa1, 0xa6, 0x54, 0xa0, 0xa5, 0x53, 0xa0, 0xa5, 0x53,
    0xa0, 0xa5, 0x53, 0x9f, 0xa7, 0x54, 0x9f, 0xa7, 0x54, 0x9f, 0xa7, 0x55,
    0x9f, 0xa6, 0x57, 0x9f, 0xa6, 0x58, 0x9f, 0xa6, 0x59, 0x9e, 0xa6, 0x59,
    0x9c, 0xa7, 0x59, 0x9c, 0xa7, 0x59, 0x9c, 0xa7, 0x59, 0x9b, 0xa6, 0x58,
    0x9b, 0xa6, 0x58, 0x9b, 0xa6, 0x58, 0x9a, 0xa7, 0x56, 0x9a, 0xa7, 0x55,
    0x9a, 0xa7, 0x55, 0x9a, 0xa7, 0x55, 0x99, 0xa6, 0x54, 0x99, 0xa6, 0x54,
    0x99, 0xa6, 0x54, 0x99, 0xa6, 0x54, 0x99, 0xa6, 0x54, 0x99, 0xa6, 0x54,
    0x99, 0xa6, 0x54, 0x99, 0xa6, 0x54, 0x99, 0xa6, 0x54, 0x9a, 0xa7, 0x53,
    0x9a, 0xa8, 0x53, 0x9a, 0xa8, 0x53, 0x9a, 0xa8, 0x53, 0x9a, 0xa8, 0x53,
    0x9a, 0xa8, 0x53, 0x9a, 0xa8, 0x53, 0x9b, 0xa9, 0x54, 0x9b, 0xa9, 0x54,
    0x9b, 0xa9, 0x54, 0x9c, 0xaa, 0x55, 0x9c, 0xaa, 0x55, 0x9c, 0xaa, 0x55,
    0x9b, 0xa9, 0x54, 0x9b, 0xa9, 0x54, 0x9b, 0xa9, 0x54, 0x9b, 0xa9, 0x54,
    0x9b, 0xa9, 0x54, 0x9b, 0xa9, 0x54, 0x9b, 0xa9, 0x54, 0x9b, 0xa9, 0x52,
    0x9b, 0xa9, 0x52, 0x9b, 0xa9, 0x52, 0x9b, 0xa9, 0x52, 0x9b, 0xa9, 0x52,
    0x9b, 0xa9, 0x52, 0x9b, 0xa9, 0x52, 0x9b, 0xa9, 0x52, 0x9b, 0xa9, 0x52,
    0x9b, 0xa9, 0x52, 0x9b, 0xa9, 0x52, 0x9b, 0xa9, 0x52, 0x9b, 0xa9, 0x52,
    0x9b, 0xa9, 0x52, 0x9b, 0xa9, 0x52, 0x9b, 0xa9, 0x52, 0x9a, 0xa8, 0x51,
    0x9a, 0xa8, 0x51, 0x9c, 0xaa, 0x53, 0x9c, 0xaa, 0x53, 0x9c, 0xaa, 0x53,
    0x9c, 0xaa, 0x53, 0x9c, 0xaa, 0x53, 0x9c, 0xaa, 0x53, 0x9c, 0xaa, 0x53,
    0x9c, 0xaa, 0x53, 0x9c, 0xaa, 0x52, 0x9c, 0xaa, 0x52, 0x9c, 0xaa, 0x52,
    0x9c, 0xaa, 0x52, 0x9c, 0xaa, 0x52, 0x9c, 0xaa, 0x52, 0x9c, 0xaa, 0x52,
    0x9a, 0xa8, 0x50, 0x9a, 0xa8, 0x50, 0x9a, 0xa8, 0x50, 0x9c, 0xaa, 0x52,
    0x9c, 0xaa, 0x52, 0x9b, 0xa8, 0x52, 0x87, 0x84, 0x3c, 0x7e, 0x70, 0x37,
    0x87, 0x75, 0x47, 0x8c, 0x76, 0x52, 0x99, 0x7f, 0x62, 0x8d, 0x71, 0x54,
    0x84, 0x66, 0x47, 0x9c, 0x79, 0x5a, 0xbb, 0x99, 0x78, 0xc2, 0xa2, 0x80,
    0xcc, 0xb0, 0x8d, 0xd5, 0xbb, 0x98, 0xdd, 0xc3, 0xa0, 0xd7, 0xc0, 0x99,
    0xd7, 0xc1, 0x9a, 0xcc, 0xb4, 0x92, 0xcc, 0xb4, 0x98, 0xd1, 0xbc, 0xa5,
    0xb2, 0xa2, 0x8f, 0x94, 0x8a, 0x78, 0xa6, 0xa1, 0x8f, 0xaa, 0xa6, 0x95,
    0x91, 0x8e, 0x7f, 0xb0, 0xae, 0xa1, 0xb6, 0xb5, 0xac, 0xcc, 0xcd, 0xc5,
    0xbb, 0xba, 0xad, 0xaf, 0xac, 0x9b, 0xa3, 0xa0, 0x8e, 0x8a, 0x87, 0x75,
    0x96, 0x93, 0x81, 0xae, 0xab, 0x99, 0xad, 0xac, 0x99, 0x97, 0x98, 0x81,
    0x95, 0x98, 0x7d, 0x90, 0x94, 0x73, 0x98, 0x9d, 0x71, 0x8e, 0x95, 0x5c,
    0x96, 0x9f, 0x59, 0x9f, 0xa7, 0x58, 0xa2, 0xa9, 0x54, 0xa1, 0xa6, 0x52,
    0x9e, 0xa3, 0x4e, 0x9f, 0xa5, 0x4e, 0x9e, 0xa4, 0x47, 0x9f, 0xa6, 0x46,
    0x9b, 0xa6, 0x4d, 0x98, 0xa5, 0x4b, 0x98, 0xa5, 0x48, 0x9b, 0xa7, 0x52,
    0x9b, 0xa6, 0x57, 0x9b, 0xa6, 0x51, 0x98, 0xa5, 0x4a, 0x99, 0xa5, 0x50,
    0xdd, 0xcd, 0xbc, 0xdc, 0xcd, 0xb7, 0xd6, 0xc8, 0xad, 0xd6, 0xc8, 0xab,
    0xd3, 0xc5, 0xa9, 0xd7, 0xc9, 0xb0, 0xe0, 0xd1, 0xb7, 0xe6, 0xd6, 0xbc,
    0xdb, 0xcb, 0xb1, 0xdc, 0xcc, 0xb2, 0xde, 0xce, 0xb4, 0xdf, 0xcf, 0xb5,
    0xe5, 0xd5, 0xbb, 0xe1, 0xd1, 0xb9, 0xe0, 0xd0, 0xb7, 0xdf, 0xcf, 0xb5,
    0xd7, 0xc8, 0xad, 0xcd, 0xbe, 0xa1, 0xd2, 0xc3, 0xa4, 0xd5, 0xc6, 0xa6,
    0xd9, 0xcc, 0xac, 0xe4, 0xd6, 0xbb, 0xea, 0xdb, 0xc5, 0xea, 0xdb, 0xc8,
    0xe2, 0xd3, 0xbd, 0xd1, 0xc3, 0xaa, 0xce, 0xba, 0xa2, 0xd8, 0xc3, 0xa7,
    0xce, 0xb9, 0x97, 0xc8, 0xb4, 0x8d, 0xc7, 0xb5, 0x8c, 0xc8, 0xb5, 0x8d,
    0xca, 0xb6, 0x91, 0xd0, 0xbc, 0x99, 0xe0, 0xcc, 0xa9, 0xe0, 0xce, 0xa7,
    0xda, 0xc7, 0x9e, 0xd2, 0xbf, 0x94, 0xcd, 0xba, 0x8f, 0xcf, 0xbf, 0x93,
    0xc9, 0xba, 0x8f, 0xcb, 0xbc, 0x90, 0xc2, 0xb4, 0x85, 0xc4, 0xb6, 0x87,
    0xc5, 0xb7, 0x87, 0xb9, 0xad, 0x7b, 0xb2, 0xab, 0x75, 0xa9, 0xa2, 0x6c,
    0xa1, 0x97, 0x60, 0x9c, 0x92, 0x59, 0xa2, 0x96, 0x5c, 0xa8, 0x9b, 0x61,
    0xab, 0xa1, 0x60, 0xaa, 0xa2, 0x5e, 0xaa, 0xa3, 0x5e, 0xab, 0xa3, 0x5e,
    0xab, 0xa4, 0x5f, 0xac, 0xa4, 0x5e, 0xa8, 0xa1, 0x5b, 0xa6, 0xa2, 0x59,
    0xa5, 0xa1, 0x57, 0xa6, 0xa5, 0x58, 0xa5, 0xa7, 0x58, 0xa4, 0xa7, 0x55,
    0xa3, 0xa8, 0x55, 0xa3, 0xa7, 0x56, 0xa3, 0xa6, 0x55, 0xa3, 0xa6, 0x55,
    0xa3, 0xa6, 0x55, 0xa3, 0xa6, 0x55, 0xa3, 0xa6, 0x55, 0xa3, 0xa6, 0x55,
    0xa5, 0xa6, 0x56, 0xa4, 0xa6, 0x55, 0xa2, 0xa6, 0x55, 0xa1, 0xa6, 0x54,
    0x9f, 0xa7, 0x54, 0x9f, 0xa7, 0x54, 0x9f, 0xa7, 0x54, 0xa1, 0xa6, 0x54,
    0xa1, 0xa6, 0x54, 0xa1, 0xa6, 0x54, 0xa0, 0xa5, 0x53, 0xa0, 0xa5, 0x53,
    0xa0, 0xa5, 0x53, 0x9f, 0xa7, 0x54, 0x9f, 0xa7, 0x54, 0x9f, 0xa7, 0x55,
    0x9f, 0xa6, 0x57, 0x9f, 0xa6, 0x58, 0x9f, 0xa6, 0x59, 0x9e, 0xa6, 0x59,
    0x9c, 0xa7, 0x59, 0x9c, 0xa7, 0x59, 0x9c, 0xa7, 0x59, 0x9b, 0xa6, 0x58,
    0x9b, 0xa6, 0x58, 0x9b, 0xa6, 0x58, 0x9a, 0xa7, 0x56, 0x9a, 0xa7, 0x55,
    0x9a, 0xa7, 0x55, 0x9a, 0xa7, 0x55, 0x99, 0xa6, 0x54, 0x99, 0xa6, 0x54,
    0x99, 0xa6, 0x54, 0x99, 0xa6, 0x54, 0x99, 0xa6, 0x54, 0x99, 0xa6, 0x54,
    0x99, 0xa6, 0x54, 0x99, 0xa6, 0x54, 0x99, 0xa6, 0x54, 0x9a, 0xa7, 0x53,
    0x9a, 0xa8, 0x53, 0x9a, 0xa8, 0x53, 0x9a, 0xa8, 0x53, 0x9a, 0xa8, 0x53,
    0x9a, 0xa8, 0x53, 0x9a, 0xa8, 0x53, 0x9b, 0xa9, 0x54, 0x9b, 0xa9, 0x54,
    0x9b, 0xa9, 0x54, 0x9c, 0xaa, 0x55, 0x9c, 0xaa, 0x55, 0x9c, 0xaa, 0x55,
    0x9b, 0xa9, 0x54, 0x9b, 0xa9, 0x54, 0x9b, 0xa9, 0x54, 0x9b, 0xa9, 0x54,
    0x9b, 0xa9, 0x54, 0x9b, 0xa9, 0x54, 0x9b, 0xa9, 0x54, 0x9b, 0xa9, 0x52,
    0x9b, 0xa9, 0x52, 0x9b, 0xa9, 0x52, 0x9b, 0xa9, 0x52, 0x9b, 0xa9, 0x52,
    0x9b, 0xa9, 0x52, 0x9b, 0xa9, 0x52, 0x9b, 0xa9, 0x52, 0x9b, 0xa9, 0x52,
    0x9b, 0xa9, 0x52, 0x9b, 0xa9, 0x52, 0x9b, 0xa9, 0x52, 0x9b, 0xa9, 0x52,
    0x9b, 0xa9, 0x52, 0x9b, 0xa9, 0x52, 0x9b, 0xa9, 0x52, 0x9a, 0xa8, 0x51,
    0x9a, 0xa8, 0x51, 0x9c, 0xaa, 0x53, 0x9c, 0xaa, 0x53, 0x9c, 0xaa, 0x53,
    0x9c, 0xaa, 0x53, 0x9c, 0xaa, 0x53, 0x9c, 0xaa, 0x53, 0x9c, 0xaa, 0x53,
    0x9c, 0xaa, 0x53, 0x9c, 0xaa, 0x52, 0x9c, 0xaa, 0x52, 0x9c, 0xaa, 0x52,
    0x9c, 0xaa, 0x52, 0x9c, 0xaa, 0x52, 0x9c, 0xaa, 0x52, 0x9c, 0xaa, 0x52,
    0x9b, 0xa9, 0x51, 0x9b, 0xa9, 0x51, 0x9b, 0xa9, 0x51, 0x9b, 0xa9, 0x51,
    0x9b, 0xa9, 0x51, 0x9d, 0xaa, 0x52, 0xa0, 0xa2, 0x54, 0x8b, 0x83, 0x42,
    0x69, 0x5c, 0x27, 0x72, 0x60, 0x37, 0x83, 0x6b, 0x4b, 0x7c, 0x5f, 0x42,
    0x7b, 0x5c, 0x3e, 0x87, 0x65, 0x45, 0x95, 0x73, 0x53, 0xaf, 0x90, 0x6f,
    0xce, 0xb1, 0x8f, 0xd1, 0xb7, 0x94, 0xd7, 0xbd, 0x9a, 0xcc, 0xb5, 0x8e,
    0xc5, 0xae, 0x86, 0xbc, 0xa3, 0x82, 0xa5, 0x8d, 0x73, 0x8d, 0x79, 0x65,
    0x94, 0x87, 0x77, 0x84, 0x7d, 0x6f, 0x9b, 0x9a, 0x8d, 0xc5, 0xc4, 0xb9,
    0xc4, 0xc2, 0xb8, 0xe5, 0xe3, 0xdb, 0xe1, 0xe0, 0xd9, 0xc0, 0xbf, 0xba,
    0xa7, 0xa5, 0x9c, 0xc5, 0xc1, 0xb5, 0x92, 0x8f, 0x82, 0x83, 0x7f, 0x73,
    0x8e, 0x8b, 0x7e, 0xb3, 0xb0, 0xa3, 0xb1, 0xaf, 0xa1, 0x83, 0x83, 0x76,
    0x8a, 0x8b, 0x7c, 0xa0, 0xa1, 0x90, 0xa4, 0xa6, 0x8e, 0x9d, 0xa1, 0x7e,
    0x98, 0x9d, 0x6f, 0x9a, 0x9f, 0x65, 0x9d, 0xa1, 0x5a, 0xa0, 0xa5, 0x58,
    0xa2, 0xa8, 0x56, 0xa0, 0xa6, 0x51, 0x9e, 0xa4, 0x4e, 0xa0, 0xa6, 0x51,
    0x9b, 0xa5, 0x51, 0x99, 0xa6, 0x4c, 0x9a, 0xa7, 0x4d, 0x99, 0xa4, 0x54,
    0x97, 0xa1, 0x58, 0x98, 0xa3, 0x54, 0x99, 0xa6, 0x4f, 0x99, 0xa5, 0x50,
    0xb8, 0xa9, 0x95, 0xb3, 0xa5, 0x8c, 0xa9, 0x9b, 0x7d, 0xa4, 0x97, 0x75,
    0xab, 0x9d, 0x7d, 0xbc, 0xae, 0x92, 0xd0, 0xc1, 0xa6, 0xd9, 0xc9, 0xaf,
    0xce, 0xbe, 0xa4, 0xd6, 0xc7, 0xac, 0xdd, 0xcd, 0xb3, 0xdb, 0xcb, 0xb1,
    0xda, 0xca, 0xb0, 0xd1, 0xc1, 0xa8, 0xd0, 0xc0, 0xa7, 0xca, 0xba, 0xa0,
    0xbd, 0xad, 0x91, 0xc5, 0xb7, 0x98, 0xde, 0xcf, 0xb0, 0xdc, 0xce, 0xad,
    0xd8, 0xcb, 0xab, 0xe8, 0xda, 0xbf, 0xf1, 0xe2, 0xcb, 0xf7, 0xe8, 0xd3,
    0xed, 0xde, 0xc7, 0xd4, 0xc6, 0xab, 0xcf, 0xbd, 0xa2, 0xd8, 0xc4, 0xa6,
    0xcc, 0xba, 0x95, 0xc6, 0xb5, 0x8a, 0xcf, 0xbe, 0x92, 0xd1, 0xc0, 0x95,
    0xca, 0xb8, 0x92, 0xcb, 0xb8, 0x96, 0xd1, 0xbf, 0x9d, 0xd2, 0xc0, 0x9b,
    0xd4, 0xc2, 0x9c, 0xd1, 0xbf, 0x98, 0xd6, 0xc4, 0x9c, 0xd0, 0xbf, 0x99,
    0xcd, 0xbd, 0x97, 0xce, 0xbf, 0x97, 0xc0, 0xb1, 0x88, 0xc5, 0xb6, 0x8b,
    0xce, 0xc0, 0x93, 0xca, 0xbd, 0x90, 0xc9, 0xbd, 0x8f, 0xc6, 0xba, 0x8c,
    0xc4, 0xb6, 0x87, 0xbc, 0xac, 0x7c, 0xb6, 0xa6, 0x75, 0xb2, 0xa1, 0x6f,
    0xaf, 0xa0, 0x68, 0xa8, 0x9b, 0x5e, 0xa5, 0x98, 0x5b, 0xa8, 0x9b, 0x5d,
    0xab, 0x9e, 0x61, 0xaf, 0xa1, 0x65, 0xae, 0xa2, 0x63, 0xab, 0xa4, 0x60,
    0xa9, 0xa2, 0x5c, 0xa7, 0xa3, 0x5b, 0xa8, 0xa6, 0x5b, 0xa7, 0xa7, 0x5a,
    0xa6, 0xa7, 0x59, 0xa4, 0xa7, 0x57, 0xa3, 0xa6, 0x55, 0xa3, 0xa6, 0x55,
    0xa3, 0xa6, 0x55, 0xa4, 0xa6, 0x56, 0xa4, 0xa6, 0x56, 0xa4, 0xa6, 0x56,
    0xa4, 0xa7, 0x56, 0xa3, 0xa7, 0x55, 0xa2, 0xa7, 0x55, 0xa0, 0xa7, 0x54,
    0x9e, 0xa7, 0x54, 0x9e, 0xa7, 0x54, 0x9f, 0xa7, 0x54, 0xa1, 0xa6, 0x54,
    0xa1, 0xa6, 0x54, 0xa1, 0xa6, 0x54, 0xa0, 0xa5, 0x53, 0xa0, 0xa5, 0x53,
    0xa0, 0xa5, 0x53, 0x9f, 0xa7, 0x54, 0x9f, 0xa7, 0x54, 0x9f, 0xa7, 0x55,
    0x9f, 0xa6, 0x57, 0x9f, 0xa6, 0x58, 0x9f, 0xa6, 0x59, 0x9e, 0xa6, 0x59,
    0x9c, 0xa7, 0x59, 0x9c, 0xa7, 0x59, 0x9c, 0xa7, 0x59, 0x9b, 0xa6, 0x58,
    0x9b, 0xa6, 0x58, 0x9b, 0xa6, 0x58, 0x9a, 0xa7, 0x56, 0x9a, 0xa7, 0x55,
    0x9a, 0xa7, 0x55, 0x9a, 0xa7, 0x55, 0x99, 0xa6, 0x54, 0x99, 0xa6, 0x54,
    0x99, 0xa6, 0x54, 0x99, 0xa6, 0x54, 0x99, 0xa6, 0x54, 0x99, 0xa6, 0x54,
    0x99, 0xa6, 0x54, 0x99, 0xa6, 0x54, 0x99, 0xa6, 0x54, 0x9a, 0xa7, 0x53,
    0x9a, 0xa8, 0x53, 0x9a, 0xa8, 0x53, 0x9a, 0xa8, 0x53, 0x9a, 0xa8, 0x53,
    0x9a, 0xa8, 0x53, 0x9a, 0xa8, 0x53, 0x9b, 0xa9, 0x54, 0x9b, 0xa9, 0x54,
    0x9b, 0xa9, 0x54, 0x9c, 0xaa, 0x55, 0x9c, 0xaa, 0x55, 0x9c, 0xaa, 0x55,
    0x9b, 0xa9, 0x54, 0x9b, 0xa9, 0x54, 0x9b, 0xa9, 0x54, 0x9b, 0xa9, 0x54,
    0x9b, 0xa9, 0x54, 0x9b, 0xa9, 0x54, 0x9b, 0xa9, 0x54, 0x9b, 0xa9, 0x52,
    0x9b, 0xa9, 0x52, 0x9b, 0xa9, 0x52, 0x9b, 0xa9, 0x52, 0x9b, 0xa9, 0x52,
    0x9b, 0xa9, 0x52, 0x9b, 0xa9, 0x52, 0x9b, 0xa9, 0x52, 0x9b, 0xa9, 0x52,
    0x9b, 0xa9, 0x52, 0x9b, 0xa9, 0x52, 0x9b, 0xa9, 0x52, 0x9b, 0xa9, 0x52,
    0x9b, 0xa9, 0x52, 0x9b, 0xa9, 0x52, 0x9b, 0xa9, 0x52, 0x9a, 0xa8, 0x51,
    0x9a, 0xa8, 0x51, 0x9c, 0xaa, 0x53, 0x9c, 0xaa, 0x53, 0x9c, 0xaa, 0x53,
    0x9c, 0xaa, 0x53, 0x9c, 0xaa, 0x53, 0x9c, 0xaa, 0x53, 0x9c, 0xaa, 0x53,
    0x9c, 0xaa, 0x53, 0x9c, 0xaa, 0x52, 0x9c, 0xaa, 0x52, 0x9c, 0xaa, 0x52,
    0x9c, 0xaa, 0x52, 0x9c, 0xaa, 0x52, 0x9c, 0xaa, 0x52, 0x9c, 0xaa, 0x52,
    0x9c, 0xaa, 0x52, 0x9c, 0xaa, 0x52, 0x9c, 0xaa, 0x52, 0x9c, 0xaa, 0x52,
    0x9d, 0xab, 0x53, 0x98, 0xa6, 0x4e, 0x9f, 0xa7, 0x53, 0xa1, 0xa1, 0x56,
    0x7b, 0x75, 0x36, 0x67, 0x59, 0x28, 0x7f, 0x69, 0x43, 0x83, 0x68, 0x48,
    0x8d, 0x6e, 0x50, 0x90, 0x71, 0x50, 0x96, 0x76, 0x55, 0x99, 0x7c, 0x5a,
    0xb3, 0x96, 0x74, 0xc2, 0xa7, 0x84, 0xcf, 0xb5, 0x92, 0xcc, 0xb4, 0x8c,
    0xc3, 0xaa, 0x82, 0xb2, 0x99, 0x78, 0x95, 0x7d, 0x63, 0xa7, 0x95, 0x83,
    0xcd, 0xc4, 0xb7, 0xa5, 0xa1, 0x97, 0x7f, 0x7f, 0x78, 0xad, 0xae, 0xa8,
    0xb3, 0xb3, 0xaf, 0xb8, 0xb7, 0xb3, 0xe9, 0xe6, 0xe2, 0xd9, 0xd5, 0xd2,
    0xb5, 0xb2, 0xac, 0xc9, 0xc6, 0xbd, 0x79, 0x77, 0x6e, 0x52, 0x4f, 0x46,
    0x81, 0x7f, 0x76, 0xb0, 0xae, 0xa5, 0xac, 0xaa, 0xa1, 0x56, 0x55, 0x4d,
    0x6f, 0x6f, 0x68, 0xaf, 0xaf, 0xa8, 0xb4, 0xb4, 0xac, 0xad, 0xae, 0xa0,
    0xb2, 0xb3, 0x9e, 0x93, 0x94, 0x74, 0x89, 0x8c, 0x59, 0x9d, 0xa1, 0x63,
    0x9e, 0xa5, 0x5d, 0x9d, 0xa3, 0x57, 0x9e, 0xa4, 0x5e, 0x9b, 0xa0, 0x5e,
    0x9a, 0xa2, 0x5d, 0x99, 0xa3, 0x57, 0x98, 0xa4, 0x56, 0x9a, 0xa3, 0x5e,
    0x9b, 0xa4, 0x63, 0x98, 0xa3, 0x58, 0x99, 0xa5, 0x50, 0x99, 0xa5, 0x51,
    0xae, 0x9f, 0x87, 0xa2, 0x94, 0x78, 0x94, 0x87, 0x66, 0x86, 0x79, 0x56,
    0x89, 0x7c, 0x59, 0x99, 0x8c, 0x6b, 0xaa, 0x9c, 0x7f, 0xb7, 0xa8, 0x8e,
    0xbf, 0xb1, 0x96, 0xc8, 0xba, 0x9f, 0xce, 0xc0, 0xa5, 0xd0, 0xc2, 0xa7,
    0xc6, 0xb8, 0x9d, 0xbd, 0xae, 0x94, 0xb6, 0xa8, 0x8d, 0xad, 0x9f, 0x83,
    0xa3, 0x94, 0x77, 0xb7, 0xa9, 0x89, 0xd4, 0xc7, 0xa5, 0xd4, 0xc7, 0xa5,
    0xcd, 0xc0, 0x9f, 0xdb, 0xcd, 0xb1, 0xed, 0xde, 0xc7, 0xf6, 0xe7, 0xd1,
    0xee, 0xe0, 0xc7, 0xda, 0xcc, 0xb1, 0xd6, 0xc4, 0xa8, 0xd5, 0xc1, 0xa2,
    0xc0, 0xae, 0x88, 0xba, 0xa9, 0x7e, 0xc8, 0xb7, 0x8b, 0xcb, 0xba, 0x8f,
    0xc9, 0xb7, 0x90, 0xce, 0xbb, 0x9b, 0xd3, 0xc0, 0xa0, 0xcf, 0xbc, 0x9b,
    0xd3, 0xc0, 0x9e, 0xda, 0xc8, 0xa5, 0xd7, 0xc5, 0xa2, 0xcd, 0xbc, 0x9a,
    0xcd, 0xbd, 0x9b, 0xc5, 0xb5, 0x91, 0xb6, 0xa6, 0x81, 0xbc, 0xad, 0x86,
    0xc7, 0xb8, 0x8f, 0xca, 0xbc, 0x93, 0xc6, 0xb7, 0x90, 0xc6, 0xb6, 0x8e,
    0xcb, 0xb9, 0x91, 0xcd, 0xba, 0x90, 0xc9, 0xb4, 0x8a, 0xc6, 0xb1, 0x86,
    0xc5, 0xb1, 0x80, 0xbe, 0xac, 0x77, 0xb3, 0xa1, 0x6c, 0xa9, 0x97, 0x62,
    0xa1, 0x90, 0x5a, 0x9f, 0x8d, 0x57, 0xa7, 0x96, 0x5f, 0xa9, 0x9e, 0x5f,
    0xab, 0xa2, 0x5f, 0xab, 0xa3, 0x60, 0xaa, 0xa4, 0x5f, 0xa8, 0xa6, 0x5d,
    0xa8, 0xa6, 0x5c, 0xa5, 0xa6, 0x59, 0xa4, 0xa5, 0x57, 0xa4, 0xa5, 0x57,
    0xa4, 0xa5, 0x57, 0xa5, 0xa6, 0x58, 0xa5, 0xa6, 0x58, 0xa5, 0xa6, 0x58,
    0xa4, 0xa7, 0x56, 0xa3, 0xa7, 0x55, 0xa2, 0xa7, 0x55, 0xa0, 0xa7, 0x54,
    0x9e, 0xa7, 0x54, 0x9e, 0xa7, 0x54, 0x9f, 0xa7, 0x55, 0xa1, 0xa6, 0x56,
    0xa1, 0xa6, 0x56, 0xa1, 0xa6, 0x56, 0xa0, 0xa5, 0x55, 0xa0, 0xa5, 0x55,
    0xa0, 0xa5, 0x55, 0x9f, 0xa7, 0x54, 0x9f, 0xa7, 0x54, 0x9f, 0xa7, 0x55,
    0x9f, 0xa6, 0x57, 0x9f, 0xa6, 0x58, 0x9f, 0xa6, 0x59, 0x9e, 0xa6, 0x59,
    0x9c, 0xa7, 0x59, 0x9c, 0xa7, 0x59, 0x9c, 0xa7, 0x59, 0x9b, 0xa6, 0x58,
    0x9b, 0xa6, 0x58, 0x9b, 0xa6, 0x58, 0x9a, 0xa7, 0x56, 0x9a, 0xa7, 0x55,
    0x9a, 0xa7, 0x55, 0x9a, 0xa7, 0x55, 0x99, 0xa6, 0x54, 0x99, 0xa6, 0x54,
    0x99, 0xa6, 0x54, 0x99, 0xa6, 0x54, 0x99, 0xa6, 0x54, 0x99, 0xa6, 0x54,
    0x99, 0xa6, 0x54, 0x99, 0xa6, 0x54, 0x99, 0xa6, 0x54, 0x9a, 0xa7, 0x53,
    0x9a, 0xa8, 0x53, 0x9a, 0xa8, 0x53, 0x9a, 0xa8, 0x53, 0x9a, 0xa8, 0x53,
    0x9a, 0xa8, 0x53, 0x9a, 0xa8, 0x53, 0x9b, 0xa9, 0x54, 0x9b, 0xa9, 0x54,
    0x9b, 0xa9, 0x54, 0x9c, 0xaa, 0x55, 0x9c, 0xaa, 0x55, 0x9c, 0xaa, 0x55,
    0x9b, 0xa9, 0x54, 0x9b, 0xa9, 0x54, 0x9b, 0xa9, 0x54, 0x9b, 0xa9, 0x54,
    0x9b, 0xa9, 0x54, 0x9b, 0xa9, 0x54, 0x9b, 0xa9, 0x54, 0x9b, 0xa9, 0x52,
    0x9b, 0xa9, 0x52, 0x9b, 0xa9, 0x52, 0x9b, 0xa9, 0x52, 0x9b, 0xa9, 0x52,
    0x9b, 0xa9, 0x52, 0x9b, 0xa9, 0x52, 0x9b, 0xa9, 0x52, 0x9b, 0xa9, 0x52,
    0x9b, 0xa9, 0x52, 0x9b, 0xa9, 0x52, 0x9b, 0xa9, 0x52, 0x9b, 0xa9, 0x52,
    0x9b, 0xa9, 0x52, 0x9b, 0xa9, 0x52, 0x9b, 0xa9, 0x52, 0x9a, 0xa8, 0x51,
    0x9a, 0xa8, 0x51, 0x9c, 0xaa, 0x53, 0x9c, 0xaa, 0x53, 0x9c, 0xaa, 0x53,
    0x9c, 0xaa, 0x53, 0x9c, 0xaa, 0x53, 0x9c, 0xaa, 0x53, 0x9c, 0xaa, 0x53,
    0x9c, 0xaa, 0x53, 0x9c, 0xaa, 0x52, 0x9c, 0xaa, 0x52, 0x9c, 0xaa, 0x52,
    0x9c, 0xaa, 0x52, 0x9c, 0xaa, 0x52, 0x9c, 0xaa, 0x52, 0x9c, 0xaa, 0x52,
    0x9c, 0xaa, 0x52, 0x9c, 0xaa, 0x52, 0x9c, 0xaa, 0x52, 0x9c, 0xaa, 0x52,
    0x9c, 0xaa, 0x52, 0x9a, 0xa8, 0x50, 0x9d, 0xaa, 0x52, 0x9f, 0xa7, 0x54,
    0x9a, 0x9a, 0x52, 0x72, 0x6a, 0x2f, 0x7b, 0x69, 0x3a, 0x8b, 0x72, 0x4c,
    0x94, 0x78, 0x57, 0x94, 0x76, 0x54, 0x8e, 0x71, 0x4f, 0x9d, 0x80, 0x5e,
    0xb0, 0x94, 0x72, 0xbb, 0xa1, 0x7e, 0xc2, 0xa8, 0x84, 0xba, 0xa1, 0x7a,
    0xb6, 0x9d, 0x75, 0xb3, 0x99, 0x78, 0x9b, 0x83, 0x6a, 0xb2, 0xa1, 0x90,
    0xca, 0xc1, 0xb5, 0xbc, 0xba, 0xb1, 0xa7, 0xa8, 0xa4, 0xbe, 0xc0, 0xbd,
    0xc4, 0xc3, 0xc2, 0xcc, 0xca, 0xc8, 0xef, 0xeb, 0xe9, 0xf1, 0xec, 0xeb,
    0xf1, 0xee, 0xec, 0xee, 0xea, 0xe6, 0xb9, 0xb6, 0xb1, 0x54, 0x50, 0x4c,
    0xa6, 0xa3, 0x9f, 0x9a, 0x97, 0x92, 0xa6, 0xa4, 0x9e, 0x69, 0x68, 0x61,
    0x95, 0x95, 0x90, 0xaf, 0xae, 0xac, 0xab, 0xa9, 0xa9, 0xb1, 0xb0, 0xad,
    0x99, 0x99, 0x91, 0x87, 0x86, 0x78, 0x97, 0x96, 0x7a, 0x93, 0x94, 0x6a,
    0x94, 0x96, 0x5f, 0x92, 0x95, 0x5b, 0x8d, 0x8f, 0x5c, 0x88, 0x89, 0x5f,
    0x78, 0x7d, 0x51, 0x83, 0x8a, 0x56, 0x8c, 0x94, 0x5b, 0x90, 0x98, 0x61,
    0x99, 0xa1, 0x68, 0x98, 0xa1, 0x59, 0x99, 0xa5, 0x4f, 0x99, 0xa5, 0x50,
    0xc0, 0xb2, 0x97, 0xad, 0xa0, 0x82, 0xa0, 0x93, 0x71, 0x96, 0x8a, 0x65,
    0x8c, 0x7f, 0x5b, 0x88, 0x7b, 0x59, 0x8f, 0x82, 0x64, 0xad, 0xa1, 0x85,
    0xc6, 0xba, 0x9e, 0xcd, 0xc1, 0xa5, 0xce, 0xc2, 0xa6, 0xc7, 0xbb, 0x9f,
    0xb4, 0xa8, 0x8c, 0xbe, 0xb2, 0x96, 0xb6, 0xaa, 0x8e, 0xaa, 0x9e, 0x80,
    0xa8, 0x9c, 0x7d, 0xaa, 0x9f, 0x7d, 0xb5, 0xaa, 0x87, 0xbb, 0xaf, 0x8d,
    0xb7, 0xaa, 0x88, 0xbd, 0xaf, 0x92, 0xd0, 0xc2, 0xa8, 0xe1, 0xd2, 0xba,
    0xda, 0xcc, 0xb2, 0xd4, 0xc6, 0xab, 0xd5, 0xc4, 0xa8, 0xca, 0xb9, 0x99,
    0xb2, 0xa2, 0x7d, 0xaf, 0x9f, 0x74, 0xba, 0xab, 0x7f, 0xbe, 0xae, 0x83,
    0xc2, 0xb2, 0x8c, 0xce, 0xbc, 0x9e, 0xd5, 0xc4, 0xa5, 0xd3, 0xc2, 0xa3,
    0xdd, 0xcc, 0xad, 0xe1, 0xd0, 0xb2, 0xd5, 0xc3, 0xa5, 0xd3, 0xc2, 0xa4,
    0xd9, 0xc8, 0xa9, 0xce, 0xbe, 0x9d, 0xba, 0xaa, 0x88, 0xbc, 0xac, 0x88,
    0xbf, 0xb0, 0x8a, 0xbe, 0xaf, 0x89, 0xba, 0xa8, 0x85, 0xb9, 0xa7, 0x84,
    0xc1, 0xad, 0x89, 0xc9, 0xb4, 0x8f, 0xd0, 0xb9, 0x93, 0xd0, 0xb8, 0x91,
    0xcf, 0xb8, 0x8d, 0xd2, 0xbc, 0x8d, 0xd4, 0xbe, 0x8f, 0xce, 0xb8, 0x89,
    0xc2, 0xac, 0x7d, 0xae, 0x98, 0x69, 0xa2, 0x8d, 0x5c, 0xa2, 0x93, 0x5a,
    0xa9, 0x9b, 0x5f, 0xad, 0xa1, 0x64, 0xac, 0xa2, 0x63, 0xad, 0xa6, 0x64,
    0xb0, 0xa9, 0x66, 0xad, 0xa8, 0x61, 0xa7, 0xa4, 0x5a, 0xa6, 0xa3, 0x59,
    0xa7, 0xa4, 0x5a, 0xa7, 0xa4, 0x5a, 0xa8, 0xa5, 0x5b, 0xa7, 0xa5, 0x5a,
    0xa5, 0xa5, 0x58, 0xa6, 0xa7, 0x59, 0xa3, 0xa6, 0x57, 0xa1, 0xa6, 0x56,
    0xa1, 0xa8, 0x57, 0xa0, 0xa7, 0x57, 0xa0, 0xa6, 0x57, 0xa1, 0xa5, 0x57,
    0xa1, 0xa5, 0x57, 0xa1, 0xa5, 0x57, 0xa1, 0xa5, 0x57, 0xa1, 0xa5, 0x57,
    0xa1, 0xa5, 0x57, 0xa0, 0xa8, 0x55, 0xa0, 0xa8, 0x55, 0xa0, 0xa8, 0x56,
    0xa0, 0xa7, 0x58, 0xa0, 0xa7, 0x59, 0xa0, 0xa7, 0x5a, 0x9f, 0xa7, 0x5a,
    0x9d, 0xa8, 0x5a, 0x9c, 0xa7, 0x59, 0x9b, 0xa6, 0x58, 0x9b, 0xa6, 0x58,
    0x9b, 0xa6, 0x58, 0x9b, 0xa6, 0x58, 0x9a, 0xa7, 0x56, 0x9a, 0xa7, 0x55,
    0x9a, 0xa7, 0x55, 0x9a, 0xa7, 0x55, 0x99, 0xa6, 0x54, 0x99, 0xa6, 0x54,
    0x99, 0xa6, 0x54, 0x99, 0xa6, 0x54, 0x99, 0xa6, 0x54, 0x99, 0xa6, 0x54,
    0x99, 0xa6, 0x54, 0x99, 0xa6, 0x54, 0x99, 0xa6, 0x54, 0x9a, 0xa7, 0x53,
    0x9a, 0xa8, 0x53, 0x9a, 0xa8, 0x53, 0x9a, 0xa8, 0x53, 0x9a, 0xa8, 0x53,
    0x9a, 0xa8, 0x53, 0x9a, 0xa8, 0x53, 0x9a, 0xa8, 0x53, 0x9a, 0xa8, 0x53,
    0x9a, 0xa8, 0x53, 0x9b, 0xa9, 0x54, 0x9b, 0xa9, 0x54, 0x9b, 0xa9, 0x54,
    0x9b, 0xa9, 0x54, 0x9b, 0xa9, 0x54, 0x9b, 0xa9, 0x54, 0x9b, 0xa9, 0x54,
    0x9b, 0xa9, 0x54, 0x9b, 0xa9, 0x54, 0x9b, 0xa9, 0x54, 0x9b, 0xa9, 0x52,
    0x9b, 0xa9, 0x52, 0x9b, 0xa9, 0x52, 0x9b, 0xa9, 0x52, 0x9b, 0xa9, 0x52,
    0x9b, 0xa9, 0x52, 0x9b, 0xa9, 0x52, 0x9b, 0xa9, 0x52, 0x9b, 0xa9, 0x52,
    0x9b, 0xa9, 0x52, 0x9b, 0xa9, 0x52, 0x9b, 0xa9, 0x52, 0x9b, 0xa9, 0x52,
    0x9b, 0xa9, 0x52, 0x9b, 0xa9, 0x52, 0x9b, 0xa9, 0x52, 0x9b, 0xa9, 0x52,
    0x9b, 0xa9, 0x52, 0x9c, 0xaa, 0x53, 0x9c, 0xaa, 0x53, 0x9d, 0xab, 0x54,
    0x9d, 0xab, 0x54, 0x9d, 0xab, 0x54, 0x9d, 0xab, 0x54, 0x9d, 0xab, 0x54,
    0x9d, 0xab, 0x54, 0x9d, 0xab, 0x53, 0x9d, 0xab, 0x53, 0x9d, 0xab, 0x53,
    0x9d, 0xab, 0x53, 0x9c, 0xaa, 0x52, 0x9c, 0xaa, 0x52, 0x9c, 0xaa, 0x52,
    0x9d, 0xab, 0x53, 0x9d, 0xab, 0x53, 0x9d, 0xab, 0x53, 0x9c, 0xaa, 0x52,
    0x9b, 0xa9, 0x51, 0x9c, 0xaa, 0x52, 0x9d, 0xad, 0x51, 0x9b, 0xaa, 0x4f,
    0xa0, 0xa8, 0x56, 0x94, 0x93, 0x4d, 0x81, 0x75, 0x3c, 0x7d, 0x6a, 0x3b,
    0x7f, 0x68, 0x40, 0x87, 0x6d, 0x49, 0x87, 0x6c, 0x49, 0x8e, 0x73, 0x50,
    0xa1, 0x87, 0x64, 0xb6, 0x9c, 0x79, 0xb7, 0x9d, 0x7a, 0xb4, 0x9b, 0x74,
    0xaf, 0x94, 0x6e, 0xb2, 0x97, 0x77, 0xa2, 0x89, 0x6f, 0x94, 0x81, 0x6f,
    0x97, 0x8c, 0x80, 0xcf, 0xca, 0xc1, 0xd2, 0xd2, 0xcd, 0xdb, 0xd9, 0xd7,
    0xe9, 0xe6, 0xe5, 0xe1, 0xdd, 0xdb, 0xdf, 0xd9, 0xd9, 0xe0, 0xdb, 0xdb,
    0xe3, 0xde, 0xde, 0xd6, 0xd4, 0xd2, 0xb8, 0xb6, 0xb3, 0x68, 0x66, 0x63,
    0x7e, 0x7c, 0x7a, 0x96, 0x94, 0x92, 0x77, 0x75, 0x72, 0x43, 0x43, 0x3a,
    0x6d, 0x6d, 0x64, 0x85, 0x84, 0x80, 0x81, 0x7f, 0x7e, 0x92, 0x91, 0x8f,
    0x96, 0x95, 0x90, 0xa3, 0xa1, 0x9b, 0xb1, 0xae, 0xa5, 0xab, 0xaa, 0x94,
    0x8e, 0x8f, 0x6d, 0x79, 0x7a, 0x56, 0x92, 0x91, 0x75, 0x88, 0x87, 0x73,
    0x6c, 0x6c, 0x5c, 0x86, 0x88, 0x71, 0x8a, 0x8d, 0x6e, 0x6d, 0x71, 0x4e,
    0x84, 0x8b, 0x5c, 0x97, 0xa0, 0x59, 0x99, 0xa5, 0x4e, 0x98, 0xa4, 0x50,
    0xc5, 0xb7, 0x9d, 0xaa, 0x9d, 0x7f, 0x9e, 0x91, 0x6f, 0x9b, 0x8f, 0x6a,
    0x8f, 0x82, 0x5f, 0x8a, 0x7d, 0x5c, 0x98, 0x8c, 0x6e, 0xba, 0xaf, 0x93,
    0xc6, 0xbb, 0x9f, 0xc9, 0xbe, 0xa2, 0xce, 0xc3, 0xa7, 0xc6, 0xbb, 0x9f,
    0xbe, 0xb3, 0x97, 0xd2, 0xc7, 0xab, 0xcb, 0xc0, 0xa3, 0xbb, 0xb0, 0x91,
    0xb9, 0xae, 0x8e, 0xb0, 0xa6, 0x83, 0xab, 0xa1, 0x7e, 0xb1, 0xa6, 0x82,
    0xb0, 0xa4, 0x80, 0xad, 0xa0, 0x81, 0xba, 0xac, 0x92, 0xcb, 0xbc, 0xa3,
    0xcf, 0xc1, 0xa6, 0xd0, 0xc2, 0xa6, 0xd3, 0xc3, 0xa9, 0xc7, 0xb8, 0x9b,
    0xb2, 0xa3, 0x80, 0xae, 0xa0, 0x77, 0xb8, 0xaa, 0x7f, 0xbb, 0xad, 0x84,
    0xbc, 0xad, 0x89, 0xc1, 0xb2, 0x93, 0xca, 0xba, 0x9c, 0xd6, 0xc5, 0xa8,
    0xde, 0xce, 0xb2, 0xdf, 0xcf, 0xb4, 0xd8, 0xc7, 0xae, 0xd7, 0xc6, 0xa9,
    0xdd, 0xcc, 0xae, 0xd6, 0xc6, 0xa6, 0xc5, 0xb5, 0x93, 0xc2, 0xb2, 0x8e,
    0xc1, 0xb1, 0x8d, 0xbf, 0xaf, 0x8b, 0xb6, 0xa4, 0x82, 0xbb, 0xa9, 0x86,
    0xc7, 0xb4, 0x90, 0xc9, 0xb4, 0x8e, 0xd3, 0xbc, 0x95, 0xd6, 0xbf, 0x97,
    0xd3, 0xbc, 0x92, 0xd8, 0xc1, 0x95, 0xdf, 0xc8, 0x9d, 0xdf, 0xc8, 0x9c,
    0xdc, 0xc5, 0x9a, 0xd3, 0xbc, 0x91, 0xc9, 0xb2, 0x85, 0xbe, 0xab, 0x77,
    0xba, 0xa9, 0x73, 0xbb, 0xac, 0x74, 0xbe, 0xb0, 0x76, 0xbc, 0xb0, 0x74,
    0xb7, 0xad, 0x6f, 0xb2, 0xa9, 0x67, 0xa4, 0x9c, 0x58, 0xa9, 0xa1, 0x5c,
    0xa9, 0xa1, 0x5d, 0xa9, 0xa1, 0x5d, 0xab, 0xa3, 0x5f, 0xab, 0xa4, 0x5e,
    0xaa, 0xa6, 0x5d, 0xa8, 0xa5, 0x5b, 0xa6, 0xa5, 0x5a, 0xa5, 0xa6, 0x5b,
    0xa4, 0xa6, 0x5a, 0xa1, 0xa4, 0x58, 0xa1, 0xa4, 0x58, 0xa2, 0xa6, 0x59,
    0xa2, 0xa6, 0x59, 0xa2, 0xa6, 0x59, 0xa1, 0xa5, 0x58, 0xa1, 0xa5, 0x58,
    0xa1, 0xa5, 0x58, 0xa0, 0xa7, 0x56, 0xa0, 0xa8, 0x55, 0xa0, 0xa8, 0x56,
    0xa0, 0xa7, 0x58, 0xa0, 0xa7, 0x59, 0xa0, 0xa7, 0x5a, 0x9f, 0xa7, 0x5a,
    0x9d, 0xa8, 0x5a, 0x9c, 0xa7, 0x59, 0x9b, 0xa6, 0x58, 0x9b, 0xa6, 0x58,
    0x9b, 0xa6, 0x58, 0x9b, 0xa6, 0x58, 0x9a, 0xa7, 0x56, 0x9a, 0xa7, 0x55,
    0x9a, 0xa7, 0x55, 0x9a, 0xa7, 0x55, 0x99, 0xa6, 0x54, 0x99, 0xa6, 0x54,
    0x99, 0xa6, 0x54, 0x99, 0xa6, 0x54, 0x99, 0xa6, 0x54, 0x99, 0xa6, 0x54,
    0x99, 0xa6, 0x54, 0x99, 0xa6, 0x54, 0x99, 0xa6, 0x54, 0x9a, 0xa7, 0x53,
    0x9a, 0xa8, 0x53, 0x9a, 0xa8, 0x53, 0x9a, 0xa8, 0x53, 0x9a, 0xa8, 0x53,
    0x9a, 0xa8, 0x53, 0x9a, 0xa8, 0x53, 0x9a, 0xa8, 0x53, 0x9a, 0xa8, 0x53,
    0x9a, 0xa8, 0x53, 0x9b, 0xa9, 0x54, 0x9b, 0xa9, 0x54, 0x9b, 0xa9, 0x54,
    0x9b, 0xa9, 0x54, 0x9b, 0xa9, 0x54, 0x9b, 0xa9, 0x54, 0x9b, 0xa9, 0x54,
    0x9b, 0xa9, 0x54, 0x9b, 0xa9, 0x54, 0x9b, 0xa9, 0x54, 0x9b, 0xa9, 0x52,
    0x9b, 0xa9, 0x52, 0x9b, 0xa9, 0x52, 0x9b, 0xa9, 0x52, 0x9b, 0xa9, 0x52,
    0x9b, 0xa9, 0x52, 0x9b, 0xa9, 0x52, 0x9b, 0xa9, 0x52, 0x9b, 0xa9, 0x52,
    0x9b, 0xa9, 0x52, 0x9b, 0xa9, 0x52, 0x9b, 0xa9, 0x52, 0x9b, 0xa9, 0x52,
    0x9b, 0xa9, 0x52, 0x9b, 0xa9, 0x52, 0x9b, 0xa9, 0x52, 0x9c, 0xaa, 0x53,
    0x9c, 0xaa, 0x53, 0x9c, 0xaa, 0x53, 0x9c, 0xaa, 0x53, 0x9d, 0xab, 0x54,
    0x9d, 0xab, 0x54, 0x9d, 0xab, 0x54, 0x9d, 0xab, 0x54, 0x9d, 0xab, 0x54,
    0x9d, 0xab, 0x54, 0x9d, 0xab, 0x53, 0x9d, 0xab, 0x53, 0x9d, 0xab, 0x53,
    0x9d, 0xab, 0x53, 0x9c, 0xaa, 0x52, 0x9c, 0xaa, 0x52, 0x9c, 0xaa, 0x52,
    0x9d, 0xab, 0x53, 0x9d, 0xab, 0x53, 0x9d, 0xab, 0x53, 0x9c, 0xaa, 0x52,
    0x9c, 0xaa, 0x52, 0x9c, 0xaa, 0x52, 0x9b, 0xac, 0x4f, 0x9b, 0xac, 0x4e,
    0x9e, 0xaa, 0x52, 0xa2, 0xa7, 0x56, 0x9f, 0x9b, 0x55, 0x86, 0x7b, 0x41,
    0x77, 0x65, 0x35, 0x83, 0x6c, 0x46, 0x7e, 0x66, 0x42, 0x8e, 0x75, 0x51,
    0x98, 0x7e, 0x5b, 0xa3, 0x89, 0x66, 0xac, 0x90, 0x6e, 0xb3, 0x99, 0x72,
    0xb6, 0x9a, 0x74, 0xb2, 0x95, 0x75, 0xa8, 0x8b, 0x72, 0x9d, 0x85, 0x72,
    0x7f, 0x6e, 0x5f, 0x8a, 0x80, 0x74, 0xa9, 0xa2, 0x9a, 0xc8, 0xc1, 0xbb,
    0xe5, 0xdf, 0xda, 0xd3, 0xcc, 0xca, 0xcc, 0xc5, 0xc4, 0xcf, 0xc9, 0xc9,
    0xc1, 0xbe, 0xbd, 0xb0, 0xb0, 0xae, 0x95, 0x94, 0x92, 0x93, 0x93, 0x91,
    0x78, 0x78, 0x76, 0x95, 0x94, 0x92, 0x5d, 0x5d, 0x5a, 0x4e, 0x4f, 0x43,
    0x54, 0x54, 0x48, 0x80, 0x80, 0x78, 0x93, 0x93, 0x8d, 0x94, 0x94, 0x8c,
    0x8e, 0x8e, 0x83, 0xaf, 0xae, 0xa6, 0xae, 0xaa, 0xa8, 0xae, 0xab, 0xa2,
    0x9d, 0x9b, 0x8a, 0x8a, 0x89, 0x76, 0x94, 0x93, 0x82, 0x96, 0x94, 0x87,
    0x8a, 0x89, 0x83, 0x90, 0x90, 0x85, 0x7d, 0x7e, 0x6b, 0x71, 0x73, 0x5b,
    0x7e, 0x83, 0x5c, 0x90, 0x99, 0x56, 0x97, 0xa3, 0x4d, 0x97, 0xa3, 0x4e,
    0xcd, 0xbf, 0xa7, 0xb4, 0xa6, 0x8a, 0x9b, 0x8e, 0x6d, 0x92, 0x85, 0x62,
    0x89, 0x7c, 0x59, 0x89, 0x7c, 0x5c, 0xa4, 0x97, 0x7a, 0xca, 0xbf, 0xa3,
    0xcd, 0xc3, 0xa7, 0xcd, 0xc3, 0xa7, 0xce, 0xc4, 0xa7, 0xc7, 0xbc, 0xa0,
    0xce, 0xc4, 0xa7, 0xde, 0xd3, 0xb6, 0xd2, 0xc8, 0xa9, 0xbe, 0xb4, 0x94,
    0xba, 0xb0, 0x8e, 0xb2, 0xa9, 0x85, 0xaf, 0xa6, 0x81, 0xb4, 0xaa, 0x84,
    0xb3, 0xa6, 0x82, 0xaf, 0xa2, 0x82, 0xb5, 0xa7, 0x8d, 0xc9, 0xbb, 0xa1,
    0xd6, 0xc8, 0xad, 0xd7, 0xc9, 0xab, 0xd8, 0xc8, 0xaf, 0xd1, 0xc1, 0xa6,
    0xba, 0xab, 0x8a, 0xb2, 0xa4, 0x7e, 0xb9, 0xab, 0x83, 0xbb, 0xad, 0x87,
    0xb5, 0xa7, 0x85, 0xb4, 0xa5, 0x87, 0xc2, 0xb3, 0x96, 0xdc, 0xcc, 0xb1,
    0xdc, 0xcc, 0xb3, 0xd5, 0xc5, 0xae, 0xd4, 0xc4, 0xae, 0xd6, 0xc5, 0xa9,
    0xdd, 0xcc, 0xad, 0xd4, 0xc4, 0xa3, 0xc7, 0xb7, 0x95, 0xcb, 0xbb, 0x98,
    0xcc, 0xbc, 0x98, 0xcd, 0xbd, 0x98, 0xc2, 0xb2, 0x8c, 0xca, 0xba, 0x93,
    0xd8, 0xc7, 0x9e, 0xd4, 0xc2, 0x99, 0xd8, 0xc4, 0x99, 0xd7, 0xc1, 0x96,
    0xce, 0xb7, 0x8d, 0xd3, 0xbc, 0x92, 0xdd, 0xc6, 0x9c, 0xda, 0xc3, 0x99,
    0xd6, 0xbf, 0x95, 0xdd, 0xc6, 0x9c, 0xe2, 0xcb, 0xa0, 0xd9, 0xc3, 0x93,
    0xd3, 0xbe, 0x8d, 0xd8, 0xc4, 0x91, 0xd9, 0xc8, 0x93, 0xd5, 0xc5, 0x8d,
    0xcc, 0xbd, 0x84, 0xc5, 0xb6, 0x7b, 0xb6, 0xa8, 0x6b, 0xb4, 0xa7, 0x69,
    0xac, 0x9e, 0x61, 0xab, 0x9d, 0x60, 0xae, 0xa1, 0x63, 0xaf, 0xa2, 0x63,
    0xab, 0xa1, 0x5e, 0xa9, 0xa1, 0x5c, 0xaa, 0xa4, 0x5e, 0xa9, 0xa5, 0x5f,
    0xa6, 0xa3, 0x5d, 0xa5, 0xa2, 0x5c, 0xa4, 0xa4, 0x5c, 0xa3, 0xa7, 0x5b,
    0xa3, 0xa7, 0x5a, 0xa3, 0xa7, 0x5a, 0xa2, 0xa6, 0x59, 0xa2, 0xa6, 0x59,
    0xa2, 0xa6, 0x59, 0xa0, 0xa7, 0x57, 0xa0, 0xa8, 0x55, 0xa0, 0xa8, 0x56,
    0xa0, 0xa7, 0x58, 0xa0, 0xa7, 0x59, 0xa0, 0xa7, 0x5a, 0x9f, 0xa7, 0x5a,
    0x9d, 0xa8, 0x5a, 0x9c, 0xa7, 0x59, 0x9b, 0xa6, 0x58, 0x9b, 0xa6, 0x58,
    0x9b, 0xa6, 0x58, 0x9b, 0xa6, 0x58, 0x9a, 0xa7, 0x56, 0x9a, 0xa7, 0x55,
    0x9a, 0xa7, 0x55, 0x9a, 0xa7, 0x55, 0x99, 0xa6, 0x54, 0x99, 0xa6, 0x54,
    0x99, 0xa6, 0x54, 0x99, 0xa6, 0x54, 0x99, 0xa6, 0x54, 0x99, 0xa6, 0x54,
    0x99, 0xa6, 0x54, 0x99, 0xa6, 0x54, 0x99, 0xa6, 0x54, 0x9a, 0xa7, 0x53,
    0x9a, 0xa8, 0x53, 0x9a, 0xa8, 0x53, 0x9a, 0xa8, 0x53, 0x9a, 0xa8, 0x53,
    0x9a, 0xa8, 0x53, 0x9a, 0xa8, 0x53, 0x9a, 0xa8, 0x53, 0x9a, 0xa8, 0x53,
    0x9a, 0xa8, 0x53, 0x9b, 0xa9, 0x54, 0x9b, 0xa9, 0x54, 0x9b, 0xa9, 0x54,
    0x9b, 0xa9, 0x54, 0x9b, 0xa9, 0x54, 0x9b, 0xa9, 0x54, 0x9b, 0xa9, 0x54,
    0x9b, 0xa9, 0x54, 0x9b, 0xa9, 0x54, 0x9b, 0xa9, 0x54, 0x9b, 0xa9, 0x52,
    0x9b, 0xa9, 0x52, 0x9b, 0xa9, 0x52, 0x9b, 0xa9, 0x52, 0x9b, 0xa9, 0x52,
    0x9b, 0xa9, 0x52, 0x9b, 0xa9, 0x52, 0x9b, 0xa9, 0x52, 0x9b, 0xa9, 0x52,
    0x9b, 0xa9, 0x52, 0x9b, 0xa9, 0x52, 0x9b, 0xa9, 0x52, 0x9b, 0xa9, 0x52,
    0x9b, 0xa9, 0x52, 0x9b, 0xa9, 0x52, 0x9b, 0xa9, 0x52, 0x9c, 0xaa, 0x53,
    0x9c, 0xaa, 0x53, 0x9c, 0xaa, 0x53, 0x9c, 0xaa, 0x53, 0x9d, 0xab, 0x54,
    0x9d, 0xab, 0x54, 0x9d, 0xab, 0x54, 0x9d, 0xab, 0x54, 0x9d, 0xab, 0x54,
    0x9d, 0xab, 0x54, 0x9d, 0xab, 0x53, 0x9d, 0xab, 0x53, 0x9d, 0xab, 0x53,
    0x9d, 0xab, 0x53, 0x9c, 0xaa, 0x52, 0x9c, 0xaa, 0x52, 0x9c, 0xaa, 0x52,
    0x9d, 0xab, 0x53, 0x9d, 0xab, 0x53, 0x9d, 0xab, 0x53, 0x9d, 0xab, 0x53,
    0x9d, 0xab, 0x53, 0x9d, 0xab, 0x53, 0x9b, 0xad, 0x51, 0x9a, 0xae, 0x4e,
    0x9d, 0xac, 0x4f, 0xa2, 0xab, 0x52, 0xa4, 0xa7, 0x57, 0x9d, 0x9a, 0x54,
    0x77, 0x6e, 0x33, 0x72, 0x5e, 0x36, 0x6e, 0x58, 0x33, 0x89, 0x72, 0x4e,
    0x91, 0x77, 0x54, 0x9e, 0x84, 0x61, 0xb0, 0x93, 0x71, 0xac, 0x91, 0x6c,
    0xb5, 0x99, 0x75, 0xab, 0x8d, 0x6d, 0x8e, 0x6f, 0x54, 0x88, 0x6a, 0x54,
    0x97, 0x7f, 0x6a, 0xa4, 0x91, 0x7e, 0x86, 0x77, 0x67, 0x8b, 0x7e, 0x71,
    0xb9, 0xad, 0xa3, 0xc4, 0xbb, 0xb4, 0xb3, 0xac, 0xa8, 0xbf, 0xb9, 0xb8,
    0xa6, 0xa4, 0xa2, 0x97, 0x97, 0x94, 0xa3, 0xa3, 0xa1, 0x9a, 0x9b, 0x98,
    0x7c, 0x7c, 0x7a, 0x87, 0x87, 0x84, 0x5c, 0x5c, 0x58, 0x5a, 0x5a, 0x50,
    0x5e, 0x5e, 0x54, 0x5f, 0x5f, 0x57, 0x7c, 0x7c, 0x74, 0x81, 0x81, 0x74,
    0x87, 0x89, 0x76, 0x9f, 0x9f, 0x8e, 0xb1, 0xaf, 0xa7, 0xb7, 0xb5, 0xad,
    0xac, 0xaa, 0xa1, 0x9f, 0x9e, 0x92, 0xa2, 0xa2, 0x90, 0x97, 0x97, 0x82,
    0x76, 0x78, 0x64, 0x81, 0x83, 0x6c, 0x6e, 0x70, 0x57, 0x62, 0x65, 0x4d,
    0x84, 0x88, 0x67, 0x8e, 0x95, 0x5a, 0x97, 0xa2, 0x52, 0x95, 0xa1, 0x4d,
    0xda, 0xcb, 0xb5, 0xc9, 0xbb, 0xa1, 0x9f, 0x92, 0x73, 0x8f, 0x82, 0x61,
    0x8c, 0x7f, 0x5e, 0x8e, 0x80, 0x63, 0xab, 0x9f, 0x83, 0xcd, 0xc4, 0xa7,
    0xd5, 0xcc, 0xaf, 0xd6, 0xcd, 0xb0, 0xcc, 0xc3, 0xa6, 0xc3, 0xba, 0x9d,
    0xcf, 0xc6, 0xa9, 0xd7, 0xce, 0xb0, 0xc9, 0xc0, 0xa0, 0xb8, 0xaf, 0x8d,
    0xb7, 0xaf, 0x8b, 0xb0, 0xa8, 0x83, 0xaa, 0xa2, 0x7c, 0xaa, 0xa1, 0x7a,
    0xb4, 0xa8, 0x83, 0xbf, 0xb2, 0x92, 0xc5, 0xb7, 0x9c, 0xd6, 0xc8, 0xae,
    0xdd, 0xcf, 0xb3, 0xd8, 0xca, 0xac, 0xdb, 0xcb, 0xb5, 0xdb, 0xcb, 0xb4,
    0xc7, 0xb8, 0x9b, 0xbc, 0xae, 0x8c, 0xba, 0xac, 0x89, 0xb9, 0xaa, 0x88,
    0xb3, 0xa5, 0x85, 0xb2, 0xa3, 0x87, 0xc4, 0xb4, 0x9a, 0xe0, 0xd0, 0xb8,
    0xde, 0xce, 0xb7, 0xd1, 0xc0, 0xad, 0xd0, 0xbf, 0xac, 0xd2, 0xc1, 0xa6,
    0xd4, 0xc4, 0xa3, 0xc1, 0xb1, 0x8f, 0xb5, 0xa5, 0x83, 0xc4, 0xb4, 0x8f,
    0xcb, 0xbc, 0x95, 0xcf, 0xc0, 0x98, 0xc9, 0xbc, 0x91, 0xd0, 0xc3, 0x97,
    0xda, 0xcb, 0x9e, 0xd8, 0xc8, 0x9b, 0xda, 0xc9, 0x99, 0xd9, 0xc5, 0x96,
    0xcc, 0xb6, 0x89, 0xce, 0xb7, 0x8d, 0xd3, 0xbc, 0x92, 0xcb, 0xb4, 0x8a,
    0xc8, 0xb1, 0x87, 0xd7, 0xc0, 0x96, 0xe2, 0xcb, 0xa1, 0xdd, 0xc5, 0x99,
    0xdb, 0xc4, 0x97, 0xde, 0xc7, 0x98, 0xe0, 0xcb, 0x99, 0xdf, 0xcc, 0x99,
    0xdb, 0xca, 0x95, 0xd7, 0xc5, 0x8f, 0xd5, 0xc2, 0x8b, 0xd0, 0xbd, 0x86,
    0xc6, 0xb3, 0x7b, 0xc4, 0xb1, 0x7a, 0xc1, 0xaf, 0x77, 0xbc, 0xa9, 0x71,
    0xab, 0x9c, 0x5f, 0xab, 0x9d, 0x5f, 0xad, 0xa2, 0x62, 0xad, 0xa4, 0x64,
    0xaa, 0xa2, 0x62, 0xaa, 0xa3, 0x62, 0xa9, 0xa7, 0x62, 0xa5, 0xa9, 0x5d,
    0xa2, 0xa6, 0x5a, 0xa1, 0xa5, 0x59, 0xa3, 0xa7, 0x5b, 0xa3, 0xa7, 0x5b,
    0xa3, 0xa7, 0x5b, 0xa1, 0xa7, 0x57, 0xa0, 0xa8, 0x55, 0xa0, 0xa8, 0x56,
    0xa0, 0xa7, 0x58, 0xa0, 0xa7, 0x59, 0xa0, 0xa7, 0x5a, 0x9f, 0xa7, 0x5a,
    0x9d, 0xa8, 0x5a, 0x9c, 0xa7, 0x59, 0x9b, 0xa6, 0x58, 0x9b, 0xa6, 0x58,
    0x9b, 0xa6, 0x58, 0x9b, 0xa6, 0x58, 0x9a, 0xa7, 0x56, 0x9a, 0xa7, 0x55,
    0x9a, 0xa7, 0x55, 0x9a, 0xa7, 0x55, 0x99, 0xa6, 0x54, 0x99, 0xa6, 0x54,
    0x99, 0xa6, 0x54, 0x99, 0xa6, 0x54, 0x99, 0xa6, 0x54, 0x99, 0xa6, 0x54,
    0x99, 0xa6, 0x54, 0x99, 0xa6, 0x54, 0x99, 0xa6, 0x54, 0x9a, 0xa7, 0x53,
    0x9a, 0xa8, 0x53, 0x9a, 0xa8, 0x53, 0x9a, 0xa8, 0x53, 0x9a, 0xa8, 0x53,
    0x9a, 0xa8, 0x53, 0x9a, 0xa8, 0x53, 0x9a, 0xa8, 0x53, 0x9a, 0xa8, 0x53,
    0x9a, 0xa8, 0x53, 0x9b, 0xa9, 0x54, 0x9b, 0xa9, 0x54, 0x9b, 0xa9, 0x54,
    0x9b, 0xa9, 0x54, 0x9b, 0xa9, 0x54, 0x9b, 0xa9, 0x54, 0x9b, 0xa9, 0x54,
    0x9b, 0xa9, 0x54, 0x9b, 0xa9, 0x54, 0x9b, 0xa9, 0x54, 0x9b, 0xa9, 0x52,
    0x9b, 0xa9, 0x52, 0x9b, 0xa9, 0x52, 0x9b, 0xa9, 0x52, 0x9b, 0xa9, 0x52,
    0x9b, 0xa9, 0x52, 0x9b, 0xa9, 0x52, 0x9b, 0xa9, 0x52, 0x9b, 0xa9, 0x52,
    0x9b, 0xa9, 0x52, 0x9b, 0xa9, 0x52, 0x9b, 0xa9, 0x52, 0x9b, 0xa9, 0x52,
    0x9b, 0xa9, 0x52, 0x9b, 0xa9, 0x52, 0x9b, 0xa9, 0x52, 0x9c, 0xaa, 0x53,
    0x9c, 0xaa, 0x53, 0x9c, 0xaa, 0x53, 0x9c, 0xaa, 0x53, 0x9d, 0xab, 0x54,
    0x9d, 0xab, 0x54, 0x9d, 0xab, 0x54, 0x9d, 0xab, 0x54, 0x9d, 0xab, 0x54,
    0x9d, 0xab, 0x54, 0x9d, 0xab, 0x53, 0x9d, 0xab, 0x53, 0x9d, 0xab, 0x53,
    0x9d, 0xab, 0x53, 0x9c, 0xaa, 0x52, 0x9c, 0xaa, 0x52, 0x9c, 0xaa, 0x52,
    0x9d, 0xab, 0x53, 0x9d, 0xab, 0x53, 0x9d, 0xab, 0x53, 0x9e, 0xac, 0x54,
    0x9e, 0xac, 0x54, 0x9e, 0xac, 0x54, 0x9d, 0xad, 0x53, 0x9b, 0xae, 0x50,
    0x9d, 0xae, 0x4d, 0x9f, 0xac, 0x4c, 0xa2, 0xab, 0x52, 0xa4, 0xa8, 0x57,
    0x92, 0x91, 0x4d, 0x77, 0x67, 0x3c, 0x78, 0x64, 0x3f, 0x7c, 0x67, 0x42,
    0x80, 0x68, 0x44, 0x8d, 0x73, 0x50, 0x9e, 0x82, 0x5f, 0xa2, 0x88, 0x63,
    0xad, 0x92, 0x6f, 0xae, 0x8e, 0x6e, 0x99, 0x76, 0x5a, 0x9d, 0x7a, 0x60,
    0xb4, 0x95, 0x7c, 0xba, 0x9e, 0x85, 0xaf, 0x97, 0x7f, 0xa1, 0x8c, 0x77,
    0x8c, 0x7a, 0x6a, 0x7b, 0x70, 0x64, 0x77, 0x6f, 0x69, 0xaa, 0xa5, 0xa3,
    0xb6, 0xb5, 0xb2, 0x83, 0x84, 0x7f, 0x81, 0x82, 0x7d, 0x84, 0x85, 0x80,
    0x86, 0x87, 0x82, 0x8c, 0x8d, 0x88, 0x64, 0x65, 0x61, 0x65, 0x65, 0x60,
    0x6d, 0x6c, 0x68, 0x65, 0x64, 0x61, 0x7b, 0x7b, 0x73, 0x76, 0x77, 0x67,
    0x73, 0x75, 0x5c, 0x6d, 0x6f, 0x53, 0x96, 0x99, 0x7f, 0xb7, 0xb7, 0xa7,
    0xaf, 0xaf, 0xa4, 0x9d, 0x9d, 0x8e, 0x9a, 0x9c, 0x81, 0x8c, 0x92, 0x68,
    0x8c, 0x93, 0x5d, 0x97, 0x9f, 0x66, 0x95, 0x9b, 0x6b, 0x76, 0x79, 0x58,
    0x7b, 0x7f, 0x5f, 0x73, 0x79, 0x48, 0x93, 0x9d, 0x57, 0x96, 0xa2, 0x4f,
    0xe0, 0xd1, 0xbb, 0xcf, 0xc0, 0xa7, 0xa7, 0x99, 0x7b, 0x99, 0x8b, 0x6c,
    0x96, 0x89, 0x6a, 0x93, 0x84, 0x69, 0xaa, 0x9d, 0x82, 0xc4, 0xb9, 0x9d,
    0xd0, 0xc5, 0xa9, 0xd0, 0xc5, 0xa9, 0xc2, 0xb8, 0x9b, 0xb7, 0xae, 0x91,
    0xbe, 0xb5, 0x98, 0xbd, 0xb4, 0x95, 0xb0, 0xa7, 0x86, 0xaa, 0xa1, 0x7f,
    0xb3, 0xab, 0x86, 0xb1, 0xa9, 0x83, 0xa9, 0xa1, 0x7b, 0xa4, 0x9a, 0x73,
    0xb0, 0xa3, 0x7e, 0xc3, 0xb6, 0x96, 0xd0, 0xc1, 0xa5, 0xd5, 0xc7, 0xac,
    0xd6, 0xc8, 0xad, 0xd4, 0xc6, 0xa9, 0xd9, 0xc8, 0xb2, 0xda, 0xca, 0xb4,
    0xd1, 0xc1, 0xa5, 0xca, 0xba, 0x9a, 0xbc, 0xac, 0x8c, 0xb7, 0xa7, 0x89,
    0xb6, 0xa7, 0x89, 0xb9, 0xa9, 0x8f, 0xc9, 0xb9, 0xa0, 0xdb, 0xca, 0xb3,
    0xdb, 0xca, 0xb6, 0xd7, 0xc6, 0xb3, 0xd1, 0xc0, 0xae, 0xce, 0xbd, 0xa3,
    0xcc, 0xbb, 0x99, 0xb2, 0xa2, 0x80, 0xa8, 0x98, 0x73, 0xb8, 0xa8, 0x81,
    0xbd, 0xad, 0x86, 0xc5, 0xb7, 0x8d, 0xc7, 0xbb, 0x8e, 0xcd, 0xc1, 0x93,
    0xd5, 0xc7, 0x99, 0xd2, 0xc4, 0x94, 0xd5, 0xc6, 0x95, 0xd8, 0xc7, 0x95,
    0xca, 0xb7, 0x89, 0xc9, 0xb5, 0x8a, 0xc9, 0xb4, 0x89, 0xbd, 0xa9, 0x7e,
    0xc1, 0xad, 0x83, 0xce, 0xb9, 0x90, 0xd7, 0xc1, 0x98, 0xdc, 0xc3, 0x9a,
    0xdf, 0xc7, 0x9c, 0xde, 0xc6, 0x9a, 0xde, 0xc9, 0x9a, 0xde, 0xca, 0x99,
    0xdb, 0xc8, 0x96, 0xd9, 0xc5, 0x91, 0xdc, 0xc5, 0x93, 0xdb, 0xc5, 0x91,
    0xd7, 0xc2, 0x8e, 0xdb, 0xc5, 0x91, 0xd7, 0xc1, 0x8f, 0xd1, 0xbc, 0x89,
    0xc5, 0xb3, 0x7b, 0xc0, 0xaf, 0x76, 0xc2, 0xb3, 0x79, 0xc1, 0xb5, 0x7b,
    0xbb, 0xaf, 0x75, 0xb6, 0xac, 0x70, 0xb4, 0xaf, 0x6e, 0xaf, 0xb1, 0x68,
    0xaa, 0xac, 0x63, 0xa5, 0xa8, 0x5e, 0xa4, 0xa6, 0x5d, 0xa4, 0xa6, 0x5d,
    0xa4, 0xa6, 0x5c, 0xa2, 0xa6, 0x58, 0xa1, 0xa7, 0x57, 0xa1, 0xa7, 0x58,
    0xa1, 0xa6, 0x5a, 0xa1, 0xa6, 0x5b, 0xa1, 0xa6, 0x5c, 0xa0, 0xa6, 0x5c,
    0x9e, 0xa8, 0x5b, 0x9d, 0xa7, 0x59, 0x9c, 0xa6, 0x58, 0x9c, 0xa6, 0x58,
    0x9c, 0xa6, 0x58, 0x9c, 0xa6, 0x58, 0x9a, 0xa7, 0x57, 0x9a, 0xa7, 0x56,
    0x9a, 0xa7, 0x56, 0x9a, 0xa7, 0x55, 0x99, 0xa6, 0x54, 0x99, 0xa6, 0x54,
    0x99, 0xa6, 0x54, 0x99, 0xa6, 0x54, 0x99, 0xa6, 0x54, 0x99, 0xa6, 0x54,
    0x99, 0xa6, 0x54, 0x99, 0xa6, 0x54, 0x99, 0xa6, 0x54, 0x9a, 0xa7, 0x53,
    0x9a, 0xa8, 0x53, 0x9a, 0xa8, 0x53, 0x9a, 0xa8, 0x53, 0x9a, 0xa8, 0x53,
    0x9a, 0xa8, 0x53, 0x9a, 0xa8, 0x53, 0x9a, 0xa8, 0x53, 0x9a, 0xa8, 0x53,
    0x9a, 0xa8, 0x53, 0x9b, 0xa9, 0x54, 0x9b, 0xa9, 0x54, 0x9b, 0xa9, 0x54,
    0x9b, 0xa9, 0x54, 0x9b, 0xa9, 0x54, 0x9b, 0xa9, 0x54, 0x9b, 0xa9, 0x54,
    0x9b, 0xa9, 0x54, 0x9b, 0xa9, 0x54, 0x9b, 0xa9, 0x54, 0x9b, 0xa9, 0x52,
    0x9b, 0xa9, 0x52, 0x9b, 0xa9, 0x52, 0x9b, 0xa9, 0x52, 0x9b, 0xa9, 0x52,
    0x9b, 0xa9, 0x52, 0x9b, 0xa9, 0x52, 0x9b, 0xa9, 0x52, 0x9b, 0xa9, 0x52,
    0x9b, 0xa9, 0x52, 0x9b, 0xa9, 0x52, 0x9b, 0xa9, 0x52, 0x9b, 0xa9, 0x52,
    0x9b, 0xa9, 0x52, 0x9b, 0xa9, 0x52, 0x9b, 0xa9, 0x52, 0x9c, 0xaa, 0x53,
    0x9c, 0xaa, 0x53, 0x9c, 0xaa, 0x53, 0x9c, 0xaa, 0x53, 0x9d, 0xab, 0x54,
    0x9d, 0xab, 0x54, 0x9d, 0xab, 0x54, 0x9d, 0xab, 0x54, 0x9d, 0xab, 0x54,
    0x9d, 0xab, 0x54, 0x9d, 0xab, 0x53, 0x9d, 0xab, 0x53, 0x9d, 0xab, 0x53,
    0x9d, 0xab, 0x53, 0x9c, 0xaa, 0x52, 0x9c, 0xaa, 0x52, 0x9c, 0xaa, 0x52,
    0x9d, 0xab, 0x53, 0x9d, 0xab, 0x53, 0x9d, 0xab, 0x53, 0x9e, 0xac, 0x54,
    0x9e, 0xac, 0x54, 0x9e, 0xac, 0x54, 0x9d, 0xad, 0x54, 0x9d, 0xae, 0x52,
    0x9e, 0xae, 0x4e, 0x9d, 0xac, 0x4b, 0xa0, 0xab, 0x4d, 0xa0, 0xaa, 0x52,
    0xa1, 0xa4, 0x5a, 0x8c, 0x7f, 0x51, 0x6d, 0x5c, 0x33, 0x75, 0x62, 0x39,
    0x75, 0x5e, 0x38, 0x88, 0x6e, 0x4b, 0x9d, 0x81, 0x60, 0x9f, 0x87, 0x65,
    0xa8, 0x90, 0x6e, 0xb2, 0x93, 0x74, 0xac, 0x88, 0x6c, 0xba, 0x96, 0x7b,
    0xc5, 0xa3, 0x88, 0xc0, 0xa2, 0x86, 0xb6, 0x9c, 0x7f, 0xb5, 0x9d, 0x84,
    0x98, 0x84, 0x71, 0xa1, 0x94, 0x86, 0x59, 0x50, 0x49, 0x73, 0x6e, 0x6a,
    0x97, 0x96, 0x92, 0x7d, 0x7e, 0x79, 0x79, 0x79, 0x74, 0x6e, 0x6f, 0x6a,
    0x71, 0x72, 0x6d, 0x73, 0x73, 0x6e, 0x62, 0x62, 0x5e, 0x5f, 0x5e, 0x5f,
    0x6c, 0x6a, 0x6b, 0x76, 0x73, 0x73, 0x73, 0x71, 0x6b, 0x7a, 0x7b, 0x68,
    0x84, 0x86, 0x69, 0x75, 0x78, 0x52, 0x89, 0x8e, 0x67, 0x99, 0x9b, 0x82,
    0x86, 0x86, 0x77, 0x92, 0x93, 0x7f, 0xcd, 0xd0, 0xad, 0xa1, 0xa9, 0x72,
    0x9c, 0xa6, 0x5a, 0x9b, 0xa7, 0x57, 0x99, 0xa1, 0x61, 0x99, 0x9e, 0x75,
    0x7c, 0x7f, 0x60, 0x87, 0x8c, 0x63, 0x8e, 0x96, 0x57, 0x97, 0xa3, 0x51,
    0xe3, 0xcf, 0xb7, 0xd5, 0xc2, 0xa8, 0xbf, 0xac, 0x91, 0xb1, 0x9d, 0x82,
    0xa1, 0x8e, 0x73, 0xac, 0x99, 0x7e, 0xbb, 0xa8, 0x8d, 0xc7, 0xb4, 0x99,
    0xcd, 0xb9, 0x9e, 0xcb, 0xb7, 0x9d, 0xbd, 0xac, 0x90, 0xaa, 0x9e, 0x81,
    0xa7, 0x9e, 0x7f, 0xa0, 0x99, 0x77, 0x9d, 0x96, 0x73, 0xa3, 0x9c, 0x78,
    0xa9, 0xa1, 0x7d, 0xac, 0xa2, 0x7f, 0xac, 0xa2, 0x7e, 0xa8, 0x9c, 0x78,
    0xab, 0x9c, 0x7a, 0xb7, 0xa6, 0x87, 0xcb, 0xba, 0x9d, 0xd2, 0xbf, 0xa4,
    0xd5, 0xc1, 0xa8, 0xd4, 0xbf, 0xa6, 0xd2, 0xbd, 0xa5, 0xd4, 0xc0, 0xa6,
    0xcc, 0xb8, 0x9d, 0xc9, 0xb5, 0x9a, 0xbc, 0xa8, 0x8e, 0xc1, 0xad, 0x93,
    0xc5, 0xb2, 0x9a, 0xc8, 0xb6, 0xa0, 0xcf, 0xbd, 0xa7, 0xd6, 0xc4, 0xae,
    0xd6, 0xc4, 0xae, 0xd7, 0xc5, 0xaf, 0xd0, 0xbf, 0xa7, 0xcc, 0xb9, 0x9c,
    0xbf, 0xac, 0x8b, 0xab, 0x98, 0x76, 0xa9, 0x96, 0x72, 0xb1, 0x9e, 0x77,
    0xb6, 0xa4, 0x7b, 0xbd, 0xad, 0x82, 0xc7, 0xbb, 0x8f, 0xce, 0xc1, 0x97,
    0xcb, 0xbe, 0x94, 0xc8, 0xbb, 0x91, 0xd1, 0xc2, 0x9b, 0xd4, 0xc5, 0x9d,
    0xc9, 0xba, 0x8f, 0xc4, 0xb4, 0x89, 0xc0, 0xb0, 0x87, 0xbe, 0xae, 0x87,
    0xc5, 0xb4, 0x91, 0xcf, 0xbe, 0x9e, 0xd3, 0xc2, 0xa2, 0xdb, 0xc9, 0xa3,
    0xde, 0xcc, 0xa3, 0xd6, 0xc4, 0x9a, 0xdc, 0xca, 0x9e, 0xe1, 0xcd, 0xa1,
    0xd6, 0xc3, 0x95, 0xd7, 0xc3, 0x91, 0xdd, 0xc8, 0x95, 0xde, 0xc9, 0x96,
    0xd9, 0xc5, 0x92, 0xdc, 0xc8, 0x96, 0xd8, 0xc7, 0x95, 0xdc, 0xcb, 0x9a,
    0xde, 0xcc, 0xa1, 0xdb, 0xc9, 0xa0, 0xda, 0xc9, 0x9f, 0xdc, 0xcd, 0xa0,
    0xd5, 0xc7, 0x9a, 0xd3, 0xc6, 0x97, 0xce, 0xc4, 0x90, 0xc7, 0xbe, 0x85,
    0xc5, 0xbd, 0x83, 0xbf, 0xb7, 0x7d, 0xb9, 0xb1, 0x77, 0xb7, 0xaf, 0x75,
    0xb1, 0xa9, 0x6e, 0xb4, 0xad, 0x6e, 0xb2, 0xad, 0x6e, 0xb0, 0xae, 0x70,
    0xb7, 0xb6, 0x7a, 0xbc, 0xb8, 0x7d, 0xb2, 0xac, 0x6f, 0xad, 0xa9, 0x6b,
    0xa3, 0xa7, 0x63, 0x9f, 0xa4, 0x5c, 0x9e, 0xa4, 0x58, 0x9e, 0xa4, 0x56,
    0x9d, 0xa4, 0x56, 0x9e, 0xa4, 0x58, 0x9b, 0xa6, 0x5b, 0x99, 0xa6, 0x5b,
    0x98, 0xa6, 0x58, 0x98, 0xa6, 0x57, 0x99, 0xa7, 0x55, 0x98, 0xa6, 0x53,
    0x98, 0xa7, 0x53, 0x98, 0xa8, 0x53, 0x98, 0xa7, 0x53, 0x98, 0xa7, 0x52,
    0x99, 0xa6, 0x54, 0x98, 0xa5, 0x54, 0x99, 0xa5, 0x55, 0x9a, 0xa6, 0x56,
    0x99, 0xa6, 0x55, 0x99, 0xa6, 0x53, 0x98, 0xa7, 0x53, 0x98, 0xa9, 0x52,
    0x97, 0xaa, 0x51, 0x97, 0xaa, 0x51, 0x97, 0xa8, 0x52, 0x97, 0xa8, 0x52,
    0x97, 0xa8, 0x52, 0x98, 0xa8, 0x53, 0x98, 0xa9, 0x53, 0x98, 0xa8, 0x53,
    0x9a, 0xa8, 0x54, 0x9a, 0xa7, 0x55, 0x9a, 0xa8, 0x53, 0x9a, 0xa8, 0x52,
    0x99, 0xa7, 0x51, 0x9a, 0xa8, 0x51, 0x9b, 0xa9, 0x52, 0x9a, 0xa9, 0x53,
    0x9a, 0xa9, 0x54, 0x9a, 0xa9, 0x54, 0x9a, 0xa9, 0x54, 0x9a, 0xa9, 0x54,
    0x9a, 0xa9, 0x54, 0x9a, 0xa9, 0x52, 0x9b, 0xa9, 0x51, 0x9b, 0xa9, 0x51,
    0x9b, 0xa9, 0x51, 0x9b, 0xa9, 0x51, 0x9b, 0xa9, 0x51, 0x9b, 0xa9, 0x51,
    0x9b, 0xa9, 0x52, 0x9b, 0xa9, 0x52, 0x9b, 0xa9, 0x52, 0x9c, 0xaa, 0x53,
    0x9c, 0xaa, 0x53, 0x9c, 0xaa, 0x53, 0x9c, 0xaa, 0x53, 0x9d, 0xab, 0x54,
    0x9d, 0xab, 0x54, 0x9d, 0xab, 0x54, 0x9e, 0xac, 0x55, 0x9e, 0xac, 0x55,
    0x9e, 0xac, 0x55, 0x9d, 0xab, 0x54, 0x9d, 0xab, 0x54, 0x9d, 0xab, 0x54,
    0x9d, 0xab, 0x54, 0x9d, 0xab, 0x54, 0x9d, 0xab, 0x54, 0x9d, 0xab, 0x54,
    0x9c, 0xaa, 0x52, 0x9c, 0xaa, 0x52, 0x9c, 0xaa, 0x52, 0x9d, 0xab, 0x53,
    0x9d, 0xab, 0x53, 0x9d, 0xab, 0x53, 0x9e, 0xac, 0x54, 0x9e, 0xac, 0x53,
    0x9d, 0xac, 0x51, 0x9c, 0xab, 0x50, 0x9d, 0xab, 0x50, 0x9f, 0xac, 0x53,
    0x9f, 0xaa, 0x57, 0x9c, 0x9d, 0x5a, 0x7e, 0x7d, 0x3a, 0x6d, 0x67, 0x28,
    0x6e, 0x62, 0x2d, 0x7a, 0x67, 0x41, 0x93, 0x7b, 0x63, 0xc7, 0xb6, 0xa0,
    0xd0, 0xc2, 0xa9, 0xc0, 0xaa, 0x90, 0xb2, 0x95, 0x7c, 0xda, 0xc1, 0xa8,
    0xef, 0xdf, 0xc8, 0xea, 0xdd, 0xc8, 0xe4, 0xd5, 0xba, 0xbb, 0xab, 0x94,
    0xb6, 0xa5, 0x94, 0xc8, 0xbc, 0xb0, 0xd6, 0xce, 0xc3, 0x9f, 0x9a, 0x8f,
    0x70, 0x6c, 0x63, 0x8c, 0x88, 0x81, 0xc2, 0xbe, 0xb8, 0xca, 0xc5, 0xbf,
    0xbc, 0xb7, 0xb1, 0xbb, 0xb7, 0xb1, 0xc6, 0xc2, 0xbc, 0xc6, 0xc2, 0xbd,
    0x8a, 0x86, 0x81, 0x6e, 0x69, 0x65, 0xaa, 0xa5, 0x9a, 0xc2, 0xbf, 0xa4,
    0xa6, 0xa4, 0x79, 0xaf, 0xaf, 0x7e, 0xde, 0xe1, 0xb6, 0xdb, 0xdb, 0xbc,
    0xbe, 0xbd, 0xa7, 0xcc, 0xcc, 0xb5, 0xcc, 0xce, 0xad, 0xc7, 0xcb, 0x9f,
    0xa8, 0xaf, 0x77, 0xc0, 0xca, 0x8c, 0xae, 0xb7, 0x7d, 0xdc, 0xe0, 0xb6,
    0xce, 0xd2, 0xb2, 0x8d, 0x93, 0x6d, 0x92, 0x9a, 0x61, 0x9a, 0xa5, 0x54,
    0xd4, 0xbf, 0xa4, 0xc5, 0xb0, 0x95, 0xc4, 0xaf, 0x94, 0xc3, 0xae, 0x93,
    0xb8, 0xa3, 0x88, 0xc9, 0xb4, 0x99, 0xd4, 0xbe, 0xa3, 0xce, 0xb7, 0x9c,
    0xca, 0xb1, 0x98, 0xc6, 0xad, 0x93, 0xb7, 0xa2, 0x87, 0xa4, 0x96, 0x79,
    0x9f, 0x96, 0x76, 0x99, 0x93, 0x70, 0x9a, 0x94, 0x70, 0xa6, 0xa0, 0x7c,
    0xac, 0xa3, 0x7f, 0xad, 0xa3, 0x80, 0xaf, 0xa2, 0x80, 0xab, 0x9d, 0x7b,
    0xac, 0x9d, 0x7c, 0xb2, 0xa2, 0x83, 0xc5, 0xb3, 0x96, 0xd4, 0xc0, 0xa5,
    0xdc, 0xc6, 0xac, 0xd5, 0xbe, 0xa6, 0xce, 0xb9, 0x9e, 0xcf, 0xba, 0x9f,
    0xc1, 0xad, 0x92, 0xbd, 0xa8, 0x8f, 0xb8, 0xa3, 0x8b, 0xc1, 0xac, 0x96,
    0xce, 0xb9, 0xa5, 0xcd, 0xba, 0xa7, 0xce, 0xbc, 0xa7, 0xcf, 0xbd, 0xa7,
    0xcf, 0xbd, 0xa6, 0xd4, 0xc3, 0xaa, 0xd6, 0xc4, 0xaa, 0xd5, 0xc2, 0xa4,
    0xc5, 0xb0, 0x91, 0xb1, 0x9d, 0x7b, 0xaf, 0x9b, 0x77, 0xb4, 0xa1, 0x7a,
    0xbd, 0xaa, 0x81, 0xc4, 0xb3, 0x88, 0xcc, 0xbe, 0x96, 0xcf, 0xc2, 0x9c,
    0xc7, 0xb9, 0x95, 0xc5, 0xb6, 0x93, 0xd2, 0xc3, 0xa1, 0xda, 0xcb, 0xa9,
    0xc9, 0xbc, 0x96, 0xbd, 0xb0, 0x87, 0xbe, 0xb0, 0x89, 0xc2, 0xb3, 0x91,
    0xcf, 0xc0, 0xa3, 0xda, 0xca, 0xb0, 0xd9, 0xc9, 0xae, 0xd4, 0xc6, 0xa4,
    0xd1, 0xc2, 0x9e, 0xd0, 0xc1, 0x9b, 0xd5, 0xc4, 0x9d, 0xd7, 0xc5, 0x9d,
    0xd1, 0xbe, 0x95, 0xd6, 0xc2, 0x94, 0xd8, 0xc4, 0x92, 0xd7, 0xc3, 0x91,
    0xd4, 0xc2, 0x90, 0xd3, 0xc3, 0x91, 0xd1, 0xc2, 0x92, 0xd6, 0xc7, 0x98,
    0xdc, 0xca, 0xa6, 0xe1, 0xce, 0xad, 0xe2, 0xd0, 0xae, 0xdb, 0xcc, 0xa6,
    0xd2, 0xc3, 0x9c, 0xd5, 0xc7, 0x9e, 0xd5, 0xc7, 0x9d, 0xd1, 0xc3, 0x97,
    0xd6, 0xc7, 0x9b, 0xd5, 0xc6, 0x9a, 0xd0, 0xc2, 0x96, 0xcb, 0xbc, 0x90,
    0xc2, 0xb4, 0x87, 0xc8, 0xba, 0x8a, 0xce, 0xc3, 0x92, 0xcb, 0xc3, 0x94,
    0xcb, 0xc4, 0x97, 0xc8, 0xc0, 0x91, 0xbd, 0xb1, 0x80, 0xbe, 0xb4, 0x80,
    0xb1, 0xae, 0x75, 0xa6, 0xa5, 0x65, 0xa4, 0xa4, 0x5e, 0xa6, 0xa6, 0x5d,
    0xa0, 0xa1, 0x57, 0xa0, 0xa1, 0x59, 0xa0, 0xa6, 0x61, 0xa0, 0xa8, 0x65,
    0x9f, 0xa7, 0x61, 0x9b, 0xa4, 0x5a, 0x9b, 0xa4, 0x58, 0x9d, 0xa7, 0x58,
    0x9e, 0xa9, 0x57, 0x9a, 0xa7, 0x53, 0x99, 0xa6, 0x53, 0x98, 0xa5, 0x53,
    0x99, 0xa6, 0x56, 0x9a, 0xa7, 0x58, 0x9a, 0xa6, 0x58, 0x9a, 0xa5, 0x57,
    0x9a, 0xa5, 0x56, 0x9a, 0xa6, 0x55, 0x99, 0xa7, 0x54, 0x98, 0xa9, 0x53,
    0x97, 0xaa, 0x52, 0x97, 0xaa, 0x51, 0x96, 0xa9, 0x51, 0x96, 0xa9, 0x51,
    0x96, 0xa9, 0x51, 0x97, 0xaa, 0x52, 0x97, 0xaa, 0x52, 0x97, 0xaa, 0x52,
    0x98, 0xa9, 0x53, 0x99, 0xa8, 0x53, 0x99, 0xa8, 0x52, 0x99, 0xa9, 0x51,
    0x98, 0xa8, 0x4f, 0x99, 0xa9, 0x4f, 0x9a, 0xaa, 0x50, 0x99, 0xaa, 0x52,
    0x99, 0xaa, 0x53, 0x99, 0xaa, 0x53, 0x99, 0xaa, 0x53, 0x99, 0xaa, 0x53,
    0x99, 0xaa, 0x53, 0x9a, 0xaa, 0x52, 0x9b, 0xa9, 0x52, 0x9b, 0xa9, 0x52,
    0x9b, 0xa9, 0x52, 0x9b, 0xa9, 0x52, 0x9b, 0xa9, 0x52, 0x9b, 0xa9, 0x52,
    0x9b, 0xa9, 0x52, 0x9b, 0xa9, 0x52, 0x9b, 0xa9, 0x52, 0x9c, 0xaa, 0x53,
    0x9c, 0xaa, 0x53, 0x9c, 0xaa, 0x53, 0x9c, 0xaa, 0x53, 0x9d, 0xab, 0x54,
    0x9d, 0xab, 0x54, 0x9d, 0xab, 0x54, 0x9e, 0xac, 0x55, 0x9e, 0xac, 0x55,
    0x9e, 0xac, 0x55, 0x9e, 0xac, 0x55, 0x9e, 0xac, 0x55, 0x9e, 0xac, 0x55,
    0x9e, 0xac, 0x55, 0x9d, 0xab, 0x54, 0x9d, 0xab, 0x54, 0x9d, 0xab, 0x54,
    0x9d, 0xab, 0x53, 0x9d, 0xab, 0x53, 0x9d, 0xab, 0x53, 0x9e, 0xac, 0x54,
    0x9e, 0xac, 0x54, 0x9e, 0xac, 0x54, 0x9f, 0xad, 0x55, 0x9e, 0xac, 0x54,
    0x9d, 0xab, 0x53, 0x9d, 0xab, 0x53, 0x9d, 0xab, 0x53, 0x9d, 0xab, 0x53,
    0x9d, 0xab, 0x54, 0x9f, 0xaa, 0x5a, 0xa0, 0xa8, 0x57, 0x89, 0x8c, 0x3f,
    0x71, 0x6c, 0x2d, 0x71, 0x63, 0x38, 0xa6, 0x93, 0x7b, 0xc4, 0xb8, 0xa5,
    0xc1, 0xb8, 0xa3, 0xcc, 0xb9, 0xa2, 0xb1, 0x98, 0x80, 0xc0, 0xa8, 0x91,
    0xe5, 0xd4, 0xc1, 0xd1, 0xc6, 0xb4, 0xcb, 0xbc, 0xa3, 0xd8, 0xcc, 0xb5,
    0xcf, 0xc0, 0xaf, 0xa8, 0x9b, 0x8d, 0xdd, 0xd2, 0xc5, 0xa4, 0x9b, 0x8b,
    0x6b, 0x64, 0x56, 0xa2, 0x9b, 0x93, 0xe8, 0xe4, 0xdb, 0xe0, 0xd8, 0xd0,
    0xee, 0xe6, 0xde, 0xec, 0xe5, 0xdc, 0xf6, 0xf0, 0xe7, 0xed, 0xe9, 0xde,
    0x97, 0x93, 0x8a, 0x6d, 0x67, 0x61, 0xc4, 0xbd, 0xb1, 0xd6, 0xd1, 0xb4,
    0xb7, 0xb4, 0x87, 0xb5, 0xb3, 0x82, 0xd6, 0xd5, 0xad, 0xbe, 0xbc, 0x99,
    0xd9, 0xd7, 0xb9, 0xd9, 0xd8, 0xbb, 0xc1, 0xc2, 0x9f, 0xd8, 0xdb, 0xb4,
    0xb7, 0xbc, 0x93, 0xcc, 0xd3, 0xa4, 0xce, 0xd6, 0xa6, 0xbb, 0xc2, 0x9b,
    0x9f, 0xa4, 0x85, 0x8e, 0x95, 0x6d, 0x88, 0x90, 0x55, 0x99, 0xa4, 0x53,
    0xbe, 0xa8, 0x8c, 0xb3, 0x9d, 0x82, 0xbf, 0xa9, 0x8e, 0xc7, 0xb1, 0x95,
    0xc7, 0xb1, 0x95, 0xd2, 0xbc, 0xa1, 0xd2, 0xbb, 0xa0, 0xc5, 0xad, 0x93,
    0xc3, 0xa9, 0x90, 0xbd, 0xa3, 0x8a, 0xaa, 0x94, 0x7a, 0x97, 0x88, 0x6b,
    0x90, 0x86, 0x67, 0x8d, 0x87, 0x65, 0x94, 0x8e, 0x6b, 0xa4, 0x9d, 0x7a,
    0xac, 0xa2, 0x80, 0xac, 0xa1, 0x7f, 0xad, 0xa0, 0x7f, 0xaa, 0x9c, 0x7b,
    0xab, 0x9d, 0x7c, 0xab, 0x9c, 0x7d, 0xb9, 0xa8, 0x8a, 0xcc, 0xb9, 0x9d,
    0xd2, 0xbd, 0xa3, 0xcf, 0xb9, 0xa1, 0xd5, 0xc1, 0xa7, 0xd5, 0xc2, 0xa7,
    0xc2, 0xae, 0x95, 0xbc, 0xa8, 0x91, 0xb9, 0xa6, 0x8f, 0xbe, 0xaa, 0x95,
    0xcd, 0xb9, 0xa5, 0xcd, 0xb9, 0xa5, 0xc8, 0xb5, 0x9f, 0xc7, 0xb4, 0x9d,
    0xc7, 0xb5, 0x9c, 0xcf, 0xbd, 0xa2, 0xd9, 0xc6, 0xac, 0xdf, 0xcb, 0xae,
    0xce, 0xb9, 0x9a, 0xb9, 0xa5, 0x84, 0xb6, 0xa2, 0x7f, 0xb7, 0xa3, 0x7e,
    0xc1, 0xae, 0x86, 0xc8, 0xb6, 0x8e, 0xcc, 0xbe, 0x99, 0xd3, 0xc5, 0xa1,
    0xd1, 0xc2, 0xa1, 0xcf, 0xc0, 0x9f, 0xd9, 0xca, 0xaa, 0xdc, 0xcd, 0xae,
    0xc8, 0xba, 0x96, 0xb8, 0xaa, 0x85, 0xbf, 0xb0, 0x8e, 0xc6, 0xb7, 0x98,
    0xd6, 0xc7, 0xab, 0xde, 0xce, 0xb6, 0xd7, 0xc7, 0xaf, 0xcc, 0xbd, 0xa0,
    0xcc, 0xbd, 0x9f, 0xd3, 0xc3, 0xa4, 0xd2, 0xc0, 0xa0, 0xcd, 0xbb, 0x99,
    0xc9, 0xb5, 0x92, 0xd1, 0xbd, 0x95, 0xd0, 0xbb, 0x8e, 0xc9, 0xb4, 0x88,
    0xc8, 0xb6, 0x89, 0xcc, 0xbb, 0x8e, 0xcf, 0xc0, 0x94, 0xd4, 0xc6, 0x9b,
    0xd9, 0xc8, 0xa4, 0xdd, 0xcb, 0xa9, 0xdb, 0xca, 0xa7, 0xce, 0xbf, 0x99,
    0xbc, 0xad, 0x86, 0xba, 0xab, 0x82, 0xc3, 0xb4, 0x8e, 0xcb, 0xbb, 0x98,
    0xd7, 0xc6, 0xa3, 0xdd, 0xcc, 0xa9, 0xda, 0xc9, 0xa6, 0xd3, 0xc2, 0x9f,
    0xce, 0xbd, 0x9a, 0xd2, 0xc3, 0x9d, 0xd7, 0xca, 0xa4, 0xce, 0xc5, 0xa0,
    0xcd, 0xc5, 0xa0, 0xcd, 0xc4, 0x9c, 0xc7, 0xba, 0x8f, 0xcd, 0xc0, 0x92,
    0xc1, 0xb8, 0x87, 0xb0, 0xa8, 0x71, 0xab, 0xa4, 0x67, 0xa8, 0xa2, 0x62,
    0xa2, 0x9b, 0x5b, 0xa5, 0x9f, 0x61, 0xaa, 0xa8, 0x6b, 0xa7, 0xa7, 0x6b,
    0xa4, 0xa4, 0x65, 0xa2, 0xa4, 0x61, 0xa3, 0xa4, 0x5f, 0xa3, 0xa5, 0x5d,
    0xa3, 0xa6, 0x5b, 0x9f, 0xa6, 0x58, 0x9d, 0xa5, 0x57, 0x9b, 0xa5, 0x58,
    0x9b, 0xa5, 0x5a, 0x9c, 0xa8, 0x5c, 0x9b, 0xa7, 0x5d, 0x9b, 0xa5, 0x59,
    0x9b, 0xa5, 0x57, 0x9b, 0xa6, 0x57, 0x9a, 0xa7, 0x56, 0x99, 0xa8, 0x54,
    0x98, 0xa9, 0x52, 0x97, 0xa9, 0x52, 0x96, 0xa9, 0x50, 0x96, 0xa9, 0x50,
    0x96, 0xa9, 0x50, 0x97, 0xaa, 0x51, 0x97, 0xaa, 0x51, 0x97, 0xaa, 0x51,
    0x97, 0xa9, 0x52, 0x97, 0xa9, 0x52, 0x98, 0xa9, 0x51, 0x97, 0xa9, 0x4f,
    0x97, 0xa9, 0x4e, 0x97, 0xaa, 0x4d, 0x98, 0xab, 0x4d, 0x98, 0xab, 0x51,
    0x98, 0xab, 0x52, 0x98, 0xab, 0x52, 0x98, 0xab, 0x52, 0x98, 0xab, 0x52,
    0x98, 0xab, 0x52, 0x99, 0xaa, 0x52, 0x9b, 0xa9, 0x52, 0x9b, 0xa9, 0x52,
    0x9b, 0xa9, 0x52, 0x9b, 0xa9, 0x52, 0x9b, 0xa9, 0x52, 0x9b, 0xa9, 0x52,
    0x9b, 0xa9, 0x52, 0x9b, 0xa9, 0x52, 0x9b, 0xa9, 0x52, 0x9c, 0xaa, 0x53,
    0x9c, 0xaa, 0x53, 0x9c, 0xaa, 0x53, 0x9c, 0xaa, 0x53, 0x9d, 0xab, 0x54,
    0x9d, 0xab, 0x54, 0x9d, 0xab, 0x54, 0x9e, 0xac, 0x55, 0x9e, 0xac, 0x55,
    0x9e, 0xac, 0x55, 0x9e, 0xac, 0x55, 0x9e, 0xac, 0x55, 0x9e, 0xac, 0x55,
    0x9e, 0xac, 0x55, 0x9d, 0xab, 0x54, 0x9d, 0xab, 0x54, 0x9d, 0xab, 0x54,
    0x9d, 0xab, 0x53, 0x9d, 0xab, 0x53, 0x9d, 0xab, 0x53, 0x9e, 0xac, 0x54,
    0x9e, 0xac, 0x54, 0x9e, 0xac, 0x54, 0x9f, 0xad, 0x55, 0x9f, 0xad, 0x55,
    0x9e, 0xac, 0x54, 0x9d, 0xab, 0x53, 0x9d, 0xab, 0x53, 0x9d, 0xab, 0x53,
    0x9d, 0xab, 0x54, 0x9d, 0xaa, 0x57, 0x9f, 0xaa, 0x57, 0x9e, 0xa4, 0x54,
    0x84, 0x83, 0x3f, 0x6b, 0x62, 0x30, 0xb0, 0xa1, 0x81, 0xb8, 0xad, 0x96,
    0x90, 0x84, 0x70, 0xb9, 0xa4, 0x8e, 0xab, 0x90, 0x79, 0xa2, 0x87, 0x70,
    0xd8, 0xc5, 0xb0, 0xc8, 0xba, 0xa5, 0xb5, 0xa4, 0x87, 0xe1, 0xd2, 0xb7,
    0xcf, 0xbf, 0xab, 0x90, 0x80, 0x70, 0xe2, 0xd4, 0xc4, 0xa3, 0x96, 0x84,
    0x6e, 0x63, 0x54, 0xd0, 0xc7, 0xbc, 0xe0, 0xd7, 0xcd, 0xdc, 0xd2, 0xc8,
    0xef, 0xe8, 0xde, 0xef, 0xe6, 0xdb, 0xf7, 0xef, 0xe4, 0xe8, 0xe5, 0xd9,
    0x7d, 0x7a, 0x70, 0x7a, 0x74, 0x6d, 0xe9, 0xe3, 0xd8, 0xee, 0xe8, 0xd1,
    0xd4, 0xd1, 0xab, 0xc6, 0xc3, 0x9b, 0xde, 0xdb, 0xb9, 0xd0, 0xcd, 0xa7,
    0xd5, 0xd3, 0xab, 0xdb, 0xdb, 0xb1, 0xc4, 0xc6, 0x9c, 0xcf, 0xd2, 0xaa,
    0xc6, 0xcc, 0xa3, 0xcf, 0xd5, 0xaa, 0xd5, 0xdb, 0xb3, 0xad, 0xb2, 0x94,
    0x9f, 0xa3, 0x88, 0x89, 0x90, 0x65, 0x8e, 0x98, 0x57, 0x97, 0xa2, 0x50,
    0xb6, 0x9d, 0x81, 0xb2, 0x9a, 0x7e, 0xbf, 0xa7, 0x8b, 0xc9, 0xb0, 0x94,
    0xd3, 0xba, 0x9e, 0xd6, 0xbd, 0xa2, 0xcc, 0xb4, 0x99, 0xc3, 0xaa, 0x91,
    0xbe, 0xa3, 0x8a, 0xb3, 0x98, 0x7f, 0xa3, 0x8c, 0x72, 0x92, 0x82, 0x65,
    0x8b, 0x80, 0x61, 0x8c, 0x85, 0x64, 0x95, 0x8d, 0x6b, 0x9e, 0x95, 0x74,
    0x9e, 0x94, 0x74, 0x9b, 0x8f, 0x6f, 0x9b, 0x8d, 0x6e, 0x98, 0x8a, 0x6a,
    0x9b, 0x8e, 0x6c, 0xa0, 0x91, 0x72, 0x9e, 0x8e, 0x70, 0xa3, 0x91, 0x75,
    0xab, 0x97, 0x7d, 0xbb, 0xa7, 0x8e, 0xd0, 0xbe, 0xa5, 0xd6, 0xc5, 0xac,
    0xcf, 0xbd, 0xa5, 0xd0, 0xbf, 0xa8, 0xcc, 0xba, 0xa5, 0xcc, 0xba, 0xa6,
    0xd3, 0xc0, 0xac, 0xd0, 0xbb, 0xa5, 0xc8, 0xb4, 0x9c, 0xc6, 0xb2, 0x9a,
    0xc6, 0xb2, 0x98, 0xc9, 0xb5, 0x9a, 0xd6, 0xc2, 0xa6, 0xdd, 0xc9, 0xaa,
    0xcd, 0xb9, 0x98, 0xbc, 0xa8, 0x87, 0xba, 0xa6, 0x84, 0xb5, 0xa1, 0x7d,
    0xbd, 0xa9, 0x84, 0xc6, 0xb4, 0x8f, 0xc8, 0xb9, 0x98, 0xd4, 0xc5, 0xa6,
    0xdc, 0xcc, 0xae, 0xe1, 0xd2, 0xb5, 0xe5, 0xd5, 0xba, 0xd7, 0xc7, 0xad,
    0xc3, 0xb3, 0x96, 0xb9, 0xaa, 0x8a, 0xc3, 0xb4, 0x95, 0xcf, 0xbf, 0xa4,
    0xdc, 0xcc, 0xb4, 0xdd, 0xcd, 0xb7, 0xd6, 0xc5, 0xb1, 0xce, 0xbf, 0xa8,
    0xd7, 0xc7, 0xb0, 0xe0, 0xcf, 0xb7, 0xd6, 0xc5, 0xab, 0xca, 0xb6, 0x9c,
    0xc3, 0xb0, 0x94, 0xca, 0xb5, 0x95, 0xc8, 0xb2, 0x8e, 0xc0, 0xac, 0x87,
    0xc2, 0xaf, 0x89, 0xcf, 0xbe, 0x97, 0xd6, 0xc7, 0xa0, 0xda, 0xcc, 0xa5,
    0xd8, 0xc9, 0xa6, 0xd6, 0xc6, 0xa4, 0xd1, 0xc1, 0x9e, 0xbc, 0xad, 0x87,
    0xa2, 0x92, 0x6c, 0x94, 0x85, 0x5c, 0xa4, 0x94, 0x6f, 0xbb, 0xa8, 0x8a,
    0xc7, 0xb4, 0x96, 0xd0, 0xbd, 0x9f, 0xd3, 0xbf, 0xa2, 0xd3, 0xc0, 0xa3,
    0xdb, 0xc8, 0xab, 0xe7, 0xd6, 0xbb, 0xe7, 0xd8, 0xbe, 0xdc, 0xd0, 0xb7,
    0xda, 0xd1, 0xb5, 0xdc, 0xd1, 0xb2, 0xd8, 0xca, 0xa6, 0xdf, 0xcf, 0xa9,
    0xda, 0xc9, 0xa3, 0xc6, 0xb5, 0x8b, 0xbf, 0xb0, 0x7e, 0xbd, 0xae, 0x79,
    0xb8, 0xa9, 0x75, 0xbc, 0xad, 0x7a, 0xba, 0xae, 0x7d, 0xac, 0xa3, 0x70,
    0xa5, 0x9b, 0x66, 0xa4, 0x9b, 0x63, 0xa5, 0x9d, 0x61, 0xa8, 0xa1, 0x62,
    0xaa, 0xa5, 0x63, 0xa9, 0xa8, 0x62, 0xa7, 0xa7, 0x61, 0xa4, 0xa8, 0x61,
    0xa0, 0xa7, 0x62, 0x9d, 0xa6, 0x61, 0x9c, 0xa7, 0x63, 0x9f, 0xa7, 0x60,
    0x9f, 0xa5, 0x5b, 0x9d, 0xa5, 0x59, 0x9b, 0xa5, 0x57, 0x9b, 0xa7, 0x57,
    0x9a, 0xa7, 0x55, 0x99, 0xa8, 0x54, 0x96, 0xa9, 0x51, 0x95, 0xa9, 0x50,
    0x95, 0xa9, 0x50, 0x96, 0xaa, 0x51, 0x96, 0xaa, 0x51, 0x96, 0xaa, 0x51,
    0x96, 0xaa, 0x51, 0x96, 0xaa, 0x51, 0x96, 0xab, 0x50, 0x96, 0xab, 0x4e,
    0x95, 0xaa, 0x4c, 0x96, 0xab, 0x4c, 0x97, 0xac, 0x4c, 0x97, 0xac, 0x50,
    0x97, 0xac, 0x51, 0x97, 0xac, 0x51, 0x97, 0xac, 0x51, 0x97, 0xac, 0x51,
    0x97, 0xac, 0x51, 0x99, 0xab, 0x51, 0x9b, 0xa9, 0x52, 0x9b, 0xa9, 0x52,
    0x9b, 0xa9, 0x52, 0x9b, 0xa9, 0x52, 0x9b, 0xa9, 0x52, 0x9b, 0xa9, 0x52,
    0x9b, 0xa9, 0x52, 0x9b, 0xa9, 0x52, 0x9b, 0xa9, 0x52, 0x9c, 0xaa, 0x53,
    0x9c, 0xaa, 0x53, 0x9c, 0xaa, 0x53, 0x9c, 0xaa, 0x53, 0x9d, 0xab, 0x54,
    0x9d, 0xab, 0x54, 0x9d, 0xab, 0x54, 0x9e, 0xac, 0x55, 0x9e, 0xac, 0x55,
    0x9e, 0xac, 0x55, 0x9f, 0xad, 0x56, 0x9f, 0xad, 0x56, 0x9f, 0xad, 0x56,
    0x9e, 0xac, 0x55, 0x9d, 0xab, 0x54, 0x9d, 0xab, 0x54, 0x9d, 0xab, 0x54,
    0x9e, 0xac, 0x54, 0x9e, 0xac, 0x54, 0x9e, 0xac, 0x54, 0x9f, 0xad, 0x55,
    0x9f, 0xad, 0x55, 0x9f, 0xad, 0x55, 0xa0, 0xae, 0x56, 0xa0, 0xae, 0x56,
    0x9e, 0xac, 0x54, 0x9e, 0xac, 0x54, 0x9d, 0xab, 0x53, 0x9d, 0xab, 0x53,
    0x9c, 0xac, 0x53, 0x9b, 0xad, 0x55, 0x9c, 0xaa, 0x52, 0xa0, 0xab, 0x56,
    0xa0, 0xa4, 0x59, 0x74, 0x72, 0x36, 0xa3, 0x9c, 0x6d, 0xbd, 0xb2, 0x94,
    0xb3, 0xa5, 0x8f, 0xc8, 0xb2, 0x9a, 0xac, 0x90, 0x78, 0x96, 0x7a, 0x62,
    0xd1, 0xba, 0xa2, 0xc2, 0xaf, 0x95, 0xaf, 0x9c, 0x7b, 0xce, 0xbc, 0x9e,
    0xb5, 0xa3, 0x89, 0x83, 0x6f, 0x5a, 0xd8, 0xc5, 0xb0, 0x7f, 0x6d, 0x59,
    0x92, 0x84, 0x72, 0xe6, 0xdb, 0xcc, 0xe8, 0xdd, 0xce, 0xe3, 0xd6, 0xc8,
    0xf3, 0xe9, 0xda, 0xf0, 0xe3, 0xd4, 0xf0, 0xe4, 0xd5, 0xe7, 0xe3, 0xd6,
    0x59, 0x56, 0x4d, 0x9f, 0x9a, 0x93, 0xed, 0xe7, 0xde, 0xf5, 0xee, 0xde,
    0xee, 0xe8, 0xce, 0xe4, 0xde, 0xc1, 0xef, 0xe9, 0xcd, 0xd0, 0xcb, 0xa3,
    0xb1, 0xb0, 0x7c, 0xd5, 0xd5, 0x9f, 0xc7, 0xc8, 0x97, 0xbe, 0xc0, 0x95,
    0xc5, 0xca, 0xa1, 0xd1, 0xd7, 0xaf, 0xcf, 0xd4, 0xb6, 0xa2, 0xa5, 0x92,
    0xad, 0xb1, 0x9a, 0xbf, 0xc6, 0x94, 0x97, 0xa3, 0x59, 0x97, 0xa3, 0x50,
    0xb9, 0x9e, 0x83, 0xb5, 0x9b, 0x80, 0xbe, 0xa4, 0x89, 0xc6, 0xab, 0x90,
    0xd0, 0xb6, 0x9b, 0xd8, 0xbe, 0xa3, 0xd4, 0xba, 0xa0, 0xcd, 0xb3, 0x9a,
    0xc2, 0xa7, 0x8e, 0xb9, 0x9d, 0x85, 0xab, 0x93, 0x79, 0x94, 0x83, 0x66,
    0x86, 0x7a, 0x5c, 0x88, 0x7f, 0x5f, 0x95, 0x8c, 0x6c, 0x9e, 0x94, 0x73,
    0x97, 0x8b, 0x6b, 0x8e, 0x81, 0x61, 0x8e, 0x7f, 0x60, 0x8d, 0x7e, 0x5e,
    0x9c, 0x8e, 0x6c, 0xb2, 0xa3, 0x84, 0x9f, 0x8e, 0x71, 0x91, 0x7e, 0x62,
    0x94, 0x80, 0x66, 0xa6, 0x91, 0x78, 0xba, 0xa8, 0x8f, 0xc4, 0xb4, 0x9b,
    0xc9, 0xb9, 0xa1, 0xd1, 0xc0, 0xab, 0xcb, 0xba, 0xa6, 0xd1, 0xc0, 0xad,
    0xd6, 0xc4, 0xaf, 0xd7, 0xc3, 0xac, 0xd0, 0xbc, 0xa3, 0xcf, 0xbb, 0xa2,
    0xcb, 0xb7, 0x9c, 0xc8, 0xb4, 0x97, 0xd1, 0xbe, 0x9f, 0xd3, 0xbf, 0x9f,
    0xc3, 0xaf, 0x8e, 0xb6, 0xa2, 0x81, 0xb8, 0xa4, 0x83, 0xb0, 0x9c, 0x7a,
    0xb9, 0xa5, 0x82, 0xcb, 0xb7, 0x95, 0xd1, 0xbf, 0xa2, 0xdc, 0xca, 0xae,
    0xe3, 0xd2, 0xb6, 0xea, 0xd8, 0xbf, 0xed, 0xdb, 0xc3, 0xd6, 0xc4, 0xad,
    0xc2, 0xb1, 0x98, 0xbe, 0xae, 0x92, 0xc7, 0xb7, 0x9d, 0xd6, 0xc6, 0xad,
    0xdf, 0xcf, 0xb9, 0xd7, 0xc6, 0xb2, 0xd4, 0xc3, 0xb1, 0xd3, 0xc4, 0xb2,
    0xda, 0xcb, 0xb9, 0xe0, 0xd0, 0xbd, 0xd7, 0xc6, 0xb1, 0xca, 0xb7, 0xa1,
    0xc6, 0xb2, 0x9b, 0xce, 0xb9, 0x9f, 0xcf, 0xba, 0x9d, 0xc3, 0xae, 0x90,
    0xbe, 0xab, 0x8c, 0xd1, 0xc1, 0x9f, 0xd6, 0xc7, 0xa4, 0xd5, 0xc6, 0xa3,
    0xce, 0xc0, 0x9d, 0xcb, 0xbc, 0x9a, 0xcb, 0xbb, 0x98, 0xba, 0xaa, 0x84,
    0xa9, 0x98, 0x72, 0x9b, 0x8a, 0x61, 0xa2, 0x90, 0x6a, 0xb0, 0x9d, 0x7c,
    0xb3, 0xa0, 0x7f, 0xb6, 0xa3, 0x82, 0xb7, 0xa4, 0x83, 0xc1, 0xae, 0x8d,
    0xd4, 0xc2, 0xa3, 0xeb, 0xd9, 0xc4, 0xf4, 0xe3, 0xd2, 0xef, 0xe2, 0xd1,
    0xee, 0xe3, 0xcf, 0xe7, 0xdb, 0xc3, 0xdc, 0xcd, 0xb0, 0xe6, 0xd3, 0xb4,
    0xe6, 0xd1, 0xb3, 0xd5, 0xc0, 0x9f, 0xcd, 0xb9, 0x90, 0xcf, 0xbb, 0x90,
    0xd3, 0xbf, 0x94, 0xd9, 0xc4, 0x9b, 0xd2, 0xc0, 0x97, 0xc3, 0xb3, 0x87,
    0xb5, 0xa5, 0x77, 0xaf, 0x9f, 0x6f, 0xb0, 0xa1, 0x6d, 0xb3, 0xa5, 0x6e,
    0xb5, 0xa8, 0x6f, 0xb3, 0xab, 0x6d, 0xb1, 0xaa, 0x6c, 0xad, 0xaa, 0x6c,
    0xa6, 0xa7, 0x6b, 0x9e, 0xa4, 0x66, 0x9e, 0xa7, 0x69, 0xa4, 0xa8, 0x67,
    0xa3, 0xa6, 0x61, 0x9f, 0xa3, 0x5d, 0x9d, 0xa3, 0x5b, 0x9d, 0xa6, 0x5a,
    0x9c, 0xa6, 0x5a, 0x9b, 0xa7, 0x58, 0x97, 0xa8, 0x54, 0x97, 0xa8, 0x53,
    0x96, 0xa8, 0x53, 0x97, 0xa8, 0x54, 0x97, 0xa9, 0x54, 0x97, 0xa9, 0x54,
    0x96, 0xa9, 0x54, 0x95, 0xaa, 0x53, 0x95, 0xaa, 0x52, 0x95, 0xab, 0x50,
    0x94, 0xab, 0x4e, 0x95, 0xac, 0x4e, 0x96, 0xac, 0x4e, 0x97, 0xac, 0x51,
    0x97, 0xac, 0x51, 0x98, 0xac, 0x52, 0x98, 0xab, 0x52, 0x98, 0xab, 0x52,
    0x98, 0xab, 0x52, 0x99, 0xaa, 0x53, 0x9b, 0xa9, 0x54, 0x9b, 0xa9, 0x54,
    0x9b, 0xa9, 0x54, 0x9b, 0xa9, 0x54, 0x9b, 0xa9, 0x54, 0x9b, 0xa9, 0x54,
    0x9b, 0xa9, 0x52, 0x9b, 0xa9, 0x52, 0x9b, 0xa9, 0x52, 0x9c, 0xaa, 0x53,
    0x9c, 0xaa, 0x53, 0x9c, 0xaa, 0x53, 0x9c, 0xaa, 0x53, 0x9d, 0xab, 0x54,
    0x9d, 0xab, 0x54, 0x9d, 0xab, 0x54, 0x9e, 0xac, 0x55, 0x9e, 0xac, 0x55,
    0x9e, 0xac, 0x55, 0x9f, 0xad, 0x56, 0xa0, 0xae, 0x57, 0xa0, 0xae, 0x57,
    0x9f, 0xad, 0x56, 0x9d, 0xab, 0x54, 0x9d, 0xab, 0x54, 0x9d, 0xab, 0x54,
    0x9e, 0xac, 0x54, 0x9e, 0xac, 0x54, 0x9e, 0xac, 0x54, 0xa0, 0xae, 0x56,
    0xa0, 0xae, 0x56, 0xa0, 0xae, 0x56, 0xa0, 0xae, 0x56, 0xa0, 0xae, 0x56,
    0x9f, 0xad, 0x55, 0x9e, 0xac, 0x54, 0x9d, 0xab, 0x53, 0x9d, 0xab, 0x53,
    0x9c, 0xac, 0x53, 0x98, 0xac, 0x51, 0x9a, 0xac, 0x50, 0x9a, 0xa8, 0x50,
    0x9e, 0xa8, 0x56, 0x8b, 0x8f, 0x49, 0x81, 0x82, 0x46, 0xc4, 0xbd, 0x95,
    0xcb, 0xbe, 0xa1, 0xbd, 0xa9, 0x8c, 0x96, 0x7b, 0x60, 0x94, 0x78, 0x5d,
    0xcf, 0xb6, 0x9c, 0xc1, 0xab, 0x8e, 0xaf, 0x98, 0x74, 0xcf, 0xbc, 0x98,
    0xb2, 0x9d, 0x80, 0x80, 0x69, 0x51, 0xca, 0xb4, 0x9c, 0x77, 0x61, 0x48,
    0xc9, 0xb7, 0xa1, 0xdc, 0xcc, 0xba, 0xf3, 0xe6, 0xd4, 0xf4, 0xe6, 0xd4,
    0xf5, 0xe6, 0xd4, 0xf5, 0xe6, 0xd4, 0xf2, 0xe3, 0xd1, 0xef, 0xe9, 0xd9,
    0xb0, 0xac, 0x9f, 0xdc, 0xd7, 0xcd, 0xf4, 0xed, 0xe5, 0xf9, 0xf0, 0xe4,
    0xf2, 0xe9, 0xd8, 0xf3, 0xe9, 0xd5, 0xed, 0xe2, 0xcc, 0xb8, 0xb0, 0x89,
    0xab, 0xa8, 0x70, 0xd9, 0xd9, 0x9b, 0xc6, 0xc7, 0x92, 0xbe, 0xbf, 0x94,
    0x99, 0x9c, 0x74, 0xb7, 0xbb, 0x97, 0xbe, 0xc0, 0xa9, 0xc6, 0xc6, 0xbb,
    0xc2, 0xc4, 0xaf, 0xc5, 0xcc, 0x96, 0x99, 0xa4, 0x55, 0x98, 0xa4, 0x52,
    0xb9, 0x9b, 0x80, 0xb4, 0x97, 0x7b, 0xb4, 0x96, 0x7a, 0xb7, 0x99, 0x7e,
    0xbf, 0xa2, 0x86, 0xcd, 0xb0, 0x94, 0xd3, 0xb8, 0x9d, 0xd0, 0xb5, 0x9c,
    0xc4, 0xa6, 0x8e, 0xc1, 0xa4, 0x8c, 0xb8, 0x9f, 0x86, 0x97, 0x85, 0x69,
    0x81, 0x73, 0x56, 0x7d, 0x73, 0x54, 0x8b, 0x80, 0x62, 0x94, 0x88, 0x6a,
    0x90, 0x83, 0x65, 0x8e, 0x7f, 0x62, 0x90, 0x7f, 0x62, 0x99, 0x8a, 0x6b,
    0xb6, 0xa6, 0x85, 0xce, 0xbc, 0x9d, 0xb7, 0xa5, 0x87, 0xa5, 0x90, 0x75,
    0xa8, 0x92, 0x79, 0xa9, 0x92, 0x7a, 0xaa, 0x97, 0x7e, 0xb0, 0x9f, 0x85,
    0xb5, 0xa3, 0x8b, 0xba, 0xa7, 0x91, 0xb4, 0xa2, 0x8d, 0xba, 0xa8, 0x94,
    0xc6, 0xb3, 0x9e, 0xd4, 0xbe, 0xa6, 0xd4, 0xbf, 0xa4, 0xd2, 0xbd, 0xa2,
    0xcf, 0xba, 0x9c, 0xc6, 0xb2, 0x93, 0xcd, 0xb9, 0x99, 0xcb, 0xb7, 0x97,
    0xbe, 0xaa, 0x89, 0xb3, 0x9f, 0x7e, 0xb4, 0xa0, 0x7f, 0xae, 0x9a, 0x7a,
    0xb7, 0xa3, 0x83, 0xd4, 0xbf, 0xa0, 0xe2, 0xcf, 0xb3, 0xec, 0xd8, 0xbe,
    0xea, 0xd7, 0xbe, 0xe9, 0xd5, 0xbd, 0xe8, 0xd3, 0xbe, 0xd8, 0xc4, 0xaf,
    0xc9, 0xb7, 0xa0, 0xc6, 0xb6, 0x9d, 0xcc, 0xbc, 0xa4, 0xd6, 0xc6, 0xaf,
    0xdc, 0xcb, 0xb5, 0xd7, 0xc6, 0xb2, 0xd8, 0xc7, 0xb4, 0xd6, 0xc8, 0xb8,
    0xd9, 0xca, 0xba, 0xdc, 0xcc, 0xbb, 0xcf, 0xbe, 0xac, 0xca, 0xb7, 0xa5,
    0xce, 0xbc, 0xa7, 0xdc, 0xc7, 0xb2, 0xe2, 0xcd, 0xb5, 0xcc, 0xb8, 0x9f,
    0xbd, 0xaa, 0x8f, 0xc6, 0xb7, 0x99, 0xc4, 0xb5, 0x95, 0xbd, 0xb0, 0x8e,
    0xb8, 0xaa, 0x87, 0xba, 0xad, 0x8a, 0xc3, 0xb4, 0x90, 0xbc, 0xaa, 0x85,
    0xc5, 0xb2, 0x8c, 0xc5, 0xb2, 0x8a, 0xbc, 0xa9, 0x80, 0xb6, 0xa4, 0x7a,
    0xae, 0x9c, 0x73, 0xad, 0x9a, 0x71, 0xae, 0x9c, 0x72, 0xb5, 0xa2, 0x79,
    0xbc, 0xaa, 0x83, 0xda, 0xc7, 0xb1, 0xec, 0xdc, 0xcc, 0xf2, 0xe5, 0xd6,
    0xf1, 0xe6, 0xd6, 0xea, 0xdd, 0xc9, 0xdc, 0xcd, 0xb3, 0xe7, 0xd3, 0xb9,
    0xe5, 0xcc, 0xb5, 0xd6, 0xbd, 0xa1, 0xd0, 0xb8, 0x96, 0xd4, 0xbc, 0x97,
    0xde, 0xc6, 0xa0, 0xe9, 0xd3, 0xaf, 0xee, 0xd8, 0xb4, 0xe4, 0xcf, 0xaa,
    0xd6, 0xc1, 0x99, 0xc7, 0xb3, 0x89, 0xc8, 0xb4, 0x87, 0xc9, 0xb6, 0x85,
    0xc5, 0xb2, 0x81, 0xc0, 0xb0, 0x7c, 0xba, 0xad, 0x78, 0xb8, 0xaf, 0x7a,
    0xb1, 0xad, 0x78, 0xaa, 0xaa, 0x75, 0xa8, 0xab, 0x76, 0xad, 0xae, 0x74,
    0xaf, 0xad, 0x70, 0xa7, 0xa6, 0x69, 0xa5, 0xa7, 0x67, 0xa5, 0xa9, 0x66,
    0xa1, 0xa7, 0x62, 0xa0, 0xa8, 0x60, 0x9e, 0xaa, 0x5e, 0x9c, 0xaa, 0x5c,
    0x99, 0xa6, 0x58, 0x96, 0xa2, 0x54, 0x96, 0xa3, 0x55, 0x97, 0xa4, 0x56,
    0x96, 0xa6, 0x57, 0x96, 0xa8, 0x56, 0x96, 0xa8, 0x55, 0x97, 0xa9, 0x55,
    0x99, 0xab, 0x55, 0x9a, 0xad, 0x55, 0x98, 0xab, 0x53, 0x98, 0xaa, 0x52,
    0x99, 0xaa, 0x53, 0x99, 0xaa, 0x54, 0x99, 0xaa, 0x53, 0x99, 0xaa, 0x53,
    0x99, 0xaa, 0x53, 0x9a, 0xa9, 0x54, 0x9a, 0xa8, 0x53, 0x9b, 0xa9, 0x54,
    0x9d, 0xab, 0x56, 0x9b, 0xa9, 0x54, 0x9b, 0xa9, 0x54, 0x9b, 0xa9, 0x54,
    0x9c, 0xaa, 0x53, 0x9c, 0xaa, 0x53, 0x9c, 0xaa, 0x53, 0x9b, 0xa9, 0x52,
    0x9b, 0xa9, 0x52, 0x9d, 0xab, 0x54, 0x9d, 0xab, 0x54, 0x9d, 0xab, 0x54,
    0x9d, 0xab, 0x54, 0x9d, 0xab, 0x54, 0x9d, 0xab, 0x54, 0x9e, 0xac, 0x55,
    0x9f, 0xad, 0x56, 0xa0, 0xae, 0x57, 0xa0, 0xae, 0x57, 0xa0, 0xae, 0x57,
    0x9f, 0xad, 0x56, 0x9d, 0xab, 0x54, 0x9d, 0xab, 0x54, 0x9d, 0xab, 0x54,
    0x9d, 0xab, 0x53, 0x9d, 0xab, 0x53, 0x9e, 0xac, 0x54, 0xa1, 0xaf, 0x57,
    0xa1, 0xaf, 0x57, 0xa1, 0xaf, 0x57, 0xa1, 0xaf, 0x57, 0xa0, 0xae, 0x56,
    0x9f, 0xad, 0x55, 0x9e, 0xac, 0x54, 0x9d, 0xab, 0x53, 0x9d, 0xab, 0x53,
    0x9c, 0xac, 0x53, 0x99, 0xae, 0x51, 0x99, 0xad, 0x4f, 0x9a, 0xab, 0x4f,
    0x9c, 0xa9, 0x53, 0x9e, 0xa7, 0x57, 0x8e, 0x94, 0x4c, 0x9d, 0x9b, 0x65,
    0xa8, 0x9c, 0x75, 0x8a, 0x77, 0x53, 0x7e, 0x66, 0x46, 0x85, 0x6a, 0x4c,
    0xa8, 0x8d, 0x70, 0xad, 0x94, 0x73, 0xa7, 0x90, 0x68, 0xaf, 0x98, 0x72,
    0x99, 0x81, 0x61, 0x73, 0x5a, 0x3f, 0x96, 0x7d, 0x62, 0x87, 0x6d, 0x52,
    0xb2, 0x9a, 0x82, 0xbf, 0xa9, 0x94, 0xe2, 0xce, 0xb9, 0xec, 0xd8, 0xc2,
    0xe2, 0xcd, 0xb7, 0xec, 0xd8, 0xc2, 0xf0, 0xde, 0xc8, 0xef, 0xe6, 0xd3,
    0xe4, 0xde, 0xcd, 0xe2, 0xda, 0xcc, 0xe4, 0xda, 0xd0, 0xec, 0xe0, 0xd5,
    0xec, 0xdf, 0xd1, 0xf4, 0xe5, 0xd6, 0xf2, 0xe3, 0xd0, 0xd2, 0xc6, 0xa1,
    0xb8, 0xb1, 0x7a, 0xbc, 0xbb, 0x7e, 0xb3, 0xb3, 0x7e, 0xad, 0xad, 0x83,
    0x90, 0x92, 0x6b, 0x77, 0x79, 0x56, 0x46, 0x46, 0x33, 0x74, 0x72, 0x6a,
    0x9e, 0x9e, 0x88, 0xa8, 0xad, 0x75, 0x9a, 0xa3, 0x52, 0x99, 0xa5, 0x55,
    0xb4, 0x95, 0x79, 0xae, 0x8f, 0x72, 0xac, 0x8d, 0x70, 0xae, 0x8f, 0x73,
    0xb1, 0x92, 0x75, 0xbe, 0x9f, 0x82, 0xcc, 0xaf, 0x93, 0xd2, 0xb5, 0x9d,
    0xc8, 0xa9, 0x91, 0xc4, 0xa6, 0x8e, 0xb9, 0xa0, 0x86, 0x96, 0x83, 0x67,
    0x85, 0x77, 0x5a, 0x7f, 0x74, 0x56, 0x7a, 0x6f, 0x51, 0x7b, 0x6d, 0x50,
    0x81, 0x72, 0x55, 0x88, 0x77, 0x5b, 0x9d, 0x8c, 0x70, 0xb7, 0xa6, 0x88,
    0xc2, 0xae, 0x8f, 0xc6, 0xb1, 0x93, 0xbd, 0xa7, 0x8b, 0xbe, 0xa5, 0x8b,
    0xc7, 0xac, 0x94, 0xc7, 0xac, 0x96, 0xc4, 0xae, 0x94, 0xbf, 0xab, 0x90,
    0xb8, 0xa3, 0x89, 0xb5, 0xa0, 0x88, 0xb0, 0x9b, 0x84, 0xb0, 0x9b, 0x85,
    0xb9, 0xa3, 0x8c, 0xc8, 0xb3, 0x98, 0xc9, 0xb4, 0x97, 0xc8, 0xb3, 0x95,
    0xc9, 0xb4, 0x95, 0xbf, 0xab, 0x89, 0xc9, 0xb5, 0x92, 0xc6, 0xb2, 0x90,
    0xba, 0xa6, 0x85, 0xad, 0x99, 0x78, 0xa9, 0x94, 0x74, 0xa8, 0x93, 0x75,
    0xb2, 0x9d, 0x80, 0xd2, 0xbd, 0xa1, 0xe7, 0xd3, 0xb8, 0xf2, 0xde, 0xc3,
    0xeb, 0xd7, 0xbd, 0xe3, 0xcf, 0xb7, 0xe0, 0xcc, 0xb5, 0xd9, 0xc5, 0xaf,
    0xd3, 0xc1, 0xab, 0xd3, 0xc3, 0xac, 0xd6, 0xc6, 0xaf, 0xd7, 0xc7, 0xb0,
    0xd7, 0xc7, 0xb0, 0xd6, 0xc5, 0xaf, 0xda, 0xca, 0xb5, 0xd9, 0xcd, 0xbb,
    0xdb, 0xcd, 0xbc, 0xd5, 0xc6, 0xb4, 0xc9, 0xb9, 0xa6, 0xc8, 0xb7, 0xa2,
    0xd5, 0xc3, 0xad, 0xe5, 0xd1, 0xbd, 0xe8, 0xd4, 0xc0, 0xd1, 0xbd, 0xa8,
    0xbf, 0xad, 0x94, 0xbf, 0xb0, 0x93, 0xb9, 0xab, 0x8d, 0xb1, 0xa5, 0x83,
    0xac, 0xa2, 0x7e, 0xb3, 0xa7, 0x83, 0xb9, 0xaa, 0x87, 0xb7, 0xa6, 0x81,
    0xce, 0xbb, 0x95, 0xda, 0xc5, 0x9e, 0xd5, 0xc0, 0x96, 0xce, 0xbc, 0x8c,
    0xc3, 0xb1, 0x82, 0xc4, 0xb2, 0x82, 0xc5, 0xb3, 0x84, 0xc4, 0xb2, 0x82,
    0xc1, 0xaf, 0x82, 0xd0, 0xbd, 0xa0, 0xd9, 0xc8, 0xb4, 0xe3, 0xd6, 0xc3,
    0xe4, 0xd9, 0xc7, 0xdc, 0xcf, 0xbb, 0xdd, 0xcd, 0xb5, 0xea, 0xd6, 0xbd,
    0xe2, 0xca, 0xb4, 0xd5, 0xbe, 0xa4, 0xcf, 0xb9, 0x98, 0xcd, 0xb8, 0x93,
    0xd9, 0xc4, 0xa0, 0xe8, 0xd2, 0xb0, 0xed, 0xd8, 0xb6, 0xeb, 0xd6, 0xb5,
    0xe1, 0xcd, 0xa8, 0xd3, 0xbf, 0x98, 0xd5, 0xc2, 0x97, 0xd8, 0xc5, 0x97,
    0xd1, 0xbf, 0x90, 0xc7, 0xb5, 0x87, 0xc3, 0xb3, 0x86, 0xc5, 0xb7, 0x8a,
    0xc4, 0xb9, 0x8e, 0xc4, 0xbd, 0x91, 0xc2, 0xbd, 0x92, 0xc1, 0xbd, 0x8c,
    0xc2, 0xbb, 0x88, 0xbc, 0xb6, 0x82, 0xbb, 0xb8, 0x80, 0xb8, 0xb7, 0x7e,
    0xb4, 0xb4, 0x7a, 0xb3, 0xb5, 0x78, 0xb3, 0xb9, 0x78, 0xb3, 0xba, 0x77,
    0xb1, 0xb8, 0x76, 0xaf, 0xb6, 0x74, 0xab, 0xb2, 0x6f, 0xa3, 0xaa, 0x67,
    0x9d, 0xa6, 0x62, 0x9d, 0xa7, 0x61, 0x9c, 0xa6, 0x5f, 0x9a, 0xa5, 0x5c,
    0x99, 0xa4, 0x59, 0x9a, 0xa5, 0x59, 0x9a, 0xa5, 0x58, 0x99, 0xa5, 0x55,
    0x9a, 0xa7, 0x55, 0x9b, 0xa7, 0x57, 0x9c, 0xa8, 0x57, 0x9c, 0xa8, 0x57,
    0x9c, 0xa9, 0x57, 0x9d, 0xa9, 0x57, 0x9c, 0xa9, 0x56, 0x9b, 0xa8, 0x55,
    0x9c, 0xa9, 0x56, 0x9c, 0xa9, 0x56, 0x9c, 0xa9, 0x56, 0x9c, 0xa9, 0x55,
    0x9c, 0xaa, 0x53, 0x9c, 0xaa, 0x53, 0x9c, 0xaa, 0x53, 0x9c, 0xaa, 0x53,
    0x9c, 0xaa, 0x53, 0x9d, 0xab, 0x54, 0x9d, 0xab, 0x54, 0x9d, 0xab, 0x54,
    0x9d, 0xab, 0x54, 0x9d, 0xab, 0x54, 0x9d, 0xab, 0x54, 0x9e, 0xac, 0x55,
    0x9f, 0xad, 0x56, 0xa0, 0xae, 0x57, 0xa0, 0xae, 0x57, 0xa0, 0xae, 0x57,
    0x9f, 0xad, 0x56, 0x9e, 0xac, 0x55, 0x9e, 0xac, 0x55, 0x9e, 0xac, 0x55,
    0x9d, 0xab, 0x53, 0x9d, 0xab, 0x53, 0x9f, 0xad, 0x55, 0xa1, 0xaf, 0x57,
    0xa1, 0xaf, 0x57, 0xa1, 0xaf, 0x57, 0xa1, 0xaf, 0x57, 0xa0, 0xae, 0x56,
    0x9f, 0xad, 0x55, 0x9e, 0xac, 0x54, 0x9d, 0xab, 0x53, 0x9d, 0xab, 0x53,
    0x9c, 0xac, 0x53, 0x9a, 0xad, 0x52, 0x9a, 0xac, 0x51, 0x9a, 0xab, 0x4f,
    0x9b, 0xaa, 0x51, 0xa0, 0xac, 0x56, 0x9d, 0xa8, 0x54, 0x99, 0x9b, 0x55,
    0x7c, 0x74, 0x3c, 0x69, 0x5c, 0x2c, 0x6c, 0x5b, 0x32, 0x7b, 0x64, 0x40,
    0x8b, 0x72, 0x4f, 0x93, 0x79, 0x55, 0x99, 0x82, 0x57, 0x93, 0x7d, 0x54,
    0x81, 0x69, 0x48, 0x71, 0x57, 0x3b, 0x6e, 0x53, 0x38, 0x82, 0x65, 0x49,
    0x96, 0x7b, 0x5f, 0xa7, 0x8f, 0x74, 0xc7, 0xaf, 0x94, 0xdd, 0xc5, 0xaa,
    0xde, 0xc6, 0xab, 0xe7, 0xce, 0xb3, 0xeb, 0xd5, 0xbb, 0xe8, 0xdb, 0xc4,
    0xe1, 0xd6, 0xc1, 0xdb, 0xce, 0xbc, 0xd9, 0xca, 0xba, 0xda, 0xca, 0xbb,
    0xdb, 0xca, 0xba, 0xe9, 0xd6, 0xc6, 0xec, 0xd8, 0xc5, 0xde, 0xce, 0xad,
    0xd3, 0xc9, 0x9a, 0xc4, 0xc0, 0x8d, 0xb3, 0xb1, 0x82, 0xba, 0xba, 0x92,
    0xa5, 0xa6, 0x80, 0x93, 0x95, 0x70, 0x7e, 0x7f, 0x64, 0x6a, 0x6a, 0x5a,
    0x9e, 0x9f, 0x83, 0xa5, 0xaa, 0x72, 0x9c, 0xa6, 0x56, 0x99, 0xa4, 0x54,
    0xa9, 0x89, 0x6c, 0xa6, 0x86, 0x6a, 0xae, 0x8d, 0x71, 0xb1, 0x91, 0x75,
    0xb0, 0x90, 0x73, 0xbb, 0x9b, 0x7f, 0xcb, 0xac, 0x91, 0xd2, 0xb4, 0x9c,
    0xcc, 0xac, 0x95, 0xc2, 0xa3, 0x8c, 0xae, 0x93, 0x7a, 0x92, 0x7e, 0x62,
    0x8d, 0x7e, 0x61, 0x88, 0x7d, 0x60, 0x78, 0x6b, 0x4e, 0x74, 0x66, 0x49,
    0x7d, 0x6d, 0x51, 0x8b, 0x7a, 0x5f, 0xb0, 0x9e, 0x83, 0xce, 0xba, 0x9e,
    0xc4, 0xac, 0x8e, 0xb3, 0x9a, 0x7e, 0xb7, 0x9c, 0x81, 0xc7, 0xaa, 0x92,
    0xd3, 0xb4, 0x9e, 0xd3, 0xb4, 0x9e, 0xd2, 0xb9, 0x9d, 0xcc, 0xb5, 0x98,
    0xc6, 0xaf, 0x92, 0xc8, 0xb0, 0x96, 0xc8, 0xb1, 0x98, 0xc4, 0xac, 0x94,
    0xc4, 0xad, 0x94, 0xcc, 0xb6, 0x99, 0xc8, 0xb2, 0x94, 0xc3, 0xad, 0x8e,
    0xbf, 0xa9, 0x89, 0xb7, 0xa2, 0x7f, 0xbb, 0xa6, 0x83, 0xb2, 0x9e, 0x7a,
    0xa8, 0x94, 0x72, 0xa4, 0x90, 0x6f, 0xa6, 0x91, 0x72, 0xad, 0x98, 0x7b,
    0xb5, 0xa0, 0x84, 0xd1, 0xbc, 0xa2, 0xe5, 0xd1, 0xb5, 0xea, 0xd6, 0xba,
    0xe5, 0xd0, 0xb6, 0xdf, 0xca, 0xb1, 0xdb, 0xc6, 0xae, 0xda, 0xc5, 0xaf,
    0xde, 0xcc, 0xb5, 0xe2, 0xd2, 0xba, 0xe1, 0xd1, 0xb9, 0xdc, 0xcc, 0xb4,
    0xdc, 0xcc, 0xb3, 0xdb, 0xcb, 0xb2, 0xd8, 0xc8, 0xb1, 0xd3, 0xc8, 0xb3,
    0xd9, 0xcd, 0xb8, 0xd4, 0xc7, 0xb1, 0xc9, 0xbb, 0xa4, 0xc7, 0xb7, 0x9f,
    0xd5, 0xc4, 0xab, 0xe2, 0xce, 0xba, 0xe0, 0xcc, 0xbb, 0xd1, 0xbe, 0xaa,
    0xc6, 0xb5, 0x9d, 0xc3, 0xb4, 0x99, 0xbf, 0xb2, 0x93, 0xba, 0xaf, 0x8d,
    0xb6, 0xac, 0x88, 0xb8, 0xad, 0x89, 0xb7, 0xa9, 0x85, 0xb4, 0xa2, 0x7d,
    0xc6, 0xb2, 0x8d, 0xd7, 0xbf, 0x99, 0xdb, 0xc5, 0x9b, 0xdc, 0xc8, 0x98,
    0xd3, 0xbf, 0x8f, 0xd0, 0xbd, 0x8c, 0xd2, 0xbf, 0x8e, 0xcb, 0xb8, 0x87,
    0xcb, 0xb8, 0x89, 0xd1, 0xc0, 0x9b, 0xd3, 0xc4, 0xa6, 0xd8, 0xcd, 0xb2,
    0xda, 0xd0, 0xb8, 0xd2, 0xc6, 0xae, 0xdd, 0xcd, 0xb4, 0xe9, 0xd7, 0xbe,
    0xe1, 0xce, 0xb6, 0xd6, 0xc3, 0xa6, 0xcb, 0xb9, 0x95, 0xc4, 0xb3, 0x8c,
    0xce, 0xbd, 0x96, 0xd8, 0xc7, 0xa1, 0xda, 0xc8, 0xa6, 0xe1, 0xce, 0xad,
    0xdf, 0xcd, 0xa9, 0xd7, 0xc6, 0x9f, 0xd9, 0xc8, 0x9e, 0xda, 0xc8, 0x9c,
    0xd1, 0xc0, 0x93, 0xc8, 0xb6, 0x8c, 0xc8, 0xb5, 0x8e, 0xcc, 0xbc, 0x95,
    0xcd, 0xbe, 0x99, 0xd4, 0xc7, 0xa2, 0xd9, 0xcc, 0xa9, 0xd6, 0xcb, 0xa3,
    0xd6, 0xcb, 0xa0, 0xd2, 0xc9, 0x9d, 0xd4, 0xcd, 0x9e, 0xcc, 0xc7, 0x96,
    0xc0, 0xbc, 0x8a, 0xc1, 0xbf, 0x8b, 0xc4, 0xc4, 0x8e, 0xc5, 0xc4, 0x8e,
    0xc9, 0xc8, 0x92, 0xcd, 0xcd, 0x97, 0xca, 0xc9, 0x93, 0xbf, 0xbf, 0x89,
    0xb8, 0xb8, 0x81, 0xb8, 0xb9, 0x7f, 0xb6, 0xb7, 0x7c, 0xb1, 0xb3, 0x75,
    0xa8, 0xaa, 0x6b, 0xa5, 0xa7, 0x67, 0xa5, 0xa8, 0x66, 0xa2, 0xa9, 0x5f,
    0xa0, 0xa8, 0x5c, 0x9e, 0xa5, 0x59, 0x9e, 0xa6, 0x5a, 0x9f, 0xa7, 0x5b,
    0x9e, 0xa5, 0x59, 0x9c, 0xa6, 0x57, 0x9b, 0xa7, 0x56, 0x9a, 0xa7, 0x55,
    0x9c, 0xa9, 0x57, 0x9c, 0xa9, 0x57, 0x9c, 0xa9, 0x57, 0x9c, 0xa9, 0x56,
    0x9c, 0xaa, 0x54, 0x9c, 0xaa, 0x53, 0x9c, 0xaa, 0x53, 0x9c, 0xaa, 0x53,
    0x9c, 0xaa, 0x53, 0x9e, 0xac, 0x55, 0x9e, 0xac, 0x55, 0x9d, 0xab, 0x54,
    0x9d, 0xab, 0x54, 0x9d, 0xab, 0x54, 0x9d, 0xab, 0x54, 0x9e, 0xac, 0x55,
    0x9f, 0xad, 0x56, 0xa0, 0xae, 0x57, 0xa0, 0xae, 0x57, 0xa0, 0xae, 0x57,
    0x9f, 0xad, 0x56, 0x9e, 0xac, 0x55, 0x9e, 0xac, 0x55, 0x9e, 0xac, 0x55,
    0x9e, 0xac, 0x54, 0x9d, 0xab, 0x53, 0x9f, 0xad, 0x55, 0xa1, 0xaf, 0x57,
    0xa1, 0xaf, 0x57, 0xa1, 0xaf, 0x57, 0xa1, 0xaf, 0x57, 0xa0, 0xae, 0x56,
    0x9f, 0xad, 0x55, 0x9e, 0xac, 0x54, 0x9d, 0xab, 0x53, 0x9d, 0xab, 0x53,
    0x9d, 0xab, 0x53, 0x9b, 0xac, 0x53, 0x9b, 0xab, 0x52, 0x9b, 0xaa, 0x51,
    0x9c, 0xaa, 0x52, 0x9d, 0xaa, 0x50, 0x9b, 0xa8, 0x4e, 0xa1, 0xa6, 0x53,
    0x98, 0x96, 0x4f, 0x68, 0x61, 0x26, 0x64, 0x57, 0x26, 0x7d, 0x6a, 0x41,
    0x88, 0x6f, 0x49, 0x8a, 0x70, 0x48, 0x91, 0x7c, 0x4f, 0x95, 0x80, 0x57,
    0x82, 0x6b, 0x48, 0x79, 0x5f, 0x43, 0x74, 0x59, 0x3e, 0x7a, 0x5c, 0x40,
    0x89, 0x6d, 0x4f, 0x96, 0x7b, 0x5d, 0xb7, 0x9c, 0x7e, 0xdf, 0xc5, 0xa6,
    0xe0, 0xc6, 0xa7, 0xe4, 0xca, 0xab, 0xeb, 0xd2, 0xb5, 0xeb, 0xda, 0xbf,
    0xe3, 0xd4, 0xbb, 0xe2, 0xd2, 0xb9, 0xe2, 0xd0, 0xb9, 0xd8, 0xc3, 0xad,
    0xce, 0xb8, 0xa4, 0xdf, 0xc8, 0xb4, 0xe3, 0xcc, 0xb6, 0xdb, 0xc7, 0xac,
    0xe6, 0xd9, 0xb6, 0xe7, 0xdf, 0xba, 0xd7, 0xd3, 0xae, 0xd7, 0xd7, 0xb3,
    0xc1, 0xc2, 0x9d, 0xb1, 0xb3, 0x8b, 0xcf, 0xd0, 0xac, 0xc1, 0xc1, 0xa4,
    0xc9, 0xca, 0xa9, 0xc1, 0xc4, 0x8e, 0x9b, 0xa3, 0x59, 0x99, 0xa4, 0x56,
    0xa0, 0x7e, 0x62, 0x9e, 0x7c, 0x60, 0xa4, 0x82, 0x66, 0xa9, 0x86, 0x6a,
    0xa8, 0x85, 0x69, 0xb2, 0x8f, 0x73, 0xbd, 0x9d, 0x83, 0xc0, 0xa2, 0x89,
    0xbd, 0x9e, 0x86, 0xb2, 0x93, 0x7c, 0xa4, 0x89, 0x70, 0x97, 0x83, 0x68,
    0x95, 0x85, 0x69, 0x89, 0x7c, 0x60, 0x7d, 0x6f, 0x54, 0x7a, 0x6b, 0x51,
    0x83, 0x73, 0x59, 0x99, 0x87, 0x6d, 0xc1, 0xae, 0x94, 0xd5, 0xbf, 0xa4,
    0xc6, 0xaa, 0x8d, 0xac, 0x8e, 0x74, 0xaf, 0x90, 0x77, 0xc3, 0xa2, 0x8a,
    0xce, 0xab, 0x96, 0xce, 0xab, 0x96, 0xc7, 0xac, 0x8f, 0xc1, 0xa8, 0x89,
    0xc0, 0xa7, 0x89, 0xcb, 0xb2, 0x94, 0xd4, 0xba, 0x9f, 0xce, 0xb4, 0x9a,
    0xce, 0xb4, 0x99, 0xd3, 0xbb, 0x9d, 0xcf, 0xb8, 0x99, 0xc5, 0xae, 0x8d,
    0xbb, 0xa4, 0x83, 0xb9, 0xa2, 0x7f, 0xb3, 0x9d, 0x78, 0x9f, 0x8a, 0x66,
    0x92, 0x7e, 0x5b, 0x9c, 0x88, 0x67, 0xa4, 0x8f, 0x70, 0xa9, 0x94, 0x78,
    0xb7, 0xa1, 0x88, 0xd5, 0xc0, 0xa6, 0xe7, 0xd2, 0xb5, 0xe6, 0xd1, 0xb3,
    0xe2, 0xcd, 0xb2, 0xdf, 0xca, 0xae, 0xde, 0xc8, 0xb0, 0xe4, 0xce, 0xb6,
    0xea, 0xd8, 0xbf, 0xed, 0xdc, 0xc3, 0xea, 0xda, 0xc0, 0xe5, 0xd5, 0xbb,
    0xe6, 0xd6, 0xbc, 0xe5, 0xd5, 0xba, 0xd7, 0xc8, 0xad, 0xcd, 0xc2, 0xa9,
    0xd3, 0xc9, 0xaf, 0xd6, 0xca, 0xb0, 0xcb, 0xbd, 0xa3, 0xc5, 0xb6, 0x9a,
    0xcf, 0xc0, 0xa3, 0xd9, 0xc7, 0xb1, 0xda, 0xc6, 0xb6, 0xd2, 0xbf, 0xad,
    0xcf, 0xbf, 0xa7, 0xca, 0xbc, 0xa0, 0xc6, 0xba, 0x9a, 0xc4, 0xbb, 0x97,
    0xc0, 0xb7, 0x93, 0xb9, 0xae, 0x8a, 0xb3, 0xa5, 0x82, 0xb6, 0xa5, 0x80,
    0xc1, 0xac, 0x87, 0xcc, 0xb4, 0x8e, 0xd7, 0xc0, 0x97, 0xde, 0xc9, 0x9c,
    0xd5, 0xc0, 0x93, 0xcb, 0xb6, 0x89, 0xcc, 0xb7, 0x8a, 0xc8, 0xb3, 0x86,
    0xd0, 0xbb, 0x8e, 0xcf, 0xbf, 0x92, 0xd5, 0xc9, 0x9f, 0xdb, 0xd1, 0xad,
    0xd8, 0xcf, 0xb0, 0xce, 0xc3, 0xa7, 0xd5, 0xc6, 0xab, 0xe0, 0xd0, 0xb5,
    0xdc, 0xce, 0xb2, 0xd4, 0xc6, 0xa4, 0xc5, 0xb8, 0x90, 0xbe, 0xb2, 0x86,
    0xc0, 0xb3, 0x88, 0xc2, 0xb5, 0x8c, 0xc9, 0xbb, 0x97, 0xd5, 0xc5, 0xa3,
    0xd9, 0xc9, 0xa5, 0xd9, 0xca, 0xa3, 0xd9, 0xca, 0x9f, 0xd4, 0xc6, 0x99,
    0xcc, 0xbd, 0x91, 0xc6, 0xb5, 0x8f, 0xc7, 0xb5, 0x91, 0xce, 0xbb, 0x9a,
    0xcf, 0xbb, 0x9b, 0xd6, 0xc2, 0xa3, 0xe1, 0xcc, 0xaf, 0xdf, 0xce, 0xad,
    0xdd, 0xcf, 0xad, 0xde, 0xd0, 0xac, 0xdf, 0xd4, 0xad, 0xce, 0xc5, 0x9d,
    0xb9, 0xb2, 0x88, 0xb9, 0xb3, 0x89, 0xbe, 0xb7, 0x8d, 0xbf, 0xb7, 0x8d,
    0xc8, 0xc0, 0x97, 0xd3, 0xcb, 0xa1, 0xd8, 0xd0, 0xa7, 0xd6, 0xce, 0xa5,
    0xd4, 0xcc, 0x9f, 0xd5, 0xcd, 0x9e, 0xd4, 0xcc, 0x9c, 0xd0, 0xc8, 0x96,
    0xc8, 0xc1, 0x8e, 0xc5, 0xbe, 0x89, 0xc3, 0xbd, 0x85, 0xbc, 0xbe, 0x7a,
    0xb7, 0xb9, 0x73, 0xb0, 0xb3, 0x6d, 0xad, 0xaf, 0x69, 0xac, 0xae, 0x68,
    0xa7, 0xaa, 0x63, 0xa1, 0xa8, 0x5d, 0x9e, 0xaa, 0x59, 0x9c, 0xa9, 0x58,
    0x9c, 0xa9, 0x58, 0x9a, 0xa7, 0x55, 0x9a, 0xa7, 0x55, 0x9a, 0xa7, 0x55,
    0x9b, 0xa9, 0x54, 0x9c, 0xaa, 0x53, 0x9c, 0xaa, 0x53, 0x9d, 0xab, 0x54,
    0x9d, 0xab, 0x54, 0x9f, 0xad, 0x56, 0x9e, 0xac, 0x55, 0x9d, 0xab, 0x54,
    0x9d, 0xab, 0x54, 0x9d, 0xab, 0x54, 0x9d, 0xab, 0x54, 0x9e, 0xac, 0x55,
    0x9f, 0xad, 0x56, 0xa0, 0xae, 0x57, 0xa0, 0xae, 0x57, 0xa0, 0xae, 0x57,
    0xa0, 0xae, 0x57, 0x9f, 0xad, 0x56, 0x9f, 0xad, 0x56, 0x9f, 0xad, 0x56,
    0x9f, 0xad, 0x55, 0x9e, 0xac, 0x54, 0xa0, 0xae, 0x56, 0xa1, 0xaf, 0x57,
    0xa1, 0xaf, 0x57, 0xa1, 0xaf, 0x57, 0xa1, 0xaf, 0x57, 0xa0, 0xae, 0x56,
    0x9f, 0xad, 0x55, 0x9e, 0xac, 0x54, 0x9d, 0xab, 0x53, 0x9d, 0xab, 0x53,
    0x9d, 0xab, 0x53, 0x9d, 0xab, 0x54, 0x9c, 0xaa, 0x53, 0x9c, 0xa9, 0x52,
    0x9d, 0xaa, 0x52, 0x9d, 0xaa, 0x4f, 0x9e, 0xab, 0x4c, 0xa1, 0xaa, 0x4c,
    0xa4, 0xa8, 0x53, 0x99, 0x97, 0x4f, 0x78, 0x71, 0x37, 0x76, 0x66, 0x38,
    0x7c, 0x66, 0x3d, 0x84, 0x6b, 0x42, 0x85, 0x72, 0x46, 0x91, 0x7f, 0x56,
    0x7e, 0x6a, 0x47, 0x6e, 0x55, 0x38, 0x6b, 0x50, 0x35, 0x76, 0x59, 0x3d,
    0x81, 0x64, 0x46, 0x8a, 0x6d, 0x4d, 0x9f, 0x82, 0x62, 0xc6, 0xa9, 0x89,
    0xd3, 0xb7, 0x96, 0xd8, 0xbc, 0x9b, 0xe7, 0xcb, 0xab, 0xe8, 0xd3, 0xb7,
    0xdc, 0xca, 0xad, 0xd9, 0xc6, 0xa7, 0xd9, 0xc4, 0xa5, 0xc9, 0xb2, 0x94,
    0xb9, 0xa0, 0x86, 0xc8, 0xae, 0x95, 0xcf, 0xb5, 0x9e, 0xdb, 0xc4, 0xaf,
    0xef, 0xe1, 0xcc, 0xeb, 0xe1, 0xca, 0xe6, 0xe0, 0xc5, 0xd7, 0xd5, 0xb7,
    0xd4, 0xd4, 0xb1, 0xc1, 0xc2, 0x97, 0xd8, 0xda, 0xac, 0xc0, 0xc0, 0x98,
    0xd0, 0xd0, 0xa8, 0xc7, 0xca, 0x95, 0x9e, 0xa4, 0x60, 0x99, 0xa3, 0x56,
    0x9d, 0x7a, 0x5e, 0x9c, 0x79, 0x5d, 0x9e, 0x7b, 0x5f, 0x9e, 0x7b, 0x5f,
    0x9e, 0x7c, 0x60, 0xa8, 0x86, 0x6a, 0xb3, 0x93, 0x78, 0xb7, 0x98, 0x7f,
    0xb5, 0x95, 0x7d, 0xac, 0x8d, 0x75, 0xa3, 0x87, 0x6f, 0x9b, 0x85, 0x6a,
    0x8d, 0x7b, 0x5f, 0x79, 0x6b, 0x50, 0x77, 0x69, 0x4e, 0x77, 0x67, 0x4c,
    0x7f, 0x6e, 0x54, 0x96, 0x84, 0x6a, 0xbb, 0xa7, 0x8d, 0xc5, 0xad, 0x92,
    0xba, 0x9c, 0x80, 0xaf, 0x91, 0x76, 0xb3, 0x93, 0x79, 0xb8, 0x96, 0x7e,
    0xc3, 0x9f, 0x8a, 0xc6, 0xa3, 0x8d, 0xba, 0x9c, 0x7e, 0xb4, 0x99, 0x78,
    0xb6, 0x9a, 0x7b, 0xbf, 0xa4, 0x86, 0xc8, 0xac, 0x8f, 0xc6, 0xaa, 0x8d,
    0xc8, 0xac, 0x90, 0xc9, 0xb1, 0x93, 0xcb, 0xb3, 0x94, 0xc3, 0xab, 0x8a,
    0xc1, 0xaa, 0x87, 0xc4, 0xad, 0x88, 0xbe, 0xa6, 0x81, 0xa1, 0x8b, 0x68,
    0x91, 0x7c, 0x5a, 0x9d, 0x88, 0x67, 0xa1, 0x8b, 0x6d, 0xa6, 0x90, 0x74,
    0xb5, 0x9e, 0x84, 0xd0, 0xba, 0x9f, 0xdf, 0xc8, 0xaa, 0xdd, 0xc6, 0xa7,
    0xd6, 0xbf, 0xa2, 0xd3, 0xbd, 0xa1, 0xdb, 0xc6, 0xaa, 0xe9, 0xd4, 0xba,
    0xf0, 0xdd, 0xc4, 0xf1, 0xdf, 0xc6, 0xee, 0xde, 0xc4, 0xed, 0xdc, 0xc2,
    0xec, 0xdb, 0xc0, 0xe9, 0xd8, 0xbc, 0xdd, 0xcd, 0xb1, 0xd1, 0xc5, 0xab,
    0xcf, 0xc4, 0xa9, 0xd2, 0xc7, 0xaa, 0xce, 0xc0, 0xa4, 0xcc, 0xbd, 0xa0,
    0xd4, 0xc5, 0xa7, 0xd5, 0xc3, 0xac, 0xd2, 0xbe, 0xae, 0xd5, 0xc1, 0xad,
    0xd9, 0xc7, 0xaf, 0xd1, 0xc2, 0xa5, 0xca, 0xbc, 0x9c, 0xc6, 0xb9, 0x98,
    0xbf, 0xb5, 0x92, 0xb1, 0xa6, 0x83, 0xae, 0xa1, 0x7d, 0xb9, 0xa9, 0x83,
    0xc2, 0xae, 0x88, 0xc9, 0xb2, 0x8d, 0xd0, 0xba, 0x94, 0xd2, 0xbd, 0x96,
    0xc5, 0xb0, 0x8a, 0xbc, 0xa7, 0x80, 0xc1, 0xad, 0x86, 0xc8, 0xb3, 0x8c,
    0xcf, 0xba, 0x93, 0xcd, 0xbc, 0x90, 0xd5, 0xc7, 0x9c, 0xd8, 0xcc, 0xa6,
    0xd3, 0xc8, 0xa7, 0xc8, 0xbc, 0x9d, 0xc9, 0xba, 0x9c, 0xd2, 0xc3, 0xa6,
    0xcf, 0xc4, 0xa5, 0xcd, 0xc3, 0x9e, 0xc1, 0xb8, 0x8c, 0xba, 0xb2, 0x84,
    0xb8, 0xb0, 0x82, 0xb8, 0xaf, 0x83, 0xc0, 0xb4, 0x8f, 0xc6, 0xb8, 0x96,
    0xc8, 0xba, 0x96, 0xcf, 0xc0, 0x9b, 0xd0, 0xc3, 0x9a, 0xcc, 0xbf, 0x94,
    0xc9, 0xbb, 0x92, 0xc7, 0xb5, 0x93, 0xc8, 0xb5, 0x96, 0xce, 0xbb, 0x9c,
    0xcb, 0xb5, 0x99, 0xc8, 0xb2, 0x98, 0xd2, 0xbc, 0xa2, 0xd5, 0xc2, 0xa7,
    0xd6, 0xc7, 0xa9, 0xd9, 0xcb, 0xac, 0xda, 0xcd, 0xad, 0xc8, 0xbd, 0x9a,
    0xb6, 0xad, 0x87, 0xb2, 0xa9, 0x82, 0xb3, 0xa8, 0x84, 0xb5, 0xa8, 0x86,
    0xc1, 0xb4, 0x92, 0xcb, 0xbf, 0x9c, 0xd7, 0xc9, 0xa7, 0xde, 0xd0, 0xae,
    0xdf, 0xd1, 0xac, 0xe0, 0xd2, 0xac, 0xe1, 0xd2, 0xac, 0xe0, 0xd1, 0xaa,
    0xe0, 0xd2, 0xa8, 0xe2, 0xd5, 0xa9, 0xe0, 0xd4, 0xa5, 0xd9, 0xd5, 0x9a,
    0xd2, 0xd1, 0x94, 0xcd, 0xcb, 0x8e, 0xca, 0xc8, 0x8b, 0xc8, 0xc5, 0x89,
    0xc0, 0xbd, 0x81, 0xb5, 0xb7, 0x74, 0xab, 0xb3, 0x68, 0xa4, 0xad, 0x61,
    0xa2, 0xab, 0x5e, 0xa3, 0xac, 0x60, 0xa4, 0xad, 0x61, 0xa4, 0xad, 0x62,
    0xa0, 0xab, 0x5c, 0x9f, 0xaa, 0x59, 0x9f, 0xaa, 0x59, 0x9f, 0xab, 0x59,
    0xa0, 0xac, 0x59, 0xa0, 0xac, 0x5a, 0xa0, 0xac, 0x58, 0x9e, 0xaa, 0x54,
    0x9e, 0xaa, 0x54, 0x9e, 0xab, 0x54, 0x9d, 0xab, 0x54, 0x9e, 0xac, 0x55,
    0x9f, 0xad, 0x56, 0xa0, 0xae, 0x58, 0xa0, 0xae, 0x59, 0xa1, 0xad, 0x59,
    0xa1, 0xad, 0x58, 0xa0, 0xad, 0x57, 0xa1, 0xad, 0x57, 0xa0, 0xad, 0x57,
    0xa0, 0xad, 0x56, 0xa0, 0xad, 0x56, 0xa2, 0xaf, 0x58, 0xa2, 0xaf, 0x58,
    0xa1, 0xaf, 0x57, 0xa2, 0xaf, 0x57, 0xa2, 0xaf, 0x55, 0xa1, 0xae, 0x53,
    0xa0, 0xad, 0x53, 0x9e, 0xad, 0x52, 0x9d, 0xac, 0x51, 0x9d, 0xac, 0x51,
    0x9d, 0xab, 0x52, 0x9e, 0xab, 0x53, 0x9d, 0xaa, 0x53, 0x9c, 0xa9, 0x52,
    0x9c, 0xaa, 0x4f, 0x9d, 0xaa, 0x4c, 0x9d, 0xaa, 0x49, 0x9f, 0xa9, 0x46,
    0xa0, 0xa9, 0x49, 0xa2, 0xa7, 0x53, 0x9b, 0x9a, 0x55, 0x75, 0x6b, 0x35,
    0x6a, 0x58, 0x2b, 0x7f, 0x69, 0x3e, 0x81, 0x70, 0x46, 0x80, 0x70, 0x4a,
    0x73, 0x5f, 0x40, 0x64, 0x4d, 0x31, 0x60, 0x47, 0x2c, 0x71, 0x56, 0x39,
    0x83, 0x67, 0x47, 0x8e, 0x70, 0x4d, 0x96, 0x78, 0x55, 0xa4, 0x86, 0x63,
    0xb2, 0x93, 0x71, 0xba, 0x9b, 0x78, 0xd1, 0xb4, 0x91, 0xd9, 0xc3, 0xa3,
    0xd8, 0xc3, 0xa3, 0xd8, 0xc2, 0xa1, 0xd4, 0xbd, 0x9c, 0xc1, 0xa8, 0x88,
    0xab, 0x90, 0x72, 0xb2, 0x98, 0x7b, 0xc4, 0xaa, 0x91, 0xdd, 0xc6, 0xb2,
    0xea, 0xd6, 0xc6, 0xef, 0xe2, 0xd1, 0xe6, 0xdd, 0xc7, 0xe6, 0xe2, 0xc6,
    0xd8, 0xd6, 0xb6, 0xdb, 0xda, 0xb2, 0xe4, 0xe4, 0xb5, 0xd3, 0xd3, 0xa7,
    0xd7, 0xd7, 0xae, 0xc7, 0xc8, 0x98, 0xa3, 0xa8, 0x6b, 0xa0, 0xa8, 0x60,
    0x9a, 0x7a, 0x5d, 0x9a, 0x7a, 0x5d, 0x9d, 0x7d, 0x60, 0x9c, 0x7b, 0x5f,
    0x9b, 0x7b, 0x5e, 0xa6, 0x87, 0x6a, 0xb6, 0x96, 0x7a, 0xbc, 0x9d, 0x81,
    0xb9, 0x9b, 0x7f, 0xb3, 0x95, 0x7a, 0xa6, 0x8b, 0x71, 0x93, 0x7a, 0x5f,
    0x7f, 0x68, 0x4e, 0x6c, 0x5b, 0x41, 0x6e, 0x5d, 0x44, 0x70, 0x5e, 0x45,
    0x77, 0x64, 0x4a, 0x8a, 0x76, 0x5b, 0xa7, 0x91, 0x76, 0xaf, 0x97, 0x7b,
    0xac, 0x91, 0x74, 0xaf, 0x95, 0x78, 0xb4, 0x97, 0x7b, 0xb1, 0x92, 0x76,
    0xb8, 0x98, 0x7e, 0xbc, 0x9c, 0x81, 0xb3, 0x94, 0x77, 0xb0, 0x92, 0x74,
    0xad, 0x8f, 0x72, 0xad, 0x8f, 0x71, 0xb3, 0x95, 0x77, 0xb6, 0x98, 0x7a,
    0xc1, 0xa4, 0x87, 0xc4, 0xa9, 0x8b, 0xbb, 0x9f, 0x81, 0xbe, 0xa3, 0x83,
    0xc9, 0xad, 0x8c, 0xcf, 0xb2, 0x8f, 0xc6, 0xa7, 0x84, 0xa9, 0x90, 0x6e,
    0x9b, 0x83, 0x63, 0x9d, 0x85, 0x65, 0x9c, 0x83, 0x64, 0xa5, 0x8d, 0x6e,
    0xb3, 0x9b, 0x7d, 0xbf, 0xa6, 0x88, 0xcc, 0xb1, 0x94, 0xc6, 0xad, 0x8f,
    0xbe, 0xa5, 0x87, 0xb7, 0xa0, 0x81, 0xc3, 0xab, 0x8e, 0xd8, 0xc1, 0xa4,
    0xe3, 0xcf, 0xb5, 0xec, 0xd7, 0xbf, 0xef, 0xdb, 0xc3, 0xf2, 0xde, 0xc6,
    0xf0, 0xdc, 0xc3, 0xec, 0xd8, 0xbf, 0xe5, 0xd2, 0xba, 0xda, 0xca, 0xb4,
    0xd3, 0xc5, 0xac, 0xcb, 0xbd, 0xa1, 0xca, 0xbb, 0x9e, 0xd6, 0xc6, 0xac,
    0xdd, 0xcd, 0xb5, 0xd4, 0xc0, 0xae, 0xce, 0xb6, 0xa5, 0xd0, 0xb9, 0xa2,
    0xd9, 0xc3, 0xa9, 0xdc, 0xc7, 0xaa, 0xd5, 0xc1, 0xa5, 0xcd, 0xb9, 0x9f,
    0xc3, 0xb3, 0x96, 0xb3, 0xa5, 0x84, 0xb0, 0xa2, 0x7d, 0xba, 0xac, 0x85,
    0xbf, 0xb0, 0x89, 0xc2, 0xb2, 0x8d, 0xc6, 0xb4, 0x93, 0xc3, 0xaf, 0x92,
    0xb9, 0xa4, 0x87, 0xb6, 0xa2, 0x85, 0xc0, 0xac, 0x8f, 0xc9, 0xb5, 0x98,
    0xcc, 0xb8, 0x9b, 0xcc, 0xb6, 0x9b, 0xce, 0xb8, 0x9e, 0xcb, 0xb8, 0x9c,
    0xcb, 0xb9, 0x9d, 0xc4, 0xb4, 0x96, 0xc3, 0xb4, 0x94, 0xc4, 0xb7, 0x97,
    0xbc, 0xb3, 0x91, 0xc2, 0xb9, 0x93, 0xc3, 0xbc, 0x90, 0xbe, 0xb7, 0x89,
    0xb7, 0xb0, 0x83, 0xb2, 0xab, 0x81, 0xb6, 0xaa, 0x86, 0xb9, 0xaa, 0x89,
    0xbe, 0xaf, 0x8e, 0xc6, 0xb7, 0x96, 0xc8, 0xba, 0x99, 0xc6, 0xb7, 0x97,
    0xc2, 0xb3, 0x94, 0xc2, 0xb1, 0x93, 0xc5, 0xb4, 0x97, 0xca, 0xb8, 0x9d,
    0xc8, 0xb5, 0x9b, 0xbf, 0xac, 0x93, 0xbf, 0xad, 0x94, 0xc5, 0xb5, 0x9a,
    0xce, 0xc1, 0xa3, 0xda, 0xce, 0xb2, 0xd9, 0xce, 0xb0, 0xcc, 0xc1, 0xa0,
    0xc3, 0xb9, 0x93, 0xba, 0xb1, 0x89, 0xb9, 0xaf, 0x8a, 0xbc, 0xb0, 0x8d,
    0xc2, 0xb4, 0x91, 0xc5, 0xb6, 0x94, 0xd1, 0xc1, 0x9f, 0xdf, 0xcc, 0xab,
    0xe2, 0xd1, 0xb0, 0xe2, 0xd3, 0xb2, 0xe3, 0xd4, 0xb4, 0xe3, 0xd4, 0xb6,
    0xe5, 0xd7, 0xb5, 0xea, 0xdb, 0xb6, 0xe9, 0xdc, 0xb2, 0xe2, 0xdb, 0xae,
    0xdd, 0xd8, 0xaa, 0xdc, 0xd6, 0xa8, 0xdb, 0xd5, 0xa6, 0xd9, 0xd1, 0xa2,
    0xd3, 0xca, 0x9b, 0xc9, 0xc0, 0x8e, 0xba, 0xb4, 0x79, 0xb2, 0xad, 0x6f,
    0xb0, 0xad, 0x6d, 0xb5, 0xb4, 0x74, 0xbb, 0xba, 0x7e, 0xbb, 0xbb, 0x80,
    0xb7, 0xb9, 0x7a, 0xb5, 0xb7, 0x77, 0xb3, 0xb6, 0x75, 0xb2, 0xb5, 0x72,
    0xaf, 0xb1, 0x6e, 0xab, 0xae, 0x69, 0xa7, 0xac, 0x62, 0xa2, 0xac, 0x59,
    0xa1, 0xab, 0x57, 0xa1, 0xab, 0x58, 0xa1, 0xad, 0x59, 0xa2, 0xae, 0x5b,
    0xa1, 0xae, 0x5a, 0x9f, 0xab, 0x5c, 0xa1, 0xac, 0x5f, 0xa3, 0xac, 0x5e,
    0xa2, 0xab, 0x5b, 0xa4, 0xab, 0x5b, 0xa5, 0xac, 0x5a, 0xa4, 0xaa, 0x59,
    0xa3, 0xad, 0x5a, 0xa4, 0xae, 0x5b, 0xa4, 0xae, 0x5b, 0xa2, 0xad, 0x59,
    0xa2, 0xac, 0x58, 0xa3, 0xad, 0x59, 0xa2, 0xad, 0x51, 0xa3, 0xae, 0x4d,
    0xa2, 0xad, 0x4d, 0xa0, 0xad, 0x4d, 0x9f, 0xad, 0x4e, 0x9d, 0xac, 0x4e,
    0x9e, 0xad, 0x50, 0x9e, 0xab, 0x4f, 0x9d, 0xaa, 0x4e, 0x9c, 0xaa, 0x4c,
    0x9c, 0xab, 0x4b, 0x9c, 0xac, 0x4a, 0x9c, 0xac, 0x49, 0x9d, 0xaa, 0x47,
    0x9f, 0xab, 0x48, 0x9e, 0xaa, 0x4b, 0x9f, 0xa7, 0x52, 0x90, 0x90, 0x4a,
    0x6f, 0x66, 0x2d, 0x71, 0x61, 0x35, 0x77, 0x65, 0x44, 0x71, 0x5e, 0x43,
    0x65, 0x50, 0x38, 0x59, 0x41, 0x29, 0x55, 0x3d, 0x22, 0x6e, 0x55, 0x36,
    0x85, 0x6a, 0x46, 0x92, 0x75, 0x50, 0x95, 0x79, 0x53, 0x95, 0x77, 0x52,
    0x92, 0x73, 0x4e, 0x97, 0x76, 0x52, 0xbb, 0x9c, 0x77, 0xd2, 0xba, 0x97,
    0xd5, 0xbe, 0x9c, 0xd7, 0xc0, 0x9e, 0xd1, 0xba, 0x99, 0xb7, 0xa0, 0x80,
    0xb0, 0x98, 0x79, 0xb7, 0xa0, 0x82, 0xc8, 0xb1, 0x98, 0xd6, 0xc1, 0xaa,
    0xdf, 0xcb, 0xb6, 0xe2, 0xd1, 0xbd, 0xdf, 0xd1, 0xbb, 0xda, 0xcd, 0xb5,
    0xd5, 0xcb, 0xb2, 0xd6, 0xd0, 0xb3, 0xd5, 0xd0, 0xb0, 0xcf, 0xcb, 0xa9,
    0xca, 0xc6, 0xa4, 0xbe, 0xbe, 0x97, 0xb7, 0xb8, 0x89, 0xb2, 0xb4, 0x7c,
    0x97, 0x78, 0x5b, 0x98, 0x79, 0x5c, 0x9a, 0x7b, 0x5e, 0x99, 0x7a, 0x5d,
    0x97, 0x78, 0x5b, 0xa0, 0x81, 0x64, 0xb0, 0x91, 0x74, 0xb7, 0x98, 0x7b,
    0xb2, 0x95, 0x77, 0xae, 0x91, 0x75, 0xa7, 0x8d, 0x72, 0x91, 0x77, 0x5d,
    0x80, 0x67, 0x4e, 0x75, 0x62, 0x49, 0x71, 0x5f, 0x47, 0x6f, 0x5c, 0x44,
    0x72, 0x5d, 0x43, 0x7b, 0x66, 0x4b, 0x90, 0x79, 0x5d, 0x9c, 0x84, 0x67,
    0xa3, 0x8a, 0x6c, 0xa8, 0x8f, 0x71, 0xac, 0x90, 0x73, 0xab, 0x8d, 0x71,
    0xac, 0x8d, 0x71, 0xac, 0x8d, 0x71, 0xaf, 0x90, 0x72, 0xaf, 0x90, 0x71,
    0xa3, 0x84, 0x65, 0xa0, 0x81, 0x63, 0xab, 0x8c, 0x6e, 0xb3, 0x94, 0x76,
    0xc3, 0xa6, 0x87, 0xc7, 0xac, 0x8e, 0xba, 0x9e, 0x80, 0xc0, 0xa3, 0x83,
    0xcf, 0xb1, 0x90, 0xcd, 0xae, 0x8c, 0xc3, 0xa3, 0x80, 0xb6, 0x9b, 0x7a,
    0xa8, 0x8f, 0x70, 0x96, 0x7d, 0x5e, 0x93, 0x7a, 0x5b, 0xa4, 0x8b, 0x6c,
    0xb0, 0x97, 0x78, 0xb1, 0x97, 0x78, 0xb7, 0x9b, 0x7e, 0xb7, 0x9c, 0x7f,
    0xb6, 0x9d, 0x7f, 0xaf, 0x97, 0x78, 0xa8, 0x90, 0x71, 0xab, 0x95, 0x76,
    0xb8, 0xa3, 0x89, 0xd2, 0xbc, 0xa5, 0xe5, 0xcf, 0xb8, 0xec, 0xd6, 0xbf,
    0xed, 0xd7, 0xc0, 0xea, 0xd4, 0xbd, 0xe8, 0xd3, 0xbc, 0xe3, 0xd1, 0xbc,
    0xd9, 0xc9, 0xb1, 0xc4, 0xb5, 0x99, 0xbe, 0xaf, 0x92, 0xda, 0xca, 0xb0,
    0xe7, 0xd6, 0xc0, 0xdb, 0xc6, 0xb4, 0xd3, 0xba, 0xa8, 0xca, 0xb2, 0x9a,
    0xcf, 0xb7, 0x9c, 0xdf, 0xc7, 0xab, 0xdd, 0xc5, 0xaa, 0xd2, 0xba, 0xa2,
    0xca, 0xb7, 0x9d, 0xbb, 0xab, 0x8b, 0xb3, 0xa4, 0x80, 0xba, 0xab, 0x84,
    0xba, 0xab, 0x85, 0xbc, 0xac, 0x88, 0xbe, 0xad, 0x8e, 0xba, 0xa6, 0x8c,
    0xb6, 0xa2, 0x89, 0xbd, 0xa9, 0x90, 0xc9, 0xb5, 0x9c, 0xcc, 0xb8, 0x9f,
    0xca, 0xb6, 0x9d, 0xc9, 0xb1, 0x9c, 0xbe, 0xa6, 0x91, 0xbb, 0xa6, 0x8e,
    0xcb, 0xb6, 0x9c, 0xd3, 0xc1, 0xa3, 0xd3, 0xc2, 0xa4, 0xc9, 0xbb, 0x9a,
    0xbb, 0xb2, 0x90, 0xbd, 0xb5, 0x8e, 0xbf, 0xb8, 0x8c, 0xbc, 0xb5, 0x87,
    0xb1, 0xaa, 0x7f, 0xac, 0xa4, 0x7b, 0xaf, 0xa2, 0x80, 0xb5, 0xa6, 0x86,
    0xc1, 0xb2, 0x93, 0xcb, 0xbc, 0x9e, 0xc9, 0xb9, 0x9d, 0xc5, 0xb5, 0x9b,
    0xbc, 0xac, 0x92, 0xbb, 0xaa, 0x8e, 0xbf, 0xae, 0x93, 0xc4, 0xb3, 0x99,
    0xc8, 0xb7, 0x9d, 0xc2, 0xb0, 0x97, 0xba, 0xa9, 0x90, 0xb8, 0xa9, 0x8e,
    0xcf, 0xc1, 0xa5, 0xe2, 0xd5, 0xba, 0xe3, 0xd5, 0xbb, 0xd9, 0xcc, 0xaf,
    0xd2, 0xc5, 0xa1, 0xc7, 0xbc, 0x95, 0xc9, 0xbd, 0x99, 0xcc, 0xbd, 0x9c,
    0xc4, 0xb5, 0x93, 0xc3, 0xb1, 0x90, 0xd1, 0xbd, 0x9b, 0xdf, 0xc9, 0xa7,
    0xe1, 0xcf, 0xae, 0xe1, 0xd2, 0xb3, 0xe4, 0xd4, 0xb8, 0xe7, 0xd7, 0xbd,
    0xe7, 0xd8, 0xba, 0xe9, 0xda, 0xb8, 0xea, 0xdd, 0xb6, 0xe5, 0xdd, 0xb4,
    0xe1, 0xda, 0xb1, 0xe2, 0xd9, 0xb0, 0xe3, 0xd7, 0xb0, 0xe1, 0xd4, 0xae,
    0xdb, 0xcd, 0xa8, 0xd0, 0xc1, 0x9b, 0xbf, 0xb2, 0x87, 0xba, 0xae, 0x7f,
    0xbe, 0xb4, 0x82, 0xc5, 0xbe, 0x8d, 0xce, 0xc7, 0x9a, 0xd2, 0xcc, 0xa2,
    0xd3, 0xcf, 0xa4, 0xd2, 0xcf, 0xa2, 0xd2, 0xcf, 0xa1, 0xcf, 0xcd, 0x9c,
    0xc9, 0xc6, 0x95, 0xc1, 0xbf, 0x8d, 0xbb, 0xbb, 0x83, 0xb2, 0xb4, 0x73,
    0xab, 0xae, 0x6d, 0xaa, 0xaf, 0x6d, 0xaa, 0xb1, 0x6d, 0xa8, 0xb0, 0x6d,
    0xa6, 0xaf, 0x6c, 0xa5, 0xad, 0x6b, 0xa7, 0xad, 0x6b, 0xac, 0xb0, 0x6d,
    0xae, 0xb1, 0x6c, 0xaf, 0xb1, 0x6c, 0xb2, 0xb3, 0x6c, 0xb1, 0xb2, 0x6b,
    0xad, 0xb1, 0x69, 0xac, 0xb0, 0x68, 0xac, 0xb0, 0x67, 0xab, 0xaf, 0x67,
    0xa9, 0xae, 0x65, 0xa8, 0xad, 0x64, 0xa7, 0xad, 0x59, 0xa5, 0xac, 0x52,
    0xa3, 0xab, 0x52, 0xa1, 0xaa, 0x53, 0x9f, 0xa9, 0x53, 0x9d, 0xa8, 0x53,
    0x9e, 0xaa, 0x55, 0xa0, 0xaa, 0x55, 0x9f, 0xa9, 0x53, 0x9d, 0xa8, 0x52,
    0x9b, 0xa7, 0x50, 0x9a, 0xa8, 0x4f, 0x9b, 0xa8, 0x4f, 0x9c, 0xa7, 0x4e,
    0x9e, 0xa8, 0x4f, 0x9f, 0xaa, 0x51, 0x9f, 0xa7, 0x54, 0xa2, 0xa4, 0x5c,
    0x8f, 0x89, 0x4f, 0x72, 0x64, 0x37, 0x6b, 0x58, 0x3b, 0x67, 0x53, 0x3b,
    0x5a, 0x44, 0x2e, 0x57, 0x3f, 0x29, 0x5f, 0x46, 0x2c, 0x74, 0x5c, 0x3b,
    0x8c, 0x72, 0x4d, 0x9a, 0x7e, 0x57, 0x9e, 0x81, 0x5b, 0x9b, 0x7d, 0x57,
    0x95, 0x76, 0x50, 0x95, 0x77, 0x51, 0xb5, 0x98, 0x72, 0xcd, 0xb5, 0x90,
    0xce, 0xb8, 0x93, 0xcf, 0xb8, 0x96, 0xca, 0xb3, 0x93, 0xbc, 0xa5, 0x85,
    0xc4, 0xad, 0x8f, 0xcd, 0xb6, 0x9a, 0xd6, 0xc0, 0xa7, 0xde, 0xca, 0xb1,
    0xe2, 0xce, 0xb6, 0xde, 0xcc, 0xb5, 0xe3, 0xd3, 0xbc, 0xe4, 0xd4, 0xbe,
    0xde, 0xd1, 0xbb, 0xe0, 0xd5, 0xbf, 0xe5, 0xdb, 0xc1, 0xe4, 0xdc, 0xc0,
    0xdd, 0xd8, 0xb8, 0xd5, 0xd1, 0xaf, 0xcf, 0xcc, 0xa5, 0xc9, 0xc7, 0x97,
    0x8c, 0x6e, 0x51, 0x8f, 0x71, 0x54, 0x93, 0x75, 0x57, 0x92, 0x74, 0x57,
    0x90, 0x72, 0x54, 0x95, 0x77, 0x5a, 0xa0, 0x82, 0x64, 0xa1, 0x82, 0x65,
    0x9a, 0x7d, 0x5f, 0x98, 0x7b, 0x5f, 0x9b, 0x80, 0x65, 0x91, 0x77, 0x5d,
    0x85, 0x6c, 0x53, 0x82, 0x6e, 0x56, 0x81, 0x6e, 0x56, 0x77, 0x63, 0x4b,
    0x77, 0x62, 0x48, 0x7b, 0x65, 0x4b, 0x86, 0x6e, 0x52, 0x93, 0x7a, 0x5e,
    0x9e, 0x85, 0x67, 0xa2, 0x89, 0x6b, 0xa1, 0x86, 0x69, 0xa6, 0x88, 0x6c,
    0xa0, 0x81, 0x65, 0x9a, 0x7b, 0x5f, 0xa3, 0x84, 0x65, 0xa9, 0x8b, 0x6a,
    0xa4, 0x86, 0x65, 0xa8, 0x89, 0x68, 0xaf, 0x91, 0x70, 0xb4, 0x95, 0x75,
    0xc0, 0xa3, 0x84, 0xc9, 0xad, 0x8f, 0xbe, 0xa2, 0x84, 0xc2, 0xa5, 0x85,
    0xc8, 0xaa, 0x88, 0xc2, 0xa3, 0x81, 0xbf, 0x9f, 0x7c, 0xbb, 0xa0, 0x7f,
    0xb2, 0x99, 0x7a, 0x9d, 0x84, 0x65, 0x9f, 0x86, 0x67, 0xae, 0x95, 0x76,
    0xb5, 0x9c, 0x7d, 0xb6, 0x9c, 0x7d, 0xb8, 0x9b, 0x7e, 0xb5, 0x9a, 0x7d,
    0xbc, 0xa3, 0x85, 0xbf, 0xa6, 0x88, 0xaf, 0x98, 0x79, 0x9f, 0x88, 0x6a,
    0xa1, 0x8b, 0x71, 0xbe, 0xa8, 0x91, 0xd6, 0xc0, 0xa9, 0xdc, 0xc6, 0xaf,
    0xe2, 0xcc, 0xb5, 0xe3, 0xcd, 0xb6, 0xe3, 0xcf, 0xb8, 0xe3, 0xd1, 0xbc,
    0xdc, 0xcc, 0xb3, 0xc6, 0xb7, 0x9b, 0xbd, 0xae, 0x91, 0xd8, 0xc8, 0xae,
    0xe3, 0xd3, 0xbc, 0xde, 0xc9, 0xb6, 0xd9, 0xc0, 0xad, 0xc6, 0xae, 0x96,
    0xc3, 0xab, 0x90, 0xd8, 0xc0, 0xa4, 0xde, 0xc6, 0xab, 0xd5, 0xbe, 0xa6,
    0xd3, 0xbf, 0xa5, 0xc4, 0xb2, 0x92, 0xb5, 0xa4, 0x80, 0xba, 0xa9, 0x83,
    0xc0, 0xaf, 0x89, 0xbf, 0xae, 0x8b, 0xbc, 0xa9, 0x8b, 0xb9, 0xa4, 0x8b,
    0xb6, 0xa1, 0x89, 0xc5, 0xb0, 0x97, 0xd6, 0xc1, 0xa8, 0xd6, 0xc1, 0xa8,
    0xcf, 0xba, 0xa1, 0xd0, 0xb7, 0xa2, 0xc8, 0xaf, 0x9a, 0xc7, 0xb1, 0x9a,
    0xda, 0xc5, 0xac, 0xe5, 0xd2, 0xb6, 0xe3, 0xd2, 0xb4, 0xd9, 0xca, 0xab,
    0xcb, 0xc1, 0xa0, 0xbf, 0xb6, 0x91, 0xb9, 0xb1, 0x87, 0xbb, 0xb3, 0x87,
    0xb2, 0xaa, 0x7f, 0xaf, 0xa6, 0x7f, 0xb5, 0xa7, 0x87, 0xbd, 0xae, 0x90,
    0xcc, 0xbd, 0xa0, 0xd6, 0xc7, 0xab, 0xcf, 0xbf, 0xa5, 0xca, 0xba, 0xa2,
    0xc0, 0xb0, 0x97, 0xc0, 0xaf, 0x94, 0xc5, 0xb4, 0x9a, 0xc9, 0xb8, 0x9e,
    0xcc, 0xbb, 0xa0, 0xc8, 0xb7, 0x9c, 0xbd, 0xac, 0x92, 0xb8, 0xa8, 0x8e,
    0xd4, 0xc6, 0xac, 0xe8, 0xd9, 0xc1, 0xe8, 0xda, 0xc1, 0xe1, 0xd3, 0xb8,
    0xdd, 0xcf, 0xaf, 0xd5, 0xc7, 0xa5, 0xd3, 0xc2, 0xa3, 0xcf, 0xbe, 0x9f,
    0xc5, 0xb2, 0x92, 0xc6, 0xb2, 0x91, 0xd5, 0xc0, 0x9c, 0xde, 0xc7, 0xa2,
    0xdb, 0xc8, 0xa6, 0xde, 0xcf, 0xb1, 0xe7, 0xd7, 0xbd, 0xec, 0xdc, 0xc3,
    0xe7, 0xd8, 0xbc, 0xe6, 0xd7, 0xb6, 0xe6, 0xd9, 0xb3, 0xe5, 0xda, 0xaf,
    0xe2, 0xd8, 0xae, 0xe4, 0xd7, 0xaf, 0xe5, 0xd7, 0xb1, 0xe7, 0xd7, 0xb4,
    0xe3, 0xd1, 0xb0, 0xd5, 0xc4, 0xa5, 0xc3, 0xb3, 0x94, 0xc1, 0xb3, 0x90,
    0xca, 0xbd, 0x98, 0xd3, 0xc8, 0xa5, 0xd9, 0xcf, 0xb0, 0xe0, 0xd6, 0xbb,
    0xe5, 0xdf, 0xc4, 0xe6, 0xe0, 0xc6, 0xe6, 0xe1, 0xc4, 0xe4, 0xdf, 0xc1,
    0xdf, 0xda, 0xba, 0xda, 0xd5, 0xb5, 0xd6, 0xd2, 0xae, 0xce, 0xca, 0xa0,
    0xc4, 0xc1, 0x97, 0xc2, 0xc1, 0x96, 0xc1, 0xc1, 0x95, 0xbd, 0xbf, 0x93,
    0xbc, 0xbf, 0x93, 0xbc, 0xbf, 0x8e, 0xba, 0xbc, 0x88, 0xbc, 0xbb, 0x87,
    0xbe, 0xbd, 0x88, 0xc2, 0xbf, 0x8a, 0xc5, 0xc2, 0x8a, 0xc5, 0xc2, 0x89,
    0xc5, 0xc4, 0x8a, 0xc8, 0xc8, 0x8d, 0xc5, 0xc4, 0x89, 0xc0, 0xbf, 0x85,
    0xbf, 0xbe, 0x84, 0xbc, 0xbb, 0x80, 0xb8, 0xb8, 0x75, 0xb2, 0xb4, 0x6b,
    0xad, 0xaf, 0x68, 0xaa, 0xae, 0x67, 0xa7, 0xab, 0x66, 0xa5, 0xac, 0x67,
    0xa7, 0xad, 0x6a, 0xa7, 0xad, 0x68, 0xa8, 0xac, 0x69, 0xa6, 0xab, 0x65,
    0xa3, 0xaa, 0x62, 0xa3, 0xa9, 0x61, 0xa2, 0xa9, 0x60, 0xa2, 0xa8, 0x5f,
    0xa2, 0xa9, 0x60, 0xa1, 0xa9, 0x5f, 0xa0, 0xa7, 0x60, 0xa6, 0xa7, 0x67,
    0xa3, 0x9b, 0x66, 0x83, 0x74, 0x4a, 0x68, 0x55, 0x36, 0x5e, 0x49, 0x2e,
    0x5b, 0x44, 0x2d, 0x69, 0x51, 0x3a, 0x79, 0x5f, 0x44, 0x83, 0x69, 0x49,
    0x94, 0x79, 0x55, 0xa0, 0x84, 0x5e, 0xa5, 0x89, 0x63, 0xa4, 0x87, 0x61,
    0xa4, 0x87, 0x61, 0xad, 0x90, 0x6a, 0xc3, 0xa7, 0x82, 0xcb, 0xb4, 0x90,
    0xc9, 0xb4, 0x90, 0xc9, 0xb4, 0x92, 0xc9, 0xb3, 0x93, 0xc9, 0xb3, 0x94,
    0xd7, 0xc1, 0xa4, 0xdf, 0xc9, 0xad, 0xe5, 0xcf, 0xb6, 0xe7, 0xd2, 0xba,
    0xe6, 0xd2, 0xba, 0xe4, 0xd2, 0xba, 0xe8, 0xd8, 0xc1, 0xe8, 0xd8, 0xc3,
    0xe6, 0xd6, 0xc2, 0xe5, 0xd6, 0xc1, 0xe8, 0xdb, 0xc2, 0xeb, 0xe1, 0xc6,
    0xe9, 0xe1, 0xc4, 0xe4, 0xdd, 0xbf, 0xdf, 0xd9, 0xb6, 0xda, 0xd5, 0xac,
    0x7a, 0x5d, 0x3f, 0x7f, 0x62, 0x44, 0x83, 0x66, 0x48, 0x84, 0x67, 0x49,
    0x81, 0x64, 0x46, 0x86, 0x69, 0x4b, 0x8e, 0x70, 0x52, 0x8c, 0x6d, 0x50,
    0x89, 0x6b, 0x4e, 0x8b, 0x6e, 0x52, 0x8d, 0x72, 0x57, 0x86, 0x6c, 0x52,
    0x7c, 0x63, 0x4a, 0x82, 0x6f, 0x56, 0x8e, 0x7a, 0x62, 0x86, 0x72, 0x59,
    0x85, 0x70, 0x55, 0x85, 0x6d, 0x53, 0x86, 0x6c, 0x51, 0x90, 0x76, 0x5a,
    0x99, 0x80, 0x62, 0x9c, 0x83, 0x65, 0x9f, 0x84, 0x67, 0xa3, 0x85, 0x69,
    0x98, 0x79, 0x5d, 0x90, 0x71, 0x55, 0x9a, 0x7b, 0x5c, 0xa2, 0x84, 0x62,
    0xa7, 0x89, 0x67, 0xab, 0x8d, 0x6b, 0xaa, 0x8c, 0x6a, 0xad, 0x8f, 0x6d,
    0xb1, 0x94, 0x73, 0xb5, 0x99, 0x7b, 0xb4, 0x97, 0x79, 0xb6, 0x99, 0x79,
    0xb6, 0x98, 0x76, 0xb4, 0x95, 0x73, 0xbc, 0x9b, 0x79, 0xbf, 0xa4, 0x83,
    0xbc, 0xa2, 0x83, 0xb0, 0x96, 0x77, 0xb6, 0x9c, 0x7d, 0xc2, 0xa9, 0x89,
    0xc6, 0xac, 0x8d, 0xc5, 0xaa, 0x8c, 0xba, 0x9e, 0x81, 0xaf, 0x94, 0x77,
    0xb0, 0x96, 0x79, 0xbe, 0xa5, 0x87, 0xbd, 0xa6, 0x87, 0xb2, 0x9b, 0x7d,
    0xaf, 0x9a, 0x7f, 0xc1, 0xab, 0x94, 0xcd, 0xb7, 0x9f, 0xce, 0xb8, 0xa0,
    0xd7, 0xc1, 0xaa, 0xdf, 0xc9, 0xb1, 0xde, 0xc9, 0xb2, 0xdd, 0xcb, 0xb5,
    0xd6, 0xc6, 0xac, 0xc4, 0xb5, 0x98, 0xc1, 0xb1, 0x95, 0xd6, 0xc5, 0xab,
    0xdd, 0xcc, 0xb6, 0xdd, 0xc8, 0xb4, 0xd6, 0xbd, 0xa9, 0xc2, 0xa9, 0x91,
    0xbc, 0xa5, 0x87, 0xd1, 0xb9, 0x9b, 0xdb, 0xc3, 0xa7, 0xd8, 0xc0, 0xa7,
    0xd7, 0xc2, 0xa8, 0xc6, 0xb3, 0x94, 0xb6, 0xa3, 0x7f, 0xc1, 0xae, 0x88,
    0xcd, 0xbb, 0x95, 0xcb, 0xb9, 0x96, 0xc0, 0xad, 0x8e, 0xb8, 0xa2, 0x8a,
    0xb2, 0x9c, 0x84, 0xc4, 0xae, 0x96, 0xdd, 0xc7, 0xaf, 0xdd, 0xc7, 0xaf,
    0xd4, 0xbe, 0xa6, 0xd8, 0xbf, 0xa8, 0xd8, 0xbe, 0xa8, 0xda, 0xc2, 0xab,
    0xe7, 0xd2, 0xb9, 0xea, 0xd6, 0xbb, 0xe4, 0xd2, 0xb5, 0xdd, 0xcd, 0xaf,
    0xd0, 0xc4, 0xa4, 0xc0, 0xb5, 0x91, 0xba, 0xb0, 0x88, 0xc1, 0xb7, 0x8c,
    0xbe, 0xb4, 0x8b, 0xc1, 0xb6, 0x90, 0xc4, 0xb6, 0x97, 0xc9, 0xba, 0x9d,
    0xd4, 0xc5, 0xa9, 0xdc, 0xcc, 0xb3, 0xd8, 0xc8, 0xaf, 0xd3, 0xc3, 0xab,
    0xcb, 0xba, 0xa3, 0xcd, 0xbc, 0xa2, 0xd2, 0xc1, 0xa7, 0xd3, 0xc2, 0xa7,
    0xd3, 0xc2, 0xa6, 0xd1, 0xc0, 0xa4, 0xca, 0xb9, 0x9c, 0xc4, 0xb4, 0x99,
    0xd5, 0xc6, 0xad, 0xe8, 0xd8, 0xc2, 0xec, 0xdc, 0xc7, 0xe8, 0xd9, 0xc2,
    0xe5, 0xd6, 0xbb, 0xdf, 0xd0, 0xb2, 0xdb, 0xc7, 0xac, 0xcd, 0xb9, 0x9d,
    0xbe, 0xa8, 0x8a, 0xc8, 0xb1, 0x90, 0xda, 0xc3, 0x9f, 0xdf, 0xc7, 0xa1,
    0xd8, 0xc4, 0xa4, 0xdf, 0xd0, 0xb5, 0xef, 0xdf, 0xc7, 0xf2, 0xe2, 0xcb,
    0xea, 0xdb, 0xc1, 0xe6, 0xd7, 0xb9, 0xe2, 0xd4, 0xb0, 0xe0, 0xd3, 0xa8,
    0xde, 0xd0, 0xa6, 0xe1, 0xd0, 0xa9, 0xe3, 0xd1, 0xae, 0xe9, 0xd4, 0xb5,
    0xe7, 0xd2, 0xb5, 0xdb, 0xc6, 0xad, 0xcb, 0xb9, 0xa1, 0xcd, 0xbc, 0xa1,
    0xd5, 0xc6, 0xaa, 0xdb, 0xce, 0xb3, 0xdf, 0xd3, 0xbd, 0xe9, 0xdc, 0xcb,
    0xf1, 0xe7, 0xda, 0xf1, 0xe9, 0xdc, 0xf0, 0xe8, 0xdb, 0xf1, 0xe9, 0xd9,
    0xef, 0xe8, 0xd6, 0xee, 0xe7, 0xd4, 0xed, 0xe5, 0xd1, 0xe7, 0xde, 0xc8,
    0xdf, 0xd7, 0xc0, 0xdd, 0xd6, 0xbf, 0xdb, 0xd6, 0xbd, 0xd8, 0xd4, 0xbb,
    0xd9, 0xd6, 0xbd, 0xda, 0xd8, 0xb8, 0xd7, 0xd3, 0xb0, 0xd3, 0xce, 0xaa,
    0xd1, 0xcb, 0xa6, 0xd2, 0xca, 0xa4, 0xd1, 0xc8, 0xa2, 0xce, 0xc5, 0x9d,
    0xcd, 0xc6, 0x9c, 0xd4, 0xce, 0xa3, 0xd4, 0xce, 0xa3, 0xd6, 0xd0, 0xa5,
    0xd8, 0xd2, 0xa7, 0xd5, 0xcf, 0xa4, 0xd1, 0xcc, 0x9a, 0xcd, 0xc8, 0x94,
    0xc8, 0xc5, 0x91, 0xc5, 0xc3, 0x90, 0xc3, 0xc2, 0x91, 0xc3, 0xc4, 0x93,
    0xc5, 0xc6, 0x96, 0xc6, 0xc6, 0x95, 0xc8, 0xc8, 0x96, 0xc5, 0xc4, 0x92,
    0xc1, 0xc1, 0x8c, 0xbe, 0xbd, 0x87, 0xbb, 0xba, 0x82, 0xb9, 0xb8, 0x80,
    0xb8, 0xb9, 0x81, 0xb6, 0xba, 0x80, 0xb7, 0xbb, 0x81, 0xba, 0xb9, 0x83,
    0xbc, 0xb3, 0x84, 0xa9, 0x9c, 0x73, 0x84, 0x72, 0x50, 0x68, 0x52, 0x35,
    0x65, 0x4e, 0x35, 0x82, 0x6a, 0x51, 0x93, 0x79, 0x5e, 0x94, 0x7a, 0x59,
    0x97, 0x7c, 0x59, 0x9f, 0x82, 0x5d, 0xa6, 0x8a, 0x65, 0xa9, 0x8d, 0x68,
    0xaf, 0x93, 0x6e, 0xc3, 0xa7, 0x82, 0xd4, 0xb9, 0x94, 0xd5, 0xbf, 0x9c,
    0xd2, 0xbe, 0x9b, 0xd5, 0xc1, 0xa0, 0xd5, 0xc0, 0xa1, 0xd6, 0xc1, 0xa3,
    0xe0, 0xcb, 0xae, 0xe5, 0xd0, 0xb4, 0xea, 0xd4, 0xbb, 0xe9, 0xd4, 0xbb,
    0xe5, 0xd2, 0xb9, 0xe3, 0xd1, 0xb9, 0xe6, 0xd6, 0xbf, 0xe9, 0xd9, 0xc3,
    0xe8, 0xd7, 0xc2, 0xe7, 0xd5, 0xc1, 0xea, 0xd9, 0xc2, 0xec, 0xde, 0xc5,
    0xed, 0xe0, 0xc7, 0xec, 0xe1, 0xc6, 0xe9, 0xdf, 0xc1, 0xe6, 0xdc, 0xba,
    0x7e, 0x61, 0x43, 0x80, 0x63, 0x45, 0x80, 0x64, 0x46, 0x7e, 0x62, 0x44,
    0x7d, 0x60, 0x42, 0x81, 0x64, 0x46, 0x87, 0x69, 0x4b, 0x87, 0x68, 0x4b,
    0x8a, 0x6c, 0x4f, 0x91, 0x74, 0x58, 0x88, 0x6d, 0x52, 0x7c, 0x62, 0x48,
    0x7a, 0x61, 0x48, 0x81, 0x6b, 0x53, 0x86, 0x72, 0x5a, 0x7f, 0x69, 0x51,
    0x85, 0x6e, 0x55, 0x86, 0x6d, 0x53, 0x80, 0x65, 0x4a, 0x86, 0x6c, 0x50,
    0x89, 0x70, 0x52, 0x8c, 0x73, 0x55, 0xa2, 0x87, 0x6a, 0xaf, 0x91, 0x75,
    0xa4, 0x85, 0x69, 0x9d, 0x7e, 0x61, 0xa4, 0x85, 0x66, 0xa3, 0x85, 0x63,
    0xa6, 0x88, 0x66, 0xa4, 0x86, 0x64, 0x9c, 0x7e, 0x5c, 0xa6, 0x88, 0x66,
    0xa2, 0x85, 0x64, 0x9d, 0x81, 0x63, 0xa4, 0x88, 0x6a, 0xa5, 0x88, 0x69,
    0xa1, 0x83, 0x61, 0xa4, 0x85, 0x63, 0xaf, 0x8f, 0x6c, 0xb7, 0x9a, 0x78,
    0xb8, 0x9e, 0x7d, 0xb7, 0x9d, 0x7b, 0xbb, 0xa1, 0x7f, 0xc4, 0xaa, 0x89,
    0xca, 0xaf, 0x8e, 0xc6, 0xaa, 0x8b, 0xbb, 0x9e, 0x81, 0xab, 0x90, 0x73,
    0x9c, 0x82, 0x65, 0xb0, 0x97, 0x79, 0xbd, 0xa6, 0x87, 0xbd, 0xa6, 0x88,
    0xc2, 0xad, 0x91, 0xcb, 0xb5, 0x9d, 0xc9, 0xb3, 0x9b, 0xc5, 0xb0, 0x97,
    0xd2, 0xbc, 0xa4, 0xde, 0xc8, 0xb0, 0xdb, 0xc5, 0xad, 0xd2, 0xbf, 0xa9,
    0xc3, 0xb1, 0x97, 0xb1, 0x9f, 0x83, 0xb6, 0xa5, 0x87, 0xce, 0xbc, 0xa1,
    0xd8, 0xc5, 0xad, 0xda, 0xc4, 0xb0, 0xd2, 0xb9, 0xa4, 0xc3, 0xab, 0x91,
    0xbf, 0xa8, 0x89, 0xd0, 0xb9, 0x9a, 0xd9, 0xc1, 0xa4, 0xd7, 0xbf, 0xa5,
    0xd4, 0xbd, 0xa3, 0xc4, 0xaf, 0x91, 0xb9, 0xa5, 0x82, 0xc6, 0xb2, 0x8d,
    0xcf, 0xbb, 0x96, 0xcc, 0xb7, 0x95, 0xc4, 0xae, 0x90, 0xbb, 0xa5, 0x8c,
    0xb1, 0x9a, 0x82, 0xc4, 0xad, 0x95, 0xdd, 0xc7, 0xaf, 0xdd, 0xc6, 0xae,
    0xd6, 0xbf, 0xa7, 0xdb, 0xc2, 0xaa, 0xdc, 0xc2, 0xab, 0xde, 0xc6, 0xae,
    0xe8, 0xd1, 0xb9, 0xe4, 0xcf, 0xb6, 0xdb, 0xc7, 0xac, 0xd3, 0xc2, 0xa7,
    0xc9, 0xba, 0x9d, 0xb9, 0xab, 0x8a, 0xb4, 0xa7, 0x81, 0xbc, 0xaf, 0x86,
    0xc3, 0xb6, 0x8e, 0xca, 0xbd, 0x99, 0xce, 0xbf, 0xa0, 0xcd, 0xbe, 0xa2,
    0xd2, 0xc3, 0xa9, 0xd9, 0xc9, 0xb0, 0xdb, 0xcb, 0xb3, 0xd6, 0xc6, 0xaf,
    0xd5, 0xc4, 0xae, 0xdc, 0xcb, 0xb2, 0xe1, 0xd0, 0xb6, 0xdf, 0xce, 0xb2,
    0xdb, 0xca, 0xad, 0xdd, 0xcc, 0xae, 0xdb, 0xca, 0xab, 0xcf, 0xbf, 0xa3,
    0xcf, 0xbf, 0xa6, 0xe3, 0xd2, 0xbd, 0xed, 0xdc, 0xca, 0xec, 0xdb, 0xc7,
    0xe4, 0xd4, 0xbc, 0xdc, 0xcb, 0xb0, 0xd5, 0xbe, 0xa4, 0xc8, 0xb0, 0x95,
    0xb5, 0x9d, 0x7f, 0xc3, 0xaa, 0x8a, 0xd9, 0xc1, 0x9d, 0xdf, 0xc8, 0xa2,
    0xdb, 0xc9, 0xa9, 0xe8, 0xd9, 0xc2, 0xf6, 0xe8, 0xd3, 0xf5, 0xe6, 0xd3,
    0xef, 0xe1, 0xcb, 0xea, 0xdc, 0xc1, 0xe1, 0xd4, 0xb3, 0xdb, 0xcc, 0xa3,
    0xd9, 0xc8, 0xa0, 0xdb, 0xc9, 0xa3, 0xdf, 0xca, 0xa9, 0xe7, 0xd0, 0xb3,
    0xe8, 0xcf, 0xb6, 0xdb, 0xc5, 0xac, 0xcb, 0xb9, 0x9f, 0xcf, 0xbe, 0xa2,
    0xd5, 0xc5, 0xa8, 0xd6, 0xc7, 0xad, 0xdb, 0xcd, 0xb8, 0xe9, 0xdc, 0xcd,
    0xf4, 0xea, 0xe1, 0xf5, 0xec, 0xe6, 0xf3, 0xea, 0xe2, 0xf4, 0xec, 0xe2,
    0xf4, 0xec, 0xe2, 0xf3, 0xeb, 0xdf, 0xf4, 0xea, 0xdf, 0xf4, 0xe6, 0xdc,
    0xef, 0xe3, 0xd8, 0xec, 0xe2, 0xd7, 0xeb, 0xe1, 0xd6, 0xe8, 0xe1, 0xd5,
    0xec, 0xe6, 0xd9, 0xf0, 0xe9, 0xd9, 0xef, 0xe7, 0xd5, 0xe9, 0xe0, 0xcd,
    0xe4, 0xd9, 0xc6, 0xe1, 0xd5, 0xbf, 0xdc, 0xce, 0xb8, 0xd4, 0xc6, 0xae,
    0xcb, 0xc0, 0xa5, 0xd0, 0xc4, 0xa9, 0xdb, 0xcf, 0xb4, 0xe3, 0xd7, 0xbc,
    0xe6, 0xda, 0xbf, 0xe6, 0xda, 0xbf, 0xe5, 0xdb, 0xbb, 0xe8, 0xdf, 0xbe,
    0xe8, 0xe1, 0xc0, 0xe5, 0xde, 0xbf, 0xe1, 0xdc, 0xbe, 0xe2, 0xde, 0xc0,
    0xe5, 0xe1, 0xc4, 0xe8, 0xe4, 0xc7, 0xea, 0xe5, 0xc8, 0xe7, 0xe2, 0xc3,
    0xe3, 0xde, 0xbc, 0xe0, 0xd9, 0xb5, 0xdc, 0xd5, 0xae, 0xd8, 0xd1, 0xaa,
    0xd8, 0xd4, 0xad, 0xdc, 0xd9, 0xb1, 0xdb, 0xdb, 0xb0, 0xde, 0xda, 0xb1,
    0xde, 0xd5, 0xad, 0xcc, 0xbe, 0x97, 0xad, 0x9a, 0x76, 0x87, 0x71, 0x52,
    0x7f, 0x68, 0x4b, 0x96, 0x7d, 0x62, 0xa4, 0x89, 0x6c, 0xa1, 0x86, 0x65,
    0x99, 0x7d, 0x5a, 0x9a, 0x7c, 0x58, 0xa2, 0x86, 0x61, 0xad, 0x92, 0x6d,
    0xb8, 0x9e, 0x79, 0xcd, 0xb4, 0x8f, 0xdd, 0xc5, 0xa0, 0xdf, 0xca, 0xa6,
    0xde, 0xca, 0xa7, 0xe2, 0xce, 0xae, 0xe1, 0xcc, 0xad, 0xe0, 0xcb, 0xae,
    0xe3, 0xce, 0xb2, 0xe5, 0xd0, 0xb5, 0xe8, 0xd3, 0xb9, 0xe6, 0xd2, 0xb9,
    0xe2, 0xcf, 0xb6, 0xe0, 0xce, 0xb6, 0xdf, 0xcf, 0xb8, 0xe4, 0xd3, 0xbe,
    0xe9, 0xd6, 0xc0, 0xea, 0xd5, 0xc0, 0xe9, 0xd6, 0xc0, 0xe9, 0xd7, 0xc1,
    0xec, 0xdc, 0xc5, 0xee, 0xe0, 0xc8, 0xee, 0xe1, 0xc7, 0xef, 0xe1, 0xc7,
    0x81, 0x66, 0x48, 0x82, 0x67, 0x49, 0x7f, 0x64, 0x46, 0x7d, 0x62, 0x44,
    0x7c, 0x60, 0x42, 0x7b, 0x60, 0x41, 0x80, 0x63, 0x46, 0x87, 0x68, 0x4b,
    0x8a, 0x6c, 0x4f, 0x90, 0x73, 0x57, 0x8a, 0x6f, 0x54, 0x7c, 0x62, 0x48,
    0x82, 0x69, 0x50, 0x7f, 0x69, 0x51, 0x71, 0x5b, 0x44, 0x69, 0x53, 0x3b,
    0x76, 0x5e, 0x45, 0x7e, 0x64, 0x4a, 0x79, 0x5e, 0x43, 0x78, 0x5e, 0x42,
    0x72, 0x59, 0x3b, 0x7d, 0x64, 0x46, 0x9a, 0x7f, 0x62, 0xa9, 0x8b, 0x6f,
    0xa6, 0x87, 0x6b, 0xa4, 0x85, 0x68, 0xa4, 0x85, 0x65, 0x9f, 0x81, 0x5f,
    0xa0, 0x82, 0x60, 0x9c, 0x7e, 0x5d, 0x94, 0x75, 0x54, 0x94, 0x76, 0x54,
    0x8f, 0x71, 0x51, 0x93, 0x78, 0x5a, 0x97, 0x7b, 0x5c, 0x9a, 0x7d, 0x5d,
    0x99, 0x7b, 0x59, 0x9c, 0x7d, 0x5b, 0xa2, 0x82, 0x5f, 0xa6, 0x88, 0x65,
    0xab, 0x8e, 0x6c, 0xab, 0x8e, 0x6c, 0xad, 0x91, 0x6f, 0xb3, 0x96, 0x74,
    0xb9, 0x9d, 0x7b, 0xb9, 0x9d, 0x7c, 0xb4, 0x98, 0x7b, 0xa9, 0x8e, 0x71,
    0x8f, 0x75, 0x57, 0xa5, 0x8c, 0x6e, 0xb7, 0xa0, 0x81, 0xb8, 0xa2, 0x83,
    0xbc, 0xa7, 0x8b, 0xc1, 0xac, 0x92, 0xbd, 0xa8, 0x8d, 0xba, 0xa5, 0x8b,
    0xc9, 0xb4, 0x99, 0xd8, 0xc3, 0xa9, 0xdb, 0xc6, 0xac, 0xcc, 0xb7, 0xa0,
    0xb4, 0xa0, 0x86, 0xa3, 0x90, 0x72, 0xa4, 0x91, 0x72, 0xb5, 0xa1, 0x85,
    0xc5, 0xb1, 0x98, 0xce, 0xb8, 0xa3, 0xd1, 0xb9, 0xa3, 0xcb, 0xb3, 0x99,
    0xcc, 0xb5, 0x95, 0xd4, 0xbd, 0x9d, 0xd9, 0xc1, 0xa3, 0xd6, 0xbe, 0xa3,
    0xd2, 0xb9, 0xa0, 0xc4, 0xad, 0x8f, 0xbe, 0xa7, 0x85, 0xc6, 0xb0, 0x8c,
    0xc3, 0xad, 0x88, 0xc3, 0xac, 0x8a, 0xc7, 0xb0, 0x92, 0xc4, 0xac, 0x94,
    0xae, 0x96, 0x7f, 0xbf, 0xa7, 0x8f, 0xd9, 0xc1, 0xa9, 0xd7, 0xbf, 0xa7,
    0xd6, 0xbe, 0xa6, 0xdb, 0xc0, 0xa8, 0xd8, 0xbd, 0xa5, 0xd9, 0xc0, 0xa8,
    0xe5, 0xcd, 0xb5, 0xe3, 0xcd, 0xb4, 0xdc, 0xc6, 0xae, 0xd4, 0xc0, 0xa7,
    0xca, 0xb9, 0x9e, 0xb9, 0xa9, 0x89, 0xaa, 0x9b, 0x76, 0xab, 0x9c, 0x75,
    0xb3, 0xa3, 0x7e, 0xc2, 0xb2, 0x91, 0xc9, 0xba, 0x9a, 0xc7, 0xb8, 0x9b,
    0xc7, 0xb8, 0x9c, 0xce, 0xbe, 0xa4, 0xd1, 0xc1, 0xa9, 0xd0, 0xc0, 0xa8,
    0xda, 0xc9, 0xb2, 0xe8, 0xd7, 0xbe, 0xe9, 0xd8, 0xbd, 0xe0, 0xcf, 0xb3,
    0xdc, 0xcb, 0xad, 0xe3, 0xd3, 0xb3, 0xe4, 0xd4, 0xb2, 0xd0, 0xc1, 0xa2,
    0xc8, 0xb7, 0x9e, 0xdb, 0xca, 0xb4, 0xea, 0xd9, 0xc6, 0xec, 0xdb, 0xc7,
    0xe1, 0xd1, 0xb9, 0xd7, 0xc6, 0xac, 0xd0, 0xb7, 0x9d, 0xc3, 0xa9, 0x8d,
    0xb2, 0x99, 0x7c, 0xbf, 0xa6, 0x86, 0xd1, 0xbb, 0x97, 0xd6, 0xc1, 0x9b,
    0xdf, 0xcd, 0xb0, 0xef, 0xe2, 0xce, 0xf9, 0xec, 0xda, 0xf7, 0xea, 0xd9,
    0xf3, 0xe7, 0xd3, 0xf0, 0xe4, 0xcb, 0xe8, 0xdc, 0xbe, 0xdf, 0xcf, 0xaa,
    0xd9, 0xc7, 0xa2, 0xd9, 0xc5, 0xa3, 0xdd, 0xc7, 0xa8, 0xe4, 0xcb, 0xaf,
    0xe0, 0xc6, 0xac, 0xd1, 0xba, 0x9d, 0xc2, 0xb0, 0x8e, 0xc8, 0xb7, 0x93,
    0xcb, 0xbc, 0x99, 0xc9, 0xbb, 0x9c, 0xcc, 0xbe, 0xa4, 0xe2, 0xd3, 0xc0,
    0xef, 0xe4, 0xda, 0xf6, 0xed, 0xe5, 0xf6, 0xed, 0xe3, 0xf6, 0xee, 0xe2,
    0xf6, 0xee, 0xe2, 0xf6, 0xef, 0xe0, 0xf6, 0xec, 0xe0, 0xf6, 0xe9, 0xe0,
    0xf5, 0xe9, 0xe0, 0xf1, 0xe6, 0xde, 0xef, 0xe6, 0xdc, 0xee, 0xe7, 0xdd,
    0xf2, 0xec, 0xe1, 0xf8, 0xf0, 0xe7, 0xf8, 0xee, 0xe6, 0xf6, 0xea, 0xe1,
    0xf3, 0xe7, 0xdd, 0xef, 0xe2, 0xd5, 0xe5, 0xd6, 0xc9, 0xdc, 0xcc, 0xbe,
    0xd7, 0xc8, 0xb6, 0xd6, 0xc7, 0xb5, 0xe1, 0xd2, 0xc0, 0xe9, 0xd9, 0xc8,
    0xea, 0xdb, 0xc9, 0xed, 0xde, 0xcc, 0xf0, 0xe3, 0xcf, 0xf5, 0xe9, 0xd6,
    0xf7, 0xed, 0xda, 0xf5, 0xec, 0xda, 0xf3, 0xec, 0xdb, 0xf3, 0xed, 0xdc,
    0xf3, 0xee, 0xde, 0xf7, 0xf1, 0xe2, 0xf7, 0xf0, 0xe0, 0xf5, 0xec, 0xda,
    0xf2, 0xe8, 0xd3, 0xf2, 0xe6, 0xce, 0xef, 0xe3, 0xc7, 0xec, 0xe1, 0xc4,
    0xe9, 0xe2, 0xc4, 0xeb, 0xe6, 0xc7, 0xeb, 0xe8, 0xc7, 0xed, 0xe7, 0xc5,
    0xe9, 0xe0, 0xbc, 0xda, 0xcd, 0xa7, 0xc2, 0xae, 0x88, 0x9d, 0x87, 0x64,
    0x90, 0x78, 0x59, 0x9e, 0x84, 0x68, 0xa9, 0x8e, 0x71, 0xa6, 0x89, 0x69,
    0x97, 0x7a, 0x58, 0x90, 0x72, 0x50, 0x9a, 0x7d, 0x5b, 0xab, 0x90, 0x6d,
    0xc0, 0xa7, 0x84, 0xd3, 0xbc, 0x97, 0xe3, 0xcd, 0xa8, 0xe4, 0xd1, 0xae,
    0xe4, 0xd1, 0xb1, 0xe7, 0xd3, 0xb4, 0xe7, 0xd4, 0xb5, 0xe7, 0xd3, 0xb8,
    0xe4, 0xd0, 0xb5, 0xe2, 0xce, 0xb3, 0xe3, 0xce, 0xb4, 0xe2, 0xcd, 0xb4,
    0xe2, 0xce, 0xb6, 0xde, 0xcc, 0xb4, 0xdf, 0xcf, 0xb8, 0xe5, 0xd4, 0xbf,
    0xeb, 0xd6, 0xc1, 0xec, 0xd6, 0xc1, 0xeb, 0xd6, 0xc1, 0xed, 0xda, 0xc5,
    0xef, 0xde, 0xca, 0xf0, 0xe0, 0xcb, 0xf0, 0xe0, 0xcc, 0xf2, 0xe1, 0xce,
    0x7e, 0x65, 0x46, 0x79, 0x5f, 0x41, 0x74, 0x5b, 0x3c, 0x7b, 0x62, 0x43,
    0x79, 0x60, 0x41, 0x78, 0x5f, 0x40, 0x7b, 0x5f, 0x41, 0x7f, 0x60, 0x43,
    0x84, 0x67, 0x49, 0x8f, 0x71, 0x55, 0x8c, 0x71, 0x56, 0x80, 0x66, 0x4c,
    0x89, 0x70, 0x57, 0x7e, 0x67, 0x50, 0x61, 0x4a, 0x33, 0x55, 0x3d, 0x26,
    0x63, 0x4a, 0x31, 0x75, 0x59, 0x41, 0x79, 0x5e, 0x44, 0x66, 0x4c, 0x30,
    0x5b, 0x42, 0x24, 0x70, 0x57, 0x39, 0x8c, 0x71, 0x54, 0x95, 0x77, 0x5b,
    0x97, 0x78, 0x5c, 0x9a, 0x7b, 0x5f, 0x98, 0x79, 0x5b, 0x93, 0x74, 0x55,
    0x94, 0x75, 0x57, 0x93, 0x74, 0x56, 0x8d, 0x6e, 0x50, 0x7e, 0x5f, 0x41,
    0x7c, 0x5f, 0x41, 0x90, 0x74, 0x56, 0x95, 0x79, 0x5b, 0x9b, 0x7e, 0x5e,
    0x9c, 0x7e, 0x5c, 0x9b, 0x7c, 0x5a, 0x9c, 0x7b, 0x58, 0x9c, 0x7e, 0x5b,
    0x9f, 0x82, 0x60, 0xa0, 0x83, 0x61, 0xa3, 0x86, 0x64, 0xa6, 0x89, 0x67,
    0xa7, 0x8a, 0x68, 0xa6, 0x89, 0x68, 0xa7, 0x8a, 0x6d, 0x9b, 0x80, 0x63,
    0x7f, 0x65, 0x48, 0x98, 0x7f, 0x61, 0xac, 0x94, 0x76, 0xae, 0x98, 0x79,
    0xaa, 0x95, 0x78, 0xab, 0x96, 0x7b, 0xaf, 0x9a, 0x7f, 0xb0, 0x9b, 0x80,
    0xb8, 0xa3, 0x88, 0xc7, 0xb2, 0x97, 0xcd, 0xb8, 0x9d, 0xb9, 0xa5, 0x8d,
    0xa1, 0x8d, 0x73, 0x92, 0x7f, 0x60, 0x90, 0x7d, 0x5d, 0x97, 0x83, 0x67,
    0xa5, 0x91, 0x78, 0xb7, 0xa0, 0x89, 0xcb, 0xb2, 0x9b, 0xd5, 0xbd, 0xa1,
    0xd5, 0xbe, 0x9d, 0xd9, 0xc2, 0xa2, 0xda, 0xc3, 0xa4, 0xd9, 0xc1, 0xa6,
    0xd3, 0xb9, 0xa1, 0xc5, 0xab, 0x8f, 0xc0, 0xa6, 0x85, 0xc0, 0xa7, 0x84,
    0xb4, 0x9b, 0x77, 0xb9, 0xa0, 0x7f, 0xcb, 0xb1, 0x95, 0xcb, 0xb1, 0x9a,
    0xb3, 0x99, 0x82, 0xbb, 0xa1, 0x8a, 0xd0, 0xb6, 0x9f, 0xd0, 0xb6, 0x9f,
    0xd7, 0xbd, 0xa6, 0xdd, 0xc2, 0xa9, 0xd8, 0xbd, 0xa3, 0xd5, 0xba, 0xa1,
    0xe0, 0xc7, 0xaf, 0xe4, 0xcc, 0xb5, 0xe2, 0xcc, 0xb4, 0xde, 0xca, 0xb2,
    0xd7, 0xc3, 0xa9, 0xc4, 0xb1, 0x93, 0xac, 0x9a, 0x77, 0xa1, 0x8f, 0x6b,
    0xa1, 0x8f, 0x6c, 0xb2, 0xa0, 0x7f, 0xbb, 0xac, 0x8b, 0xbc, 0xad, 0x8d,
    0xbd, 0xae, 0x8f, 0xc3, 0xb4, 0x97, 0xc8, 0xb8, 0x9d, 0xca, 0xbb, 0xa0,
    0xd8, 0xc7, 0xae, 0xe7, 0xd5, 0xbc, 0xe1, 0xd0, 0xb5, 0xcf, 0xbe, 0xa0,
    0xcc, 0xbc, 0x9c, 0xdd, 0xcd, 0xab, 0xe2, 0xd2, 0xae, 0xcc, 0xbc, 0x9a,
    0xbb, 0xaa, 0x8d, 0xcd, 0xbb, 0xa3, 0xe4, 0xd2, 0xbd, 0xeb, 0xda, 0xc5,
    0xe4, 0xd3, 0xbb, 0xd6, 0xc4, 0xaa, 0xce, 0xb6, 0x98, 0xc7, 0xaf, 0x8f,
    0xbf, 0xa8, 0x88, 0xc9, 0xb3, 0x93, 0xd4, 0xc0, 0x9e, 0xd8, 0xc5, 0xa2,
    0xe4, 0xd3, 0xb9, 0xf1, 0xe4, 0xd3, 0xf6, 0xe9, 0xda, 0xf5, 0xe8, 0xda,
    0xf6, 0xea, 0xda, 0xf6, 0xea, 0xd5, 0xf2, 0xe5, 0xca, 0xe8, 0xd8, 0xb7,
    0xdf, 0xcc, 0xac, 0xdc, 0xc9, 0xa9, 0xe0, 0xcb, 0xac, 0xe2, 0xcb, 0xac,
    0xd7, 0xbf, 0xa1, 0xc7, 0xb1, 0x90, 0xbf, 0xad, 0x84, 0xc7, 0xb6, 0x8b,
    0xca, 0xbb, 0x91, 0xc2, 0xb3, 0x8f, 0xc0, 0xb2, 0x94, 0xda, 0xcc, 0xb4,
    0xed, 0xe4, 0xd6, 0xf7, 0xef, 0xe3, 0xf6, 0xee, 0xe1, 0xf4, 0xed, 0xde,
    0xf4, 0xed, 0xdc, 0xf4, 0xed, 0xdb, 0xf4, 0xec, 0xdc, 0xf4, 0xe9, 0xde,
    0xf4, 0xea, 0xdf, 0xf2, 0xe8, 0xdd, 0xf1, 0xea, 0xde, 0xf1, 0xec, 0xdf,
    0xf3, 0xef, 0xe3, 0xf6, 0xf0, 0xe8, 0xf8, 0xef, 0xeb, 0xf9, 0xf0, 0xe9,
    0xf9, 0xee, 0xe8, 0xf6, 0xea, 0xe2, 0xee, 0xe1, 0xd8, 0xe9, 0xda, 0xcf,
    0xe7, 0xd9, 0xcb, 0xe6, 0xd9, 0xca, 0xeb, 0xdd, 0xce, 0xec, 0xdf, 0xd0,
    0xea, 0xdc, 0xce, 0xee, 0xe0, 0xd2, 0xf5, 0xe9, 0xdc, 0xfa, 0xf0, 0xe4,
    0xfd, 0xf3, 0xe7, 0xfb, 0xf3, 0xe8, 0xfb, 0xf4, 0xea, 0xfa, 0xf4, 0xeb,
    0xf9, 0xf5, 0xec, 0xfb, 0xf6, 0xef, 0xfa, 0xf5, 0xec, 0xf8, 0xf1, 0xe5,
    0xf7, 0xed, 0xde, 0xf8, 0xec, 0xd9, 0xf6, 0xe9, 0xd3, 0xf6, 0xe7, 0xd0,
    0xf5, 0xe9, 0xd1, 0xf5, 0xee, 0xd5, 0xf5, 0xef, 0xd4, 0xf5, 0xef, 0xd2,
    0xf1, 0xe8, 0xc8, 0xe4, 0xd7, 0xb2, 0xd1, 0xbd, 0x93, 0xa9, 0x92, 0x6c,
    0x92, 0x79, 0x58, 0xa0, 0x85, 0x67, 0xaa, 0x8e, 0x6f, 0xa3, 0x86, 0x65,
    0x92, 0x73, 0x52, 0x8a, 0x6a, 0x49, 0x90, 0x73, 0x51, 0xa0, 0x86, 0x63,
    0xbb, 0xa4, 0x80, 0xce, 0xba, 0x95, 0xdd, 0xca, 0xa5, 0xe1, 0xcf, 0xad,
    0xe3, 0xd0, 0xb0, 0xe5, 0xd2, 0xb3, 0xe6, 0xd2, 0xb6, 0xe6, 0xd2, 0xb7,
    0xe5, 0xd1, 0xb8, 0xe4, 0xcf, 0xb6, 0xe3, 0xcd, 0xb4, 0xe2, 0xcd, 0xb4,
    0xe2, 0xce, 0xb6, 0xe1, 0xcf, 0xb8, 0xe2, 0xd2, 0xba, 0xe6, 0xd5, 0xbf,
    0xea, 0xd6, 0xc1, 0xed, 0xd8, 0xc3, 0xee, 0xda, 0xc6, 0xf1, 0xde, 0xcb,
    0xf4, 0xe3, 0xd0, 0xf4, 0xe4, 0xd1, 0xf3, 0xe3, 0xd2, 0xf2, 0xe2, 0xd2,
    0x72, 0x59, 0x3a, 0x69, 0x50, 0x31, 0x68, 0x4f, 0x30, 0x78, 0x5f, 0x40,
    0x78, 0x5f, 0x40, 0x7d, 0x63, 0x44, 0x7d, 0x61, 0x43, 0x7b, 0x5c, 0x3f,
    0x7e, 0x61, 0x43, 0x86, 0x69, 0x4d, 0x80, 0x65, 0x4a, 0x79, 0x5f, 0x45,
    0x83, 0x69, 0x50, 0x7b, 0x64, 0x4d, 0x5e, 0x46, 0x30, 0x4e, 0x34, 0x1e,
    0x58, 0x3e, 0x26, 0x6d, 0x51, 0x39, 0x7a, 0x5e, 0x44, 0x62, 0x47, 0x2b,
    0x56, 0x3d, 0x1f, 0x6f, 0x56, 0x38, 0x86, 0x6b, 0x4e, 0x87, 0x69, 0x4d,
    0x88, 0x6a, 0x4e, 0x8d, 0x6e, 0x52, 0x8b, 0x6b, 0x50, 0x86, 0x67, 0x4b,
    0x89, 0x69, 0x4e, 0x89, 0x6a, 0x4f, 0x87, 0x68, 0x4c, 0x78, 0x59, 0x3e,
    0x7d, 0x5f, 0x42, 0x91, 0x76, 0x58, 0x99, 0x7c, 0x5e, 0xa1, 0x84, 0x64,
    0xa2, 0x84, 0x62, 0x9e, 0x7f, 0x5d, 0x9a, 0x79, 0x56, 0x9b, 0x7c, 0x58,
    0x9f, 0x82, 0x5e, 0xa0, 0x83, 0x5f, 0xa3, 0x85, 0x62, 0xa3, 0x85, 0x62,
    0x9f, 0x81, 0x5e, 0x9a, 0x7c, 0x5b, 0x95, 0x78, 0x5b, 0x89, 0x6e, 0x51,
    0x79, 0x5f, 0x41, 0x93, 0x7a, 0x5c, 0xa2, 0x8b, 0x6c, 0xa3, 0x8d, 0x6e,
    0x9a, 0x85, 0x68, 0x9b, 0x86, 0x69, 0xa2, 0x8d, 0x71, 0xa1, 0x8c, 0x70,
    0x9f, 0x8a, 0x6e, 0xae, 0x99, 0x7d, 0xb4, 0x9f, 0x84, 0x9f, 0x89, 0x71,
    0x8e, 0x79, 0x5d, 0x89, 0x75, 0x56, 0x91, 0x7e, 0x5d, 0x91, 0x7d, 0x5f,
    0x8e, 0x79, 0x5f, 0x9d, 0x86, 0x6f, 0xbc, 0xa3, 0x8b, 0xd0, 0xb8, 0x9b,
    0xd2, 0xbb, 0x9a, 0xd5, 0xbe, 0x9c, 0xd6, 0xbf, 0x9f, 0xdb, 0xc3, 0xa5,
    0xd5, 0xb9, 0xa1, 0xc6, 0xa9, 0x8e, 0xc2, 0xa6, 0x86, 0xbf, 0xa3, 0x81,
    0xb4, 0x99, 0x76, 0xc0, 0xa4, 0x83, 0xd2, 0xb7, 0x9b, 0xd1, 0xb7, 0x9f,
    0xb6, 0x9c, 0x85, 0xb8, 0x9e, 0x87, 0xc6, 0xac, 0x95, 0xc9, 0xaf, 0x98,
    0xd8, 0xbe, 0xa6, 0xdf, 0xc4, 0xa9, 0xd8, 0xbc, 0xa2, 0xd0, 0xb5, 0x9b,
    0xda, 0xc0, 0xa8, 0xe2, 0xc8, 0xb2, 0xe6, 0xce, 0xb8, 0xe7, 0xd1, 0xba,
    0xe5, 0xd0, 0xb7, 0xd4, 0xc0, 0xa3, 0xbb, 0xa8, 0x86, 0xb7, 0xa4, 0x81,
    0xb2, 0x9f, 0x7d, 0xb8, 0xa3, 0x84, 0xbc, 0xab, 0x8a, 0xbb, 0xad, 0x89,
    0xb9, 0xab, 0x89, 0xbd, 0xae, 0x8d, 0xc3, 0xb4, 0x95, 0xc8, 0xb9, 0x9b,
    0xd7, 0xc7, 0xab, 0xe0, 0xcf, 0xb6, 0xd1, 0xc0, 0xa5, 0xb8, 0xa7, 0x89,
    0xb7, 0xa7, 0x86, 0xd0, 0xc0, 0x9d, 0xd9, 0xca, 0xa4, 0xcc, 0xbc, 0x97,
    0xc0, 0xaf, 0x8e, 0xca, 0xb9, 0x9e, 0xe1, 0xcf, 0xb7, 0xef, 0xdd, 0xc6,
    0xea, 0xd8, 0xc0, 0xda, 0xc7, 0xab, 0xd4, 0xbd, 0x9a, 0xd4, 0xbd, 0x99,
    0xd4, 0xbf, 0x9d, 0xe1, 0xce, 0xad, 0xe5, 0xd4, 0xb4, 0xe2, 0xd2, 0xb3,
    0xeb, 0xdd, 0xc5, 0xf2, 0xe6, 0xd7, 0xf2, 0xe5, 0xd9, 0xf1, 0xe4, 0xd9,
    0xf6, 0xe9, 0xdb, 0xf8, 0xed, 0xda, 0xf7, 0xeb, 0xd3, 0xef, 0xdf, 0xc5,
    0xe5, 0xd3, 0xb8, 0xe0, 0xcd, 0xaf, 0xe2, 0xce, 0xaf, 0xe0, 0xcc, 0xaa,
    0xd3, 0xbd, 0x9b, 0xc8, 0xb2, 0x8d, 0xc6, 0xb3, 0x88, 0xcf, 0xbe, 0x92,
    0xd1, 0xc1, 0x96, 0xc4, 0xb5, 0x8f, 0xbf, 0xb0, 0x92, 0xdc, 0xce, 0xb6,
    0xef, 0xe6, 0xd7, 0xf7, 0xef, 0xe3, 0xf5, 0xed, 0xe0, 0xf2, 0xeb, 0xdb,
    0xf1, 0xea, 0xd9, 0xf1, 0xea, 0xd8, 0xf1, 0xea, 0xd9, 0xf2, 0xea, 0xdd,
    0xf1, 0xea, 0xdd, 0xf1, 0xeb, 0xde, 0xf2, 0xee, 0xe0, 0xf3, 0xf0, 0xe1,
    0xf4, 0xf2, 0xe4, 0xf7, 0xf2, 0xea, 0xf7, 0xf2, 0xec, 0xf9, 0xf2, 0xeb,
    0xf9, 0xf1, 0xe9, 0xf5, 0xec, 0xe3, 0xf0, 0xe5, 0xdc, 0xf0, 0xe3, 0xd8,
    0xf3, 0xe7, 0xd7, 0xf4, 0xe8, 0xd8, 0xf2, 0xe6, 0xd6, 0xf0, 0xe4, 0xd4,
    0xec, 0xe0, 0xd0, 0xef, 0xe3, 0xd3, 0xf5, 0xeb, 0xde, 0xf9, 0xf1, 0xe7,
    0xfc, 0xf4, 0xeb, 0xfa, 0xf4, 0xeb, 0xfa, 0xf5, 0xed, 0xf8, 0xf5, 0xee,
    0xf8, 0xf5, 0xf0, 0xf9, 0xf7, 0xf2, 0xf9, 0xf6, 0xef, 0xf8, 0xf2, 0xe8,
    0xf7, 0xef, 0xe0, 0xfa, 0xee, 0xdd, 0xfa, 0xec, 0xd7, 0xf8, 0xe9, 0xd1,
    0xf5, 0xe7, 0xd0, 0xf6, 0xec, 0xd5, 0xf4, 0xed, 0xd6, 0xf4, 0xed, 0xd2,
    0xf1, 0xe7, 0xc9, 0xe4, 0xd7, 0xb2, 0xd3, 0xbf, 0x94, 0xa9, 0x92, 0x6a,
    0x8f, 0x75, 0x53, 0x9c, 0x80, 0x62, 0xa4, 0x86, 0x67, 0x9a, 0x7d, 0x5b,
    0x8a, 0x6a, 0x49, 0x83, 0x64, 0x43, 0x88, 0x6b, 0x4a, 0x94, 0x7a, 0x58,
    0xad, 0x97, 0x75, 0xc1, 0xae, 0x8a, 0xce, 0xbd, 0x99, 0xd4, 0xc3, 0xa2,
    0xd8, 0xc7, 0xa7, 0xd9, 0xc8, 0xa9, 0xe0, 0xce, 0xb1, 0xe4, 0xd2, 0xb7,
    0xe5, 0xd3, 0xba, 0xe5, 0xd2, 0xb8, 0xe3, 0xcd, 0xb4, 0xe2, 0xcd, 0xb4,
    0xe3, 0xcf, 0xb7, 0xe5, 0xd3, 0xbb, 0xe5, 0xd5, 0xbd, 0xe7, 0xd6, 0xc1,
    0xe9, 0xd7, 0xc1, 0xed, 0xda, 0xc4, 0xf0, 0xde, 0xc9, 0xf2, 0xe1, 0xce,
    0xf3, 0xe3, 0xd2, 0xf3, 0xe5, 0xd5, 0xf2, 0xe4, 0xd4, 0xf1, 0xe3, 0xd4,
};

static const unsigned int cat_image_len = 150528;

#endif
